1,2025,10,12,62399.00,9519,466,LATAM,2026-08-12
2,2021,7,3,92275.00,7858,63,APAC,2026-08-12
3,2024,2,14,37217.00,4580,880,NA,2026-08-12
4,2024,8,2,64964.00,6804,658,APAC,2026-08-12
5,2025,10,1,26650.00,9743,165,APAC,2026-08-12
6,2021,1,10,51018.00,5430,87,APAC,2026-08-12
7,2022,12,20,7150.00,7298,111,EU,2026-08-12
8,2022,1,25,6537.00,6655,3,APAC,2026-08-12
9,2024,12,8,73108.00,3565,334,MEA,2026-08-12
10,2023,8,19,83649.00,6049,972,LATAM,2026-08-12
11,2025,1,21,68529.00,8901,262,MEA,2026-08-12
12,2020,9,26,69201.00,3878,147,APAC,2026-08-12
13,2021,4,8,36078.00,7042,937,APAC,2026-08-12
14,2021,11,8,35566.00,6903,566,MEA,2026-08-12
15,2022,5,10,1264.00,5927,530,APAC,2026-08-12
16,2025,3,7,70149.00,6534,856,APAC,2026-08-12
17,2020,6,9,14272.00,2929,540,EU,2026-08-12
18,2020,8,1,26216.00,3231,359,EU,2026-08-12
19,2021,1,3,11101.00,3075,231,NA,2026-08-12
20,2023,10,28,65975.00,6927,343,NA,2026-08-12
21,2024,5,17,4091.00,3182,740,MEA,2026-08-12
22,2025,10,18,69426.00,6734,837,NA,2026-08-12
23,2021,6,21,61483.00,6965,177,EU,2026-08-12
24,2021,4,16,76815.00,8923,150,NA,2026-08-12
25,2020,4,1,13070.00,8737,614,NA,2026-08-12
26,2024,9,15,17431.00,2300,522,APAC,2026-08-12
27,2025,4,21,30321.00,3161,618,MEA,2026-08-12
28,2020,5,13,91520.00,1072,37,NA,2026-08-12
29,2022,1,10,47977.00,7094,151,APAC,2026-08-12
30,2022,9,26,88706.00,5862,28,EU,2026-08-12
31,2021,11,13,81658.00,6781,924,EU,2026-08-12
32,2022,11,14,55344.00,7861,604,NA,2026-08-12
33,2024,2,19,20285.00,3594,1,APAC,2026-08-12
34,2024,11,1,31396.00,9648,474,EU,2026-08-12
35,2023,1,13,32599.00,7278,525,APAC,2026-08-12
36,2024,11,18,41990.00,8581,680,NA,2026-08-12
37,2024,7,12,17085.00,1939,320,NA,2026-08-12
38,2022,1,22,13435.00,3859,218,NA,2026-08-12
39,2022,3,2,24250.00,3032,424,MEA,2026-08-12
40,2020,11,1,78123.00,4036,383,EU,2026-08-12
41,2025,4,26,96559.00,3512,501,APAC,2026-08-12
42,2025,10,21,39361.00,9871,974,MEA,2026-08-12
43,2023,9,13,49600.00,9510,520,MEA,2026-08-12
44,2025,3,5,22658.00,1688,974,LATAM,2026-08-12
45,2025,5,8,87949.00,4570,979,MEA,2026-08-12
46,2023,8,25,97688.00,5194,708,EU,2026-08-12
47,2023,12,13,8941.00,9947,827,LATAM,2026-08-12
48,2023,7,4,4538.00,3501,172,MEA,2026-08-12
49,2023,9,4,92247.00,6672,433,APAC,2026-08-12
50,2025,7,1,19423.00,4621,434,APAC,2026-08-12
51,2025,9,6,2274.00,6291,441,NA,2026-08-12
52,2020,9,22,14021.00,2633,967,NA,2026-08-12
53,2022,5,13,8559.00,6878,561,EU,2026-08-12
54,2024,12,26,51418.00,6117,949,MEA,2026-08-12
55,2021,8,15,68493.00,5842,696,LATAM,2026-08-12
56,2025,5,8,65281.00,7334,859,MEA,2026-08-12
57,2024,2,22,69408.00,8641,263,APAC,2026-08-12
58,2025,9,18,47291.00,3234,261,APAC,2026-08-12
59,2025,9,17,83149.00,3472,545,LATAM,2026-08-12
60,2023,10,27,14277.00,4838,56,EU,2026-08-12
61,2022,2,3,36515.00,4487,789,EU,2026-08-12
62,2023,6,6,46054.00,1167,99,EU,2026-08-12
63,2023,4,27,25074.00,3833,862,MEA,2026-08-12
64,2024,5,21,92672.00,3195,361,LATAM,2026-08-12
65,2021,3,5,15121.00,5506,489,NA,2026-08-12
66,2020,1,22,21382.00,9888,815,NA,2026-08-12
67,2021,5,6,83407.00,8438,169,LATAM,2026-08-12
68,2023,7,16,83466.00,9948,322,LATAM,2026-08-12
69,2023,9,10,38897.00,9902,435,LATAM,2026-08-12
70,2020,11,9,84312.00,4410,467,MEA,2026-08-12
71,2023,3,12,70262.00,1378,203,APAC,2026-08-12
72,2023,7,1,10810.00,2023,718,EU,2026-08-12
73,2024,11,20,94799.00,5925,891,EU,2026-08-12
74,2023,2,27,97947.00,5046,794,LATAM,2026-08-12
75,2024,4,13,63025.00,4097,498,APAC,2026-08-12
76,2023,10,24,51601.00,6696,266,MEA,2026-08-12
77,2021,7,22,14315.00,9015,202,LATAM,2026-08-12
78,2024,10,6,10350.00,4127,459,EU,2026-08-12
79,2025,8,10,3803.00,8696,200,NA,2026-08-12
80,2021,9,27,4519.00,1991,981,NA,2026-08-12
81,2025,9,8,57533.00,4248,108,APAC,2026-08-12
82,2023,9,1,86231.00,5672,692,LATAM,2026-08-12
83,2024,3,18,94309.00,5631,799,EU,2026-08-12
84,2025,4,15,16397.00,9149,284,LATAM,2026-08-12
85,2024,12,15,90395.00,5406,41,NA,2026-08-12
86,2021,2,17,69368.00,7734,633,MEA,2026-08-12
87,2021,7,10,32073.00,1133,2,LATAM,2026-08-12
88,2023,3,19,13418.00,2350,765,NA,2026-08-12
89,2022,8,13,83289.00,2386,524,LATAM,2026-08-12
90,2020,10,22,72512.00,1479,561,APAC,2026-08-12
91,2025,2,5,20190.00,8950,974,MEA,2026-08-12
92,2022,12,2,11943.00,7458,249,MEA,2026-08-12
93,2020,1,6,63241.00,6911,12,LATAM,2026-08-12
94,2021,4,17,40017.00,8314,722,APAC,2026-08-12
95,2025,11,25,89124.00,5774,373,EU,2026-08-12
96,2025,10,10,38919.00,6205,965,MEA,2026-08-12
97,2023,6,2,9187.00,2056,104,MEA,2026-08-12
98,2025,12,5,25183.00,4903,949,LATAM,2026-08-12
99,2024,6,12,68502.00,3918,903,EU,2026-08-12
100,2021,3,11,17102.00,8328,936,NA,2026-08-12
101,2022,11,25,49144.00,8457,70,APAC,2026-08-12
102,2020,3,11,56127.00,7340,520,EU,2026-08-12
103,2023,5,5,2300.00,1909,211,EU,2026-08-12
104,2025,12,6,64686.00,7581,912,NA,2026-08-12
105,2020,10,6,60461.00,5705,506,EU,2026-08-12
106,2021,12,3,9951.00,7636,153,NA,2026-08-12
107,2021,4,24,85288.00,8274,860,MEA,2026-08-12
108,2023,2,4,71264.00,1891,96,LATAM,2026-08-12
109,2024,12,6,841.00,1819,65,LATAM,2026-08-12
110,2024,3,19,62254.00,8281,91,MEA,2026-08-12
111,2020,6,6,11364.00,9747,466,MEA,2026-08-12
112,2022,8,14,39743.00,2942,481,MEA,2026-08-12
113,2020,9,18,76449.00,9619,910,LATAM,2026-08-12
114,2020,9,25,20167.00,8276,582,APAC,2026-08-12
115,2023,4,6,33797.00,3997,836,APAC,2026-08-12
116,2024,8,7,76671.00,1345,495,EU,2026-08-12
117,2025,11,26,80683.00,2363,356,APAC,2026-08-12
118,2020,2,6,28363.00,2607,411,MEA,2026-08-12
119,2024,10,15,72920.00,3963,705,MEA,2026-08-12
120,2024,1,2,57575.00,8780,536,EU,2026-08-12
121,2022,9,9,51033.00,8653,544,LATAM,2026-08-12
122,2024,8,28,94245.00,8319,226,APAC,2026-08-12
123,2022,3,27,67104.00,6664,361,LATAM,2026-08-12
124,2024,6,1,11721.00,5600,180,MEA,2026-08-12
125,2023,8,10,13588.00,2100,59,EU,2026-08-12
126,2024,7,15,48115.00,4427,448,NA,2026-08-12
127,2024,1,22,66278.00,4137,975,EU,2026-08-12
128,2024,3,18,66075.00,1034,107,NA,2026-08-12
129,2023,6,11,66506.00,3134,609,NA,2026-08-12
130,2024,4,4,24082.00,4234,285,APAC,2026-08-12
131,2020,4,11,59583.00,6734,559,APAC,2026-08-12
132,2022,2,23,20225.00,4769,358,NA,2026-08-12
133,2020,1,26,64441.00,5101,814,LATAM,2026-08-12
134,2020,10,28,12102.00,9034,976,APAC,2026-08-12
135,2022,5,12,13851.00,6947,508,APAC,2026-08-12
136,2023,5,25,21091.00,2407,851,EU,2026-08-12
137,2023,1,4,19574.00,3075,680,MEA,2026-08-12
138,2022,2,19,1193.00,4327,812,LATAM,2026-08-12
139,2024,10,18,48439.00,6072,626,LATAM,2026-08-12
140,2024,7,22,83131.00,6557,477,NA,2026-08-12
141,2020,1,26,35025.00,4076,761,APAC,2026-08-12
142,2020,9,24,82334.00,6948,992,APAC,2026-08-12
143,2022,7,4,59398.00,7949,43,MEA,2026-08-12
144,2021,5,2,73394.00,9853,94,EU,2026-08-12
145,2022,9,16,35283.00,2374,466,NA,2026-08-12
146,2022,12,9,973.00,5539,741,NA,2026-08-12
147,2023,11,15,11793.00,2073,897,NA,2026-08-12
148,2024,11,27,39158.00,1565,839,APAC,2026-08-12
149,2020,1,14,11158.00,8339,635,MEA,2026-08-12
150,2023,9,13,47760.00,1567,392,APAC,2026-08-12
151,2024,1,16,30543.00,9467,814,APAC,2026-08-12
152,2024,7,3,67048.00,1819,792,APAC,2026-08-12
153,2024,5,20,91297.00,4214,326,NA,2026-08-12
154,2025,1,2,80071.00,1164,409,NA,2026-08-12
155,2020,7,20,79751.00,5281,771,NA,2026-08-12
156,2021,6,16,6160.00,4530,997,NA,2026-08-12
157,2022,8,10,52839.00,3258,679,EU,2026-08-12
158,2021,6,20,20287.00,2658,918,MEA,2026-08-12
159,2025,12,6,19117.00,7711,109,EU,2026-08-12
160,2022,5,5,13110.00,2849,213,APAC,2026-08-12
161,2020,7,24,76805.00,9102,84,APAC,2026-08-12
162,2021,7,5,93793.00,2190,901,APAC,2026-08-12
163,2025,7,19,40057.00,5333,905,LATAM,2026-08-12
164,2021,9,26,1005.00,4083,525,NA,2026-08-12
165,2023,4,15,63917.00,7584,595,LATAM,2026-08-12
166,2024,10,21,70836.00,1919,278,EU,2026-08-12
167,2021,4,19,79033.00,4557,920,APAC,2026-08-12
168,2024,4,27,17785.00,6437,252,MEA,2026-08-12
169,2024,9,14,93710.00,3090,289,MEA,2026-08-12
170,2022,12,18,54174.00,9718,1000,MEA,2026-08-12
171,2022,8,5,16613.00,6113,506,LATAM,2026-08-12
172,2022,2,11,35432.00,2003,776,EU,2026-08-12
173,2023,6,7,91132.00,4690,211,EU,2026-08-12
174,2023,9,23,15416.00,8223,912,MEA,2026-08-12
175,2020,5,17,64222.00,6597,160,EU,2026-08-12
176,2022,7,15,53432.00,1109,444,EU,2026-08-12
177,2020,3,11,71770.00,2239,810,APAC,2026-08-12
178,2021,10,7,36641.00,4198,931,MEA,2026-08-12
179,2024,9,20,15196.00,9554,643,EU,2026-08-12
180,2022,6,13,61850.00,5727,58,MEA,2026-08-12
181,2022,12,13,15616.00,5874,856,NA,2026-08-12
182,2024,10,27,10537.00,1669,748,APAC,2026-08-12
183,2024,6,19,46405.00,5494,655,LATAM,2026-08-12
184,2021,3,5,58276.00,5349,849,MEA,2026-08-12
185,2024,10,11,11328.00,8698,724,APAC,2026-08-12
186,2023,9,19,48426.00,1368,494,EU,2026-08-12
187,2022,6,12,53908.00,6581,114,MEA,2026-08-12
188,2020,9,18,32033.00,4043,482,APAC,2026-08-12
189,2022,9,15,2865.00,2084,606,APAC,2026-08-12
190,2025,9,13,82802.00,4229,957,MEA,2026-08-12
191,2020,1,11,98528.00,4766,244,EU,2026-08-12
192,2021,2,3,40794.00,8487,489,MEA,2026-08-12
193,2025,3,7,82796.00,9924,851,MEA,2026-08-12
194,2024,8,22,96677.00,7658,47,LATAM,2026-08-12
195,2020,11,3,42568.00,3683,806,LATAM,2026-08-12
196,2020,3,9,9586.00,3804,51,EU,2026-08-12
197,2021,12,6,59737.00,6282,433,MEA,2026-08-12
198,2020,1,3,75127.00,8206,918,EU,2026-08-12
199,2023,7,11,18635.00,5700,642,EU,2026-08-12
200,2022,9,16,39924.00,2770,295,EU,2026-08-12
201,2022,4,2,86611.00,2476,501,EU,2026-08-12
202,2023,4,12,15236.00,2246,120,NA,2026-08-12
203,2022,6,5,96572.00,8959,303,NA,2026-08-12
204,2024,4,15,34833.00,9313,909,APAC,2026-08-12
205,2025,8,25,63136.00,8688,783,LATAM,2026-08-12
206,2021,12,22,92374.00,6871,59,NA,2026-08-12
207,2021,5,16,24580.00,1199,918,EU,2026-08-12
208,2021,5,16,51244.00,5887,660,LATAM,2026-08-12
209,2020,1,26,43512.00,7698,299,EU,2026-08-12
210,2023,1,21,32470.00,8715,519,LATAM,2026-08-12
211,2024,12,16,6766.00,3600,381,EU,2026-08-12
212,2024,6,8,96638.00,7707,98,LATAM,2026-08-12
213,2022,4,15,73281.00,1147,687,MEA,2026-08-12
214,2024,3,22,26061.00,7206,492,MEA,2026-08-12
215,2020,11,5,13497.00,3156,305,LATAM,2026-08-12
216,2024,8,11,75603.00,2074,158,NA,2026-08-12
217,2022,7,28,20889.00,2080,11,APAC,2026-08-12
218,2024,11,12,71041.00,2991,202,EU,2026-08-12
219,2022,8,11,31656.00,9831,215,LATAM,2026-08-12
220,2021,5,23,82178.00,1789,79,APAC,2026-08-12
221,2021,7,2,90760.00,9391,754,EU,2026-08-12
222,2020,3,11,75597.00,3037,870,NA,2026-08-12
223,2024,10,27,53125.00,1046,562,APAC,2026-08-12
224,2020,11,16,47396.00,9511,947,APAC,2026-08-12
225,2022,2,3,36306.00,9764,606,EU,2026-08-12
226,2021,9,11,17318.00,4069,698,LATAM,2026-08-12
227,2022,2,14,54242.00,4789,24,EU,2026-08-12
228,2022,12,13,94520.00,8359,888,EU,2026-08-12
229,2025,12,2,3381.00,2704,659,MEA,2026-08-12
230,2025,2,7,52570.00,5953,636,EU,2026-08-12
231,2024,1,26,56130.00,3117,29,LATAM,2026-08-12
232,2025,2,12,73692.00,1070,452,APAC,2026-08-12
233,2020,7,8,52559.00,2585,125,LATAM,2026-08-12
234,2025,6,18,61665.00,2176,374,LATAM,2026-08-12
235,2024,3,3,6587.00,9767,140,NA,2026-08-12
236,2021,6,2,11553.00,1538,712,MEA,2026-08-12
237,2025,9,28,84291.00,2361,47,APAC,2026-08-12
238,2024,2,15,59119.00,7624,539,LATAM,2026-08-12
239,2023,10,18,56934.00,3311,544,APAC,2026-08-12
240,2020,5,6,52306.00,7656,376,MEA,2026-08-12
241,2025,2,3,14377.00,8235,46,MEA,2026-08-12
242,2020,1,11,29352.00,2832,221,MEA,2026-08-12
243,2024,5,28,11285.00,1527,256,LATAM,2026-08-12
244,2024,8,4,59739.00,9914,683,NA,2026-08-12
245,2020,7,18,18072.00,9551,107,NA,2026-08-12
246,2025,6,22,77172.00,6012,916,MEA,2026-08-12
247,2025,11,28,60926.00,8890,270,LATAM,2026-08-12
248,2020,9,5,76763.00,4378,703,EU,2026-08-12
249,2023,9,15,54524.00,2144,140,NA,2026-08-12
250,2025,9,3,38222.00,3709,208,EU,2026-08-12
251,2023,6,7,35051.00,5809,477,APAC,2026-08-12
252,2025,7,27,7473.00,6597,372,LATAM,2026-08-12
253,2021,5,27,65137.00,5143,826,NA,2026-08-12
254,2023,12,14,56426.00,2739,777,NA,2026-08-12
255,2021,9,20,90703.00,1198,422,APAC,2026-08-12
256,2023,9,12,44866.00,9667,706,NA,2026-08-12
257,2022,11,6,44933.00,9548,122,LATAM,2026-08-12
258,2021,2,13,11948.00,4387,197,MEA,2026-08-12
259,2025,7,20,61386.00,2936,44,EU,2026-08-12
260,2024,12,4,45718.00,2443,507,MEA,2026-08-12
261,2023,7,9,48811.00,7932,647,EU,2026-08-12
262,2022,7,5,60393.00,7509,213,LATAM,2026-08-12
263,2021,3,18,41559.00,7286,799,EU,2026-08-12
264,2025,3,14,92231.00,1401,943,LATAM,2026-08-12
265,2020,10,15,4559.00,4757,870,NA,2026-08-12
266,2021,5,16,35222.00,4676,658,LATAM,2026-08-12
267,2021,12,8,35751.00,3875,244,APAC,2026-08-12
268,2021,9,5,89895.00,9481,415,LATAM,2026-08-12
269,2023,1,6,51518.00,3821,939,NA,2026-08-12
270,2022,2,8,46601.00,7760,577,NA,2026-08-12
271,2020,2,18,62344.00,2933,70,LATAM,2026-08-12
272,2022,3,12,88904.00,6004,524,NA,2026-08-12
273,2022,11,4,54763.00,6904,233,EU,2026-08-12
274,2022,6,15,27563.00,2221,976,EU,2026-08-12
275,2022,1,2,54043.00,3055,815,LATAM,2026-08-12
276,2024,2,2,83140.00,1378,372,NA,2026-08-12
277,2025,5,14,77670.00,2736,636,MEA,2026-08-12
278,2024,8,28,94179.00,4440,392,LATAM,2026-08-12
279,2022,9,11,63115.00,6839,448,MEA,2026-08-12
280,2024,2,28,13735.00,6730,370,LATAM,2026-08-12
281,2020,8,16,10315.00,7828,539,LATAM,2026-08-12
282,2025,12,2,90475.00,8019,58,LATAM,2026-08-12
283,2022,2,22,86190.00,6764,624,MEA,2026-08-12
284,2021,6,11,686.00,5292,380,MEA,2026-08-12
285,2022,10,12,17705.00,4035,71,NA,2026-08-12
286,2021,5,6,29318.00,1129,377,APAC,2026-08-12
287,2024,7,21,30143.00,9811,186,MEA,2026-08-12
288,2021,3,27,78731.00,8402,226,EU,2026-08-12
289,2020,3,28,82383.00,1818,308,APAC,2026-08-12
290,2025,3,8,2758.00,4496,261,APAC,2026-08-12
291,2022,5,26,79115.00,2942,907,EU,2026-08-12
292,2023,7,26,56854.00,7476,599,MEA,2026-08-12
293,2025,12,5,72435.00,7567,628,LATAM,2026-08-12
294,2024,7,9,20375.00,7948,257,APAC,2026-08-12
295,2021,6,5,60457.00,1857,479,APAC,2026-08-12
296,2024,1,23,21814.00,2130,778,MEA,2026-08-12
297,2021,10,12,35059.00,5915,504,LATAM,2026-08-12
298,2025,3,26,54847.00,7433,371,NA,2026-08-12
299,2020,6,26,71307.00,9991,649,LATAM,2026-08-12
300,2020,7,7,1530.00,2128,366,EU,2026-08-12
301,2025,10,3,21934.00,4438,453,APAC,2026-08-12
302,2021,5,26,6953.00,7349,104,EU,2026-08-12
303,2022,8,9,28784.00,5163,296,MEA,2026-08-12
304,2025,12,15,78245.00,5651,636,APAC,2026-08-12
305,2022,7,7,96114.00,8435,688,EU,2026-08-12
306,2020,8,10,53577.00,8915,592,LATAM,2026-08-12
307,2020,10,18,7304.00,7655,527,LATAM,2026-08-12
308,2020,6,14,72994.00,2575,351,APAC,2026-08-12
309,2024,7,5,79319.00,9892,644,NA,2026-08-12
310,2020,11,19,3487.00,6105,434,NA,2026-08-12
311,2024,4,21,95072.00,1668,25,NA,2026-08-12
312,2022,12,25,17122.00,6253,385,MEA,2026-08-12
313,2025,6,20,14675.00,3358,895,APAC,2026-08-12
314,2022,11,16,19227.00,6827,199,EU,2026-08-12
315,2022,6,8,3559.00,6689,908,NA,2026-08-12
316,2025,8,12,1570.00,5825,979,APAC,2026-08-12
317,2025,1,11,18618.00,6614,204,MEA,2026-08-12
318,2025,5,22,31965.00,7244,392,APAC,2026-08-12
319,2024,2,1,209.00,2877,731,APAC,2026-08-12
320,2020,5,15,96494.00,1911,900,MEA,2026-08-12
321,2024,8,26,81732.00,4543,901,LATAM,2026-08-12
322,2022,6,25,76538.00,5909,266,NA,2026-08-12
323,2024,6,23,35696.00,4416,798,EU,2026-08-12
324,2022,8,23,12963.00,8797,407,LATAM,2026-08-12
325,2023,3,3,55355.00,6893,264,LATAM,2026-08-12
326,2025,7,6,24107.00,2811,311,LATAM,2026-08-12
327,2024,4,18,38123.00,1103,8,LATAM,2026-08-12
328,2024,9,19,43754.00,9465,566,EU,2026-08-12
329,2020,3,20,91860.00,4390,878,APAC,2026-08-12
330,2022,7,13,23378.00,1698,695,MEA,2026-08-12
331,2025,6,22,75126.00,4456,123,EU,2026-08-12
332,2025,3,14,49888.00,1026,747,APAC,2026-08-12
333,2025,11,13,56234.00,6523,751,MEA,2026-08-12
334,2020,12,2,57220.00,5252,448,EU,2026-08-12
335,2020,2,8,10121.00,2461,955,MEA,2026-08-12
336,2023,6,22,60558.00,9132,498,EU,2026-08-12
337,2022,9,4,24172.00,4254,477,NA,2026-08-12
338,2025,12,16,91000.00,5435,608,MEA,2026-08-12
339,2021,5,19,95529.00,8357,309,APAC,2026-08-12
340,2022,4,8,6393.00,8947,681,EU,2026-08-12
341,2021,10,3,21504.00,2963,466,APAC,2026-08-12
342,2025,2,15,29909.00,5794,291,NA,2026-08-12
343,2023,2,16,73210.00,9268,551,APAC,2026-08-12
344,2023,1,22,64757.00,5089,65,NA,2026-08-12
345,2021,1,9,78697.00,7849,517,APAC,2026-08-12
346,2025,4,19,8005.00,3022,104,LATAM,2026-08-12
347,2023,11,6,9620.00,9118,109,NA,2026-08-12
348,2022,4,12,76154.00,5309,102,MEA,2026-08-12
349,2020,4,6,41497.00,7758,442,EU,2026-08-12
350,2025,3,13,47883.00,2692,823,MEA,2026-08-12
351,2023,9,3,14292.00,2514,570,LATAM,2026-08-12
352,2023,11,1,47082.00,6798,949,APAC,2026-08-12
353,2020,10,16,62471.00,7814,531,LATAM,2026-08-12
354,2021,9,1,92489.00,8305,528,EU,2026-08-12
355,2022,5,3,59207.00,7726,770,APAC,2026-08-12
356,2022,8,6,10773.00,3440,483,APAC,2026-08-12
357,2023,1,9,29690.00,7205,211,MEA,2026-08-12
358,2024,8,28,38867.00,9178,595,LATAM,2026-08-12
359,2022,10,5,70810.00,8643,741,NA,2026-08-12
360,2025,5,11,13599.00,8556,776,EU,2026-08-12
361,2024,6,3,54605.00,2940,572,EU,2026-08-12
362,2022,8,15,16674.00,4284,336,NA,2026-08-12
363,2020,10,11,6927.00,2238,908,APAC,2026-08-12
364,2025,9,24,57763.00,2946,800,NA,2026-08-12
365,2020,8,12,25180.00,3280,64,NA,2026-08-12
366,2025,1,26,2682.00,5651,295,APAC,2026-08-12
367,2022,6,11,6067.00,2701,300,EU,2026-08-12
368,2023,8,15,34910.00,2219,664,MEA,2026-08-12
369,2022,11,10,97764.00,8361,734,NA,2026-08-12
370,2020,6,8,67653.00,4982,886,APAC,2026-08-12
371,2025,8,13,87692.00,2954,229,APAC,2026-08-12
372,2023,9,25,57862.00,7890,158,LATAM,2026-08-12
373,2020,1,22,10812.00,4110,544,EU,2026-08-12
374,2023,12,14,30943.00,2326,823,LATAM,2026-08-12
375,2022,2,6,81878.00,8625,305,APAC,2026-08-12
376,2022,1,12,3528.00,2700,625,MEA,2026-08-12
377,2023,7,24,60752.00,4869,7,LATAM,2026-08-12
378,2020,5,13,47396.00,2171,98,MEA,2026-08-12
379,2025,8,25,26076.00,8675,802,MEA,2026-08-12
380,2024,4,14,50426.00,5125,745,LATAM,2026-08-12
381,2020,7,20,72534.00,1493,996,NA,2026-08-12
382,2021,9,4,42621.00,9513,947,LATAM,2026-08-12
383,2020,3,10,17958.00,4353,566,APAC,2026-08-12
384,2025,5,27,57232.00,1912,425,EU,2026-08-12
385,2022,10,10,33767.00,4815,872,MEA,2026-08-12
386,2022,5,27,36016.00,9215,285,EU,2026-08-12
387,2025,5,12,14580.00,7101,489,EU,2026-08-12
388,2020,12,9,34516.00,4384,462,APAC,2026-08-12
389,2023,11,1,56972.00,1759,624,NA,2026-08-12
390,2021,7,12,56241.00,8148,465,MEA,2026-08-12
391,2021,3,18,61945.00,7759,654,LATAM,2026-08-12
392,2023,8,28,8902.00,5636,393,MEA,2026-08-12
393,2023,3,8,82970.00,6218,779,EU,2026-08-12
394,2023,12,7,49511.00,8169,336,NA,2026-08-12
395,2022,4,10,19254.00,5820,854,LATAM,2026-08-12
396,2020,3,23,25469.00,9241,186,MEA,2026-08-12
397,2024,4,24,46278.00,4609,523,NA,2026-08-12
398,2025,10,17,16765.00,9490,336,LATAM,2026-08-12
399,2024,1,20,54001.00,3660,369,NA,2026-08-12
400,2025,3,21,78729.00,1503,7,LATAM,2026-08-12
401,2021,5,10,92822.00,2500,921,APAC,2026-08-12
402,2024,2,26,80591.00,9781,916,EU,2026-08-12
403,2023,2,13,24329.00,4388,899,MEA,2026-08-12
404,2022,12,6,43358.00,5112,270,NA,2026-08-12
405,2020,2,19,55643.00,2233,559,NA,2026-08-12
406,2024,11,15,86954.00,5492,346,NA,2026-08-12
407,2025,3,14,79224.00,9983,369,MEA,2026-08-12
408,2021,9,24,15909.00,6125,576,APAC,2026-08-12
409,2023,12,4,17875.00,4143,452,EU,2026-08-12
410,2023,6,4,13448.00,2261,616,APAC,2026-08-12
411,2024,10,14,79124.00,6972,576,LATAM,2026-08-12
412,2022,7,9,51313.00,3319,327,NA,2026-08-12
413,2021,1,28,67347.00,6844,728,EU,2026-08-12
414,2021,6,16,67093.00,7197,319,APAC,2026-08-12
415,2024,6,20,24893.00,4687,432,MEA,2026-08-12
416,2024,7,8,83468.00,1085,880,EU,2026-08-12
417,2025,2,6,70366.00,2827,442,EU,2026-08-12
418,2022,8,25,30149.00,2995,425,MEA,2026-08-12
419,2023,3,22,40442.00,4959,795,LATAM,2026-08-12
420,2022,9,8,67825.00,9694,490,LATAM,2026-08-12
421,2022,7,6,58147.00,4517,98,NA,2026-08-12
422,2022,10,23,61760.00,7305,208,NA,2026-08-12
423,2025,3,5,11456.00,9450,136,LATAM,2026-08-12
424,2025,11,9,97908.00,5895,993,APAC,2026-08-12
425,2025,2,21,39165.00,5541,751,LATAM,2026-08-12
426,2023,2,24,70763.00,7830,292,LATAM,2026-08-12
427,2020,1,13,23687.00,7203,554,MEA,2026-08-12
428,2024,10,1,54954.00,4542,213,NA,2026-08-12
429,2024,11,18,4002.00,6240,936,MEA,2026-08-12
430,2025,10,16,29021.00,3391,520,APAC,2026-08-12
431,2023,2,25,10974.00,3846,835,LATAM,2026-08-12
432,2024,12,20,37621.00,6805,443,APAC,2026-08-12
433,2021,8,18,49491.00,5723,320,MEA,2026-08-12
434,2025,4,6,42236.00,4572,8,MEA,2026-08-12
435,2023,6,19,37068.00,9734,409,NA,2026-08-12
436,2025,4,9,35926.00,7508,297,LATAM,2026-08-12
437,2023,1,28,20962.00,6622,178,APAC,2026-08-12
438,2021,3,20,29179.00,3290,650,MEA,2026-08-12
439,2023,8,16,17719.00,2446,814,LATAM,2026-08-12
440,2023,10,27,36201.00,6208,192,LATAM,2026-08-12
441,2023,5,5,63354.00,2403,404,APAC,2026-08-12
442,2021,9,23,75150.00,5941,934,APAC,2026-08-12
443,2024,11,26,8854.00,9104,813,EU,2026-08-12
444,2022,12,21,8827.00,8628,660,MEA,2026-08-12
445,2024,3,8,63245.00,5697,473,APAC,2026-08-12
446,2021,8,2,67570.00,8343,442,APAC,2026-08-12
447,2021,7,25,52673.00,7331,494,LATAM,2026-08-12
448,2024,5,20,20730.00,7872,839,EU,2026-08-12
449,2024,10,12,99123.00,4399,126,APAC,2026-08-12
450,2021,5,20,47159.00,6850,256,APAC,2026-08-12
451,2024,2,10,78623.00,1970,892,EU,2026-08-12
452,2024,4,6,1129.00,2898,15,APAC,2026-08-12
453,2023,9,2,15192.00,4102,285,MEA,2026-08-12
454,2021,1,27,71009.00,2665,279,MEA,2026-08-12
455,2021,4,9,59607.00,7589,936,LATAM,2026-08-12
456,2021,8,12,31588.00,2550,799,NA,2026-08-12
457,2025,4,17,35073.00,2092,817,APAC,2026-08-12
458,2022,3,18,13535.00,4611,457,APAC,2026-08-12
459,2023,1,22,20015.00,4476,680,EU,2026-08-12
460,2024,8,18,60840.00,6779,600,NA,2026-08-12
461,2024,6,25,33121.00,4127,137,MEA,2026-08-12
462,2020,3,25,55162.00,7825,964,LATAM,2026-08-12
463,2023,4,3,7662.00,3845,762,APAC,2026-08-12
464,2023,3,3,32309.00,3684,474,MEA,2026-08-12
465,2025,5,10,24097.00,5218,643,LATAM,2026-08-12
466,2025,4,5,16776.00,6792,66,APAC,2026-08-12
467,2023,9,7,5452.00,5195,707,NA,2026-08-12
468,2025,10,12,85515.00,4156,687,NA,2026-08-12
469,2024,1,8,83796.00,6677,315,LATAM,2026-08-12
470,2025,9,25,73423.00,6217,4,NA,2026-08-12
471,2025,6,16,69761.00,7451,949,MEA,2026-08-12
472,2023,4,23,7043.00,5616,360,APAC,2026-08-12
473,2025,10,16,55698.00,1287,786,MEA,2026-08-12
474,2024,6,15,78962.00,8452,101,NA,2026-08-12
475,2023,12,2,69867.00,3258,607,LATAM,2026-08-12
476,2025,2,10,73319.00,3289,151,LATAM,2026-08-12
477,2022,12,28,20556.00,9349,303,LATAM,2026-08-12
478,2024,2,17,87432.00,9216,529,EU,2026-08-12
479,2023,9,26,93057.00,7158,134,EU,2026-08-12
480,2024,9,23,630.00,2780,439,EU,2026-08-12
481,2023,12,3,35912.00,5183,5,LATAM,2026-08-12
482,2020,7,15,89159.00,3073,339,APAC,2026-08-12
483,2022,3,26,49004.00,6603,307,MEA,2026-08-12
484,2022,1,25,6912.00,3468,856,EU,2026-08-12
485,2025,1,21,9963.00,2092,273,MEA,2026-08-12
486,2024,10,4,57816.00,6218,960,MEA,2026-08-12
487,2023,12,12,93704.00,6444,158,NA,2026-08-12
488,2020,9,17,65072.00,4790,439,NA,2026-08-12
489,2022,4,4,47321.00,6258,157,NA,2026-08-12
490,2021,11,5,32636.00,5146,703,APAC,2026-08-12
491,2023,9,16,87723.00,2621,323,EU,2026-08-12
492,2024,8,24,16496.00,5060,649,APAC,2026-08-12
493,2021,3,24,67785.00,8649,811,LATAM,2026-08-12
494,2021,5,5,616.00,8119,586,MEA,2026-08-12
495,2024,10,4,7725.00,3324,182,LATAM,2026-08-12
496,2020,9,18,18757.00,5087,248,APAC,2026-08-12
497,2022,10,21,42520.00,9335,380,NA,2026-08-12
498,2025,9,27,13191.00,6601,445,EU,2026-08-12
499,2020,5,3,35659.00,1904,131,NA,2026-08-12
500,2023,8,6,23579.00,7827,102,MEA,2026-08-12
501,2022,6,3,14094.00,4786,807,LATAM,2026-08-12
502,2020,12,25,87737.00,4506,354,APAC,2026-08-12
503,2022,10,10,6977.00,5547,856,MEA,2026-08-12
504,2024,1,6,38923.00,1251,359,MEA,2026-08-12
505,2020,7,12,79011.00,1733,667,MEA,2026-08-12
506,2022,3,16,223.00,8510,212,LATAM,2026-08-12
507,2025,11,20,2484.00,6606,249,APAC,2026-08-12
508,2021,3,20,7567.00,7919,785,MEA,2026-08-12
509,2024,3,27,24634.00,5418,955,EU,2026-08-12
510,2023,12,23,20058.00,6310,39,NA,2026-08-12
511,2022,4,19,24326.00,9134,313,MEA,2026-08-12
512,2025,6,6,25049.00,8305,333,APAC,2026-08-12
513,2025,7,3,11791.00,1908,219,APAC,2026-08-12
514,2025,7,21,42285.00,4949,230,EU,2026-08-12
515,2024,11,9,74409.00,5375,803,EU,2026-08-12
516,2025,8,20,75267.00,3576,559,NA,2026-08-12
517,2025,7,17,12133.00,6653,185,EU,2026-08-12
518,2021,5,12,10384.00,7956,878,LATAM,2026-08-12
519,2021,1,19,91874.00,5582,228,EU,2026-08-12
520,2022,11,11,32627.00,7539,91,EU,2026-08-12
521,2021,12,23,13689.00,3757,373,MEA,2026-08-12
522,2023,10,28,39351.00,8284,124,APAC,2026-08-12
523,2020,3,2,63577.00,6053,708,APAC,2026-08-12
524,2020,3,10,86402.00,8658,703,EU,2026-08-12
525,2024,5,19,40076.00,8317,338,LATAM,2026-08-12
526,2021,3,6,30948.00,9444,938,EU,2026-08-12
527,2025,2,6,305.00,1176,750,MEA,2026-08-12
528,2024,10,17,75218.00,7953,46,LATAM,2026-08-12
529,2025,11,22,88676.00,4559,35,LATAM,2026-08-12
530,2025,7,8,27983.00,7422,495,EU,2026-08-12
531,2023,12,8,14107.00,8249,60,APAC,2026-08-12
532,2024,2,2,72134.00,2210,782,EU,2026-08-12
533,2020,6,26,78932.00,6916,716,APAC,2026-08-12
534,2020,11,21,75176.00,4401,828,APAC,2026-08-12
535,2024,9,2,73210.00,9281,210,LATAM,2026-08-12
536,2024,10,10,58560.00,2617,310,LATAM,2026-08-12
537,2021,5,4,64196.00,5440,764,EU,2026-08-12
538,2025,11,5,35206.00,1910,610,NA,2026-08-12
539,2020,2,16,55266.00,8324,476,APAC,2026-08-12
540,2024,9,11,34780.00,5826,13,MEA,2026-08-12
541,2023,10,20,14587.00,8343,297,MEA,2026-08-12
542,2022,8,4,65432.00,9330,142,EU,2026-08-12
543,2021,1,26,2342.00,4816,143,NA,2026-08-12
544,2024,1,28,46798.00,9571,673,LATAM,2026-08-12
545,2020,2,20,99752.00,1078,867,APAC,2026-08-12
546,2025,3,24,76962.00,2024,729,MEA,2026-08-12
547,2021,5,15,31777.00,7571,669,LATAM,2026-08-12
548,2020,5,20,91234.00,9697,844,EU,2026-08-12
549,2020,5,9,2809.00,8368,61,NA,2026-08-12
550,2020,4,7,517.00,8149,796,NA,2026-08-12
551,2024,8,20,32546.00,9956,440,APAC,2026-08-12
552,2024,11,1,74912.00,8396,999,APAC,2026-08-12
553,2021,2,13,29547.00,1289,31,APAC,2026-08-12
554,2025,10,11,17491.00,4885,451,NA,2026-08-12
555,2024,11,5,51145.00,7368,94,APAC,2026-08-12
556,2023,9,14,83552.00,8065,287,APAC,2026-08-12
557,2021,1,16,13854.00,1544,318,LATAM,2026-08-12
558,2025,2,19,51000.00,3116,890,LATAM,2026-08-12
559,2025,2,18,25116.00,7526,645,MEA,2026-08-12
560,2023,12,2,2250.00,5009,683,MEA,2026-08-12
561,2020,5,21,46148.00,5518,640,APAC,2026-08-12
562,2024,3,10,13648.00,9985,758,APAC,2026-08-12
563,2023,1,18,37084.00,4325,668,LATAM,2026-08-12
564,2023,5,28,54550.00,8461,253,MEA,2026-08-12
565,2023,6,9,69200.00,9344,255,APAC,2026-08-12
566,2020,4,24,62615.00,4109,66,NA,2026-08-12
567,2021,5,20,44443.00,2391,545,EU,2026-08-12
568,2025,11,4,18910.00,6498,424,LATAM,2026-08-12
569,2022,9,2,90295.00,2139,400,NA,2026-08-12
570,2023,10,19,80910.00,2463,641,APAC,2026-08-12
571,2021,4,1,31911.00,5882,337,LATAM,2026-08-12
572,2023,7,6,87682.00,8105,652,NA,2026-08-12
573,2024,6,23,53802.00,8995,491,APAC,2026-08-12
574,2022,12,27,19266.00,9951,26,LATAM,2026-08-12
575,2022,6,20,17659.00,8128,769,LATAM,2026-08-12
576,2023,11,11,50773.00,7239,567,MEA,2026-08-12
577,2023,3,12,12422.00,1945,940,APAC,2026-08-12
578,2022,12,10,65166.00,3126,46,APAC,2026-08-12
579,2022,9,6,57060.00,9873,366,EU,2026-08-12
580,2022,7,25,17963.00,9580,583,APAC,2026-08-12
581,2020,11,22,9061.00,5501,940,APAC,2026-08-12
582,2020,12,13,55792.00,2136,339,NA,2026-08-12
583,2025,8,18,54817.00,1327,650,LATAM,2026-08-12
584,2022,9,1,17973.00,5805,283,APAC,2026-08-12
585,2024,11,2,20746.00,2698,216,NA,2026-08-12
586,2023,9,11,49190.00,1728,771,MEA,2026-08-12
587,2021,7,4,34830.00,7333,593,MEA,2026-08-12
588,2025,6,23,66519.00,3484,618,LATAM,2026-08-12
589,2023,3,7,64513.00,6829,317,MEA,2026-08-12
590,2024,3,15,89399.00,6891,800,MEA,2026-08-12
591,2022,4,6,97938.00,7956,401,MEA,2026-08-12
592,2020,10,21,58696.00,9759,519,LATAM,2026-08-12
593,2021,12,9,67215.00,1764,618,NA,2026-08-12
594,2022,10,21,49036.00,2054,488,APAC,2026-08-12
595,2022,10,12,63778.00,4621,319,MEA,2026-08-12
596,2024,10,1,83810.00,2615,849,NA,2026-08-12
597,2023,10,28,74244.00,1287,549,APAC,2026-08-12
598,2025,9,15,75055.00,8520,235,NA,2026-08-12
599,2021,5,4,7646.00,2041,964,LATAM,2026-08-12
600,2020,4,4,43508.00,4420,709,APAC,2026-08-12
601,2020,8,14,54291.00,4855,223,EU,2026-08-12
602,2020,3,22,56478.00,6276,20,NA,2026-08-12
603,2022,5,16,73834.00,6914,330,EU,2026-08-12
604,2022,8,14,20667.00,2771,963,EU,2026-08-12
605,2023,5,18,39280.00,6924,303,MEA,2026-08-12
606,2025,7,7,39239.00,7194,539,LATAM,2026-08-12
607,2021,12,17,48193.00,3798,719,LATAM,2026-08-12
608,2023,2,22,80605.00,5093,814,EU,2026-08-12
609,2024,8,12,46952.00,5258,448,APAC,2026-08-12
610,2021,2,1,15341.00,8922,45,APAC,2026-08-12
611,2022,8,4,73295.00,9579,675,EU,2026-08-12
612,2020,1,19,88782.00,8204,622,MEA,2026-08-12
613,2022,6,27,4873.00,7725,605,EU,2026-08-12
614,2021,6,9,26669.00,5456,684,LATAM,2026-08-12
615,2023,6,10,50124.00,6383,605,NA,2026-08-12
616,2021,2,23,55996.00,9115,792,EU,2026-08-12
617,2025,7,22,60405.00,4605,309,APAC,2026-08-12
618,2020,2,8,72018.00,1405,183,NA,2026-08-12
619,2020,6,1,99351.00,3147,748,EU,2026-08-12
620,2024,2,5,88105.00,2732,510,MEA,2026-08-12
621,2020,6,6,15451.00,4946,681,APAC,2026-08-12
622,2023,2,7,81152.00,6634,97,MEA,2026-08-12
623,2020,9,10,82515.00,5959,931,LATAM,2026-08-12
624,2025,12,24,63541.00,7884,284,APAC,2026-08-12
625,2025,6,7,18747.00,9610,216,LATAM,2026-08-12
626,2022,10,7,66977.00,9607,894,EU,2026-08-12
627,2021,8,11,86957.00,3694,196,LATAM,2026-08-12
628,2021,1,18,88453.00,3010,243,LATAM,2026-08-12
629,2021,11,24,50847.00,6123,660,NA,2026-08-12
630,2020,4,1,57910.00,3902,506,LATAM,2026-08-12
631,2020,8,21,8120.00,9070,817,APAC,2026-08-12
632,2020,3,1,55239.00,7139,122,EU,2026-08-12
633,2021,1,21,55457.00,9571,504,LATAM,2026-08-12
634,2023,2,15,2182.00,7865,765,APAC,2026-08-12
635,2025,5,24,405.00,5668,156,NA,2026-08-12
636,2025,1,5,94831.00,9680,323,LATAM,2026-08-12
637,2022,9,9,42566.00,3275,236,NA,2026-08-12
638,2024,12,16,8183.00,7029,224,MEA,2026-08-12
639,2021,3,16,78777.00,1482,587,APAC,2026-08-12
640,2022,1,20,59028.00,6375,545,APAC,2026-08-12
641,2021,5,1,84911.00,1394,598,MEA,2026-08-12
642,2024,7,27,40710.00,8850,799,APAC,2026-08-12
643,2022,11,21,85961.00,6946,414,MEA,2026-08-12
644,2020,5,16,76167.00,5560,758,LATAM,2026-08-12
645,2020,9,15,81623.00,2983,164,EU,2026-08-12
646,2023,1,7,40509.00,1211,268,APAC,2026-08-12
647,2020,7,17,96473.00,4499,675,EU,2026-08-12
648,2022,11,8,55040.00,8899,150,LATAM,2026-08-12
649,2023,3,20,34274.00,7442,590,LATAM,2026-08-12
650,2024,2,20,30388.00,8475,977,EU,2026-08-12
651,2025,5,22,33599.00,8639,833,NA,2026-08-12
652,2023,7,18,92503.00,5669,416,EU,2026-08-12
653,2025,9,10,3964.00,6146,144,APAC,2026-08-12
654,2025,7,8,68621.00,1891,626,NA,2026-08-12
655,2021,12,5,72352.00,8758,150,NA,2026-08-12
656,2024,11,11,87781.00,4131,175,LATAM,2026-08-12
657,2024,11,13,46903.00,3147,96,NA,2026-08-12
658,2021,12,27,77260.00,9583,181,APAC,2026-08-12
659,2024,2,27,39773.00,5336,857,NA,2026-08-12
660,2023,1,24,84961.00,7267,471,APAC,2026-08-12
661,2020,6,28,2577.00,2889,175,APAC,2026-08-12
662,2025,10,23,94589.00,9132,2,LATAM,2026-08-12
663,2023,6,26,49294.00,4982,538,LATAM,2026-08-12
664,2024,4,18,50677.00,9224,982,APAC,2026-08-12
665,2024,10,21,91473.00,2352,493,EU,2026-08-12
666,2023,6,26,53684.00,8230,182,NA,2026-08-12
667,2021,3,3,90101.00,1363,757,MEA,2026-08-12
668,2025,4,28,60340.00,4145,162,NA,2026-08-12
669,2023,12,12,6959.00,8075,304,LATAM,2026-08-12
670,2024,2,3,66792.00,3562,443,EU,2026-08-12
671,2023,7,7,8198.00,8653,61,APAC,2026-08-12
672,2021,12,24,73969.00,2890,695,EU,2026-08-12
673,2022,3,3,65478.00,8899,420,EU,2026-08-12
674,2024,6,22,26824.00,9977,580,LATAM,2026-08-12
675,2024,3,3,86047.00,8664,658,APAC,2026-08-12
676,2021,1,11,43417.00,5501,391,EU,2026-08-12
677,2023,5,22,46687.00,3025,66,MEA,2026-08-12
678,2020,7,21,38460.00,9052,762,LATAM,2026-08-12
679,2023,9,19,45915.00,2799,13,MEA,2026-08-12
680,2022,5,21,6867.00,6444,915,MEA,2026-08-12
681,2023,2,26,45035.00,4106,357,MEA,2026-08-12
682,2021,6,9,20774.00,3207,80,MEA,2026-08-12
683,2020,10,26,87537.00,6911,847,NA,2026-08-12
684,2022,7,13,41515.00,6491,223,LATAM,2026-08-12
685,2025,3,19,59921.00,8660,936,APAC,2026-08-12
686,2025,2,17,34870.00,1506,578,MEA,2026-08-12
687,2024,10,25,52286.00,1009,84,LATAM,2026-08-12
688,2025,2,12,27241.00,8706,843,APAC,2026-08-12
689,2022,10,5,75335.00,8281,87,EU,2026-08-12
690,2024,11,4,67936.00,1622,986,LATAM,2026-08-12
691,2025,4,17,35471.00,7014,499,APAC,2026-08-12
692,2025,2,20,77035.00,5458,450,EU,2026-08-12
693,2025,6,25,67024.00,2572,446,APAC,2026-08-12
694,2023,12,2,79613.00,6801,766,NA,2026-08-12
695,2022,8,20,45644.00,5580,541,APAC,2026-08-12
696,2022,7,27,55962.00,8743,606,NA,2026-08-12
697,2023,9,15,98518.00,3091,480,MEA,2026-08-12
698,2022,9,4,91419.00,6153,45,NA,2026-08-12
699,2022,5,23,12037.00,9400,661,APAC,2026-08-12
700,2022,9,23,23897.00,6762,388,APAC,2026-08-12
701,2024,9,12,12567.00,7313,909,MEA,2026-08-12
702,2021,7,7,46771.00,6050,324,APAC,2026-08-12
703,2025,7,16,41853.00,6278,889,NA,2026-08-12
704,2021,5,10,55712.00,1042,37,EU,2026-08-12
705,2025,5,11,57211.00,5751,470,MEA,2026-08-12
706,2025,9,1,20593.00,3612,584,NA,2026-08-12
707,2025,7,5,14741.00,6773,233,LATAM,2026-08-12
708,2020,9,13,60734.00,6863,163,EU,2026-08-12
709,2021,5,19,42432.00,3534,205,LATAM,2026-08-12
710,2022,1,16,43807.00,7941,566,MEA,2026-08-12
711,2020,7,15,37920.00,6763,103,APAC,2026-08-12
712,2021,6,13,21248.00,4489,44,NA,2026-08-12
713,2021,5,3,59309.00,6790,563,LATAM,2026-08-12
714,2020,4,15,94424.00,1339,460,APAC,2026-08-12
715,2023,4,8,30836.00,2174,320,EU,2026-08-12
716,2023,11,15,7473.00,1764,506,MEA,2026-08-12
717,2022,10,28,10453.00,4630,152,LATAM,2026-08-12
718,2023,5,21,34988.00,2951,363,MEA,2026-08-12
719,2021,4,5,61396.00,4108,665,NA,2026-08-12
720,2021,11,16,33641.00,8824,502,EU,2026-08-12
721,2024,9,4,39667.00,4646,561,LATAM,2026-08-12
722,2024,11,8,51802.00,8544,496,EU,2026-08-12
723,2022,7,25,30551.00,8990,128,NA,2026-08-12
724,2024,9,13,17159.00,9476,78,EU,2026-08-12
725,2021,7,27,17414.00,4829,742,MEA,2026-08-12
726,2025,4,8,10098.00,3113,438,EU,2026-08-12
727,2022,5,26,97918.00,4850,571,NA,2026-08-12
728,2021,1,1,32695.00,2038,373,EU,2026-08-12
729,2022,9,12,40662.00,4298,796,LATAM,2026-08-12
730,2020,5,28,99218.00,7624,935,EU,2026-08-12
731,2023,9,6,40404.00,8276,16,NA,2026-08-12
732,2024,12,5,79951.00,2575,427,APAC,2026-08-12
733,2020,9,4,7029.00,4897,46,LATAM,2026-08-12
734,2025,7,11,96325.00,9567,978,LATAM,2026-08-12
735,2020,11,19,10563.00,2435,536,NA,2026-08-12
736,2021,11,12,34717.00,2619,371,EU,2026-08-12
737,2021,11,20,46262.00,8117,172,APAC,2026-08-12
738,2021,11,9,36630.00,3130,584,LATAM,2026-08-12
739,2022,5,10,18497.00,2312,93,APAC,2026-08-12
740,2025,4,9,40174.00,7952,770,LATAM,2026-08-12
741,2025,9,10,82183.00,4324,817,NA,2026-08-12
742,2023,4,4,80112.00,8698,223,MEA,2026-08-12
743,2021,8,20,4267.00,3068,863,MEA,2026-08-12
744,2024,5,25,91186.00,1943,212,MEA,2026-08-12
745,2024,7,8,43895.00,9000,450,LATAM,2026-08-12
746,2024,12,25,21360.00,5756,517,NA,2026-08-12
747,2021,1,20,46617.00,4859,30,APAC,2026-08-12
748,2023,10,27,9860.00,3212,208,MEA,2026-08-12
749,2023,11,25,78403.00,8483,61,NA,2026-08-12
750,2021,8,11,51105.00,2825,294,EU,2026-08-12
751,2021,2,25,94842.00,8460,89,APAC,2026-08-12
752,2021,8,23,66830.00,5645,17,EU,2026-08-12
753,2020,2,7,93354.00,2577,858,MEA,2026-08-12
754,2025,9,12,27388.00,6613,778,NA,2026-08-12
755,2024,12,15,51733.00,6923,994,EU,2026-08-12
756,2022,6,19,59095.00,5612,158,EU,2026-08-12
757,2025,11,27,9078.00,1603,973,MEA,2026-08-12
758,2024,5,13,11949.00,7642,25,MEA,2026-08-12
759,2025,3,18,59162.00,1540,998,LATAM,2026-08-12
760,2020,3,9,34642.00,6869,110,EU,2026-08-12
761,2021,2,1,4336.00,3465,447,MEA,2026-08-12
762,2021,12,5,70768.00,5919,753,APAC,2026-08-12
763,2023,9,12,13559.00,4407,847,MEA,2026-08-12
764,2022,3,28,4454.00,2713,383,APAC,2026-08-12
765,2022,9,16,2699.00,8445,219,APAC,2026-08-12
766,2023,1,23,73648.00,3051,244,LATAM,2026-08-12
767,2024,11,3,62615.00,7876,619,NA,2026-08-12
768,2025,1,16,87421.00,7464,549,APAC,2026-08-12
769,2020,11,13,18753.00,9872,854,MEA,2026-08-12
770,2021,2,9,96.00,2560,179,NA,2026-08-12
771,2021,8,19,14095.00,8091,917,APAC,2026-08-12
772,2022,10,27,48720.00,3280,857,EU,2026-08-12
773,2024,2,12,97392.00,6695,715,EU,2026-08-12
774,2023,1,1,36316.00,5201,947,EU,2026-08-12
775,2025,11,5,39782.00,7093,80,EU,2026-08-12
776,2020,2,28,92463.00,8597,362,MEA,2026-08-12
777,2025,2,10,22602.00,2184,806,LATAM,2026-08-12
778,2020,1,26,57067.00,9912,111,EU,2026-08-12
779,2023,10,16,14486.00,9164,827,LATAM,2026-08-12
780,2022,5,21,96963.00,7549,191,MEA,2026-08-12
781,2022,9,18,90362.00,4029,900,EU,2026-08-12
782,2023,4,3,99258.00,1130,229,NA,2026-08-12
783,2023,1,5,16326.00,1708,158,LATAM,2026-08-12
784,2020,3,28,49986.00,7939,664,NA,2026-08-12
785,2021,11,23,55669.00,3457,993,LATAM,2026-08-12
786,2023,1,25,92527.00,5376,864,MEA,2026-08-12
787,2020,6,14,5597.00,4636,613,MEA,2026-08-12
788,2025,6,22,66750.00,5297,486,NA,2026-08-12
789,2020,7,3,31613.00,4559,586,LATAM,2026-08-12
790,2024,12,21,97091.00,6268,623,LATAM,2026-08-12
791,2020,6,16,11286.00,4308,462,NA,2026-08-12
792,2021,12,15,8745.00,7425,982,MEA,2026-08-12
793,2024,11,27,83421.00,2162,409,LATAM,2026-08-12
794,2022,10,6,44917.00,5977,507,NA,2026-08-12
795,2022,9,5,26421.00,3136,480,NA,2026-08-12
796,2023,1,10,91270.00,9792,319,LATAM,2026-08-12
797,2022,3,23,76593.00,3266,156,NA,2026-08-12
798,2023,9,21,69467.00,1114,366,APAC,2026-08-12
799,2025,4,6,55734.00,5846,996,APAC,2026-08-12
800,2024,10,10,93142.00,5937,687,EU,2026-08-12
801,2021,12,4,38461.00,4812,141,EU,2026-08-12
802,2022,2,13,94226.00,2579,95,LATAM,2026-08-12
803,2020,7,14,26165.00,3409,97,NA,2026-08-12
804,2022,3,23,75396.00,9315,583,EU,2026-08-12
805,2023,4,8,98834.00,8221,743,MEA,2026-08-12
806,2023,7,10,32714.00,3791,533,LATAM,2026-08-12
807,2020,11,2,93244.00,1673,114,APAC,2026-08-12
808,2022,3,23,75496.00,6755,912,LATAM,2026-08-12
809,2023,8,3,21424.00,4273,356,APAC,2026-08-12
810,2025,9,12,91704.00,9048,944,LATAM,2026-08-12
811,2021,7,3,46056.00,6508,237,APAC,2026-08-12
812,2024,9,13,60609.00,8913,136,MEA,2026-08-12
813,2024,10,7,63838.00,6713,28,APAC,2026-08-12
814,2020,3,27,84681.00,9205,200,MEA,2026-08-12
815,2023,12,23,94177.00,9333,954,APAC,2026-08-12
816,2020,1,12,72214.00,4620,309,NA,2026-08-12
817,2024,4,1,13584.00,9653,683,EU,2026-08-12
818,2023,5,27,57020.00,7589,293,EU,2026-08-12
819,2024,10,2,59048.00,1467,805,EU,2026-08-12
820,2023,4,8,33960.00,6795,524,MEA,2026-08-12
821,2023,6,23,72876.00,4124,95,MEA,2026-08-12
822,2024,12,8,62829.00,3882,173,APAC,2026-08-12
823,2020,12,14,17926.00,2143,403,MEA,2026-08-12
824,2025,5,6,99280.00,6602,199,EU,2026-08-12
825,2023,2,18,44775.00,2943,549,LATAM,2026-08-12
826,2025,2,9,67481.00,4960,203,MEA,2026-08-12
827,2023,3,6,39556.00,4023,605,NA,2026-08-12
828,2025,10,2,97619.00,4452,799,NA,2026-08-12
829,2023,5,27,34077.00,9601,190,APAC,2026-08-12
830,2025,5,28,98882.00,3704,157,MEA,2026-08-12
831,2022,6,13,31629.00,9345,79,APAC,2026-08-12
832,2020,9,14,90396.00,6586,864,EU,2026-08-12
833,2020,5,15,68924.00,9812,201,NA,2026-08-12
834,2023,4,12,77462.00,4228,833,LATAM,2026-08-12
835,2025,1,25,63504.00,4383,806,APAC,2026-08-12
836,2020,1,12,15193.00,6965,128,EU,2026-08-12
837,2023,11,21,56367.00,9638,793,NA,2026-08-12
838,2021,1,27,25715.00,5330,103,APAC,2026-08-12
839,2023,7,1,36313.00,5387,209,EU,2026-08-12
840,2021,1,16,84259.00,7944,885,APAC,2026-08-12
841,2020,8,4,68379.00,4024,585,EU,2026-08-12
842,2023,9,28,52380.00,4420,930,LATAM,2026-08-12
843,2022,10,10,82864.00,6261,895,APAC,2026-08-12
844,2025,6,13,59267.00,7472,870,APAC,2026-08-12
845,2021,7,9,13737.00,6397,881,NA,2026-08-12
846,2024,7,2,24190.00,7943,769,APAC,2026-08-12
847,2024,1,25,76345.00,7943,348,MEA,2026-08-12
848,2024,8,21,21751.00,3178,2,EU,2026-08-12
849,2022,11,27,5028.00,9857,847,NA,2026-08-12
850,2020,11,23,64210.00,2371,199,MEA,2026-08-12
851,2025,10,28,58494.00,8165,996,MEA,2026-08-12
852,2021,12,1,92487.00,5960,446,MEA,2026-08-12
853,2025,7,8,66230.00,2569,429,NA,2026-08-12
854,2020,8,10,93895.00,7500,753,MEA,2026-08-12
855,2022,6,18,36821.00,4398,135,EU,2026-08-12
856,2023,11,27,37949.00,8018,673,EU,2026-08-12
857,2025,11,1,7972.00,8131,73,APAC,2026-08-12
858,2020,7,24,6736.00,1302,389,MEA,2026-08-12
859,2024,2,5,66594.00,5812,586,LATAM,2026-08-12
860,2023,1,12,50338.00,9732,488,EU,2026-08-12
861,2021,2,13,93144.00,8205,556,APAC,2026-08-12
862,2021,9,23,55799.00,3223,591,NA,2026-08-12
863,2021,10,7,77494.00,6784,404,APAC,2026-08-12
864,2022,8,26,84120.00,3119,566,EU,2026-08-12
865,2025,10,3,27341.00,6108,520,APAC,2026-08-12
866,2023,8,20,22099.00,8196,425,APAC,2026-08-12
867,2023,5,23,78054.00,3103,228,NA,2026-08-12
868,2020,11,2,31304.00,9289,662,NA,2026-08-12
869,2021,6,17,78851.00,4280,278,NA,2026-08-12
870,2024,3,14,9913.00,4531,920,NA,2026-08-12
871,2022,10,18,11305.00,8688,501,LATAM,2026-08-12
872,2024,4,19,7347.00,6240,936,MEA,2026-08-12
873,2021,5,2,99449.00,4293,183,MEA,2026-08-12
874,2022,6,2,22439.00,3687,797,APAC,2026-08-12
875,2022,4,7,78827.00,7301,235,EU,2026-08-12
876,2024,2,7,68949.00,4946,652,EU,2026-08-12
877,2024,2,13,69381.00,6804,769,APAC,2026-08-12
878,2020,3,19,44953.00,2106,554,APAC,2026-08-12
879,2020,3,9,42699.00,2162,834,NA,2026-08-12
880,2023,11,4,83958.00,4448,952,APAC,2026-08-12
881,2023,6,8,76479.00,5740,769,EU,2026-08-12
882,2024,3,27,96049.00,8081,703,LATAM,2026-08-12
883,2021,10,3,35673.00,9462,460,MEA,2026-08-12
884,2025,5,26,16002.00,4462,932,MEA,2026-08-12
885,2022,4,15,73401.00,1501,335,MEA,2026-08-12
886,2023,7,11,89250.00,5863,157,APAC,2026-08-12
887,2021,4,10,40672.00,6703,92,LATAM,2026-08-12
888,2025,10,21,59061.00,5892,699,APAC,2026-08-12
889,2025,5,25,47149.00,3921,296,LATAM,2026-08-12
890,2020,11,14,45175.00,3640,932,NA,2026-08-12
891,2025,1,5,43732.00,5365,627,EU,2026-08-12
892,2022,5,1,48320.00,3809,28,EU,2026-08-12
893,2023,2,6,44830.00,2487,663,LATAM,2026-08-12
894,2020,12,2,88633.00,7258,774,MEA,2026-08-12
895,2023,10,16,47097.00,3164,821,EU,2026-08-12
896,2020,6,2,96803.00,1644,414,LATAM,2026-08-12
897,2022,11,26,24945.00,6407,892,NA,2026-08-12
898,2021,1,1,15811.00,5658,268,APAC,2026-08-12
899,2024,8,26,92929.00,4222,35,EU,2026-08-12
900,2022,4,16,52154.00,3973,183,EU,2026-08-12
901,2022,9,3,55638.00,2238,335,EU,2026-08-12
902,2022,5,13,40538.00,5640,828,APAC,2026-08-12
903,2023,11,25,9589.00,9857,628,APAC,2026-08-12
904,2022,4,24,17700.00,3147,828,APAC,2026-08-12
905,2020,1,16,63097.00,9985,836,NA,2026-08-12
906,2023,12,17,57585.00,8359,414,NA,2026-08-12
907,2025,6,13,728.00,8123,243,MEA,2026-08-12
908,2020,9,15,97363.00,2234,507,EU,2026-08-12
909,2021,10,24,22949.00,2021,782,EU,2026-08-12
910,2023,3,25,78335.00,4889,251,MEA,2026-08-12
911,2020,12,2,42161.00,2065,836,APAC,2026-08-12
912,2022,8,6,10854.00,5273,184,APAC,2026-08-12
913,2020,9,12,90903.00,3641,543,LATAM,2026-08-12
914,2024,10,18,16075.00,1877,730,APAC,2026-08-12
915,2023,6,20,21389.00,9256,536,LATAM,2026-08-12
916,2020,5,24,97678.00,6755,392,APAC,2026-08-12
917,2022,5,16,66086.00,1382,321,APAC,2026-08-12
918,2020,6,8,97246.00,8840,919,LATAM,2026-08-12
919,2021,8,3,57746.00,9483,226,EU,2026-08-12
920,2024,4,12,54761.00,4825,598,EU,2026-08-12
921,2022,8,5,39843.00,5066,192,NA,2026-08-12
922,2021,12,4,60030.00,7609,102,EU,2026-08-12
923,2025,10,22,24012.00,2396,431,LATAM,2026-08-12
924,2025,1,23,73390.00,9940,795,MEA,2026-08-12
925,2021,6,26,83486.00,6213,100,MEA,2026-08-12
926,2022,1,12,67028.00,3467,386,MEA,2026-08-12
927,2025,9,20,97585.00,3125,548,NA,2026-08-12
928,2022,9,16,71546.00,1590,439,LATAM,2026-08-12
929,2024,9,22,65862.00,3005,954,MEA,2026-08-12
930,2020,10,11,34514.00,1790,882,NA,2026-08-12
931,2025,12,23,62259.00,1483,310,NA,2026-08-12
932,2022,12,6,5903.00,5192,739,APAC,2026-08-12
933,2023,6,9,56951.00,6719,472,APAC,2026-08-12
934,2022,1,11,41100.00,7212,401,LATAM,2026-08-12
935,2022,9,8,16503.00,1536,306,NA,2026-08-12
936,2024,6,15,31702.00,7633,367,MEA,2026-08-12
937,2025,2,21,67139.00,9936,97,EU,2026-08-12
938,2023,1,4,92401.00,1030,857,NA,2026-08-12
939,2021,12,19,48887.00,4251,165,EU,2026-08-12
940,2024,2,6,14282.00,8322,177,MEA,2026-08-12
941,2024,5,12,58093.00,3977,68,MEA,2026-08-12
942,2023,9,22,68271.00,9611,682,LATAM,2026-08-12
943,2025,12,24,11879.00,9148,440,NA,2026-08-12
944,2024,10,6,95807.00,3123,486,MEA,2026-08-12
945,2025,7,18,53848.00,5714,74,APAC,2026-08-12
946,2021,1,20,40417.00,3687,948,LATAM,2026-08-12
947,2021,8,26,912.00,7178,667,NA,2026-08-12
948,2020,6,10,53181.00,7881,17,EU,2026-08-12
949,2023,5,19,11024.00,1433,884,MEA,2026-08-12
950,2025,12,8,69919.00,6498,33,EU,2026-08-12
951,2024,5,20,92529.00,6711,610,LATAM,2026-08-12
952,2021,1,21,70335.00,9380,110,APAC,2026-08-12
953,2025,5,20,61087.00,7947,526,NA,2026-08-12
954,2020,2,25,3136.00,5904,408,LATAM,2026-08-12
955,2023,11,25,28964.00,4950,778,NA,2026-08-12
956,2024,10,4,45335.00,4827,147,LATAM,2026-08-12
957,2022,1,10,92415.00,4505,973,NA,2026-08-12
958,2020,2,9,42540.00,8736,935,NA,2026-08-12
959,2022,10,24,14747.00,6983,45,APAC,2026-08-12
960,2025,7,27,4230.00,5593,22,MEA,2026-08-12
961,2025,11,26,92770.00,5380,269,NA,2026-08-12
962,2023,2,13,98045.00,3998,798,EU,2026-08-12
963,2021,2,25,31577.00,7111,840,NA,2026-08-12
964,2022,6,19,20514.00,9056,523,MEA,2026-08-12
965,2020,10,17,56787.00,7922,398,EU,2026-08-12
966,2023,4,13,26493.00,2203,248,LATAM,2026-08-12
967,2020,10,15,28233.00,8570,242,EU,2026-08-12
968,2021,5,13,51340.00,2195,30,EU,2026-08-12
969,2023,9,17,72223.00,8352,443,LATAM,2026-08-12
970,2021,1,1,2236.00,1112,634,LATAM,2026-08-12
971,2021,4,27,7807.00,4040,218,MEA,2026-08-12
972,2023,1,24,64694.00,6397,581,APAC,2026-08-12
973,2021,5,11,16740.00,8877,530,MEA,2026-08-12
974,2025,11,18,98190.00,4368,541,LATAM,2026-08-12
975,2024,12,28,59632.00,6277,741,MEA,2026-08-12
976,2022,11,22,77343.00,5297,761,NA,2026-08-12
977,2022,4,13,51163.00,6595,6,NA,2026-08-12
978,2021,5,5,60977.00,6252,761,MEA,2026-08-12
979,2023,1,6,79763.00,6760,172,MEA,2026-08-12
980,2023,4,1,46740.00,9316,769,LATAM,2026-08-12
981,2025,8,26,1844.00,5463,722,EU,2026-08-12
982,2022,10,27,16946.00,3651,706,MEA,2026-08-12
983,2023,7,12,65535.00,2409,18,NA,2026-08-12
984,2020,2,4,31751.00,4467,388,LATAM,2026-08-12
985,2021,12,16,35157.00,8106,81,LATAM,2026-08-12
986,2023,3,20,53340.00,7027,655,EU,2026-08-12
987,2023,4,12,78961.00,5209,244,APAC,2026-08-12
988,2021,9,3,47805.00,9143,412,LATAM,2026-08-12
989,2024,7,21,39734.00,1135,819,NA,2026-08-12
990,2024,8,13,23893.00,4814,85,MEA,2026-08-12
991,2020,6,21,68109.00,6503,740,NA,2026-08-12
992,2022,2,22,60507.00,2210,844,LATAM,2026-08-12
993,2020,6,20,5485.00,6435,944,NA,2026-08-12
994,2023,3,18,1610.00,5088,889,MEA,2026-08-12
995,2024,6,6,19778.00,3721,594,EU,2026-08-12
996,2025,7,23,74467.00,1474,899,NA,2026-08-12
997,2024,4,20,54037.00,3852,686,APAC,2026-08-12
998,2023,3,11,18096.00,5590,969,MEA,2026-08-12
999,2021,3,19,74213.00,2445,610,NA,2026-08-12
1000,2020,7,28,39637.00,2156,342,MEA,2026-08-12
1001,2025,6,8,52045.00,3927,750,LATAM,2026-08-12
1002,2024,8,2,44810.00,4426,272,NA,2026-08-12
1003,2021,2,25,8687.00,4185,8,EU,2026-08-12
1004,2025,10,1,65112.00,7653,823,APAC,2026-08-12
1005,2021,5,15,52888.00,2453,469,APAC,2026-08-12
1006,2022,7,23,25318.00,2707,139,MEA,2026-08-12
1007,2021,1,17,23253.00,3869,978,APAC,2026-08-12
1008,2024,1,16,48906.00,9528,484,MEA,2026-08-12
1009,2020,10,2,41197.00,2326,927,MEA,2026-08-12
1010,2025,12,12,30926.00,9892,617,MEA,2026-08-12
1011,2020,6,4,85043.00,5309,129,EU,2026-08-12
1012,2022,8,15,52733.00,5040,679,APAC,2026-08-12
1013,2021,12,5,91805.00,1673,148,LATAM,2026-08-12
1014,2021,7,5,50809.00,5801,385,EU,2026-08-12
1015,2024,6,18,66410.00,2566,151,MEA,2026-08-12
1016,2021,5,9,19453.00,3554,484,MEA,2026-08-12
1017,2022,10,14,88606.00,5813,908,LATAM,2026-08-12
1018,2025,5,18,12242.00,7343,879,NA,2026-08-12
1019,2023,8,3,66404.00,9397,91,EU,2026-08-12
1020,2025,12,22,41730.00,2245,266,APAC,2026-08-12
1021,2025,6,2,77707.00,2456,881,NA,2026-08-12
1022,2025,7,17,35555.00,9819,221,MEA,2026-08-12
1023,2023,6,11,47354.00,7888,449,LATAM,2026-08-12
1024,2023,8,22,42356.00,7734,141,MEA,2026-08-12
1025,2024,3,12,37003.00,6304,344,MEA,2026-08-12
1026,2025,4,5,35928.00,5152,561,EU,2026-08-12
1027,2020,11,6,44979.00,3004,858,APAC,2026-08-12
1028,2021,12,13,77710.00,5612,313,APAC,2026-08-12
1029,2023,4,7,87215.00,5620,513,APAC,2026-08-12
1030,2020,12,15,22463.00,8293,676,NA,2026-08-12
1031,2025,7,20,52946.00,2412,916,NA,2026-08-12
1032,2022,4,13,95363.00,9493,915,APAC,2026-08-12
1033,2023,11,18,17460.00,6049,684,EU,2026-08-12
1034,2022,4,23,63433.00,2265,664,LATAM,2026-08-12
1035,2023,2,20,55955.00,6749,276,APAC,2026-08-12
1036,2023,8,11,64587.00,7127,995,NA,2026-08-12
1037,2023,10,12,87243.00,5718,455,EU,2026-08-12
1038,2025,9,10,51775.00,7640,974,MEA,2026-08-12
1039,2022,3,2,10743.00,6825,199,MEA,2026-08-12
1040,2024,11,3,20713.00,5785,90,MEA,2026-08-12
1041,2022,3,27,67454.00,5456,553,NA,2026-08-12
1042,2021,3,25,73319.00,8817,368,MEA,2026-08-12
1043,2022,6,13,76492.00,6574,991,EU,2026-08-12
1044,2021,4,21,91785.00,7415,314,LATAM,2026-08-12
1045,2021,2,17,11727.00,9704,515,APAC,2026-08-12
1046,2020,5,22,79313.00,2445,337,LATAM,2026-08-12
1047,2021,11,8,86585.00,5401,705,APAC,2026-08-12
1048,2020,2,24,68424.00,5962,423,APAC,2026-08-12
1049,2021,11,6,3254.00,6706,556,APAC,2026-08-12
1050,2020,12,5,39006.00,6646,793,NA,2026-08-12
1051,2024,10,5,62227.00,1896,455,APAC,2026-08-12
1052,2024,4,6,98305.00,1364,767,MEA,2026-08-12
1053,2020,1,26,10824.00,6116,711,NA,2026-08-12
1054,2021,9,15,47459.00,2479,65,NA,2026-08-12
1055,2022,4,25,84615.00,9329,291,MEA,2026-08-12
1056,2024,4,2,33229.00,1395,138,APAC,2026-08-12
1057,2023,7,6,17553.00,9733,111,NA,2026-08-12
1058,2021,11,10,47777.00,7349,688,APAC,2026-08-12
1059,2023,1,5,35033.00,9065,896,APAC,2026-08-12
1060,2023,9,28,59543.00,6043,334,MEA,2026-08-12
1061,2023,7,15,66476.00,7218,73,NA,2026-08-12
1062,2022,10,4,93992.00,7485,134,APAC,2026-08-12
1063,2023,10,23,61130.00,6265,563,MEA,2026-08-12
1064,2020,11,9,45257.00,9480,465,APAC,2026-08-12
1065,2024,11,2,70970.00,4399,937,APAC,2026-08-12
1066,2020,1,10,54388.00,2378,541,MEA,2026-08-12
1067,2023,5,8,75.00,3291,826,LATAM,2026-08-12
1068,2021,6,25,55932.00,9811,368,MEA,2026-08-12
1069,2024,10,10,43505.00,3119,418,MEA,2026-08-12
1070,2023,1,9,33704.00,4701,708,EU,2026-08-12
1071,2023,3,23,40254.00,7185,742,MEA,2026-08-12
1072,2023,10,26,51785.00,4132,906,NA,2026-08-12
1073,2024,5,6,73934.00,8143,150,MEA,2026-08-12
1074,2024,10,2,10028.00,8093,651,LATAM,2026-08-12
1075,2022,10,10,354.00,2770,858,APAC,2026-08-12
1076,2020,10,11,42518.00,7969,237,APAC,2026-08-12
1077,2024,9,1,26145.00,4318,443,NA,2026-08-12
1078,2022,9,2,48968.00,6285,184,LATAM,2026-08-12
1079,2022,4,10,92372.00,6561,772,APAC,2026-08-12
1080,2020,8,14,8508.00,1409,492,LATAM,2026-08-12
1081,2020,8,23,15012.00,8149,267,NA,2026-08-12
1082,2021,3,6,40152.00,9566,346,MEA,2026-08-12
1083,2021,1,15,7305.00,6089,581,NA,2026-08-12
1084,2022,12,20,52899.00,2616,332,NA,2026-08-12
1085,2024,5,5,57066.00,8769,336,APAC,2026-08-12
1086,2022,4,19,88191.00,2082,208,NA,2026-08-12
1087,2020,5,23,77138.00,2469,64,APAC,2026-08-12
1088,2022,5,28,95873.00,6180,671,NA,2026-08-12
1089,2023,1,26,80844.00,3775,57,APAC,2026-08-12
1090,2023,11,17,58467.00,8265,853,EU,2026-08-12
1091,2020,12,26,60425.00,3219,128,MEA,2026-08-12
1092,2020,11,9,29436.00,8293,73,EU,2026-08-12
1093,2022,7,14,26168.00,2758,83,EU,2026-08-12
1094,2020,2,28,94943.00,1190,38,EU,2026-08-12
1095,2021,12,8,3562.00,9735,609,NA,2026-08-12
1096,2024,9,5,6006.00,6638,901,MEA,2026-08-12
1097,2024,1,3,42951.00,8965,614,LATAM,2026-08-12
1098,2021,12,10,58526.00,9537,375,MEA,2026-08-12
1099,2025,5,24,17692.00,2518,293,NA,2026-08-12
1100,2022,6,13,10969.00,6511,17,EU,2026-08-12
1101,2022,12,13,36789.00,6579,232,APAC,2026-08-12
1102,2023,9,18,94992.00,8372,872,MEA,2026-08-12
1103,2023,5,25,94402.00,6031,542,EU,2026-08-12
1104,2023,6,9,46636.00,7430,855,APAC,2026-08-12
1105,2024,1,17,87261.00,7551,754,EU,2026-08-12
1106,2025,8,2,25102.00,5917,842,NA,2026-08-12
1107,2025,3,10,94359.00,2991,851,APAC,2026-08-12
1108,2020,2,15,76893.00,9299,532,LATAM,2026-08-12
1109,2024,7,23,72057.00,3459,151,LATAM,2026-08-12
1110,2021,9,17,8390.00,7479,529,APAC,2026-08-12
1111,2021,6,10,1912.00,7771,740,EU,2026-08-12
1112,2023,9,8,98978.00,4491,78,LATAM,2026-08-12
1113,2022,6,9,28594.00,7598,7,APAC,2026-08-12
1114,2021,11,23,14138.00,3386,67,APAC,2026-08-12
1115,2020,4,10,2064.00,9461,700,NA,2026-08-12
1116,2025,1,27,59864.00,7658,81,APAC,2026-08-12
1117,2023,6,15,81771.00,8920,313,MEA,2026-08-12
1118,2022,6,3,85484.00,2454,645,MEA,2026-08-12
1119,2024,7,11,90314.00,5168,759,LATAM,2026-08-12
1120,2020,2,25,75050.00,4343,379,APAC,2026-08-12
1121,2022,7,2,93567.00,3103,572,APAC,2026-08-12
1122,2022,1,8,32965.00,8555,520,APAC,2026-08-12
1123,2024,4,5,80046.00,6778,732,EU,2026-08-12
1124,2025,12,26,48746.00,2937,570,APAC,2026-08-12
1125,2023,5,26,89186.00,3246,709,LATAM,2026-08-12
1126,2024,8,8,537.00,4519,720,LATAM,2026-08-12
1127,2020,8,14,26979.00,7073,810,LATAM,2026-08-12
1128,2021,2,19,69772.00,8613,869,EU,2026-08-12
1129,2021,4,16,60349.00,8484,738,NA,2026-08-12
1130,2024,12,18,68360.00,1450,314,NA,2026-08-12
1131,2025,4,26,90086.00,7989,326,MEA,2026-08-12
1132,2022,7,10,82291.00,2371,788,LATAM,2026-08-12
1133,2023,9,25,21165.00,3819,220,LATAM,2026-08-12
1134,2025,11,8,19409.00,5505,990,APAC,2026-08-12
1135,2025,9,3,9432.00,4294,369,LATAM,2026-08-12
1136,2021,3,18,45045.00,2466,778,EU,2026-08-12
1137,2022,6,15,56676.00,6150,745,APAC,2026-08-12
1138,2024,11,20,64915.00,2896,29,NA,2026-08-12
1139,2021,3,6,20845.00,8836,191,LATAM,2026-08-12
1140,2022,11,3,72073.00,9644,613,NA,2026-08-12
1141,2024,3,8,84094.00,9368,819,LATAM,2026-08-12
1142,2020,7,21,88809.00,2096,832,MEA,2026-08-12
1143,2025,10,26,79983.00,9456,400,EU,2026-08-12
1144,2020,6,14,84635.00,4078,353,MEA,2026-08-12
1145,2025,5,25,42672.00,9649,85,LATAM,2026-08-12
1146,2024,7,3,8834.00,3883,846,NA,2026-08-12
1147,2025,7,24,57926.00,5474,638,EU,2026-08-12
1148,2022,1,18,15291.00,1479,617,APAC,2026-08-12
1149,2025,4,12,84210.00,8065,90,LATAM,2026-08-12
1150,2024,1,8,80550.00,9551,182,LATAM,2026-08-12
1151,2022,6,7,52171.00,7729,615,MEA,2026-08-12
1152,2022,11,11,68099.00,7562,590,LATAM,2026-08-12
1153,2020,8,28,4734.00,6921,348,EU,2026-08-12
1154,2023,10,25,24907.00,2312,316,NA,2026-08-12
1155,2022,2,17,25602.00,1821,375,EU,2026-08-12
1156,2021,4,17,87308.00,6247,524,EU,2026-08-12
1157,2021,6,10,54625.00,5620,848,APAC,2026-08-12
1158,2023,9,12,66793.00,2932,578,EU,2026-08-12
1159,2024,8,8,14565.00,8544,652,APAC,2026-08-12
1160,2020,9,12,1713.00,4067,387,APAC,2026-08-12
1161,2025,12,15,54691.00,1211,313,MEA,2026-08-12
1162,2023,3,4,89647.00,1686,652,LATAM,2026-08-12
1163,2025,11,22,89681.00,7855,973,APAC,2026-08-12
1164,2025,10,20,7368.00,8835,606,EU,2026-08-12
1165,2023,1,12,31787.00,4635,139,EU,2026-08-12
1166,2024,9,20,4192.00,8870,723,LATAM,2026-08-12
1167,2022,1,12,34089.00,8321,301,LATAM,2026-08-12
1168,2022,2,7,27528.00,1833,947,EU,2026-08-12
1169,2022,5,18,60289.00,5573,379,APAC,2026-08-12
1170,2021,5,16,63149.00,6078,596,EU,2026-08-12
1171,2025,10,22,98718.00,1567,774,LATAM,2026-08-12
1172,2021,7,1,8175.00,6834,624,LATAM,2026-08-12
1173,2025,5,24,18208.00,7828,208,EU,2026-08-12
1174,2021,4,12,63456.00,4281,40,MEA,2026-08-12
1175,2021,7,24,46555.00,3246,560,EU,2026-08-12
1176,2025,9,15,63164.00,6358,593,EU,2026-08-12
1177,2021,7,20,61772.00,5462,221,EU,2026-08-12
1178,2020,12,18,87514.00,1960,253,EU,2026-08-12
1179,2025,6,3,4331.00,9298,102,APAC,2026-08-12
1180,2021,7,6,37299.00,7888,554,MEA,2026-08-12
1181,2020,4,25,58715.00,2266,259,APAC,2026-08-12
1182,2021,5,6,38278.00,5559,542,NA,2026-08-12
1183,2024,6,19,78738.00,1034,780,MEA,2026-08-12
1184,2024,7,12,76014.00,3342,703,MEA,2026-08-12
1185,2022,7,6,56657.00,5027,346,NA,2026-08-12
1186,2024,7,23,84276.00,4436,514,NA,2026-08-12
1187,2025,11,26,1348.00,6556,31,MEA,2026-08-12
1188,2021,12,17,45995.00,2079,881,APAC,2026-08-12
1189,2023,6,7,229.00,1323,90,APAC,2026-08-12
1190,2021,4,18,66571.00,5292,24,APAC,2026-08-12
1191,2025,10,17,96810.00,8079,268,APAC,2026-08-12
1192,2022,3,27,12137.00,5017,853,MEA,2026-08-12
1193,2025,2,14,15621.00,8798,90,MEA,2026-08-12
1194,2020,1,23,86503.00,9869,121,EU,2026-08-12
1195,2025,11,25,98757.00,8823,464,NA,2026-08-12
1196,2023,10,14,85596.00,9972,807,EU,2026-08-12
1197,2022,8,6,43390.00,5204,475,NA,2026-08-12
1198,2022,5,7,78447.00,9191,44,APAC,2026-08-12
1199,2023,8,10,41016.00,7088,134,EU,2026-08-12
1200,2022,4,22,1098.00,2502,982,MEA,2026-08-12
1201,2020,9,25,57372.00,1609,294,LATAM,2026-08-12
1202,2023,12,27,50377.00,5359,11,MEA,2026-08-12
1203,2022,7,17,13140.00,6765,847,NA,2026-08-12
1204,2025,9,16,82769.00,8147,625,LATAM,2026-08-12
1205,2023,9,6,18288.00,3206,714,LATAM,2026-08-12
1206,2021,4,22,5812.00,9197,636,MEA,2026-08-12
1207,2025,7,11,39662.00,5601,323,LATAM,2026-08-12
1208,2022,9,7,38518.00,4269,108,APAC,2026-08-12
1209,2021,8,7,67638.00,4107,989,NA,2026-08-12
1210,2025,3,14,66763.00,4474,416,LATAM,2026-08-12
1211,2021,6,16,88244.00,1586,17,EU,2026-08-12
1212,2022,10,28,33728.00,8023,845,NA,2026-08-12
1213,2024,10,23,54346.00,5266,895,LATAM,2026-08-12
1214,2024,5,11,7207.00,9623,213,LATAM,2026-08-12
1215,2023,11,12,70415.00,4215,718,LATAM,2026-08-12
1216,2021,4,19,33785.00,2986,392,APAC,2026-08-12
1217,2023,10,26,98332.00,3695,144,EU,2026-08-12
1218,2025,10,22,15292.00,4859,742,APAC,2026-08-12
1219,2020,10,24,55174.00,6580,670,APAC,2026-08-12
1220,2020,8,26,82665.00,4737,820,NA,2026-08-12
1221,2024,3,5,25394.00,9261,167,EU,2026-08-12
1222,2023,2,26,12903.00,1697,422,LATAM,2026-08-12
1223,2025,3,19,36411.00,7568,782,APAC,2026-08-12
1224,2020,5,1,20396.00,6179,100,MEA,2026-08-12
1225,2022,7,23,24096.00,4096,72,EU,2026-08-12
1226,2022,12,11,44314.00,9242,208,EU,2026-08-12
1227,2022,7,6,12763.00,2437,226,APAC,2026-08-12
1228,2020,5,6,20565.00,4457,887,EU,2026-08-12
1229,2021,4,16,48806.00,7954,226,MEA,2026-08-12
1230,2025,8,23,39142.00,6728,384,EU,2026-08-12
1231,2025,2,13,72794.00,4351,841,NA,2026-08-12
1232,2023,4,15,37123.00,9446,566,MEA,2026-08-12
1233,2025,1,25,70743.00,1764,321,APAC,2026-08-12
1234,2025,7,2,32054.00,1091,73,EU,2026-08-12
1235,2024,9,10,37486.00,3350,314,APAC,2026-08-12
1236,2024,4,24,84833.00,5669,562,LATAM,2026-08-12
1237,2024,4,12,54499.00,9800,90,MEA,2026-08-12
1238,2020,4,18,39866.00,6589,753,EU,2026-08-12
1239,2021,11,4,33759.00,4801,835,LATAM,2026-08-12
1240,2025,9,3,48625.00,2670,712,MEA,2026-08-12
1241,2024,1,21,12605.00,3262,389,LATAM,2026-08-12
1242,2023,11,21,12696.00,2985,725,LATAM,2026-08-12
1243,2021,12,6,155.00,9787,752,APAC,2026-08-12
1244,2025,9,4,12841.00,6500,197,LATAM,2026-08-12
1245,2021,11,28,51237.00,2491,947,LATAM,2026-08-12
1246,2023,1,23,78440.00,2833,626,APAC,2026-08-12
1247,2021,4,8,94407.00,4616,703,LATAM,2026-08-12
1248,2020,9,1,76082.00,2042,906,LATAM,2026-08-12
1249,2024,4,16,40819.00,5176,413,NA,2026-08-12
1250,2025,5,1,33880.00,3969,601,LATAM,2026-08-12
1251,2025,2,23,11233.00,7102,829,MEA,2026-08-12
1252,2020,8,8,86690.00,7291,626,MEA,2026-08-12
1253,2025,6,18,16713.00,8468,972,LATAM,2026-08-12
1254,2022,5,5,56873.00,3761,236,NA,2026-08-12
1255,2024,6,10,1392.00,9633,682,NA,2026-08-12
1256,2023,2,18,78827.00,4683,666,LATAM,2026-08-12
1257,2022,3,7,28483.00,3514,874,LATAM,2026-08-12
1258,2025,10,13,64120.00,1361,759,EU,2026-08-12
1259,2020,4,5,18082.00,9092,439,EU,2026-08-12
1260,2021,7,18,95725.00,1034,192,NA,2026-08-12
1261,2022,6,14,46830.00,4728,700,EU,2026-08-12
1262,2024,9,19,26100.00,6103,644,EU,2026-08-12
1263,2021,1,11,26513.00,8697,821,LATAM,2026-08-12
1264,2022,9,22,29205.00,6557,545,NA,2026-08-12
1265,2021,10,4,48148.00,4769,32,NA,2026-08-12
1266,2023,1,4,33681.00,5979,352,EU,2026-08-12
1267,2023,10,2,40359.00,3098,922,MEA,2026-08-12
1268,2021,9,22,52032.00,2081,462,EU,2026-08-12
1269,2025,3,1,10370.00,8512,715,NA,2026-08-12
1270,2025,8,6,13963.00,1555,429,NA,2026-08-12
1271,2022,2,4,87409.00,2580,460,MEA,2026-08-12
1272,2023,11,28,57324.00,5268,362,MEA,2026-08-12
1273,2025,2,7,1323.00,3494,188,APAC,2026-08-12
1274,2024,8,16,60627.00,7896,442,NA,2026-08-12
1275,2023,11,28,80249.00,3654,559,EU,2026-08-12
1276,2023,4,6,4779.00,5576,980,MEA,2026-08-12
1277,2024,8,27,99551.00,4559,736,EU,2026-08-12
1278,2024,7,17,431.00,6670,472,EU,2026-08-12
1279,2023,4,16,13251.00,1392,273,MEA,2026-08-12
1280,2022,2,26,71730.00,2064,736,MEA,2026-08-12
1281,2025,9,28,44353.00,4961,747,EU,2026-08-12
1282,2022,4,8,71159.00,1546,598,NA,2026-08-12
1283,2023,12,24,36473.00,6682,262,MEA,2026-08-12
1284,2023,12,15,60785.00,7297,578,MEA,2026-08-12
1285,2020,9,14,84419.00,7409,672,APAC,2026-08-12
1286,2021,4,28,39522.00,4575,137,LATAM,2026-08-12
1287,2024,4,25,31241.00,3762,194,APAC,2026-08-12
1288,2025,5,23,13269.00,7023,545,APAC,2026-08-12
1289,2022,10,11,98949.00,5309,357,NA,2026-08-12
1290,2023,12,11,38005.00,9457,294,MEA,2026-08-12
1291,2021,11,16,46719.00,2353,859,APAC,2026-08-12
1292,2021,10,8,43496.00,1952,870,NA,2026-08-12
1293,2021,5,24,14569.00,7717,98,APAC,2026-08-12
1294,2020,10,5,30941.00,1702,714,APAC,2026-08-12
1295,2023,6,10,64148.00,3449,334,MEA,2026-08-12
1296,2022,8,11,18290.00,9634,766,MEA,2026-08-12
1297,2022,6,25,56119.00,6284,549,MEA,2026-08-12
1298,2020,7,6,89373.00,8627,423,EU,2026-08-12
1299,2021,6,21,23664.00,9741,956,MEA,2026-08-12
1300,2021,10,19,52812.00,1392,265,APAC,2026-08-12
1301,2021,6,24,3969.00,9895,358,APAC,2026-08-12
1302,2020,2,11,36695.00,5778,378,NA,2026-08-12
1303,2024,7,21,56930.00,1910,495,LATAM,2026-08-12
1304,2024,6,27,65036.00,7982,395,NA,2026-08-12
1305,2025,3,4,77284.00,5089,543,NA,2026-08-12
1306,2024,12,1,52778.00,8972,639,APAC,2026-08-12
1307,2023,11,8,20435.00,1874,485,MEA,2026-08-12
1308,2025,8,14,47706.00,1703,654,APAC,2026-08-12
1309,2020,11,28,29717.00,8818,82,NA,2026-08-12
1310,2025,8,4,37254.00,5521,119,LATAM,2026-08-12
1311,2021,10,9,88005.00,8611,494,LATAM,2026-08-12
1312,2020,7,9,23125.00,8767,825,LATAM,2026-08-12
1313,2020,9,24,54977.00,7161,128,APAC,2026-08-12
1314,2022,11,10,61404.00,2049,138,APAC,2026-08-12
1315,2023,1,12,96101.00,3795,975,NA,2026-08-12
1316,2021,6,28,94153.00,7794,354,NA,2026-08-12
1317,2024,5,14,77118.00,7907,637,LATAM,2026-08-12
1318,2022,2,21,23458.00,5971,129,NA,2026-08-12
1319,2022,4,3,40502.00,9690,762,NA,2026-08-12
1320,2020,12,25,7332.00,8720,549,LATAM,2026-08-12
1321,2020,5,22,7646.00,9242,589,NA,2026-08-12
1322,2020,3,9,55086.00,5123,194,NA,2026-08-12
1323,2023,5,24,98798.00,1371,504,EU,2026-08-12
1324,2023,8,19,77190.00,5011,595,MEA,2026-08-12
1325,2023,5,1,80557.00,7705,297,NA,2026-08-12
1326,2024,12,5,9771.00,3188,247,LATAM,2026-08-12
1327,2022,2,28,43160.00,4143,548,EU,2026-08-12
1328,2025,8,18,6254.00,7560,272,APAC,2026-08-12
1329,2021,10,14,57404.00,9871,372,MEA,2026-08-12
1330,2020,12,6,68785.00,5968,365,MEA,2026-08-12
1331,2020,8,8,33861.00,1215,92,APAC,2026-08-12
1332,2021,10,21,70023.00,7699,738,MEA,2026-08-12
1333,2022,1,16,69853.00,6442,825,NA,2026-08-12
1334,2023,7,8,12255.00,1943,914,LATAM,2026-08-12
1335,2022,9,6,6724.00,8820,648,APAC,2026-08-12
1336,2025,10,8,62046.00,1959,702,EU,2026-08-12
1337,2020,10,22,19559.00,8223,623,MEA,2026-08-12
1338,2023,7,18,14129.00,9807,769,APAC,2026-08-12
1339,2024,4,23,60931.00,3083,233,APAC,2026-08-12
1340,2024,11,22,50614.00,7727,686,NA,2026-08-12
1341,2022,1,6,90903.00,2651,878,LATAM,2026-08-12
1342,2025,11,22,95563.00,4688,995,NA,2026-08-12
1343,2021,9,7,73043.00,9811,831,NA,2026-08-12
1344,2024,5,7,94280.00,2676,929,NA,2026-08-12
1345,2021,5,4,10022.00,2688,954,EU,2026-08-12
1346,2022,3,27,98342.00,7812,136,NA,2026-08-12
1347,2020,12,14,44324.00,3234,323,NA,2026-08-12
1348,2020,1,16,21849.00,1671,126,NA,2026-08-12
1349,2024,11,1,63221.00,1859,789,APAC,2026-08-12
1350,2022,8,10,32172.00,4716,201,EU,2026-08-12
1351,2021,8,17,46468.00,3715,673,APAC,2026-08-12
1352,2023,3,20,23279.00,7702,132,EU,2026-08-12
1353,2023,10,28,93692.00,9576,908,LATAM,2026-08-12
1354,2025,7,20,63992.00,1736,281,APAC,2026-08-12
1355,2025,1,26,32165.00,2555,873,MEA,2026-08-12
1356,2024,7,17,52364.00,6191,488,EU,2026-08-12
1357,2021,2,3,98321.00,3231,106,LATAM,2026-08-12
1358,2022,1,18,84836.00,9582,242,MEA,2026-08-12
1359,2025,5,13,95737.00,4614,651,MEA,2026-08-12
1360,2021,6,27,67839.00,3090,97,APAC,2026-08-12
1361,2023,11,3,74576.00,2877,943,NA,2026-08-12
1362,2025,4,10,71201.00,8578,640,EU,2026-08-12
1363,2020,10,5,63602.00,4869,548,EU,2026-08-12
1364,2020,6,4,40868.00,3706,368,APAC,2026-08-12
1365,2022,11,15,17596.00,7590,264,EU,2026-08-12
1366,2020,8,16,34881.00,6003,518,NA,2026-08-12
1367,2020,5,22,16221.00,5454,384,MEA,2026-08-12
1368,2025,4,28,25752.00,6774,961,NA,2026-08-12
1369,2025,4,18,87390.00,1604,830,NA,2026-08-12
1370,2022,10,23,53692.00,3118,218,EU,2026-08-12
1371,2025,11,20,91086.00,9017,230,MEA,2026-08-12
1372,2020,9,28,55052.00,6430,142,EU,2026-08-12
1373,2023,4,16,54168.00,5512,135,NA,2026-08-12
1374,2024,1,27,28943.00,8871,255,APAC,2026-08-12
1375,2025,5,19,31824.00,2976,228,APAC,2026-08-12
1376,2021,6,21,14868.00,1889,280,NA,2026-08-12
1377,2022,1,22,68246.00,3772,84,APAC,2026-08-12
1378,2024,8,15,4829.00,7774,233,APAC,2026-08-12
1379,2024,10,14,4790.00,4365,965,MEA,2026-08-12
1380,2024,6,25,35391.00,9064,797,APAC,2026-08-12
1381,2023,1,12,92122.00,2280,30,EU,2026-08-12
1382,2024,2,5,20687.00,6532,838,EU,2026-08-12
1383,2024,11,28,84504.00,3230,928,APAC,2026-08-12
1384,2024,6,9,68491.00,9302,173,MEA,2026-08-12
1385,2024,8,25,76013.00,4316,335,MEA,2026-08-12
1386,2020,1,16,1043.00,8481,421,EU,2026-08-12
1387,2023,10,22,1644.00,7117,908,LATAM,2026-08-12
1388,2025,4,27,48080.00,2050,735,NA,2026-08-12
1389,2020,2,23,4292.00,3031,583,MEA,2026-08-12
1390,2024,11,10,89374.00,3645,399,NA,2026-08-12
1391,2023,2,21,11210.00,7889,152,MEA,2026-08-12
1392,2022,7,16,75167.00,6376,805,APAC,2026-08-12
1393,2022,1,13,2971.00,1064,142,MEA,2026-08-12
1394,2021,5,26,35227.00,9388,166,EU,2026-08-12
1395,2021,3,22,37836.00,1987,762,EU,2026-08-12
1396,2024,3,4,6218.00,5200,966,NA,2026-08-12
1397,2020,7,19,20308.00,4139,281,NA,2026-08-12
1398,2024,12,20,70377.00,9117,767,LATAM,2026-08-12
1399,2025,7,9,46898.00,7131,105,MEA,2026-08-12
1400,2023,8,10,74273.00,2946,240,APAC,2026-08-12
1401,2024,4,19,44755.00,3294,439,LATAM,2026-08-12
1402,2021,7,23,57495.00,1665,877,APAC,2026-08-12
1403,2025,7,10,37194.00,7821,276,MEA,2026-08-12
1404,2025,8,7,54729.00,5645,119,NA,2026-08-12
1405,2024,4,11,66634.00,8731,990,APAC,2026-08-12
1406,2025,9,13,16330.00,9609,263,EU,2026-08-12
1407,2025,1,16,45719.00,8257,854,NA,2026-08-12
1408,2021,5,24,93374.00,7155,889,MEA,2026-08-12
1409,2024,3,7,42065.00,8803,416,APAC,2026-08-12
1410,2021,12,4,34823.00,4973,296,LATAM,2026-08-12
1411,2023,2,11,60037.00,4461,614,APAC,2026-08-12
1412,2023,2,28,34127.00,3234,404,APAC,2026-08-12
1413,2021,4,24,48221.00,7900,603,EU,2026-08-12
1414,2025,1,26,28640.00,1440,482,APAC,2026-08-12
1415,2024,7,19,82389.00,5116,281,LATAM,2026-08-12
1416,2023,7,23,60653.00,7958,68,LATAM,2026-08-12
1417,2024,3,15,6840.00,3567,985,APAC,2026-08-12
1418,2024,8,2,61647.00,3030,13,APAC,2026-08-12
1419,2024,5,10,95070.00,1782,617,MEA,2026-08-12
1420,2022,3,13,46642.00,7459,266,NA,2026-08-12
1421,2023,6,11,68071.00,4031,748,NA,2026-08-12
1422,2025,1,26,4399.00,1797,990,APAC,2026-08-12
1423,2022,4,24,43781.00,2534,57,APAC,2026-08-12
1424,2024,12,19,62672.00,3159,280,EU,2026-08-12
1425,2022,4,12,94391.00,7846,591,APAC,2026-08-12
1426,2022,10,3,88234.00,3050,557,MEA,2026-08-12
1427,2025,5,3,3240.00,6265,222,NA,2026-08-12
1428,2021,3,7,91017.00,9320,725,LATAM,2026-08-12
1429,2021,3,4,19305.00,3147,671,MEA,2026-08-12
1430,2025,5,26,72292.00,6613,709,LATAM,2026-08-12
1431,2021,4,23,16823.00,5264,979,NA,2026-08-12
1432,2020,5,15,27788.00,9508,713,APAC,2026-08-12
1433,2025,9,23,52523.00,7032,323,EU,2026-08-12
1434,2025,8,23,46327.00,6113,983,NA,2026-08-12
1435,2020,8,5,86215.00,3429,112,NA,2026-08-12
1436,2022,11,2,76444.00,7660,132,NA,2026-08-12
1437,2024,7,23,26666.00,3539,633,EU,2026-08-12
1438,2022,9,17,54607.00,9636,80,MEA,2026-08-12
1439,2022,4,4,75866.00,5438,432,EU,2026-08-12
1440,2022,3,1,67839.00,8628,588,LATAM,2026-08-12
1441,2024,12,5,42934.00,3792,800,EU,2026-08-12
1442,2025,11,5,8194.00,2717,748,LATAM,2026-08-12
1443,2023,3,4,60141.00,7982,314,LATAM,2026-08-12
1444,2020,2,24,17309.00,2188,984,MEA,2026-08-12
1445,2020,8,15,16171.00,6338,111,EU,2026-08-12
1446,2020,7,22,34923.00,3403,863,LATAM,2026-08-12
1447,2024,12,25,96635.00,7227,215,MEA,2026-08-12
1448,2022,1,6,42595.00,4273,794,APAC,2026-08-12
1449,2023,2,11,58948.00,9673,187,NA,2026-08-12
1450,2021,2,23,2382.00,5663,583,MEA,2026-08-12
1451,2023,12,23,89128.00,9901,605,LATAM,2026-08-12
1452,2020,11,21,96183.00,8356,100,EU,2026-08-12
1453,2022,4,28,16102.00,4438,667,APAC,2026-08-12
1454,2024,5,14,25567.00,3797,910,APAC,2026-08-12
1455,2020,4,10,12757.00,5612,22,LATAM,2026-08-12
1456,2023,12,19,95909.00,1800,6,EU,2026-08-12
1457,2021,8,3,16753.00,6856,698,MEA,2026-08-12
1458,2024,6,3,73257.00,2110,505,MEA,2026-08-12
1459,2020,11,20,7078.00,4235,708,EU,2026-08-12
1460,2022,1,21,14391.00,3783,830,APAC,2026-08-12
1461,2021,2,20,52256.00,7455,254,NA,2026-08-12
1462,2023,9,28,28456.00,4795,385,APAC,2026-08-12
1463,2023,9,15,42515.00,2109,689,APAC,2026-08-12
1464,2025,8,21,91224.00,6118,758,MEA,2026-08-12
1465,2022,8,19,56605.00,8098,199,LATAM,2026-08-12
1466,2025,12,9,25254.00,4582,228,APAC,2026-08-12
1467,2020,6,14,70445.00,7462,899,LATAM,2026-08-12
1468,2024,12,14,50764.00,7542,654,APAC,2026-08-12
1469,2021,10,27,56442.00,3780,208,NA,2026-08-12
1470,2022,5,7,72677.00,7614,751,APAC,2026-08-12
1471,2020,9,5,46759.00,4321,452,EU,2026-08-12
1472,2021,6,3,33996.00,5920,365,LATAM,2026-08-12
1473,2021,3,19,61505.00,5786,2,APAC,2026-08-12
1474,2024,2,25,48944.00,9681,951,NA,2026-08-12
1475,2024,3,15,67125.00,4120,19,NA,2026-08-12
1476,2020,7,7,91794.00,7960,295,APAC,2026-08-12
1477,2020,2,1,53348.00,3875,842,EU,2026-08-12
1478,2020,5,16,77533.00,5524,541,APAC,2026-08-12
1479,2023,6,12,73919.00,5261,478,APAC,2026-08-12
1480,2025,8,15,32980.00,4960,626,MEA,2026-08-12
1481,2021,12,24,63403.00,8337,373,APAC,2026-08-12
1482,2023,8,27,28130.00,9733,209,MEA,2026-08-12
1483,2021,9,3,41321.00,3087,901,MEA,2026-08-12
1484,2022,12,13,27963.00,4123,553,EU,2026-08-12
1485,2020,2,3,40940.00,4080,205,EU,2026-08-12
1486,2025,11,14,75790.00,4180,651,MEA,2026-08-12
1487,2024,5,2,88859.00,9131,869,NA,2026-08-12
1488,2023,4,19,88639.00,8274,311,MEA,2026-08-12
1489,2021,7,24,86823.00,3202,40,NA,2026-08-12
1490,2025,5,2,95239.00,3785,594,LATAM,2026-08-12
1491,2024,9,8,40679.00,6443,879,EU,2026-08-12
1492,2024,3,13,74230.00,8847,472,LATAM,2026-08-12
1493,2022,10,24,31255.00,4505,269,MEA,2026-08-12
1494,2023,4,8,23864.00,3492,454,LATAM,2026-08-12
1495,2023,6,4,85967.00,2715,936,LATAM,2026-08-12
1496,2025,7,2,44098.00,8270,258,LATAM,2026-08-12
1497,2021,8,20,98065.00,9499,771,NA,2026-08-12
1498,2024,1,23,34165.00,2381,409,EU,2026-08-12
1499,2021,3,9,53765.00,5884,678,MEA,2026-08-12
1500,2022,5,27,48174.00,9375,321,APAC,2026-08-12
1501,2020,8,16,52730.00,3186,120,EU,2026-08-12
1502,2023,6,4,19005.00,7349,851,MEA,2026-08-12
1503,2020,2,1,32761.00,1565,459,EU,2026-08-12
1504,2022,6,16,26519.00,9585,387,EU,2026-08-12
1505,2020,11,6,71747.00,3508,64,LATAM,2026-08-12
1506,2022,1,28,22528.00,4343,593,APAC,2026-08-12
1507,2025,11,14,51448.00,2957,4,MEA,2026-08-12
1508,2021,11,21,1717.00,4792,251,LATAM,2026-08-12
1509,2023,5,12,61535.00,5856,224,EU,2026-08-12
1510,2021,8,2,26766.00,5904,215,LATAM,2026-08-12
1511,2025,12,23,21196.00,3930,645,MEA,2026-08-12
1512,2025,10,13,15792.00,6231,506,APAC,2026-08-12
1513,2022,11,19,35217.00,4288,737,EU,2026-08-12
1514,2024,11,19,21576.00,8856,942,MEA,2026-08-12
1515,2022,4,21,56246.00,7269,746,MEA,2026-08-12
1516,2024,2,14,786.00,5690,417,LATAM,2026-08-12
1517,2022,4,22,70196.00,3286,39,NA,2026-08-12
1518,2024,10,12,66322.00,4117,338,MEA,2026-08-12
1519,2020,4,25,47155.00,7209,472,LATAM,2026-08-12
1520,2020,12,13,22743.00,3455,597,LATAM,2026-08-12
1521,2023,9,18,72978.00,8567,394,APAC,2026-08-12
1522,2020,9,9,94876.00,3586,91,APAC,2026-08-12
1523,2022,11,3,56542.00,6450,765,EU,2026-08-12
1524,2020,2,5,12168.00,5150,334,LATAM,2026-08-12
1525,2020,6,27,75977.00,3377,499,EU,2026-08-12
1526,2025,12,24,55685.00,8850,170,LATAM,2026-08-12
1527,2025,9,9,31643.00,6037,180,MEA,2026-08-12
1528,2025,1,19,37647.00,4369,859,NA,2026-08-12
1529,2020,3,4,26751.00,2467,921,LATAM,2026-08-12
1530,2021,4,11,46300.00,5946,551,APAC,2026-08-12
1531,2024,3,13,866.00,2651,660,NA,2026-08-12
1532,2020,1,27,6795.00,2942,305,MEA,2026-08-12
1533,2021,8,4,56899.00,8854,272,EU,2026-08-12
1534,2021,7,23,94884.00,1821,545,LATAM,2026-08-12
1535,2025,2,5,485.00,2739,19,NA,2026-08-12
1536,2024,7,17,32159.00,5494,548,NA,2026-08-12
1537,2022,1,11,52373.00,1153,650,LATAM,2026-08-12
1538,2024,6,1,50047.00,7188,258,LATAM,2026-08-12
1539,2021,4,7,21038.00,1814,852,APAC,2026-08-12
1540,2022,5,2,77947.00,3794,657,NA,2026-08-12
1541,2024,12,19,13364.00,8446,631,EU,2026-08-12
1542,2025,4,13,39184.00,2742,686,MEA,2026-08-12
1543,2024,11,20,71163.00,1326,42,LATAM,2026-08-12
1544,2024,9,13,47931.00,5799,409,EU,2026-08-12
1545,2022,3,5,74224.00,4059,966,MEA,2026-08-12
1546,2023,7,3,99990.00,2039,209,LATAM,2026-08-12
1547,2025,11,24,30749.00,2347,668,MEA,2026-08-12
1548,2023,9,24,50291.00,3345,177,LATAM,2026-08-12
1549,2024,10,5,71462.00,1672,202,LATAM,2026-08-12
1550,2021,5,19,75684.00,2503,903,NA,2026-08-12
1551,2021,10,14,81343.00,5098,564,APAC,2026-08-12
1552,2022,10,20,83428.00,5192,634,APAC,2026-08-12
1553,2023,5,1,3303.00,7996,688,MEA,2026-08-12
1554,2020,8,5,98254.00,7615,341,MEA,2026-08-12
1555,2025,2,8,81261.00,2117,688,NA,2026-08-12
1556,2023,11,21,88811.00,2680,840,EU,2026-08-12
1557,2025,8,20,6336.00,1362,102,LATAM,2026-08-12
1558,2020,9,25,14134.00,6712,96,APAC,2026-08-12
1559,2024,7,1,3603.00,9469,951,EU,2026-08-12
1560,2021,4,21,82867.00,8506,12,EU,2026-08-12
1561,2025,7,3,93300.00,3207,963,EU,2026-08-12
1562,2023,8,27,35314.00,8237,42,NA,2026-08-12
1563,2021,9,18,31415.00,9901,396,EU,2026-08-12
1564,2025,7,14,22682.00,5753,429,EU,2026-08-12
1565,2022,8,10,3406.00,2515,493,MEA,2026-08-12
1566,2022,4,3,5082.00,4739,905,LATAM,2026-08-12
1567,2021,9,3,66749.00,3244,647,EU,2026-08-12
1568,2024,9,28,19908.00,5059,497,EU,2026-08-12
1569,2024,12,23,93160.00,6804,417,EU,2026-08-12
1570,2022,10,26,40251.00,7405,826,MEA,2026-08-12
1571,2023,12,14,38770.00,5831,130,MEA,2026-08-12
1572,2024,9,28,36175.00,6515,259,APAC,2026-08-12
1573,2021,5,16,96315.00,1414,955,EU,2026-08-12
1574,2021,12,10,64175.00,5638,789,LATAM,2026-08-12
1575,2022,7,4,32828.00,2648,995,MEA,2026-08-12
1576,2023,3,8,72894.00,4886,448,EU,2026-08-12
1577,2020,11,4,80168.00,7433,682,MEA,2026-08-12
1578,2024,2,1,66989.00,8677,928,EU,2026-08-12
1579,2020,1,16,86509.00,5268,27,MEA,2026-08-12
1580,2021,6,9,17672.00,7195,206,APAC,2026-08-12
1581,2022,9,9,18228.00,4789,863,APAC,2026-08-12
1582,2023,5,6,26837.00,2361,721,MEA,2026-08-12
1583,2020,4,8,88651.00,4669,714,EU,2026-08-12
1584,2020,1,22,10400.00,7485,767,LATAM,2026-08-12
1585,2024,6,17,5208.00,8684,924,NA,2026-08-12
1586,2020,2,12,79141.00,7012,711,EU,2026-08-12
1587,2020,10,15,7140.00,9829,816,APAC,2026-08-12
1588,2021,10,25,30054.00,2217,138,MEA,2026-08-12
1589,2023,12,21,45069.00,9844,357,NA,2026-08-12
1590,2024,3,14,69545.00,9495,63,EU,2026-08-12
1591,2022,10,18,40902.00,8453,348,APAC,2026-08-12
1592,2020,12,18,57462.00,3993,464,EU,2026-08-12
1593,2021,11,27,70590.00,8401,226,APAC,2026-08-12
1594,2021,7,15,48814.00,8723,244,NA,2026-08-12
1595,2021,12,17,10788.00,4636,571,EU,2026-08-12
1596,2022,7,19,18433.00,9258,925,APAC,2026-08-12
1597,2022,4,23,50167.00,9529,954,LATAM,2026-08-12
1598,2022,2,8,5790.00,7029,473,LATAM,2026-08-12
1599,2025,10,2,64895.00,7650,106,MEA,2026-08-12
1600,2024,2,23,37944.00,3443,253,NA,2026-08-12
1601,2020,10,4,74837.00,7048,802,MEA,2026-08-12
1602,2021,12,21,80949.00,2670,467,LATAM,2026-08-12
1603,2025,8,20,77033.00,3214,958,APAC,2026-08-12
1604,2020,11,16,16206.00,2342,310,NA,2026-08-12
1605,2025,6,15,53436.00,3726,515,NA,2026-08-12
1606,2020,9,14,12875.00,1716,927,LATAM,2026-08-12
1607,2025,5,28,23443.00,3771,543,NA,2026-08-12
1608,2024,5,27,63563.00,4089,348,APAC,2026-08-12
1609,2023,7,23,5906.00,5742,516,APAC,2026-08-12
1610,2025,7,8,18467.00,2874,761,LATAM,2026-08-12
1611,2022,1,23,88259.00,1901,588,MEA,2026-08-12
1612,2024,9,27,23921.00,6068,314,LATAM,2026-08-12
1613,2025,6,23,27819.00,3876,936,EU,2026-08-12
1614,2020,3,1,1288.00,2179,469,APAC,2026-08-12
1615,2021,11,16,77054.00,8916,391,LATAM,2026-08-12
1616,2023,8,8,257.00,4033,962,MEA,2026-08-12
1617,2022,9,22,18570.00,5269,206,LATAM,2026-08-12
1618,2025,12,7,88136.00,5111,125,MEA,2026-08-12
1619,2023,10,1,98109.00,4472,375,LATAM,2026-08-12
1620,2024,12,3,45314.00,3972,211,APAC,2026-08-12
1621,2023,6,28,86479.00,5695,442,MEA,2026-08-12
1622,2022,8,3,9600.00,4710,562,EU,2026-08-12
1623,2022,3,4,1678.00,9883,639,EU,2026-08-12
1624,2022,3,16,50017.00,9090,937,LATAM,2026-08-12
1625,2023,11,12,29762.00,6129,313,NA,2026-08-12
1626,2024,1,14,40859.00,4178,80,MEA,2026-08-12
1627,2022,6,4,13042.00,9634,889,LATAM,2026-08-12
1628,2022,9,26,93391.00,5609,327,APAC,2026-08-12
1629,2020,9,11,51439.00,9707,380,APAC,2026-08-12
1630,2022,10,19,86853.00,7189,357,NA,2026-08-12
1631,2021,6,10,7171.00,4878,774,EU,2026-08-12
1632,2022,7,23,26983.00,2893,199,LATAM,2026-08-12
1633,2025,2,10,12557.00,3503,254,NA,2026-08-12
1634,2024,12,4,40831.00,4285,672,LATAM,2026-08-12
1635,2020,4,5,29375.00,2159,651,MEA,2026-08-12
1636,2025,12,14,32517.00,3895,93,NA,2026-08-12
1637,2023,12,22,80213.00,5059,803,MEA,2026-08-12
1638,2020,7,13,32100.00,8257,483,NA,2026-08-12
1639,2021,9,14,17257.00,7139,780,APAC,2026-08-12
1640,2021,11,21,87053.00,2974,496,NA,2026-08-12
1641,2022,11,9,22531.00,9334,451,NA,2026-08-12
1642,2024,9,4,26129.00,5781,989,APAC,2026-08-12
1643,2025,6,22,74898.00,3495,539,MEA,2026-08-12
1644,2022,5,7,1602.00,4039,883,LATAM,2026-08-12
1645,2023,12,25,52482.00,6435,560,MEA,2026-08-12
1646,2023,5,5,42164.00,3865,425,LATAM,2026-08-12
1647,2021,12,19,22633.00,9375,85,MEA,2026-08-12
1648,2025,4,13,69384.00,4825,783,MEA,2026-08-12
1649,2020,8,4,570.00,2803,194,LATAM,2026-08-12
1650,2022,4,11,87286.00,7131,972,MEA,2026-08-12
1651,2022,1,5,3822.00,6317,265,NA,2026-08-12
1652,2021,6,21,82561.00,3283,781,LATAM,2026-08-12
1653,2024,10,7,54521.00,6115,543,APAC,2026-08-12
1654,2022,8,23,35037.00,6993,125,LATAM,2026-08-12
1655,2021,4,7,33281.00,2540,997,APAC,2026-08-12
1656,2022,11,17,73691.00,6608,965,NA,2026-08-12
1657,2022,11,10,7808.00,9187,146,NA,2026-08-12
1658,2025,2,22,58420.00,6650,363,LATAM,2026-08-12
1659,2024,1,2,21401.00,9672,596,APAC,2026-08-12
1660,2024,11,13,17188.00,7101,684,MEA,2026-08-12
1661,2021,9,13,36985.00,7403,219,LATAM,2026-08-12
1662,2020,12,28,76334.00,6978,801,EU,2026-08-12
1663,2021,1,20,63983.00,9020,900,NA,2026-08-12
1664,2020,6,17,16177.00,9663,164,LATAM,2026-08-12
1665,2025,1,19,34955.00,4919,325,MEA,2026-08-12
1666,2024,11,22,33220.00,1752,231,LATAM,2026-08-12
1667,2022,5,11,68910.00,5954,361,EU,2026-08-12
1668,2022,4,9,62001.00,4899,480,APAC,2026-08-12
1669,2025,10,20,92962.00,3848,482,EU,2026-08-12
1670,2021,5,3,45841.00,4443,896,NA,2026-08-12
1671,2022,6,23,56727.00,7120,443,APAC,2026-08-12
1672,2023,12,8,71475.00,2587,386,NA,2026-08-12
1673,2020,9,17,35771.00,9061,341,EU,2026-08-12
1674,2020,5,16,10159.00,3911,355,NA,2026-08-12
1675,2022,4,7,2830.00,7909,420,NA,2026-08-12
1676,2021,11,8,28512.00,2852,279,APAC,2026-08-12
1677,2022,9,15,9182.00,5644,336,EU,2026-08-12
1678,2022,12,27,77716.00,4838,729,NA,2026-08-12
1679,2022,4,22,22608.00,5354,544,LATAM,2026-08-12
1680,2020,5,9,68163.00,9688,399,NA,2026-08-12
1681,2025,9,6,16809.00,9169,976,APAC,2026-08-12
1682,2023,8,28,31969.00,5401,831,LATAM,2026-08-12
1683,2023,1,9,99627.00,1018,222,APAC,2026-08-12
1684,2021,3,27,75133.00,9237,828,NA,2026-08-12
1685,2020,7,15,73189.00,4928,192,MEA,2026-08-12
1686,2021,5,17,58735.00,5268,856,LATAM,2026-08-12
1687,2022,4,13,40788.00,4767,624,NA,2026-08-12
1688,2022,10,19,36120.00,5104,6,EU,2026-08-12
1689,2022,3,4,77948.00,8300,910,EU,2026-08-12
1690,2025,11,14,92850.00,8969,145,EU,2026-08-12
1691,2025,5,14,79486.00,6461,562,NA,2026-08-12
1692,2022,7,7,82519.00,1649,284,NA,2026-08-12
1693,2020,7,13,65040.00,9333,62,NA,2026-08-12
1694,2025,6,16,7582.00,5284,163,MEA,2026-08-12
1695,2024,6,21,36358.00,8844,511,EU,2026-08-12
1696,2024,1,18,11203.00,4071,847,EU,2026-08-12
1697,2020,4,13,48471.00,7594,816,EU,2026-08-12
1698,2025,3,16,41499.00,1437,795,LATAM,2026-08-12
1699,2024,11,14,92861.00,5308,544,MEA,2026-08-12
1700,2024,12,24,87791.00,9832,263,NA,2026-08-12
1701,2022,12,4,81847.00,2476,780,LATAM,2026-08-12
1702,2021,10,2,10671.00,4814,209,EU,2026-08-12
1703,2020,10,6,22419.00,1968,178,LATAM,2026-08-12
1704,2025,2,8,32304.00,9255,846,MEA,2026-08-12
1705,2025,5,6,76741.00,6064,943,APAC,2026-08-12
1706,2025,11,26,6807.00,8275,470,APAC,2026-08-12
1707,2022,3,20,46101.00,7143,599,APAC,2026-08-12
1708,2020,2,11,36268.00,7478,858,APAC,2026-08-12
1709,2020,5,28,34964.00,6191,791,APAC,2026-08-12
1710,2024,3,20,71103.00,9596,708,LATAM,2026-08-12
1711,2021,9,21,85954.00,8712,18,MEA,2026-08-12
1712,2023,6,9,99447.00,2567,827,MEA,2026-08-12
1713,2022,8,25,68877.00,4402,903,LATAM,2026-08-12
1714,2020,5,1,96149.00,9148,268,LATAM,2026-08-12
1715,2021,12,28,59757.00,8737,224,MEA,2026-08-12
1716,2021,10,1,57950.00,8291,586,EU,2026-08-12
1717,2022,11,20,17170.00,9698,125,MEA,2026-08-12
1718,2024,1,18,16073.00,8747,279,EU,2026-08-12
1719,2025,11,21,82864.00,7019,452,NA,2026-08-12
1720,2024,3,4,46779.00,8044,535,APAC,2026-08-12
1721,2021,5,17,91944.00,2199,283,EU,2026-08-12
1722,2023,11,1,25223.00,1167,497,MEA,2026-08-12
1723,2024,7,28,58533.00,3285,285,NA,2026-08-12
1724,2024,12,8,954.00,6645,398,EU,2026-08-12
1725,2023,8,25,1085.00,5444,281,EU,2026-08-12
1726,2022,7,16,47797.00,1741,345,LATAM,2026-08-12
1727,2024,6,21,1865.00,6288,689,MEA,2026-08-12
1728,2024,8,22,58034.00,2914,82,NA,2026-08-12
1729,2020,1,15,38701.00,7335,20,APAC,2026-08-12
1730,2022,4,19,90812.00,8374,854,APAC,2026-08-12
1731,2025,3,27,40998.00,1786,543,APAC,2026-08-12
1732,2023,4,19,64592.00,3234,986,APAC,2026-08-12
1733,2020,2,28,25724.00,7231,174,MEA,2026-08-12
1734,2025,6,23,45180.00,1229,881,APAC,2026-08-12
1735,2022,12,10,30350.00,5532,912,MEA,2026-08-12
1736,2022,8,19,49304.00,3778,932,MEA,2026-08-12
1737,2020,7,3,14377.00,9983,434,APAC,2026-08-12
1738,2025,1,7,44452.00,2797,565,MEA,2026-08-12
1739,2024,12,1,95311.00,7985,250,APAC,2026-08-12
1740,2021,10,5,22449.00,9616,623,NA,2026-08-12
1741,2024,9,24,16981.00,7375,482,EU,2026-08-12
1742,2021,1,1,8857.00,3411,718,NA,2026-08-12
1743,2021,1,14,40700.00,3651,57,MEA,2026-08-12
1744,2024,4,28,17156.00,3748,974,EU,2026-08-12
1745,2022,8,4,81176.00,5436,432,EU,2026-08-12
1746,2024,9,24,99885.00,9405,548,EU,2026-08-12
1747,2021,8,23,83136.00,2205,282,NA,2026-08-12
1748,2021,1,4,1413.00,3346,993,LATAM,2026-08-12
1749,2023,6,2,72687.00,2884,328,MEA,2026-08-12
1750,2021,12,13,26808.00,7299,364,LATAM,2026-08-12
1751,2022,7,5,71144.00,9938,352,EU,2026-08-12
1752,2023,3,26,35479.00,8425,377,NA,2026-08-12
1753,2020,6,14,46169.00,1585,954,MEA,2026-08-12
1754,2020,10,6,38867.00,4628,542,NA,2026-08-12
1755,2023,12,23,6656.00,3640,693,MEA,2026-08-12
1756,2024,9,22,37062.00,5425,167,LATAM,2026-08-12
1757,2021,11,15,33404.00,8423,455,EU,2026-08-12
1758,2023,10,3,57198.00,9566,621,MEA,2026-08-12
1759,2023,3,15,75724.00,4639,314,APAC,2026-08-12
1760,2025,3,1,44114.00,8222,454,LATAM,2026-08-12
1761,2024,1,2,50584.00,8549,747,LATAM,2026-08-12
1762,2025,7,3,90949.00,8159,663,LATAM,2026-08-12
1763,2022,1,6,24554.00,1543,406,EU,2026-08-12
1764,2025,5,28,13983.00,5264,748,MEA,2026-08-12
1765,2024,10,26,77557.00,3047,720,NA,2026-08-12
1766,2023,7,19,69256.00,5615,512,NA,2026-08-12
1767,2024,2,7,22688.00,6665,888,MEA,2026-08-12
1768,2021,7,18,76186.00,5192,512,APAC,2026-08-12
1769,2023,8,14,73194.00,8490,279,MEA,2026-08-12
1770,2025,6,6,80365.00,1487,220,EU,2026-08-12
1771,2023,12,26,66903.00,6489,439,EU,2026-08-12
1772,2021,9,4,69721.00,1429,71,NA,2026-08-12
1773,2022,4,20,4283.00,7383,287,NA,2026-08-12
1774,2023,2,3,55191.00,9750,788,MEA,2026-08-12
1775,2022,2,12,5965.00,8503,774,MEA,2026-08-12
1776,2025,3,2,60476.00,6155,489,NA,2026-08-12
1777,2023,7,1,55761.00,5934,94,APAC,2026-08-12
1778,2024,9,8,7250.00,8595,69,MEA,2026-08-12
1779,2025,12,3,53703.00,1554,970,APAC,2026-08-12
1780,2025,10,27,78646.00,4340,174,APAC,2026-08-12
1781,2023,1,17,44277.00,3933,88,APAC,2026-08-12
1782,2024,8,11,12901.00,7822,97,LATAM,2026-08-12
1783,2025,10,11,10084.00,7102,983,MEA,2026-08-12
1784,2022,12,4,87062.00,2488,691,MEA,2026-08-12
1785,2020,7,10,12517.00,6496,702,NA,2026-08-12
1786,2024,11,21,58249.00,5486,278,LATAM,2026-08-12
1787,2021,10,15,63749.00,1453,24,LATAM,2026-08-12
1788,2023,3,9,9528.00,8905,394,LATAM,2026-08-12
1789,2022,10,26,98253.00,7996,241,LATAM,2026-08-12
1790,2021,4,12,79612.00,4917,983,APAC,2026-08-12
1791,2023,8,7,92809.00,9928,328,NA,2026-08-12
1792,2020,7,28,54453.00,6136,515,MEA,2026-08-12
1793,2020,7,27,47137.00,5158,90,APAC,2026-08-12
1794,2021,6,19,2909.00,3971,583,LATAM,2026-08-12
1795,2023,4,5,58035.00,3062,877,LATAM,2026-08-12
1796,2021,4,28,85910.00,1453,147,MEA,2026-08-12
1797,2020,1,14,53974.00,9426,45,APAC,2026-08-12
1798,2020,7,18,25963.00,8809,723,EU,2026-08-12
1799,2022,2,3,48011.00,3709,826,MEA,2026-08-12
1800,2023,7,1,96163.00,8037,170,EU,2026-08-12
1801,2022,2,2,11176.00,7754,992,MEA,2026-08-12
1802,2021,8,17,92248.00,7993,673,EU,2026-08-12
1803,2023,11,7,59571.00,6166,868,LATAM,2026-08-12
1804,2025,10,4,27995.00,1512,439,EU,2026-08-12
1805,2020,6,13,49596.00,8094,517,APAC,2026-08-12
1806,2020,4,7,9901.00,6458,945,LATAM,2026-08-12
1807,2020,5,24,23282.00,5405,44,LATAM,2026-08-12
1808,2025,4,23,82850.00,6008,971,LATAM,2026-08-12
1809,2024,10,25,34829.00,4619,148,NA,2026-08-12
1810,2022,8,20,15403.00,8586,823,NA,2026-08-12
1811,2022,6,15,12796.00,6018,246,NA,2026-08-12
1812,2020,12,27,29546.00,5970,533,EU,2026-08-12
1813,2022,2,9,43366.00,3740,618,LATAM,2026-08-12
1814,2024,6,23,94138.00,2155,681,APAC,2026-08-12
1815,2022,8,27,83559.00,3549,593,MEA,2026-08-12
1816,2022,9,16,85417.00,3634,954,NA,2026-08-12
1817,2020,5,28,15550.00,7610,352,NA,2026-08-12
1818,2021,10,25,32154.00,2413,555,NA,2026-08-12
1819,2024,2,22,85976.00,9824,334,APAC,2026-08-12
1820,2025,3,18,43480.00,2593,601,EU,2026-08-12
1821,2024,9,28,36433.00,3751,484,LATAM,2026-08-12
1822,2023,11,25,52532.00,2788,428,NA,2026-08-12
1823,2022,12,5,80642.00,6339,848,APAC,2026-08-12
1824,2022,9,13,38380.00,3414,443,NA,2026-08-12
1825,2023,2,4,27689.00,5644,792,NA,2026-08-12
1826,2023,6,26,13392.00,1658,439,LATAM,2026-08-12
1827,2025,9,18,27476.00,9012,895,LATAM,2026-08-12
1828,2020,7,24,10482.00,2644,994,EU,2026-08-12
1829,2020,4,9,88589.00,8702,59,APAC,2026-08-12
1830,2020,11,11,16191.00,3818,345,LATAM,2026-08-12
1831,2024,11,20,21672.00,5034,471,LATAM,2026-08-12
1832,2020,12,15,41712.00,7291,216,APAC,2026-08-12
1833,2021,3,5,24963.00,9064,850,EU,2026-08-12
1834,2023,11,6,99570.00,8397,847,NA,2026-08-12
1835,2023,4,14,25458.00,8768,558,EU,2026-08-12
1836,2020,9,28,71229.00,3305,320,APAC,2026-08-12
1837,2024,7,19,7669.00,3190,551,APAC,2026-08-12
1838,2021,1,18,46661.00,4331,603,APAC,2026-08-12
1839,2023,7,26,22442.00,1700,182,LATAM,2026-08-12
1840,2020,8,13,36943.00,4087,612,LATAM,2026-08-12
1841,2022,8,6,64245.00,7860,112,LATAM,2026-08-12
1842,2021,9,22,82676.00,1743,301,MEA,2026-08-12
1843,2023,6,6,99797.00,7422,472,EU,2026-08-12
1844,2023,7,2,74371.00,7650,442,APAC,2026-08-12
1845,2021,6,19,19881.00,2256,998,NA,2026-08-12
1846,2024,4,8,63295.00,6130,618,APAC,2026-08-12
1847,2025,8,19,63445.00,1189,569,EU,2026-08-12
1848,2022,7,7,20668.00,3647,287,MEA,2026-08-12
1849,2024,10,13,46790.00,6784,991,EU,2026-08-12
1850,2025,12,2,92770.00,9469,948,NA,2026-08-12
1851,2024,4,1,70605.00,4158,51,MEA,2026-08-12
1852,2024,4,19,50671.00,5675,128,MEA,2026-08-12
1853,2022,10,7,24956.00,7126,681,MEA,2026-08-12
1854,2023,7,9,40924.00,3120,448,EU,2026-08-12
1855,2024,1,14,69415.00,7991,946,NA,2026-08-12
1856,2021,9,18,46850.00,8055,271,MEA,2026-08-12
1857,2025,12,20,78505.00,7714,233,EU,2026-08-12
1858,2024,12,17,33298.00,9037,657,EU,2026-08-12
1859,2023,2,11,41425.00,7621,548,EU,2026-08-12
1860,2023,2,22,21424.00,3817,895,APAC,2026-08-12
1861,2023,11,9,40643.00,1987,55,APAC,2026-08-12
1862,2025,11,27,58621.00,2337,726,LATAM,2026-08-12
1863,2024,10,24,80125.00,4698,365,EU,2026-08-12
1864,2024,9,10,67536.00,1790,191,NA,2026-08-12
1865,2022,8,21,89736.00,3083,900,APAC,2026-08-12
1866,2025,5,5,35980.00,6657,511,NA,2026-08-12
1867,2020,12,10,36436.00,5750,495,EU,2026-08-12
1868,2024,10,18,62029.00,2229,335,EU,2026-08-12
1869,2023,4,5,26052.00,2554,881,NA,2026-08-12
1870,2025,9,15,18721.00,7600,249,NA,2026-08-12
1871,2025,7,21,5399.00,4818,494,NA,2026-08-12
1872,2023,5,16,80308.00,3576,793,APAC,2026-08-12
1873,2022,7,20,53052.00,7276,743,NA,2026-08-12
1874,2023,11,1,63013.00,6570,328,MEA,2026-08-12
1875,2022,3,6,66709.00,3886,524,MEA,2026-08-12
1876,2024,3,20,31534.00,4797,174,EU,2026-08-12
1877,2020,8,12,62398.00,1293,247,EU,2026-08-12
1878,2021,3,13,26235.00,8210,356,MEA,2026-08-12
1879,2025,6,18,22808.00,2034,384,APAC,2026-08-12
1880,2023,2,23,3213.00,7235,725,APAC,2026-08-12
1881,2023,12,5,93434.00,6699,697,APAC,2026-08-12
1882,2020,3,7,14538.00,3134,894,NA,2026-08-12
1883,2020,4,26,72024.00,4621,254,APAC,2026-08-12
1884,2024,9,3,64888.00,9252,377,LATAM,2026-08-12
1885,2020,7,10,5497.00,5784,362,EU,2026-08-12
1886,2021,11,8,5975.00,6323,128,APAC,2026-08-12
1887,2024,9,23,99626.00,5446,995,NA,2026-08-12
1888,2022,8,5,13025.00,4763,689,EU,2026-08-12
1889,2023,10,27,58138.00,1687,536,EU,2026-08-12
1890,2021,11,27,31602.00,6272,27,EU,2026-08-12
1891,2024,6,19,13784.00,9356,131,APAC,2026-08-12
1892,2023,1,1,70152.00,6426,680,LATAM,2026-08-12
1893,2021,4,27,29535.00,3843,985,MEA,2026-08-12
1894,2020,11,20,32129.00,4143,928,LATAM,2026-08-12
1895,2023,2,14,43426.00,1637,697,EU,2026-08-12
1896,2021,10,15,78999.00,4486,579,MEA,2026-08-12
1897,2023,5,8,41699.00,6318,582,APAC,2026-08-12
1898,2025,10,13,66141.00,1961,866,MEA,2026-08-12
1899,2024,3,2,11205.00,7105,263,MEA,2026-08-12
1900,2025,7,18,59083.00,1656,510,MEA,2026-08-12
1901,2024,10,20,79484.00,1633,146,LATAM,2026-08-12
1902,2025,3,15,53847.00,5319,810,NA,2026-08-12
1903,2023,1,15,71428.00,6754,663,APAC,2026-08-12
1904,2024,10,9,79228.00,4339,647,APAC,2026-08-12
1905,2024,8,5,83905.00,2050,771,NA,2026-08-12
1906,2024,5,11,80957.00,7409,460,MEA,2026-08-12
1907,2024,10,23,81733.00,5889,278,MEA,2026-08-12
1908,2020,6,10,46513.00,3771,145,MEA,2026-08-12
1909,2022,7,26,76494.00,6705,202,NA,2026-08-12
1910,2020,11,5,80359.00,2214,110,EU,2026-08-12
1911,2021,5,17,33183.00,2034,823,APAC,2026-08-12
1912,2025,8,14,73163.00,4791,442,LATAM,2026-08-12
1913,2022,10,6,85003.00,8580,835,LATAM,2026-08-12
1914,2023,10,11,43058.00,7629,7,APAC,2026-08-12
1915,2020,1,12,36602.00,7283,434,LATAM,2026-08-12
1916,2022,7,24,16891.00,3180,348,LATAM,2026-08-12
1917,2022,9,26,93731.00,8647,598,NA,2026-08-12
1918,2022,8,27,90910.00,6120,65,APAC,2026-08-12
1919,2025,6,22,3508.00,2973,574,NA,2026-08-12
1920,2021,4,21,50278.00,6879,187,APAC,2026-08-12
1921,2023,7,5,74113.00,9812,971,EU,2026-08-12
1922,2022,1,7,8409.00,5995,154,LATAM,2026-08-12
1923,2025,12,15,18738.00,6835,582,NA,2026-08-12
1924,2022,6,9,54917.00,1182,962,MEA,2026-08-12
1925,2022,8,26,69304.00,7995,863,APAC,2026-08-12
1926,2020,11,17,50816.00,5848,20,EU,2026-08-12
1927,2022,8,18,77514.00,1277,167,NA,2026-08-12
1928,2020,4,8,58972.00,7571,629,LATAM,2026-08-12
1929,2023,11,11,45056.00,4718,746,APAC,2026-08-12
1930,2025,12,1,92808.00,7352,958,NA,2026-08-12
1931,2024,3,13,34408.00,3820,739,EU,2026-08-12
1932,2025,7,18,50458.00,6030,146,APAC,2026-08-12
1933,2025,1,8,18688.00,9798,951,NA,2026-08-12
1934,2022,3,21,60681.00,9173,653,EU,2026-08-12
1935,2022,2,6,51098.00,3204,552,MEA,2026-08-12
1936,2024,11,20,58154.00,5066,530,EU,2026-08-12
1937,2022,6,11,700.00,7820,504,MEA,2026-08-12
1938,2025,11,8,91332.00,5959,42,EU,2026-08-12
1939,2020,10,17,63205.00,9223,180,MEA,2026-08-12
1940,2020,8,24,38003.00,5194,445,LATAM,2026-08-12
1941,2020,6,28,84125.00,3527,388,APAC,2026-08-12
1942,2025,11,27,27014.00,4011,119,MEA,2026-08-12
1943,2022,10,2,64599.00,4800,827,NA,2026-08-12
1944,2021,6,2,47372.00,1937,899,NA,2026-08-12
1945,2023,5,5,18313.00,9397,457,APAC,2026-08-12
1946,2020,9,26,10771.00,6094,276,MEA,2026-08-12
1947,2020,2,5,53053.00,4459,192,LATAM,2026-08-12
1948,2025,6,2,3235.00,5436,88,MEA,2026-08-12
1949,2021,12,25,42371.00,2660,239,EU,2026-08-12
1950,2024,2,18,29169.00,8578,983,NA,2026-08-12
1951,2023,6,20,15484.00,6504,708,NA,2026-08-12
1952,2021,3,15,50293.00,4442,264,NA,2026-08-12
1953,2021,7,13,20033.00,7688,631,LATAM,2026-08-12
1954,2024,8,15,39982.00,7778,28,NA,2026-08-12
1955,2020,8,24,25310.00,7038,860,APAC,2026-08-12
1956,2023,1,18,98029.00,5358,682,LATAM,2026-08-12
1957,2020,12,8,20181.00,6756,817,LATAM,2026-08-12
1958,2025,7,19,39487.00,6736,677,EU,2026-08-12
1959,2023,6,4,50487.00,2830,187,NA,2026-08-12
1960,2023,6,25,48966.00,3519,44,APAC,2026-08-12
1961,2021,11,16,12118.00,3252,376,LATAM,2026-08-12
1962,2022,7,19,17373.00,4196,268,LATAM,2026-08-12
1963,2022,8,21,1503.00,2752,238,MEA,2026-08-12
1964,2020,8,13,11530.00,2020,364,NA,2026-08-12
1965,2020,11,16,68948.00,7779,254,EU,2026-08-12
1966,2024,1,9,17284.00,7320,406,NA,2026-08-12
1967,2025,2,22,53453.00,8648,932,LATAM,2026-08-12
1968,2023,6,10,69006.00,5129,338,LATAM,2026-08-12
1969,2023,8,20,59978.00,8336,319,EU,2026-08-12
1970,2022,10,14,17019.00,7064,178,LATAM,2026-08-12
1971,2023,7,7,81653.00,4083,620,APAC,2026-08-12
1972,2020,6,11,42525.00,8730,515,EU,2026-08-12
1973,2022,2,26,59060.00,2101,922,APAC,2026-08-12
1974,2024,5,10,30973.00,3735,760,EU,2026-08-12
1975,2024,5,3,56690.00,8897,22,LATAM,2026-08-12
1976,2022,6,15,51955.00,2265,18,NA,2026-08-12
1977,2025,4,4,81171.00,5538,5,EU,2026-08-12
1978,2021,10,4,94005.00,1966,466,NA,2026-08-12
1979,2022,11,16,8214.00,2168,785,EU,2026-08-12
1980,2020,1,3,26447.00,8691,118,APAC,2026-08-12
1981,2022,8,26,6280.00,6068,833,MEA,2026-08-12
1982,2021,8,9,25424.00,5222,375,EU,2026-08-12
1983,2023,5,15,1397.00,7363,936,LATAM,2026-08-12
1984,2025,3,16,52753.00,7567,986,APAC,2026-08-12
1985,2025,8,26,92406.00,2581,656,APAC,2026-08-12
1986,2023,5,22,41266.00,5838,295,EU,2026-08-12
1987,2025,10,1,68005.00,2784,905,MEA,2026-08-12
1988,2023,9,24,80438.00,2082,958,APAC,2026-08-12
1989,2021,5,16,54033.00,4194,503,MEA,2026-08-12
1990,2024,6,6,90030.00,5114,850,MEA,2026-08-12
1991,2022,2,19,27587.00,5610,404,APAC,2026-08-12
1992,2023,4,12,99481.00,9088,485,APAC,2026-08-12
1993,2021,1,8,11673.00,3109,625,NA,2026-08-12
1994,2022,1,7,96291.00,6003,450,APAC,2026-08-12
1995,2023,10,10,61451.00,8235,600,NA,2026-08-12
1996,2020,11,23,93436.00,5347,287,EU,2026-08-12
1997,2025,9,23,34043.00,4972,209,EU,2026-08-12
1998,2023,4,10,73216.00,2526,763,APAC,2026-08-12
1999,2025,5,2,40613.00,8059,43,EU,2026-08-12
2000,2025,4,13,2241.00,8991,33,EU,2026-08-12
2001,2024,12,9,18654.00,3037,445,APAC,2026-08-12
2002,2023,4,7,46846.00,2035,572,LATAM,2026-08-12
2003,2022,4,13,30528.00,3220,380,APAC,2026-08-12
2004,2021,6,19,21593.00,6658,680,EU,2026-08-12
2005,2021,6,7,9260.00,3157,451,LATAM,2026-08-12
2006,2022,8,16,44801.00,3446,861,EU,2026-08-12
2007,2020,5,12,27177.00,2820,918,MEA,2026-08-12
2008,2024,10,22,25811.00,4900,516,MEA,2026-08-12
2009,2023,2,7,26920.00,9373,744,APAC,2026-08-12
2010,2021,9,8,52105.00,8921,37,LATAM,2026-08-12
2011,2021,8,21,6045.00,6068,892,EU,2026-08-12
2012,2023,8,10,84440.00,6178,615,MEA,2026-08-12
2013,2020,8,14,88396.00,6287,999,APAC,2026-08-12
2014,2023,4,1,53423.00,3148,951,APAC,2026-08-12
2015,2024,7,13,63690.00,1265,299,EU,2026-08-12
2016,2020,7,28,40953.00,3829,462,MEA,2026-08-12
2017,2022,11,22,64384.00,5114,991,EU,2026-08-12
2018,2024,3,5,44231.00,8214,352,MEA,2026-08-12
2019,2021,5,3,56695.00,9457,988,NA,2026-08-12
2020,2021,12,10,23148.00,3443,373,MEA,2026-08-12
2021,2021,10,24,48998.00,6519,393,APAC,2026-08-12
2022,2024,2,10,51724.00,5559,48,MEA,2026-08-12
2023,2020,8,13,19179.00,7325,311,MEA,2026-08-12
2024,2024,2,24,41438.00,7316,22,EU,2026-08-12
2025,2022,7,14,43814.00,7427,872,MEA,2026-08-12
2026,2024,2,7,52083.00,1522,981,NA,2026-08-12
2027,2020,6,24,29183.00,7519,245,LATAM,2026-08-12
2028,2023,12,4,5039.00,4059,994,EU,2026-08-12
2029,2022,8,9,80312.00,9362,501,EU,2026-08-12
2030,2020,7,1,95166.00,7676,155,MEA,2026-08-12
2031,2025,2,14,77829.00,9513,963,LATAM,2026-08-12
2032,2021,9,27,98300.00,1052,354,EU,2026-08-12
2033,2022,5,3,37955.00,3307,339,NA,2026-08-12
2034,2021,8,9,13890.00,9346,608,APAC,2026-08-12
2035,2021,6,12,67875.00,9456,214,NA,2026-08-12
2036,2020,10,12,51171.00,5162,584,NA,2026-08-12
2037,2021,6,23,72352.00,6200,51,LATAM,2026-08-12
2038,2022,10,19,95174.00,9696,234,MEA,2026-08-12
2039,2024,11,12,43838.00,7284,825,APAC,2026-08-12
2040,2024,7,27,49001.00,8483,953,MEA,2026-08-12
2041,2021,10,20,46459.00,3980,520,MEA,2026-08-12
2042,2021,3,27,74116.00,5376,794,NA,2026-08-12
2043,2025,10,5,35785.00,6008,934,APAC,2026-08-12
2044,2024,9,21,62620.00,9942,588,EU,2026-08-12
2045,2021,6,6,97978.00,4782,707,MEA,2026-08-12
2046,2025,9,18,43584.00,5719,911,APAC,2026-08-12
2047,2023,1,11,67194.00,7634,566,APAC,2026-08-12
2048,2020,12,7,94572.00,4996,310,EU,2026-08-12
2049,2020,8,17,98554.00,7871,365,EU,2026-08-12
2050,2025,1,19,76559.00,5061,458,NA,2026-08-12
2051,2022,5,25,31560.00,2613,336,MEA,2026-08-12
2052,2024,9,17,12695.00,6340,692,LATAM,2026-08-12
2053,2022,1,4,46017.00,4321,230,APAC,2026-08-12
2054,2024,8,3,55324.00,3687,236,MEA,2026-08-12
2055,2020,9,17,75145.00,6718,757,MEA,2026-08-12
2056,2024,5,14,59395.00,7464,156,EU,2026-08-12
2057,2020,11,27,61827.00,3545,906,APAC,2026-08-12
2058,2022,6,1,76486.00,9315,169,EU,2026-08-12
2059,2022,3,3,87758.00,9269,134,APAC,2026-08-12
2060,2021,9,25,96886.00,6088,875,EU,2026-08-12
2061,2022,2,11,61375.00,7972,720,MEA,2026-08-12
2062,2023,2,12,77859.00,2051,161,MEA,2026-08-12
2063,2023,4,6,66725.00,9433,223,APAC,2026-08-12
2064,2022,3,7,75862.00,3959,727,LATAM,2026-08-12
2065,2024,8,8,39735.00,5502,187,APAC,2026-08-12
2066,2024,2,4,29915.00,4805,904,APAC,2026-08-12
2067,2023,4,5,19392.00,5647,575,MEA,2026-08-12
2068,2024,9,15,7962.00,2351,809,LATAM,2026-08-12
2069,2021,9,1,60360.00,9588,529,EU,2026-08-12
2070,2023,5,16,44504.00,5772,103,EU,2026-08-12
2071,2022,1,13,12214.00,2390,474,LATAM,2026-08-12
2072,2025,3,22,94403.00,9127,536,EU,2026-08-12
2073,2020,4,17,8328.00,9697,225,EU,2026-08-12
2074,2021,11,17,99911.00,2846,158,MEA,2026-08-12
2075,2020,1,25,27482.00,2411,155,NA,2026-08-12
2076,2022,8,5,81954.00,2463,334,NA,2026-08-12
2077,2024,12,24,8338.00,6384,741,LATAM,2026-08-12
2078,2025,8,17,69898.00,8596,290,NA,2026-08-12
2079,2023,11,28,84843.00,4991,451,LATAM,2026-08-12
2080,2022,3,6,87847.00,1430,323,APAC,2026-08-12
2081,2021,8,5,16297.00,6750,550,EU,2026-08-12
2082,2022,6,5,88010.00,2574,623,EU,2026-08-12
2083,2021,8,24,16373.00,6107,59,MEA,2026-08-12
2084,2021,2,25,34324.00,9022,976,LATAM,2026-08-12
2085,2021,2,11,49190.00,7498,938,APAC,2026-08-12
2086,2024,2,10,33685.00,1064,903,MEA,2026-08-12
2087,2023,8,1,20977.00,2446,725,LATAM,2026-08-12
2088,2025,7,26,56270.00,3048,939,EU,2026-08-12
2089,2024,6,21,69226.00,6294,903,APAC,2026-08-12
2090,2023,12,4,36192.00,9002,413,LATAM,2026-08-12
2091,2025,4,23,59289.00,8428,334,APAC,2026-08-12
2092,2020,6,25,7503.00,8935,471,EU,2026-08-12
2093,2020,1,13,27962.00,3967,136,APAC,2026-08-12
2094,2020,6,22,38466.00,8566,220,LATAM,2026-08-12
2095,2022,1,21,18512.00,2841,938,LATAM,2026-08-12
2096,2020,2,21,96973.00,2959,25,APAC,2026-08-12
2097,2023,1,20,69156.00,9421,213,EU,2026-08-12
2098,2020,9,23,48204.00,6029,361,LATAM,2026-08-12
2099,2020,11,17,57525.00,3208,769,EU,2026-08-12
2100,2020,2,19,12264.00,3853,45,MEA,2026-08-12
2101,2025,7,7,95505.00,9725,334,NA,2026-08-12
2102,2025,1,20,2062.00,3879,787,APAC,2026-08-12
2103,2023,11,6,98797.00,5307,319,APAC,2026-08-12
2104,2022,1,28,23085.00,8587,156,LATAM,2026-08-12
2105,2020,7,11,80505.00,7805,729,APAC,2026-08-12
2106,2023,4,15,52092.00,4059,787,EU,2026-08-12
2107,2025,2,25,77886.00,1850,125,APAC,2026-08-12
2108,2020,12,3,53565.00,2345,515,EU,2026-08-12
2109,2023,3,22,61005.00,3976,631,APAC,2026-08-12
2110,2023,11,9,42341.00,4597,461,MEA,2026-08-12
2111,2023,12,16,63689.00,4079,946,MEA,2026-08-12
2112,2024,9,10,96707.00,1267,982,APAC,2026-08-12
2113,2022,6,28,23349.00,1600,155,LATAM,2026-08-12
2114,2022,12,27,42143.00,2332,192,MEA,2026-08-12
2115,2021,5,21,76808.00,1102,377,NA,2026-08-12
2116,2023,8,28,74846.00,8706,794,APAC,2026-08-12
2117,2020,4,25,16933.00,2639,240,LATAM,2026-08-12
2118,2023,3,20,14613.00,3282,589,APAC,2026-08-12
2119,2020,9,4,43517.00,6598,717,LATAM,2026-08-12
2120,2023,11,21,7192.00,1760,686,LATAM,2026-08-12
2121,2020,6,4,47494.00,1103,299,MEA,2026-08-12
2122,2021,6,24,16149.00,6861,733,MEA,2026-08-12
2123,2022,1,5,69168.00,7020,396,APAC,2026-08-12
2124,2024,10,28,72145.00,9285,576,MEA,2026-08-12
2125,2021,7,27,42952.00,4027,571,EU,2026-08-12
2126,2023,2,18,85548.00,9959,165,MEA,2026-08-12
2127,2024,8,18,57391.00,6058,963,APAC,2026-08-12
2128,2022,1,5,59528.00,8167,211,NA,2026-08-12
2129,2020,5,5,68500.00,2447,525,LATAM,2026-08-12
2130,2023,4,16,19903.00,6215,799,MEA,2026-08-12
2131,2022,10,8,23919.00,7382,864,EU,2026-08-12
2132,2021,4,3,49734.00,1071,376,EU,2026-08-12
2133,2022,7,9,55816.00,5697,423,LATAM,2026-08-12
2134,2021,11,2,53317.00,8169,603,NA,2026-08-12
2135,2021,10,16,88204.00,8168,50,LATAM,2026-08-12
2136,2024,9,15,46294.00,2488,904,LATAM,2026-08-12
2137,2025,1,15,22738.00,5009,469,MEA,2026-08-12
2138,2020,3,20,30325.00,5268,8,APAC,2026-08-12
2139,2020,10,5,43840.00,9013,438,NA,2026-08-12
2140,2021,3,24,69404.00,7668,451,LATAM,2026-08-12
2141,2025,8,9,19917.00,1296,184,APAC,2026-08-12
2142,2025,9,6,49051.00,8840,685,EU,2026-08-12
2143,2022,8,8,77037.00,6951,131,LATAM,2026-08-12
2144,2020,4,19,86811.00,1830,171,APAC,2026-08-12
2145,2022,2,1,9101.00,9945,712,APAC,2026-08-12
2146,2021,2,7,87150.00,5709,57,APAC,2026-08-12
2147,2025,11,2,45370.00,5726,480,APAC,2026-08-12
2148,2020,8,28,62112.00,8209,645,EU,2026-08-12
2149,2022,12,13,35746.00,5530,853,LATAM,2026-08-12
2150,2021,12,24,53830.00,1472,8,EU,2026-08-12
2151,2021,1,23,71005.00,1160,706,LATAM,2026-08-12
2152,2022,7,19,71510.00,7970,14,EU,2026-08-12
2153,2021,3,5,64972.00,7788,589,MEA,2026-08-12
2154,2024,7,19,52201.00,7129,720,NA,2026-08-12
2155,2022,12,8,47524.00,4551,143,NA,2026-08-12
2156,2022,8,23,54262.00,4034,195,APAC,2026-08-12
2157,2022,7,16,35819.00,1915,311,APAC,2026-08-12
2158,2023,6,22,63928.00,7212,621,EU,2026-08-12
2159,2021,12,16,60849.00,7481,988,EU,2026-08-12
2160,2024,1,7,34261.00,7075,884,NA,2026-08-12
2161,2024,11,15,25587.00,1713,573,APAC,2026-08-12
2162,2024,12,12,86851.00,2116,441,NA,2026-08-12
2163,2023,6,4,39849.00,9150,95,APAC,2026-08-12
2164,2022,2,7,55942.00,3388,370,EU,2026-08-12
2165,2020,3,10,45386.00,4919,496,APAC,2026-08-12
2166,2021,6,26,49897.00,6527,258,NA,2026-08-12
2167,2025,8,20,98511.00,9085,323,EU,2026-08-12
2168,2022,9,9,82135.00,7284,550,MEA,2026-08-12
2169,2024,12,17,33098.00,8461,893,APAC,2026-08-12
2170,2024,4,19,82982.00,5415,301,LATAM,2026-08-12
2171,2025,1,28,24983.00,9733,879,APAC,2026-08-12
2172,2021,7,5,85529.00,3576,652,LATAM,2026-08-12
2173,2021,1,5,31831.00,8231,198,APAC,2026-08-12
2174,2023,2,23,41835.00,2248,301,APAC,2026-08-12
2175,2025,2,7,27556.00,8758,839,EU,2026-08-12
2176,2021,4,13,76275.00,1037,618,APAC,2026-08-12
2177,2021,7,7,93893.00,6558,62,APAC,2026-08-12
2178,2021,6,2,69890.00,2223,420,EU,2026-08-12
2179,2024,3,24,72291.00,5774,338,LATAM,2026-08-12
2180,2021,6,16,13314.00,4273,972,NA,2026-08-12
2181,2022,7,10,69662.00,3747,194,LATAM,2026-08-12
2182,2023,5,10,36936.00,7521,430,LATAM,2026-08-12
2183,2025,3,13,62175.00,8023,608,LATAM,2026-08-12
2184,2020,5,18,19520.00,3199,24,NA,2026-08-12
2185,2024,5,8,77874.00,2542,680,EU,2026-08-12
2186,2025,1,18,55938.00,5197,326,APAC,2026-08-12
2187,2020,1,8,84411.00,1490,749,EU,2026-08-12
2188,2021,7,16,50838.00,9797,284,LATAM,2026-08-12
2189,2022,4,14,75415.00,4699,253,APAC,2026-08-12
2190,2023,10,20,34880.00,6101,961,MEA,2026-08-12
2191,2022,8,26,51467.00,9102,745,NA,2026-08-12
2192,2025,2,1,6629.00,9913,67,LATAM,2026-08-12
2193,2022,6,12,20839.00,9655,690,APAC,2026-08-12
2194,2022,10,5,55405.00,4201,660,MEA,2026-08-12
2195,2020,12,7,42196.00,8702,228,NA,2026-08-12
2196,2025,10,21,56726.00,4938,460,EU,2026-08-12
2197,2024,4,6,80782.00,2413,841,LATAM,2026-08-12
2198,2025,3,5,67369.00,9303,85,MEA,2026-08-12
2199,2023,8,25,21863.00,1413,863,APAC,2026-08-12
2200,2021,11,25,49511.00,6434,651,EU,2026-08-12
2201,2020,3,21,822.00,6422,636,MEA,2026-08-12
2202,2020,4,28,87552.00,8058,148,NA,2026-08-12
2203,2025,12,5,95668.00,5341,445,NA,2026-08-12
2204,2023,3,1,23795.00,4364,951,EU,2026-08-12
2205,2021,7,10,98273.00,1426,393,EU,2026-08-12
2206,2023,3,13,38712.00,8911,52,LATAM,2026-08-12
2207,2025,3,23,52193.00,9229,663,NA,2026-08-12
2208,2025,3,26,22754.00,4197,104,LATAM,2026-08-12
2209,2021,9,23,93996.00,5489,8,LATAM,2026-08-12
2210,2021,7,28,75962.00,2376,924,NA,2026-08-12
2211,2025,8,11,69983.00,1766,472,EU,2026-08-12
2212,2022,9,26,53167.00,7344,494,EU,2026-08-12
2213,2022,12,12,82327.00,2035,26,NA,2026-08-12
2214,2022,2,23,37758.00,6084,945,NA,2026-08-12
2215,2023,4,3,75796.00,7733,968,LATAM,2026-08-12
2216,2024,8,9,60484.00,5384,225,LATAM,2026-08-12
2217,2022,12,7,84016.00,1070,34,MEA,2026-08-12
2218,2025,8,20,53430.00,2742,184,EU,2026-08-12
2219,2020,11,21,1139.00,2014,220,APAC,2026-08-12
2220,2024,3,2,74880.00,8473,768,LATAM,2026-08-12
2221,2025,11,25,75349.00,8306,700,NA,2026-08-12
2222,2024,10,10,88579.00,5087,850,APAC,2026-08-12
2223,2025,11,15,34872.00,3927,303,NA,2026-08-12
2224,2024,8,12,47853.00,7861,181,APAC,2026-08-12
2225,2024,9,16,28813.00,1612,775,NA,2026-08-12
2226,2024,2,18,97629.00,8560,964,LATAM,2026-08-12
2227,2025,8,1,8822.00,1560,545,MEA,2026-08-12
2228,2023,4,3,17669.00,6233,262,MEA,2026-08-12
2229,2020,5,27,88484.00,1026,151,EU,2026-08-12
2230,2022,4,1,83714.00,1486,441,NA,2026-08-12
2231,2021,1,15,41883.00,7910,96,LATAM,2026-08-12
2232,2021,7,9,54534.00,6778,956,MEA,2026-08-12
2233,2024,3,23,2197.00,5607,899,LATAM,2026-08-12
2234,2020,1,15,10689.00,7113,497,APAC,2026-08-12
2235,2023,11,2,94521.00,6940,651,APAC,2026-08-12
2236,2023,11,23,53933.00,6511,467,EU,2026-08-12
2237,2024,2,11,79879.00,8745,834,APAC,2026-08-12
2238,2022,12,21,65171.00,1131,432,LATAM,2026-08-12
2239,2025,3,11,24358.00,6268,3,APAC,2026-08-12
2240,2021,5,2,75804.00,2768,389,EU,2026-08-12
2241,2020,1,8,36125.00,7471,670,APAC,2026-08-12
2242,2021,9,22,77401.00,6522,297,MEA,2026-08-12
2243,2023,4,6,7452.00,9325,971,EU,2026-08-12
2244,2021,8,7,975.00,4032,661,APAC,2026-08-12
2245,2020,3,5,66794.00,9436,437,APAC,2026-08-12
2246,2020,3,23,27850.00,6481,244,APAC,2026-08-12
2247,2020,10,21,20198.00,3614,389,NA,2026-08-12
2248,2024,7,7,60039.00,4417,61,MEA,2026-08-12
2249,2023,4,11,26880.00,7510,515,NA,2026-08-12
2250,2021,7,19,62194.00,1252,924,APAC,2026-08-12
2251,2022,11,11,58710.00,6088,110,EU,2026-08-12
2252,2024,10,4,50581.00,3943,857,LATAM,2026-08-12
2253,2021,1,9,24198.00,7093,262,APAC,2026-08-12
2254,2024,1,14,90683.00,6359,349,APAC,2026-08-12
2255,2023,10,8,23922.00,3787,298,NA,2026-08-12
2256,2022,10,22,37763.00,7939,167,LATAM,2026-08-12
2257,2025,7,22,84206.00,8076,7,MEA,2026-08-12
2258,2024,11,20,38505.00,5874,989,NA,2026-08-12
2259,2024,8,27,63837.00,7862,24,LATAM,2026-08-12
2260,2023,4,16,63336.00,6069,520,NA,2026-08-12
2261,2023,8,3,53310.00,4906,685,LATAM,2026-08-12
2262,2023,1,4,82742.00,6424,781,MEA,2026-08-12
2263,2020,8,24,33010.00,9184,709,NA,2026-08-12
2264,2022,9,20,18135.00,8517,867,NA,2026-08-12
2265,2024,10,10,18495.00,7351,180,LATAM,2026-08-12
2266,2022,1,25,45148.00,5337,489,MEA,2026-08-12
2267,2025,12,5,83841.00,3754,521,APAC,2026-08-12
2268,2022,8,4,89169.00,2493,1000,LATAM,2026-08-12
2269,2023,3,14,7717.00,7310,471,APAC,2026-08-12
2270,2021,12,12,95202.00,3960,8,NA,2026-08-12
2271,2022,7,17,57942.00,5186,643,MEA,2026-08-12
2272,2025,10,13,36063.00,6661,254,NA,2026-08-12
2273,2021,11,8,67518.00,9696,850,NA,2026-08-12
2274,2025,5,18,22001.00,5003,733,MEA,2026-08-12
2275,2023,6,10,19031.00,4059,318,LATAM,2026-08-12
2276,2021,2,26,30644.00,2473,733,MEA,2026-08-12
2277,2021,9,4,22683.00,9918,67,MEA,2026-08-12
2278,2021,3,27,27424.00,6091,870,APAC,2026-08-12
2279,2024,11,15,84298.00,3140,454,LATAM,2026-08-12
2280,2025,5,17,39168.00,2683,395,NA,2026-08-12
2281,2024,11,5,75014.00,2890,572,LATAM,2026-08-12
2282,2020,10,10,2998.00,2376,875,NA,2026-08-12
2283,2025,11,17,76078.00,9257,321,EU,2026-08-12
2284,2024,12,21,98034.00,8213,627,NA,2026-08-12
2285,2020,10,24,69391.00,6439,362,EU,2026-08-12
2286,2020,5,19,4236.00,8145,36,EU,2026-08-12
2287,2024,6,20,38932.00,5832,358,MEA,2026-08-12
2288,2025,4,4,53719.00,5445,193,LATAM,2026-08-12
2289,2022,8,25,75769.00,9586,469,NA,2026-08-12
2290,2021,2,17,87392.00,6606,552,NA,2026-08-12
2291,2025,2,6,17064.00,4994,43,NA,2026-08-12
2292,2021,10,7,62671.00,2807,982,MEA,2026-08-12
2293,2021,7,10,42761.00,7946,861,EU,2026-08-12
2294,2021,11,25,66822.00,4362,663,LATAM,2026-08-12
2295,2021,7,25,27907.00,1396,255,NA,2026-08-12
2296,2020,8,20,93804.00,5668,446,NA,2026-08-12
2297,2020,1,21,48759.00,7392,463,EU,2026-08-12
2298,2023,7,27,63735.00,8380,721,LATAM,2026-08-12
2299,2022,1,18,241.00,3837,198,NA,2026-08-12
2300,2022,7,13,52291.00,6602,690,MEA,2026-08-12
2301,2023,1,26,94408.00,9100,397,NA,2026-08-12
2302,2023,2,10,51570.00,5551,192,LATAM,2026-08-12
2303,2025,9,18,41432.00,9053,751,MEA,2026-08-12
2304,2021,10,14,65256.00,6176,9,LATAM,2026-08-12
2305,2022,6,10,7449.00,7400,421,APAC,2026-08-12
2306,2025,7,24,74181.00,3656,708,LATAM,2026-08-12
2307,2024,12,1,66100.00,5363,876,EU,2026-08-12
2308,2025,5,23,16703.00,9050,32,NA,2026-08-12
2309,2023,9,18,56263.00,4357,8,EU,2026-08-12
2310,2024,4,24,47446.00,1695,890,LATAM,2026-08-12
2311,2022,8,12,55635.00,7863,909,LATAM,2026-08-12
2312,2025,9,22,67754.00,7351,621,APAC,2026-08-12
2313,2024,7,21,70286.00,5886,503,MEA,2026-08-12
2314,2024,6,15,67583.00,1794,32,LATAM,2026-08-12
2315,2025,8,7,55955.00,7778,180,MEA,2026-08-12
2316,2022,7,23,6268.00,7824,78,MEA,2026-08-12
2317,2023,6,27,85447.00,4219,381,APAC,2026-08-12
2318,2025,7,21,68022.00,8449,673,NA,2026-08-12
2319,2022,4,7,66302.00,8064,723,APAC,2026-08-12
2320,2023,4,10,78305.00,5988,896,LATAM,2026-08-12
2321,2024,7,19,82068.00,4447,231,NA,2026-08-12
2322,2022,8,22,85357.00,1182,874,NA,2026-08-12
2323,2023,1,12,88078.00,1621,785,LATAM,2026-08-12
2324,2021,7,15,17980.00,8880,540,APAC,2026-08-12
2325,2022,3,5,76066.00,5400,962,MEA,2026-08-12
2326,2022,7,11,54758.00,9561,665,NA,2026-08-12
2327,2020,7,19,72326.00,4741,325,EU,2026-08-12
2328,2021,1,24,73183.00,2038,495,EU,2026-08-12
2329,2024,5,4,95867.00,4305,718,APAC,2026-08-12
2330,2024,3,12,83600.00,6220,363,LATAM,2026-08-12
2331,2021,7,15,69245.00,5494,775,LATAM,2026-08-12
2332,2021,2,20,34983.00,6610,180,EU,2026-08-12
2333,2022,3,12,57611.00,9822,181,APAC,2026-08-12
2334,2024,12,20,54185.00,6287,727,LATAM,2026-08-12
2335,2020,7,3,39503.00,8515,647,APAC,2026-08-12
2336,2020,7,23,90840.00,5109,859,MEA,2026-08-12
2337,2023,2,10,58123.00,4634,988,LATAM,2026-08-12
2338,2021,10,19,72125.00,3215,608,MEA,2026-08-12
2339,2023,9,13,41927.00,2777,167,LATAM,2026-08-12
2340,2025,12,25,36524.00,9944,672,NA,2026-08-12
2341,2023,7,9,12423.00,7652,61,EU,2026-08-12
2342,2022,5,23,91444.00,8569,205,EU,2026-08-12
2343,2020,8,12,46956.00,8383,365,LATAM,2026-08-12
2344,2024,7,13,6237.00,5997,163,EU,2026-08-12
2345,2022,6,23,7791.00,5186,624,APAC,2026-08-12
2346,2021,2,25,58943.00,1596,192,LATAM,2026-08-12
2347,2024,9,24,57650.00,7758,977,APAC,2026-08-12
2348,2020,8,9,33630.00,7034,241,LATAM,2026-08-12
2349,2023,2,2,31509.00,6831,744,LATAM,2026-08-12
2350,2020,4,25,34557.00,4209,349,MEA,2026-08-12
2351,2020,2,25,54701.00,7992,147,EU,2026-08-12
2352,2020,3,5,36312.00,4100,225,EU,2026-08-12
2353,2022,3,12,77447.00,7511,799,MEA,2026-08-12
2354,2023,9,10,57548.00,9270,98,LATAM,2026-08-12
2355,2023,4,14,90266.00,9857,885,APAC,2026-08-12
2356,2022,11,17,14531.00,9707,81,APAC,2026-08-12
2357,2025,7,20,91364.00,7716,414,APAC,2026-08-12
2358,2020,11,12,4953.00,5610,280,APAC,2026-08-12
2359,2024,9,1,64862.00,1295,880,APAC,2026-08-12
2360,2025,8,17,52975.00,5057,441,APAC,2026-08-12
2361,2024,2,24,70428.00,2512,366,APAC,2026-08-12
2362,2024,9,7,10887.00,5288,336,APAC,2026-08-12
2363,2024,8,7,43038.00,7619,1,LATAM,2026-08-12
2364,2023,1,18,2370.00,2514,756,EU,2026-08-12
2365,2022,12,3,6314.00,9169,219,MEA,2026-08-12
2366,2022,1,20,51355.00,6640,828,EU,2026-08-12
2367,2021,11,3,32479.00,2442,976,MEA,2026-08-12
2368,2022,3,27,41606.00,4142,820,EU,2026-08-12
2369,2021,1,7,64995.00,8906,778,MEA,2026-08-12
2370,2024,7,28,75185.00,7503,375,NA,2026-08-12
2371,2025,8,15,75423.00,1730,607,APAC,2026-08-12
2372,2024,11,15,96655.00,3963,603,NA,2026-08-12
2373,2020,10,7,82525.00,2661,722,LATAM,2026-08-12
2374,2025,6,20,56057.00,8940,94,EU,2026-08-12
2375,2023,2,12,62059.00,8869,140,LATAM,2026-08-12
2376,2024,6,26,63636.00,5365,256,LATAM,2026-08-12
2377,2021,8,9,75877.00,9223,239,APAC,2026-08-12
2378,2025,12,14,19461.00,6365,863,NA,2026-08-12
2379,2020,5,18,94362.00,5654,593,APAC,2026-08-12
2380,2021,6,19,56927.00,7935,994,NA,2026-08-12
2381,2021,12,7,46404.00,6501,127,NA,2026-08-12
2382,2021,8,25,4614.00,6621,393,APAC,2026-08-12
2383,2020,4,14,68286.00,4449,153,NA,2026-08-12
2384,2022,9,8,68017.00,9364,653,MEA,2026-08-12
2385,2025,5,13,26279.00,6068,705,EU,2026-08-12
2386,2025,10,6,44809.00,9596,1000,LATAM,2026-08-12
2387,2024,1,14,19101.00,3301,503,LATAM,2026-08-12
2388,2022,2,11,6453.00,3664,771,NA,2026-08-12
2389,2024,2,21,2109.00,1713,310,NA,2026-08-12
2390,2022,2,7,22674.00,5206,914,EU,2026-08-12
2391,2025,12,28,13024.00,5403,543,MEA,2026-08-12
2392,2023,6,13,90405.00,5318,520,MEA,2026-08-12
2393,2020,10,2,24136.00,6302,95,MEA,2026-08-12
2394,2022,5,27,99696.00,5229,212,EU,2026-08-12
2395,2021,1,8,20510.00,3904,468,NA,2026-08-12
2396,2020,10,5,33802.00,7160,562,LATAM,2026-08-12
2397,2024,9,1,90613.00,7233,487,LATAM,2026-08-12
2398,2024,10,20,44792.00,7378,795,APAC,2026-08-12
2399,2024,7,12,51711.00,4862,358,APAC,2026-08-12
2400,2021,8,24,23143.00,9742,479,EU,2026-08-12
2401,2021,8,20,84492.00,2599,884,EU,2026-08-12
2402,2020,8,21,2829.00,1003,210,EU,2026-08-12
2403,2024,9,24,23873.00,6884,508,APAC,2026-08-12
2404,2020,4,27,33660.00,4101,253,NA,2026-08-12
2405,2022,1,10,42016.00,5526,852,LATAM,2026-08-12
2406,2020,9,5,32986.00,7700,647,EU,2026-08-12
2407,2025,10,21,92612.00,2544,532,APAC,2026-08-12
2408,2023,7,10,1092.00,6621,372,MEA,2026-08-12
2409,2025,9,7,16355.00,9576,921,LATAM,2026-08-12
2410,2024,11,24,19378.00,9322,282,MEA,2026-08-12
2411,2025,8,7,97192.00,2989,417,MEA,2026-08-12
2412,2024,11,19,74923.00,6110,469,LATAM,2026-08-12
2413,2021,4,17,66221.00,5905,659,EU,2026-08-12
2414,2025,1,16,21732.00,6529,895,NA,2026-08-12
2415,2025,3,8,51141.00,1584,430,LATAM,2026-08-12
2416,2021,7,6,1738.00,1677,993,APAC,2026-08-12
2417,2021,1,13,210.00,4873,860,LATAM,2026-08-12
2418,2020,12,25,70764.00,5950,683,EU,2026-08-12
2419,2024,9,3,56542.00,3869,989,EU,2026-08-12
2420,2024,12,7,45591.00,8993,448,APAC,2026-08-12
2421,2022,10,6,78546.00,6326,199,NA,2026-08-12
2422,2024,6,1,4201.00,9781,56,EU,2026-08-12
2423,2023,10,23,1052.00,7771,318,APAC,2026-08-12
2424,2021,8,1,98279.00,1709,327,EU,2026-08-12
2425,2022,2,22,94564.00,8624,475,LATAM,2026-08-12
2426,2023,1,27,83076.00,2714,403,LATAM,2026-08-12
2427,2024,4,26,67354.00,7866,152,LATAM,2026-08-12
2428,2024,7,8,15245.00,8147,268,NA,2026-08-12
2429,2022,10,7,76902.00,8591,738,NA,2026-08-12
2430,2025,2,28,33074.00,2692,403,LATAM,2026-08-12
2431,2020,1,16,75437.00,1803,690,MEA,2026-08-12
2432,2023,5,9,50581.00,1884,908,APAC,2026-08-12
2433,2021,2,5,24516.00,4136,614,APAC,2026-08-12
2434,2022,8,10,35876.00,8777,146,LATAM,2026-08-12
2435,2025,12,26,26562.00,7502,428,NA,2026-08-12
2436,2023,2,4,78472.00,3860,164,LATAM,2026-08-12
2437,2024,2,25,46513.00,4063,897,MEA,2026-08-12
2438,2020,10,20,25371.00,4453,818,APAC,2026-08-12
2439,2020,2,26,74056.00,5969,249,EU,2026-08-12
2440,2025,10,11,61274.00,8361,845,MEA,2026-08-12
2441,2025,5,26,69777.00,3844,447,EU,2026-08-12
2442,2020,11,6,83052.00,3403,961,APAC,2026-08-12
2443,2021,8,10,63075.00,9389,522,MEA,2026-08-12
2444,2025,8,13,36853.00,4044,25,LATAM,2026-08-12
2445,2021,11,6,48318.00,3960,516,LATAM,2026-08-12
2446,2021,12,23,22641.00,2034,399,MEA,2026-08-12
2447,2022,6,23,18491.00,6783,889,EU,2026-08-12
2448,2023,4,10,7745.00,8850,189,APAC,2026-08-12
2449,2025,2,20,42513.00,3828,405,LATAM,2026-08-12
2450,2023,12,25,62388.00,2581,876,MEA,2026-08-12
2451,2023,12,3,34847.00,6401,596,EU,2026-08-12
2452,2024,12,28,83590.00,3925,368,APAC,2026-08-12
2453,2022,1,9,73661.00,7524,701,NA,2026-08-12
2454,2024,7,21,65940.00,3808,105,APAC,2026-08-12
2455,2025,3,15,87781.00,4032,460,MEA,2026-08-12
2456,2025,4,20,57981.00,5505,538,APAC,2026-08-12
2457,2020,5,23,54399.00,3972,623,EU,2026-08-12
2458,2020,6,7,46213.00,2010,712,MEA,2026-08-12
2459,2024,5,4,13670.00,9578,129,APAC,2026-08-12
2460,2022,6,21,25773.00,7840,269,APAC,2026-08-12
2461,2025,5,7,25499.00,5498,90,NA,2026-08-12
2462,2020,5,4,72069.00,5564,202,NA,2026-08-12
2463,2023,2,11,91711.00,4270,740,LATAM,2026-08-12
2464,2025,3,16,54447.00,1262,378,EU,2026-08-12
2465,2021,7,6,69465.00,4994,619,EU,2026-08-12
2466,2022,6,21,528.00,3133,42,MEA,2026-08-12
2467,2024,3,24,67800.00,9182,45,LATAM,2026-08-12
2468,2023,1,17,84721.00,7561,495,MEA,2026-08-12
2469,2025,3,26,41234.00,9562,94,NA,2026-08-12
2470,2021,8,5,45257.00,3004,662,LATAM,2026-08-12
2471,2021,7,23,5187.00,3166,156,EU,2026-08-12
2472,2022,12,4,99779.00,1796,863,LATAM,2026-08-12
2473,2023,10,24,19713.00,8158,249,APAC,2026-08-12
2474,2022,4,13,65158.00,1442,933,APAC,2026-08-12
2475,2025,4,25,18681.00,2661,854,EU,2026-08-12
2476,2023,8,17,39337.00,6936,485,EU,2026-08-12
2477,2022,1,1,67388.00,7780,904,NA,2026-08-12
2478,2025,5,9,46581.00,2226,880,EU,2026-08-12
2479,2020,7,28,56354.00,3105,654,MEA,2026-08-12
2480,2021,3,22,97533.00,1191,221,MEA,2026-08-12
2481,2024,7,20,7963.00,8944,234,APAC,2026-08-12
2482,2025,3,1,75682.00,9732,265,EU,2026-08-12
2483,2021,12,19,53251.00,4934,563,LATAM,2026-08-12
2484,2023,1,22,99135.00,9824,199,NA,2026-08-12
2485,2022,1,24,48219.00,2656,65,LATAM,2026-08-12
2486,2020,8,15,39616.00,8824,298,MEA,2026-08-12
2487,2022,10,27,17526.00,1131,125,EU,2026-08-12
2488,2021,7,16,99763.00,9263,268,MEA,2026-08-12
2489,2025,12,8,41551.00,8319,169,EU,2026-08-12
2490,2025,1,3,67981.00,1380,571,NA,2026-08-12
2491,2022,10,28,86899.00,3995,711,APAC,2026-08-12
2492,2020,4,4,72984.00,9260,941,LATAM,2026-08-12
2493,2023,5,27,23746.00,9721,994,APAC,2026-08-12
2494,2021,3,6,82064.00,1109,769,MEA,2026-08-12
2495,2023,12,7,80182.00,1658,940,APAC,2026-08-12
2496,2022,10,15,96189.00,8303,189,NA,2026-08-12
2497,2025,2,27,36609.00,2528,521,APAC,2026-08-12
2498,2023,1,21,92799.00,4892,586,NA,2026-08-12
2499,2024,1,27,3840.00,7230,300,NA,2026-08-12
2500,2023,6,22,11755.00,9222,941,APAC,2026-08-12
2501,2023,9,14,10612.00,7190,129,APAC,2026-08-12
2502,2020,3,3,11648.00,5621,319,MEA,2026-08-12
2503,2024,6,26,60950.00,4753,908,LATAM,2026-08-12
2504,2021,6,4,9400.00,7444,743,NA,2026-08-12
2505,2023,7,20,18776.00,9517,690,NA,2026-08-12
2506,2023,7,21,94999.00,3944,556,EU,2026-08-12
2507,2020,8,21,71806.00,4168,118,NA,2026-08-12
2508,2023,10,25,17578.00,5732,741,MEA,2026-08-12
2509,2025,9,20,25584.00,3607,767,APAC,2026-08-12
2510,2025,1,27,74920.00,3237,40,LATAM,2026-08-12
2511,2020,5,3,96644.00,7551,986,EU,2026-08-12
2512,2024,6,4,47020.00,6015,635,LATAM,2026-08-12
2513,2024,4,17,97801.00,3247,525,MEA,2026-08-12
2514,2023,12,10,24299.00,2207,983,EU,2026-08-12
2515,2024,6,12,38100.00,2700,496,NA,2026-08-12
2516,2025,9,28,41855.00,2317,561,MEA,2026-08-12
2517,2025,8,26,38537.00,7383,582,MEA,2026-08-12
2518,2025,2,27,81903.00,9173,192,NA,2026-08-12
2519,2025,6,25,89460.00,8453,780,LATAM,2026-08-12
2520,2022,5,18,23867.00,9137,826,NA,2026-08-12
2521,2022,8,2,73670.00,3814,967,LATAM,2026-08-12
2522,2023,3,28,3710.00,2465,650,LATAM,2026-08-12
2523,2023,11,9,47628.00,1812,504,APAC,2026-08-12
2524,2020,1,26,5254.00,2119,888,EU,2026-08-12
2525,2022,7,2,76133.00,1606,338,NA,2026-08-12
2526,2020,8,27,25607.00,5073,492,MEA,2026-08-12
2527,2023,10,11,7070.00,1756,340,APAC,2026-08-12
2528,2023,8,14,22075.00,5522,836,MEA,2026-08-12
2529,2023,10,8,5228.00,9116,205,MEA,2026-08-12
2530,2021,8,27,82829.00,6207,469,APAC,2026-08-12
2531,2025,3,10,23404.00,9361,438,LATAM,2026-08-12
2532,2024,7,7,37612.00,7137,96,EU,2026-08-12
2533,2025,6,28,38935.00,8389,931,LATAM,2026-08-12
2534,2023,11,10,49856.00,3943,718,MEA,2026-08-12
2535,2023,4,14,35092.00,5983,701,APAC,2026-08-12
2536,2020,7,7,43343.00,5056,9,EU,2026-08-12
2537,2020,10,11,76191.00,2317,988,APAC,2026-08-12
2538,2020,1,27,96663.00,3767,257,APAC,2026-08-12
2539,2021,1,11,91861.00,5675,915,NA,2026-08-12
2540,2021,12,11,32820.00,3684,47,NA,2026-08-12
2541,2021,4,12,25546.00,3130,654,APAC,2026-08-12
2542,2021,6,17,93257.00,6134,841,APAC,2026-08-12
2543,2024,5,15,28570.00,5812,626,NA,2026-08-12
2544,2021,10,15,82447.00,7327,769,APAC,2026-08-12
2545,2022,11,18,69948.00,3744,382,MEA,2026-08-12
2546,2025,5,5,68078.00,6996,798,LATAM,2026-08-12
2547,2025,9,11,18354.00,9387,576,APAC,2026-08-12
2548,2020,1,27,77767.00,3178,803,APAC,2026-08-12
2549,2024,6,3,88318.00,4557,397,NA,2026-08-12
2550,2021,9,2,95501.00,2378,859,MEA,2026-08-12
2551,2025,4,20,46238.00,7563,622,MEA,2026-08-12
2552,2023,4,16,93925.00,7242,286,EU,2026-08-12
2553,2023,10,5,1455.00,4133,564,LATAM,2026-08-12
2554,2025,7,7,13117.00,1086,689,APAC,2026-08-12
2555,2025,4,18,86339.00,4318,501,APAC,2026-08-12
2556,2022,3,17,65325.00,7878,635,APAC,2026-08-12
2557,2020,6,3,10161.00,5110,164,APAC,2026-08-12
2558,2020,11,23,78602.00,8231,653,NA,2026-08-12
2559,2021,2,5,36654.00,9719,152,EU,2026-08-12
2560,2020,11,6,94987.00,4960,617,MEA,2026-08-12
2561,2022,11,17,33995.00,4358,319,EU,2026-08-12
2562,2020,12,1,57418.00,2017,659,NA,2026-08-12
2563,2023,10,27,63725.00,5010,48,LATAM,2026-08-12
2564,2022,4,10,10692.00,2006,923,LATAM,2026-08-12
2565,2023,3,12,87386.00,1140,889,MEA,2026-08-12
2566,2020,12,13,265.00,7360,33,EU,2026-08-12
2567,2024,1,6,94720.00,2531,245,LATAM,2026-08-12
2568,2023,9,2,92393.00,4103,592,MEA,2026-08-12
2569,2022,5,12,94091.00,2817,294,NA,2026-08-12
2570,2021,6,3,1240.00,8835,484,MEA,2026-08-12
2571,2020,9,15,19805.00,7397,70,LATAM,2026-08-12
2572,2024,3,5,92533.00,7975,518,MEA,2026-08-12
2573,2020,1,20,79002.00,6722,568,NA,2026-08-12
2574,2021,5,13,92764.00,4789,706,LATAM,2026-08-12
2575,2021,10,19,42565.00,5309,531,EU,2026-08-12
2576,2021,4,26,97430.00,9663,82,APAC,2026-08-12
2577,2020,4,12,98239.00,8126,617,APAC,2026-08-12
2578,2021,1,25,69715.00,4042,459,MEA,2026-08-12
2579,2024,8,9,66062.00,6390,251,LATAM,2026-08-12
2580,2025,2,25,33077.00,7398,720,LATAM,2026-08-12
2581,2020,6,9,53036.00,2248,748,NA,2026-08-12
2582,2023,5,11,31938.00,3904,908,NA,2026-08-12
2583,2024,6,4,45875.00,6289,197,MEA,2026-08-12
2584,2022,2,7,58731.00,6227,543,APAC,2026-08-12
2585,2024,10,25,19165.00,5319,683,EU,2026-08-12
2586,2023,5,24,20203.00,2511,473,NA,2026-08-12
2587,2024,2,12,85660.00,2080,295,APAC,2026-08-12
2588,2024,1,20,78015.00,7307,566,APAC,2026-08-12
2589,2025,7,19,4988.00,8987,767,LATAM,2026-08-12
2590,2023,11,19,42753.00,4772,837,EU,2026-08-12
2591,2022,5,2,75077.00,1339,400,EU,2026-08-12
2592,2023,3,14,50040.00,9931,915,MEA,2026-08-12
2593,2022,12,16,54936.00,9974,612,NA,2026-08-12
2594,2024,5,4,54941.00,9812,958,NA,2026-08-12
2595,2025,3,5,72605.00,7377,243,APAC,2026-08-12
2596,2023,4,21,21024.00,3456,788,NA,2026-08-12
2597,2025,4,5,60471.00,2979,21,NA,2026-08-12
2598,2024,2,21,70424.00,5120,675,APAC,2026-08-12
2599,2024,11,25,84528.00,9918,357,EU,2026-08-12
2600,2024,7,16,7874.00,6761,438,MEA,2026-08-12
2601,2025,12,24,1755.00,4197,933,MEA,2026-08-12
2602,2025,6,10,80.00,8526,532,EU,2026-08-12
2603,2020,2,21,7052.00,1413,2,NA,2026-08-12
2604,2025,10,12,60224.00,8180,158,EU,2026-08-12
2605,2020,5,12,66981.00,3740,409,APAC,2026-08-12
2606,2020,12,24,28146.00,6592,562,EU,2026-08-12
2607,2024,7,13,91214.00,1329,244,NA,2026-08-12
2608,2022,1,27,77764.00,2451,973,LATAM,2026-08-12
2609,2021,9,3,33325.00,7907,439,EU,2026-08-12
2610,2022,7,27,18621.00,1847,79,LATAM,2026-08-12
2611,2020,6,3,60092.00,4294,953,LATAM,2026-08-12
2612,2024,2,16,81162.00,7294,337,NA,2026-08-12
2613,2025,4,13,47267.00,1533,397,MEA,2026-08-12
2614,2025,6,23,13222.00,3192,126,NA,2026-08-12
2615,2021,7,28,37985.00,7281,266,LATAM,2026-08-12
2616,2020,11,26,52675.00,5606,171,EU,2026-08-12
2617,2021,3,2,67952.00,5675,444,MEA,2026-08-12
2618,2022,1,9,22972.00,5406,823,EU,2026-08-12
2619,2020,6,4,51202.00,8478,267,EU,2026-08-12
2620,2021,2,10,90387.00,7314,707,APAC,2026-08-12
2621,2022,4,4,84807.00,3389,609,NA,2026-08-12
2622,2025,8,9,30123.00,3123,547,EU,2026-08-12
2623,2024,11,1,46925.00,5494,197,EU,2026-08-12
2624,2022,5,6,63738.00,3865,269,EU,2026-08-12
2625,2024,11,26,44656.00,1100,828,MEA,2026-08-12
2626,2025,9,10,81604.00,8117,977,MEA,2026-08-12
2627,2023,2,8,60821.00,3884,597,LATAM,2026-08-12
2628,2022,1,28,63190.00,4332,902,EU,2026-08-12
2629,2023,2,6,93333.00,6469,205,MEA,2026-08-12
2630,2024,10,13,26106.00,2763,712,MEA,2026-08-12
2631,2023,9,10,90025.00,1243,381,APAC,2026-08-12
2632,2023,10,5,92372.00,6719,399,NA,2026-08-12
2633,2023,11,13,24306.00,1946,192,EU,2026-08-12
2634,2024,11,7,42169.00,2443,366,APAC,2026-08-12
2635,2021,2,2,6638.00,6644,435,MEA,2026-08-12
2636,2023,8,11,98226.00,1985,936,APAC,2026-08-12
2637,2020,7,15,6292.00,2331,856,NA,2026-08-12
2638,2025,3,19,82581.00,8252,596,LATAM,2026-08-12
2639,2020,1,15,92149.00,3642,960,EU,2026-08-12
2640,2022,12,21,1909.00,6206,983,LATAM,2026-08-12
2641,2020,12,24,48602.00,1217,450,MEA,2026-08-12
2642,2023,2,17,180.00,3344,800,NA,2026-08-12
2643,2020,5,26,88652.00,8508,322,MEA,2026-08-12
2644,2020,1,23,61469.00,5152,293,MEA,2026-08-12
2645,2021,10,28,60769.00,9122,768,MEA,2026-08-12
2646,2025,3,22,95962.00,5394,852,EU,2026-08-12
2647,2021,10,3,37997.00,1132,632,NA,2026-08-12
2648,2024,2,9,59661.00,2483,22,EU,2026-08-12
2649,2023,11,1,26336.00,6826,555,NA,2026-08-12
2650,2021,4,22,53574.00,9135,391,EU,2026-08-12
2651,2025,10,14,32257.00,9396,578,EU,2026-08-12
2652,2020,2,22,67938.00,9802,368,APAC,2026-08-12
2653,2022,5,26,53762.00,4640,147,APAC,2026-08-12
2654,2022,9,19,68237.00,7225,937,EU,2026-08-12
2655,2020,1,13,68248.00,9490,118,APAC,2026-08-12
2656,2023,12,23,23083.00,8307,306,LATAM,2026-08-12
2657,2020,1,8,72701.00,4667,808,APAC,2026-08-12
2658,2025,1,17,47395.00,4121,335,APAC,2026-08-12
2659,2024,4,22,85199.00,8177,252,NA,2026-08-12
2660,2022,11,6,17869.00,9794,417,NA,2026-08-12
2661,2023,7,8,71546.00,9002,507,APAC,2026-08-12
2662,2021,6,8,38072.00,7610,826,MEA,2026-08-12
2663,2022,3,21,17575.00,3121,274,EU,2026-08-12
2664,2025,12,5,48936.00,3103,484,LATAM,2026-08-12
2665,2025,1,14,1223.00,5042,468,EU,2026-08-12
2666,2024,8,15,93187.00,9501,240,APAC,2026-08-12
2667,2025,6,10,74731.00,5391,294,NA,2026-08-12
2668,2025,4,12,82902.00,6870,871,NA,2026-08-12
2669,2024,9,9,14442.00,3850,740,LATAM,2026-08-12
2670,2020,11,25,14310.00,8373,206,LATAM,2026-08-12
2671,2023,1,9,75398.00,4330,628,EU,2026-08-12
2672,2020,6,20,1438.00,9251,81,LATAM,2026-08-12
2673,2022,10,25,84549.00,4464,276,NA,2026-08-12
2674,2022,2,12,23712.00,3243,384,MEA,2026-08-12
2675,2022,1,17,3307.00,2450,808,EU,2026-08-12
2676,2020,4,6,38215.00,3186,287,EU,2026-08-12
2677,2023,9,9,41918.00,7787,719,APAC,2026-08-12
2678,2025,5,4,32043.00,5779,193,MEA,2026-08-12
2679,2021,2,14,4483.00,6329,226,APAC,2026-08-12
2680,2022,1,11,44571.00,9625,908,NA,2026-08-12
2681,2025,7,8,26430.00,7586,108,EU,2026-08-12
2682,2023,10,5,78638.00,4158,515,MEA,2026-08-12
2683,2022,3,14,48886.00,8283,522,APAC,2026-08-12
2684,2020,4,17,32864.00,7451,228,EU,2026-08-12
2685,2022,7,9,54351.00,9398,237,EU,2026-08-12
2686,2025,7,3,97667.00,7025,819,APAC,2026-08-12
2687,2022,11,10,94561.00,4960,768,MEA,2026-08-12
2688,2021,10,24,36917.00,6320,848,MEA,2026-08-12
2689,2025,4,11,52268.00,2042,357,LATAM,2026-08-12
2690,2020,5,26,55270.00,5272,678,MEA,2026-08-12
2691,2021,8,25,21050.00,4665,976,APAC,2026-08-12
2692,2024,8,14,89853.00,8177,957,NA,2026-08-12
2693,2022,10,5,37627.00,8523,225,APAC,2026-08-12
2694,2025,7,14,31592.00,9255,579,MEA,2026-08-12
2695,2022,3,12,37079.00,2686,587,LATAM,2026-08-12
2696,2024,6,10,20902.00,5913,502,EU,2026-08-12
2697,2023,7,24,65294.00,8485,215,EU,2026-08-12
2698,2025,2,21,14044.00,5001,936,LATAM,2026-08-12
2699,2021,8,1,49319.00,4279,573,EU,2026-08-12
2700,2020,3,3,17589.00,1767,67,MEA,2026-08-12
2701,2022,4,6,56350.00,2202,542,APAC,2026-08-12
2702,2025,5,24,82127.00,4425,90,NA,2026-08-12
2703,2023,10,17,90613.00,4913,437,NA,2026-08-12
2704,2023,4,22,91307.00,5062,871,NA,2026-08-12
2705,2025,8,14,80026.00,7461,812,MEA,2026-08-12
2706,2023,8,3,12814.00,5168,619,MEA,2026-08-12
2707,2022,4,28,19446.00,8134,482,EU,2026-08-12
2708,2022,8,10,99278.00,2974,883,APAC,2026-08-12
2709,2023,7,3,91747.00,7557,663,NA,2026-08-12
2710,2025,3,11,80827.00,5621,799,NA,2026-08-12
2711,2021,4,22,66807.00,2176,905,EU,2026-08-12
2712,2022,2,15,66320.00,9288,433,NA,2026-08-12
2713,2020,6,22,73997.00,2358,365,EU,2026-08-12
2714,2021,2,24,40462.00,4193,405,NA,2026-08-12
2715,2022,8,21,25185.00,5915,248,APAC,2026-08-12
2716,2020,5,1,97978.00,6237,855,MEA,2026-08-12
2717,2020,2,2,21185.00,6207,493,APAC,2026-08-12
2718,2022,3,22,95500.00,6481,798,EU,2026-08-12
2719,2023,3,22,26542.00,5962,487,LATAM,2026-08-12
2720,2021,12,12,37591.00,6013,140,LATAM,2026-08-12
2721,2023,9,18,40730.00,5695,372,EU,2026-08-12
2722,2025,9,20,27064.00,1790,699,LATAM,2026-08-12
2723,2025,5,14,26473.00,8903,222,NA,2026-08-12
2724,2022,12,7,64413.00,3108,812,MEA,2026-08-12
2725,2023,2,25,48741.00,5172,666,LATAM,2026-08-12
2726,2021,8,12,58847.00,3378,723,MEA,2026-08-12
2727,2025,11,24,82097.00,7416,473,EU,2026-08-12
2728,2023,8,4,36083.00,4209,664,NA,2026-08-12
2729,2023,8,12,42955.00,7246,710,LATAM,2026-08-12
2730,2022,11,19,30319.00,8756,1,NA,2026-08-12
2731,2023,5,12,890.00,7929,339,NA,2026-08-12
2732,2024,12,13,80160.00,4748,613,LATAM,2026-08-12
2733,2025,12,25,53898.00,4579,391,EU,2026-08-12
2734,2022,7,28,4647.00,4022,448,NA,2026-08-12
2735,2020,11,8,68976.00,5306,873,LATAM,2026-08-12
2736,2022,12,5,80244.00,6381,515,LATAM,2026-08-12
2737,2023,11,7,51954.00,7973,513,LATAM,2026-08-12
2738,2024,11,23,53370.00,5465,964,EU,2026-08-12
2739,2025,6,26,8928.00,9100,650,NA,2026-08-12
2740,2023,6,24,22105.00,5312,882,MEA,2026-08-12
2741,2025,8,16,79478.00,6423,408,NA,2026-08-12
2742,2022,10,10,69382.00,1287,590,LATAM,2026-08-12
2743,2022,1,4,54583.00,6346,367,APAC,2026-08-12
2744,2020,3,4,85532.00,3643,745,EU,2026-08-12
2745,2024,2,9,15400.00,3437,515,EU,2026-08-12
2746,2024,3,2,41003.00,8704,537,EU,2026-08-12
2747,2025,8,18,14557.00,5217,199,MEA,2026-08-12
2748,2023,5,14,61510.00,2555,419,EU,2026-08-12
2749,2023,4,2,84178.00,1033,283,APAC,2026-08-12
2750,2022,10,2,85394.00,8508,754,APAC,2026-08-12
2751,2023,4,27,9169.00,3747,797,MEA,2026-08-12
2752,2021,8,24,86695.00,7256,509,APAC,2026-08-12
2753,2025,11,5,74486.00,1091,234,APAC,2026-08-12
2754,2022,2,8,40721.00,9279,404,MEA,2026-08-12
2755,2025,6,19,70922.00,5446,785,EU,2026-08-12
2756,2023,5,22,22047.00,6177,528,NA,2026-08-12
2757,2022,10,25,85595.00,6845,865,LATAM,2026-08-12
2758,2021,1,23,83624.00,8784,163,APAC,2026-08-12
2759,2021,8,19,32266.00,5716,828,MEA,2026-08-12
2760,2020,10,16,56117.00,4490,157,APAC,2026-08-12
2761,2022,9,22,29004.00,6749,638,MEA,2026-08-12
2762,2020,4,22,35108.00,7342,947,NA,2026-08-12
2763,2022,1,10,73151.00,6562,916,LATAM,2026-08-12
2764,2022,12,27,77580.00,8732,619,APAC,2026-08-12
2765,2024,12,9,70842.00,8991,310,NA,2026-08-12
2766,2021,9,18,79471.00,2872,783,EU,2026-08-12
2767,2022,4,22,47642.00,9986,6,APAC,2026-08-12
2768,2021,12,2,78280.00,2396,973,EU,2026-08-12
2769,2024,7,25,73606.00,2475,156,MEA,2026-08-12
2770,2020,1,7,11470.00,7329,625,MEA,2026-08-12
2771,2025,4,19,72157.00,9212,499,LATAM,2026-08-12
2772,2024,10,4,23170.00,5800,760,MEA,2026-08-12
2773,2025,12,8,95602.00,9056,43,APAC,2026-08-12
2774,2023,6,28,31937.00,5700,816,APAC,2026-08-12
2775,2020,4,25,21083.00,7628,263,LATAM,2026-08-12
2776,2023,7,17,63669.00,5333,197,EU,2026-08-12
2777,2023,2,9,21065.00,4758,37,NA,2026-08-12
2778,2021,10,14,472.00,5615,843,EU,2026-08-12
2779,2024,12,27,47890.00,4927,163,NA,2026-08-12
2780,2024,12,24,76526.00,4964,219,MEA,2026-08-12
2781,2022,2,17,1405.00,4120,775,NA,2026-08-12
2782,2021,5,25,79245.00,5119,73,LATAM,2026-08-12
2783,2020,8,11,40517.00,4767,911,APAC,2026-08-12
2784,2020,1,25,37143.00,5501,69,EU,2026-08-12
2785,2022,8,9,92911.00,1826,610,APAC,2026-08-12
2786,2020,1,16,27173.00,6214,428,APAC,2026-08-12
2787,2024,10,18,81307.00,6996,431,NA,2026-08-12
2788,2025,10,8,2929.00,6519,727,LATAM,2026-08-12
2789,2023,8,12,58333.00,5548,643,MEA,2026-08-12
2790,2024,10,12,6474.00,6321,759,APAC,2026-08-12
2791,2025,11,1,79571.00,8723,631,LATAM,2026-08-12
2792,2021,12,15,49382.00,3378,265,APAC,2026-08-12
2793,2023,5,26,17445.00,2508,820,EU,2026-08-12
2794,2020,2,21,49160.00,7885,544,LATAM,2026-08-12
2795,2022,1,22,94762.00,3355,752,APAC,2026-08-12
2796,2022,5,22,75229.00,6522,117,APAC,2026-08-12
2797,2025,12,3,92877.00,9602,643,APAC,2026-08-12
2798,2021,12,10,38967.00,7113,401,MEA,2026-08-12
2799,2023,3,24,47146.00,8825,318,MEA,2026-08-12
2800,2022,5,11,91636.00,7139,698,NA,2026-08-12
2801,2023,1,17,13229.00,3665,83,APAC,2026-08-12
2802,2021,7,6,46266.00,4055,602,NA,2026-08-12
2803,2024,11,17,20018.00,5948,930,MEA,2026-08-12
2804,2020,3,15,81017.00,8784,502,MEA,2026-08-12
2805,2020,11,20,71399.00,3107,983,LATAM,2026-08-12
2806,2023,4,22,48373.00,5054,837,EU,2026-08-12
2807,2021,1,10,42240.00,3749,485,APAC,2026-08-12
2808,2024,3,28,24478.00,5225,766,MEA,2026-08-12
2809,2025,2,16,7806.00,1545,964,APAC,2026-08-12
2810,2021,12,11,12247.00,6240,851,LATAM,2026-08-12
2811,2024,4,21,70892.00,3254,602,MEA,2026-08-12
2812,2022,1,7,67115.00,9762,583,LATAM,2026-08-12
2813,2021,11,1,93652.00,9733,881,NA,2026-08-12
2814,2023,1,2,69890.00,1682,118,EU,2026-08-12
2815,2023,8,7,81791.00,3709,273,EU,2026-08-12
2816,2025,11,1,73509.00,3406,469,APAC,2026-08-12
2817,2021,7,6,3246.00,4630,344,APAC,2026-08-12
2818,2023,3,27,89150.00,2539,231,LATAM,2026-08-12
2819,2020,7,28,32930.00,8557,776,LATAM,2026-08-12
2820,2025,4,25,34303.00,3706,822,MEA,2026-08-12
2821,2021,4,10,7428.00,9748,148,EU,2026-08-12
2822,2022,12,7,30588.00,6565,93,MEA,2026-08-12
2823,2025,5,20,77273.00,4931,761,EU,2026-08-12
2824,2020,4,25,19350.00,5504,578,MEA,2026-08-12
2825,2020,10,17,88488.00,2600,307,MEA,2026-08-12
2826,2023,11,24,30799.00,9761,412,APAC,2026-08-12
2827,2020,9,23,97969.00,7413,724,EU,2026-08-12
2828,2024,10,26,62401.00,7301,693,EU,2026-08-12
2829,2020,1,15,83972.00,8459,43,EU,2026-08-12
2830,2025,3,8,49817.00,9179,926,LATAM,2026-08-12
2831,2024,5,6,12350.00,1664,592,MEA,2026-08-12
2832,2024,8,25,4287.00,8886,934,LATAM,2026-08-12
2833,2024,9,19,99277.00,5941,818,LATAM,2026-08-12
2834,2021,4,23,35971.00,2460,570,EU,2026-08-12
2835,2022,11,21,10949.00,1735,177,APAC,2026-08-12
2836,2022,5,7,61333.00,5690,323,APAC,2026-08-12
2837,2021,11,15,18858.00,7553,525,MEA,2026-08-12
2838,2025,8,24,60807.00,6457,694,EU,2026-08-12
2839,2020,5,7,27838.00,7471,833,APAC,2026-08-12
2840,2024,8,18,91647.00,7811,802,APAC,2026-08-12
2841,2022,9,10,37268.00,1271,628,MEA,2026-08-12
2842,2025,2,12,57042.00,2219,54,NA,2026-08-12
2843,2024,2,28,44098.00,3703,87,APAC,2026-08-12
2844,2023,3,16,69762.00,7074,720,NA,2026-08-12
2845,2022,7,24,78248.00,1169,34,NA,2026-08-12
2846,2020,3,13,72579.00,2100,814,EU,2026-08-12
2847,2024,1,1,41242.00,6993,50,APAC,2026-08-12
2848,2021,12,20,24068.00,3061,517,APAC,2026-08-12
2849,2022,9,25,57175.00,9853,47,APAC,2026-08-12
2850,2024,2,16,28798.00,5907,156,APAC,2026-08-12
2851,2024,2,19,57871.00,7763,392,LATAM,2026-08-12
2852,2022,11,21,42989.00,5812,686,APAC,2026-08-12
2853,2022,12,19,87575.00,6550,65,EU,2026-08-12
2854,2021,12,26,28194.00,8316,91,APAC,2026-08-12
2855,2021,4,20,31476.00,7251,976,EU,2026-08-12
2856,2022,2,12,59979.00,6723,26,LATAM,2026-08-12
2857,2025,5,6,82554.00,1290,451,APAC,2026-08-12
2858,2024,4,1,6775.00,6334,611,APAC,2026-08-12
2859,2024,11,19,70166.00,7929,643,APAC,2026-08-12
2860,2023,9,11,86695.00,9898,200,LATAM,2026-08-12
2861,2024,1,16,94342.00,6663,728,NA,2026-08-12
2862,2024,8,8,67427.00,5573,403,NA,2026-08-12
2863,2023,8,24,41477.00,4154,629,EU,2026-08-12
2864,2023,9,14,55557.00,7502,172,NA,2026-08-12
2865,2024,8,9,84788.00,7704,711,NA,2026-08-12
2866,2023,12,27,16454.00,8416,69,APAC,2026-08-12
2867,2022,1,22,42706.00,9390,440,APAC,2026-08-12
2868,2021,11,4,11649.00,2230,714,NA,2026-08-12
2869,2024,6,15,62571.00,6534,289,LATAM,2026-08-12
2870,2022,5,13,89279.00,3118,858,EU,2026-08-12
2871,2024,2,27,5214.00,2818,304,LATAM,2026-08-12
2872,2020,8,24,90583.00,5180,956,NA,2026-08-12
2873,2021,10,16,6596.00,8668,222,EU,2026-08-12
2874,2022,11,21,55562.00,4040,896,NA,2026-08-12
2875,2022,7,9,73067.00,7287,445,NA,2026-08-12
2876,2020,1,5,57571.00,1981,373,MEA,2026-08-12
2877,2023,9,17,66336.00,6763,237,NA,2026-08-12
2878,2023,8,19,91422.00,7004,624,MEA,2026-08-12
2879,2020,4,11,43505.00,3132,486,NA,2026-08-12
2880,2024,12,17,3506.00,3022,13,MEA,2026-08-12
2881,2022,1,7,23545.00,7435,265,MEA,2026-08-12
2882,2023,10,15,56267.00,1011,236,MEA,2026-08-12
2883,2020,4,5,69031.00,2395,387,NA,2026-08-12
2884,2020,2,12,24970.00,7551,906,EU,2026-08-12
2885,2023,4,16,20950.00,9960,666,MEA,2026-08-12
2886,2025,12,1,52009.00,9272,907,MEA,2026-08-12
2887,2021,1,12,97969.00,1705,710,LATAM,2026-08-12
2888,2025,11,27,10027.00,7338,152,MEA,2026-08-12
2889,2025,8,12,99328.00,2662,132,EU,2026-08-12
2890,2024,7,21,34472.00,9696,762,MEA,2026-08-12
2891,2021,11,28,85214.00,7537,232,MEA,2026-08-12
2892,2020,10,13,99446.00,6282,997,EU,2026-08-12
2893,2022,4,26,40822.00,4090,508,MEA,2026-08-12
2894,2022,2,7,14841.00,6832,623,MEA,2026-08-12
2895,2021,12,27,48921.00,6541,974,EU,2026-08-12
2896,2023,4,25,10882.00,5255,329,APAC,2026-08-12
2897,2024,8,24,57947.00,6511,431,LATAM,2026-08-12
2898,2021,11,8,47222.00,2633,386,APAC,2026-08-12
2899,2024,3,13,845.00,9536,760,APAC,2026-08-12
2900,2025,4,16,6520.00,6973,848,MEA,2026-08-12
2901,2020,10,21,45964.00,3531,393,LATAM,2026-08-12
2902,2024,12,6,60957.00,3621,180,LATAM,2026-08-12
2903,2023,3,3,69668.00,4088,923,LATAM,2026-08-12
2904,2020,12,25,11088.00,5092,51,LATAM,2026-08-12
2905,2021,7,8,78155.00,1712,648,NA,2026-08-12
2906,2025,8,27,90113.00,3678,582,NA,2026-08-12
2907,2024,5,22,54164.00,5615,881,APAC,2026-08-12
2908,2023,8,12,90020.00,2445,210,APAC,2026-08-12
2909,2022,8,18,84574.00,2936,384,EU,2026-08-12
2910,2024,8,17,17275.00,8468,223,MEA,2026-08-12
2911,2024,3,14,5920.00,2861,948,EU,2026-08-12
2912,2025,3,16,39855.00,3267,923,EU,2026-08-12
2913,2025,9,21,83025.00,8222,449,NA,2026-08-12
2914,2023,5,7,61223.00,2044,918,LATAM,2026-08-12
2915,2023,12,6,83725.00,9332,399,LATAM,2026-08-12
2916,2024,10,11,91759.00,1052,867,MEA,2026-08-12
2917,2025,3,15,14831.00,6734,623,LATAM,2026-08-12
2918,2023,4,13,34607.00,8043,756,NA,2026-08-12
2919,2024,1,9,22076.00,5099,952,APAC,2026-08-12
2920,2021,9,22,45786.00,3005,23,LATAM,2026-08-12
2921,2020,10,11,71532.00,7872,268,MEA,2026-08-12
2922,2022,9,20,75504.00,9191,609,NA,2026-08-12
2923,2022,12,4,71866.00,5891,985,APAC,2026-08-12
2924,2021,3,16,31225.00,1604,8,LATAM,2026-08-12
2925,2025,12,12,45250.00,3988,108,APAC,2026-08-12
2926,2023,12,11,1608.00,1752,944,APAC,2026-08-12
2927,2025,3,5,73792.00,3957,208,NA,2026-08-12
2928,2022,12,20,46305.00,9161,916,EU,2026-08-12
2929,2023,11,6,77693.00,2333,847,APAC,2026-08-12
2930,2025,9,22,49192.00,4120,569,MEA,2026-08-12
2931,2023,12,12,47124.00,5382,481,APAC,2026-08-12
2932,2023,7,9,81474.00,9900,188,MEA,2026-08-12
2933,2023,5,10,5017.00,2041,667,APAC,2026-08-12
2934,2025,12,21,21728.00,3915,61,LATAM,2026-08-12
2935,2025,11,17,34494.00,4422,399,NA,2026-08-12
2936,2025,3,13,37266.00,9719,101,EU,2026-08-12
2937,2022,7,28,88060.00,2799,455,LATAM,2026-08-12
2938,2023,9,23,57916.00,8825,816,APAC,2026-08-12
2939,2023,11,25,24564.00,8082,376,NA,2026-08-12
2940,2022,5,2,73910.00,9063,924,NA,2026-08-12
2941,2022,4,3,51318.00,8853,515,APAC,2026-08-12
2942,2024,12,8,2743.00,4178,220,NA,2026-08-12
2943,2025,11,6,66109.00,7483,52,LATAM,2026-08-12
2944,2021,11,6,58106.00,8716,246,LATAM,2026-08-12
2945,2024,9,5,5560.00,4939,642,NA,2026-08-12
2946,2023,12,5,45149.00,7112,90,EU,2026-08-12
2947,2025,8,16,27475.00,4566,323,NA,2026-08-12
2948,2023,5,10,93239.00,4438,321,NA,2026-08-12
2949,2022,6,10,71266.00,4714,579,LATAM,2026-08-12
2950,2023,5,15,37047.00,7970,481,APAC,2026-08-12
2951,2025,8,10,90756.00,5413,623,MEA,2026-08-12
2952,2024,1,9,58922.00,2443,793,APAC,2026-08-12
2953,2020,4,27,29520.00,9283,321,APAC,2026-08-12
2954,2023,12,9,3583.00,8891,992,APAC,2026-08-12
2955,2020,1,17,6039.00,7427,988,EU,2026-08-12
2956,2023,3,22,94624.00,6707,799,APAC,2026-08-12
2957,2025,11,13,70013.00,5311,798,EU,2026-08-12
2958,2025,3,18,80918.00,3647,344,MEA,2026-08-12
2959,2022,8,17,38498.00,8558,113,NA,2026-08-12
2960,2021,6,6,52900.00,2036,193,APAC,2026-08-12
2961,2020,10,28,38548.00,6822,354,APAC,2026-08-12
2962,2025,11,14,48456.00,7344,56,NA,2026-08-12
2963,2021,7,15,60388.00,4566,370,EU,2026-08-12
2964,2024,7,13,42401.00,9370,185,MEA,2026-08-12
2965,2023,12,2,56692.00,4334,478,MEA,2026-08-12
2966,2025,10,14,4540.00,3531,562,NA,2026-08-12
2967,2020,9,8,63159.00,2571,108,LATAM,2026-08-12
2968,2025,3,22,4974.00,8409,474,NA,2026-08-12
2969,2022,5,20,36560.00,8536,623,MEA,2026-08-12
2970,2024,2,19,23257.00,9783,830,LATAM,2026-08-12
2971,2023,1,21,14723.00,6436,754,APAC,2026-08-12
2972,2022,8,25,10161.00,4290,129,NA,2026-08-12
2973,2020,4,4,72684.00,6303,840,NA,2026-08-12
2974,2021,9,15,65052.00,6435,768,NA,2026-08-12
2975,2020,3,15,34843.00,4685,666,EU,2026-08-12
2976,2022,12,18,25645.00,9639,824,LATAM,2026-08-12
2977,2023,4,16,12286.00,4211,533,APAC,2026-08-12
2978,2021,7,5,35085.00,4356,499,EU,2026-08-12
2979,2025,10,28,33968.00,6912,499,APAC,2026-08-12
2980,2021,12,10,10179.00,9232,978,EU,2026-08-12
2981,2023,8,3,72771.00,8747,99,LATAM,2026-08-12
2982,2020,11,16,79208.00,7525,940,EU,2026-08-12
2983,2023,3,10,15223.00,6158,7,LATAM,2026-08-12
2984,2020,2,21,61684.00,9297,914,NA,2026-08-12
2985,2020,2,16,15823.00,9439,920,LATAM,2026-08-12
2986,2022,8,3,77492.00,6848,419,EU,2026-08-12
2987,2024,7,4,81271.00,3771,34,LATAM,2026-08-12
2988,2021,4,7,96994.00,9104,109,EU,2026-08-12
2989,2025,12,22,57227.00,8915,455,LATAM,2026-08-12
2990,2021,10,25,10922.00,1167,308,LATAM,2026-08-12
2991,2023,1,15,50160.00,4449,680,LATAM,2026-08-12
2992,2022,2,13,58609.00,8545,294,APAC,2026-08-12
2993,2020,12,1,953.00,2261,379,NA,2026-08-12
2994,2022,12,27,14821.00,2792,489,LATAM,2026-08-12
2995,2021,7,2,3203.00,5981,178,APAC,2026-08-12
2996,2020,11,12,32306.00,6609,414,APAC,2026-08-12
2997,2021,6,1,11048.00,2275,790,MEA,2026-08-12
2998,2021,8,8,49847.00,4204,605,MEA,2026-08-12
2999,2023,12,20,85815.00,8116,34,NA,2026-08-12
3000,2020,1,23,28212.00,1658,983,MEA,2026-08-12
