1,Jeannie Krause,jeannie.krause1@corp.com,Marketing,Engineer,155385.00,2019-08-15,
2,Tyler Foster,tyler.foster2@corp.com,Operations,Specialist,116740.00,2023-02-22,1
3,Raymond Ruiz,raymond.ruiz3@corp.com,Legal,VP,247336.00,2017-12-10,1
4,Dewayne Trevino,dewayne.trevino4@corp.com,Operations,Coordinator,175508.00,2025-11-01,1
5,Esperanza Middleton,esperanza.middleton5@corp.com,Legal,Coordinator,117084.00,2019-09-29,1
6,Gary Stewart,gary.stewart6@corp.com,Finance,Engineer,125911.00,2021-03-16,1
7,Wayne Wagner,wayne.wagner7@corp.com,Finance,Specialist,160340.00,2024-02-20,1
8,Rocco Parrish,rocco.parrish8@corp.com,Engineering,Specialist,158770.00,2017-12-20,1
9,Miriam Berg,miriam.berg9@corp.com,Engineering,Coordinator,115552.00,2025-04-13,1
10,Joe Kim,joe.kim10@corp.com,Engineering,VP,75063.00,2022-01-15,1
11,Jana Castaneda,jana.castaneda11@corp.com,HR,Engineer,230963.00,2025-10-27,1
12,Ashley Robinson,ashley.robinson12@corp.com,Engineering,Specialist,74404.00,2023-06-18,1
13,Olive Bean,olive.bean13@corp.com,Legal,Consultant,119385.00,2019-09-05,3
14,Antoinette Brennan,antoinette.brennan14@corp.com,Operations,Senior Engineer,145171.00,2024-12-17,3
15,Tommy Oneal,tommy.oneal15@corp.com,Engineering,VP,68982.00,2022-11-30,14
16,Cesar Parrish,cesar.parrish16@corp.com,Legal,Architect,239505.00,2025-11-03,15
17,Rocco Parrish,rocco.parrish17@corp.com,HR,Engineer,177176.00,2019-11-24,1
18,Lorna Downs,lorna.downs18@corp.com,Engineering,Coordinator,181309.00,2017-04-19,17
19,Ryan Cruz,ryan.cruz19@corp.com,IT,Consultant,217651.00,2024-11-05,11
20,Hector Lambert,hector.lambert20@corp.com,Finance,VP,182882.00,2016-10-31,12
21,Jose Sullivan,jose.sullivan21@corp.com,Engineering,Analyst,118033.00,2020-05-10,9
22,Alberta York,alberta.york22@corp.com,Operations,Engineer,212585.00,2020-12-23,21
23,Elvira Mclean,elvira.mclean23@corp.com,Finance,Analyst,85982.00,2017-04-18,3
24,Kevin Green,kevin.green24@corp.com,Customer Success,Senior Engineer,143984.00,2016-10-12,12
25,Ollie Paul,ollie.paul25@corp.com,HR,Architect,229927.00,2026-05-11,1
26,Winifred Bender,winifred.bender26@corp.com,Legal,Specialist,174349.00,2020-08-29,19
27,Patricia Davis,patricia.davis27@corp.com,Legal,Consultant,127994.00,2019-07-30,12
28,Rufus Sutton,rufus.sutton28@corp.com,IT,Manager,156080.00,2019-09-21,1
29,Bonnie Hale,bonnie.hale29@corp.com,HR,VP,59807.00,2019-10-09,28
30,Darlene Soto,darlene.soto30@corp.com,Finance,VP,88116.00,2025-03-07,17
31,Trevor Greer,trevor.greer31@corp.com,HR,VP,217233.00,2022-09-17,20
32,Raymond Ruiz,raymond.ruiz32@corp.com,Marketing,VP,60628.00,2018-07-17,7
33,Sondra Bean,sondra.bean33@corp.com,Engineering,Engineer,79127.00,2025-11-01,12
34,Doris Orr,doris.orr34@corp.com,HR,Coordinator,242992.00,2017-06-28,21
35,Salvador Larsen,salvador.larsen35@corp.com,Finance,Engineer,194229.00,2016-11-19,13
36,Esperanza Middleton,esperanza.middleton36@corp.com,Legal,Engineer,95782.00,2020-04-08,1
37,Lillian Berry,lillian.berry37@corp.com,Operations,Director,203103.00,2024-10-09,35
38,Lena Aguilar,lena.aguilar38@corp.com,R&D,Coordinator,229425.00,2020-01-05,19
39,Tracey Johnston,tracey.johnston39@corp.com,IT,Senior Engineer,221543.00,2025-10-04,25
40,Arlene Moon,arlene.moon40@corp.com,Engineering,Manager,187642.00,2023-02-21,28
41,Corey Howell,corey.howell41@corp.com,Engineering,Senior Engineer,94563.00,2017-04-23,29
42,Rolando Herman,rolando.herman42@corp.com,IT,Architect,150405.00,2022-09-29,38
43,Leila Roth,leila.roth43@corp.com,Customer Success,Architect,215078.00,2023-06-18,31
44,Jeffrey Diaz,jeffrey.diaz44@corp.com,Customer Success,Analyst,129540.00,2023-06-09,32
45,Fabian Joseph,fabian.joseph45@corp.com,HR,Analyst,71894.00,2018-05-01,25
46,Scott Howard,scott.howard46@corp.com,HR,Coordinator,77253.00,2017-07-28,37
47,Nelson Huff,nelson.huff47@corp.com,Legal,Consultant,196148.00,2025-02-13,18
48,Adrian Pacheco,adrian.pacheco48@corp.com,Sales,Architect,200292.00,2024-11-15,40
49,Elias Klein,elias.klein49@corp.com,Sales,Coordinator,197684.00,2016-08-21,38
50,Samantha Richardson,samantha.richardson50@corp.com,Legal,Engineer,196711.00,2019-10-15,2
51,Jodie Wiggins,jodie.wiggins51@corp.com,Finance,Director,246977.00,2022-04-05,29
52,Paula Wheeler,paula.wheeler52@corp.com,HR,Analyst,122620.00,2019-10-19,10
53,Shelia Horn,shelia.horn53@corp.com,Finance,Senior Engineer,169632.00,2026-06-16,5
54,Mateo Sherman,mateo.sherman54@corp.com,Customer Success,Director,211352.00,2018-03-10,17
55,Christian Carpenter,christian.carpenter55@corp.com,Sales,Consultant,184172.00,2019-07-18,43
56,Matthew Thompson,matthew.thompson56@corp.com,Legal,Consultant,75869.00,2017-12-28,43
57,Brittany Arnold,brittany.arnold57@corp.com,Sales,Specialist,187046.00,2024-02-24,41
58,Ollie Barton,ollie.barton58@corp.com,Operations,Specialist,46616.00,2025-05-08,4
59,Brittany Arnold,brittany.arnold59@corp.com,Marketing,Consultant,144151.00,2016-12-24,23
60,Angelo Pacheco,angelo.pacheco60@corp.com,IT,Engineer,133061.00,2019-07-22,47
61,Johnnie Valencia,johnnie.valencia61@corp.com,R&D,Engineer,177501.00,2025-09-16,14
62,Willie Nichols,willie.nichols62@corp.com,Legal,Coordinator,223001.00,2016-09-14,7
63,Roger Gibson,roger.gibson63@corp.com,R&D,Engineer,225974.00,2016-09-30,18
64,Nicholas Morales,nicholas.morales64@corp.com,Finance,Engineer,108718.00,2022-08-28,62
65,Dorian Serrano,dorian.serrano65@corp.com,Marketing,VP,201328.00,2020-04-04,59
66,Keith Ferguson,keith.ferguson66@corp.com,Operations,Specialist,69350.00,2019-07-11,26
67,Steven Walker,steven.walker67@corp.com,HR,Specialist,53942.00,2021-04-21,31
68,Jason Evans,jason.evans68@corp.com,Customer Success,Specialist,82896.00,2024-04-07,66
69,Genevieve Horn,genevieve.horn69@corp.com,Sales,Specialist,98696.00,2019-03-18,39
70,Joyce Butler,joyce.butler70@corp.com,Finance,Coordinator,164601.00,2021-02-15,45
71,Teresa Alexander,teresa.alexander71@corp.com,Marketing,Architect,99469.00,2019-05-22,4
72,Bobby Cervantes,bobby.cervantes72@corp.com,R&D,Engineer,104746.00,2020-03-02,47
73,Candy Wolf,candy.wolf73@corp.com,Operations,Architect,139688.00,2023-10-04,29
74,Lamont Velez,lamont.velez74@corp.com,R&D,VP,154528.00,2019-10-28,63
75,Cyrus Fuentes,cyrus.fuentes75@corp.com,R&D,Engineer,57256.00,2020-03-25,26
76,Kristine Ashley,kristine.ashley76@corp.com,Marketing,Architect,114809.00,2020-08-04,20
77,Emily King,emily.king77@corp.com,HR,Director,68846.00,2021-08-30,36
78,Reba Tyler,reba.tyler78@corp.com,Legal,Consultant,206467.00,2020-07-03,29
79,Lora Bender,lora.bender79@corp.com,Customer Success,Architect,102518.00,2018-08-09,35
80,Manuel Klein,manuel.klein80@corp.com,Legal,VP,127515.00,2020-08-02,79
81,Stella Delgado,stella.delgado81@corp.com,Legal,Specialist,188758.00,2019-02-27,28
82,Bettie Berg,bettie.berg82@corp.com,HR,Engineer,89086.00,2022-06-02,55
83,Carlos Graves,carlos.graves83@corp.com,Marketing,Senior Engineer,117194.00,2020-08-26,54
84,Dorothy Flores,dorothy.flores84@corp.com,R&D,Consultant,221156.00,2019-02-03,16
85,Nettie Buckner,nettie.buckner85@corp.com,IT,Analyst,186504.00,2021-06-18,38
86,Rod Gallagher,rod.gallagher86@corp.com,Engineering,Director,58333.00,2023-04-17,74
87,Myron Sexton,myron.sexton87@corp.com,Operations,VP,96165.00,2025-05-30,77
88,Virginia Russell,virginia.russell88@corp.com,HR,Engineer,126779.00,2021-02-10,18
89,Paul Allen,paul.allen89@corp.com,Sales,Engineer,112916.00,2025-06-23,29
90,Verna Krause,verna.krause90@corp.com,HR,VP,146593.00,2019-10-17,29
91,Jason Evans,jason.evans91@corp.com,Operations,Senior Engineer,152344.00,2024-01-19,89
92,Arthur Cole,arthur.cole92@corp.com,Legal,VP,242115.00,2019-10-02,53
93,Esperanza Middleton,esperanza.middleton93@corp.com,Operations,VP,244255.00,2024-11-03,9
94,Bennie Duffy,bennie.duffy94@corp.com,Sales,Analyst,161621.00,2023-08-29,79
95,Christian Carpenter,christian.carpenter95@corp.com,IT,Coordinator,128229.00,2026-02-09,66
96,Ramon Velez,ramon.velez96@corp.com,HR,Manager,146649.00,2025-08-23,46
97,Jodie Wiggins,jodie.wiggins97@corp.com,Sales,Coordinator,246061.00,2023-12-02,14
98,Rosalind Pena,rosalind.pena98@corp.com,R&D,VP,235967.00,2024-07-23,22
99,Loren Solis,loren.solis99@corp.com,Operations,Senior Engineer,228283.00,2018-03-30,22
100,Merle Hahn,merle.hahn100@corp.com,Finance,Consultant,198372.00,2019-04-22,5
101,Patricia Davis,patricia.davis101@corp.com,R&D,Director,227114.00,2023-01-24,55
102,Carl Wallace,carl.wallace102@corp.com,Legal,Coordinator,137138.00,2019-10-16,81
103,Becky Ericksen,becky.ericksen103@corp.com,Sales,Senior Engineer,218263.00,2023-06-08,87
104,Mateo Sherman,mateo.sherman104@corp.com,Engineering,VP,215947.00,2019-02-03,25
105,Lucile Sheppard,lucile.sheppard105@corp.com,Sales,Analyst,197143.00,2016-10-03,35
106,Eula Lindsey,eula.lindsey106@corp.com,Legal,Manager,50626.00,2023-01-31,96
107,Gabriel Spencer,gabriel.spencer107@corp.com,Operations,Coordinator,245287.00,2022-09-30,32
108,Rocco Parrish,rocco.parrish108@corp.com,Engineering,Architect,54738.00,2020-08-19,50
109,Sarah Thomas,sarah.thomas109@corp.com,Legal,Consultant,124619.00,2019-03-25,95
110,Myrtle Yates,myrtle.yates110@corp.com,R&D,Senior Engineer,71589.00,2024-08-14,75
111,Linda Jones,linda.jones111@corp.com,R&D,Engineer,91022.00,2025-08-13,49
112,Lowell Gates,lowell.gates112@corp.com,IT,Manager,171558.00,2017-03-10,110
113,Leola Olsen,leola.olsen113@corp.com,Engineering,Architect,98552.00,2022-04-03,26
114,Claudia Kinney,claudia.kinney114@corp.com,Engineering,Architect,248507.00,2025-06-12,95
115,Joe Kim,joe.kim115@corp.com,Customer Success,Director,232253.00,2020-04-28,65
116,Joseph Gonzalez,joseph.gonzalez116@corp.com,Finance,Senior Engineer,199951.00,2018-10-11,89
117,Dianne Potter,dianne.potter117@corp.com,Finance,Consultant,201777.00,2022-03-15,85
118,Katherine Brooks,katherine.brooks118@corp.com,HR,Manager,237035.00,2018-10-22,83
119,Noah Hart,noah.hart119@corp.com,Legal,Specialist,184939.00,2019-08-03,97
120,Andre Hampton,andre.hampton120@corp.com,Sales,Manager,197552.00,2019-02-21,19
121,Ryan Cruz,ryan.cruz121@corp.com,Operations,Manager,80981.00,2016-09-06,59
122,George Hall,george.hall122@corp.com,HR,Engineer,93879.00,2020-03-20,57
123,Jeannette Norton,jeannette.norton123@corp.com,Customer Success,Director,91332.00,2023-03-16,29
124,Angelo Nolan,angelo.nolan124@corp.com,Operations,Senior Engineer,247860.00,2019-08-20,64
125,Mariah Jimenez,mariah.jimenez125@corp.com,R&D,Analyst,104643.00,2018-06-19,110
126,Jose Sullivan,jose.sullivan126@corp.com,Marketing,VP,139276.00,2017-04-08,104
127,Kevin Green,kevin.green127@corp.com,IT,Specialist,215957.00,2017-06-28,110
128,Doreen Orr,doreen.orr128@corp.com,Legal,VP,143030.00,2024-07-21,21
129,Mable Norton,mable.norton129@corp.com,Finance,Coordinator,225119.00,2023-03-07,60
130,Hilda Blake,hilda.blake130@corp.com,Marketing,Specialist,133986.00,2022-12-13,61
131,Ernestine Gillespie,ernestine.gillespie131@corp.com,Sales,Senior Engineer,122601.00,2023-05-09,7
132,Doris Orr,doris.orr132@corp.com,Engineering,Manager,213509.00,2025-06-16,18
133,Aurora Andersen,aurora.andersen133@corp.com,Finance,VP,137706.00,2023-12-25,84
134,Donald Lewis,donald.lewis134@corp.com,HR,Senior Engineer,76874.00,2017-09-23,127
135,Patsy Glover,patsy.glover135@corp.com,HR,Analyst,114340.00,2024-08-27,79
136,Ruby Stone,ruby.stone136@corp.com,Operations,Director,73948.00,2021-05-21,83
137,Lucy Nash,lucy.nash137@corp.com,IT,Specialist,95748.00,2017-07-06,22
138,Roy Ray,roy.ray138@corp.com,IT,Consultant,68038.00,2023-11-05,129
139,Lyle Ware,lyle.ware139@corp.com,R&D,Senior Engineer,171249.00,2021-12-14,99
140,Lillie Castaneda,lillie.castaneda140@corp.com,Customer Success,Architect,87008.00,2019-08-27,124
141,Dixie Potter,dixie.potter141@corp.com,HR,Manager,86793.00,2026-02-15,107
142,Jana Castaneda,jana.castaneda142@corp.com,R&D,Manager,229704.00,2017-01-18,5
143,Blake Harvey,blake.harvey143@corp.com,Engineering,Engineer,207173.00,2022-06-14,5
144,Johnnie Valencia,johnnie.valencia144@corp.com,R&D,VP,170328.00,2019-03-29,142
145,Teri Valencia,teri.valencia145@corp.com,Customer Success,Architect,223624.00,2024-02-14,106
146,Shelby Horn,shelby.horn146@corp.com,HR,Architect,212475.00,2020-06-11,93
147,Forrest Brandt,forrest.brandt147@corp.com,Legal,Senior Engineer,181316.00,2017-03-26,87
148,Elena Lyons,elena.lyons148@corp.com,Legal,Analyst,226946.00,2017-01-06,121
149,Joesph Mckinney,joesph.mckinney149@corp.com,Engineering,Architect,133874.00,2020-07-17,118
150,Alberta York,alberta.york150@corp.com,HR,Consultant,226786.00,2017-09-27,42
151,Evan Chapman,evan.chapman151@corp.com,Engineering,Analyst,101070.00,2025-10-22,116
152,Julius Wilkins,julius.wilkins152@corp.com,Finance,VP,230088.00,2021-03-08,51
153,Gilbert Doyle,gilbert.doyle153@corp.com,Engineering,Specialist,56698.00,2026-02-10,69
154,Amy Morris,amy.morris154@corp.com,Marketing,Analyst,129707.00,2021-12-15,29
155,Jennie Salinas,jennie.salinas155@corp.com,Marketing,Analyst,155933.00,2020-12-29,99
156,Socorro Bean,socorro.bean156@corp.com,R&D,Analyst,197100.00,2021-10-27,40
157,Carroll Bullock,carroll.bullock157@corp.com,Legal,Engineer,84144.00,2022-02-21,156
158,Eleanor Vargas,eleanor.vargas158@corp.com,Marketing,Director,106759.00,2026-07-19,73
159,Leigh Leach,leigh.leach159@corp.com,Engineering,Architect,222307.00,2023-03-01,30
160,Johnnie Valencia,johnnie.valencia160@corp.com,Engineering,Engineer,59910.00,2017-12-02,30
161,Joan Barnes,joan.barnes161@corp.com,Marketing,Engineer,172475.00,2026-06-26,54
162,Christine Wood,christine.wood162@corp.com,Operations,Manager,185006.00,2020-02-04,49
163,Isaiah Lawson,isaiah.lawson163@corp.com,Legal,Architect,160416.00,2021-12-24,5
164,Jackie Higgins,jackie.higgins164@corp.com,Legal,Specialist,220478.00,2023-01-11,87
165,Alma Hutchinson,alma.hutchinson165@corp.com,Marketing,Specialist,133094.00,2025-06-11,12
166,Verna Krause,verna.krause166@corp.com,Sales,Coordinator,58886.00,2024-07-14,16
167,Billie Wiggins,billie.wiggins167@corp.com,Operations,Coordinator,181396.00,2023-09-11,61
168,Mamie Rollins,mamie.rollins168@corp.com,Legal,Specialist,69357.00,2023-06-04,115
169,James Smith,james.smith169@corp.com,Operations,Consultant,71517.00,2024-03-25,47
170,Christina Ellis,christina.ellis170@corp.com,Engineering,Director,181971.00,2017-07-25,72
171,Jennie Salinas,jennie.salinas171@corp.com,Operations,Director,68266.00,2021-07-28,82
172,Michael Brown,michael.brown172@corp.com,Sales,Senior Engineer,94225.00,2022-10-25,18
173,Linda Jones,linda.jones173@corp.com,Sales,Analyst,96955.00,2020-11-12,14
174,Brady Conway,brady.conway174@corp.com,Marketing,Coordinator,162094.00,2018-01-11,118
175,Daron Hess,daron.hess175@corp.com,Finance,Director,170575.00,2018-08-25,53
176,Rolland Buck,rolland.buck176@corp.com,Marketing,Director,218009.00,2022-11-05,102
177,Terry Ford,terry.ford177@corp.com,Engineering,Consultant,111731.00,2019-11-21,130
178,Elma Salinas,elma.salinas178@corp.com,Finance,VP,237159.00,2019-07-17,4
179,Connor Ortiz,connor.ortiz179@corp.com,Sales,Consultant,91617.00,2022-03-28,145
180,Lynnette Donaldson,lynnette.donaldson180@corp.com,Operations,Manager,53184.00,2025-11-22,141
181,Kyle Hamilton,kyle.hamilton181@corp.com,Sales,Senior Engineer,95190.00,2021-12-15,76
182,Alan Pierce,alan.pierce182@corp.com,Sales,Manager,161159.00,2023-08-25,43
183,Shelley Ericksen,shelley.ericksen183@corp.com,Marketing,Director,48687.00,2020-07-03,107
184,Brady Conway,brady.conway184@corp.com,Engineering,Engineer,138058.00,2025-10-07,166
185,Adam Coleman,adam.coleman185@corp.com,Sales,Analyst,138053.00,2023-10-24,47
186,Noreen Yates,noreen.yates186@corp.com,Operations,Specialist,190053.00,2023-09-06,99
187,Tami Mclean,tami.mclean187@corp.com,Legal,Manager,54471.00,2017-06-13,51
188,Loren Solis,loren.solis188@corp.com,Sales,Manager,102182.00,2017-10-13,38
189,Madeline Mays,madeline.mays189@corp.com,R&D,Director,68599.00,2023-09-09,86
190,Dwayne Conway,dwayne.conway190@corp.com,IT,Senior Engineer,100799.00,2019-10-16,8
191,Elena Lyons,elena.lyons191@corp.com,Sales,Specialist,173459.00,2020-03-12,54
192,Christian Carpenter,christian.carpenter192@corp.com,Finance,Senior Engineer,180134.00,2019-10-11,16
193,Marsha Fleming,marsha.fleming193@corp.com,Finance,Analyst,152723.00,2024-11-30,98
194,Jeannine Krause,jeannine.krause194@corp.com,R&D,Director,131310.00,2024-06-24,38
195,Nadine Grimes,nadine.grimes195@corp.com,Sales,Director,172098.00,2017-01-05,35
196,Rocco Brennan,rocco.brennan196@corp.com,Marketing,Coordinator,190679.00,2025-09-18,68
197,Verna Krause,verna.krause197@corp.com,Marketing,Manager,126345.00,2022-12-06,128
198,Etta Rosales,etta.rosales198@corp.com,Finance,Coordinator,157770.00,2023-08-09,99
199,Dolly Lambert,dolly.lambert199@corp.com,Sales,Director,200020.00,2020-11-22,102
200,Andre Hampton,andre.hampton200@corp.com,Marketing,Coordinator,69823.00,2022-07-11,8
201,Rudy Sutton,rudy.sutton201@corp.com,Finance,Senior Engineer,247179.00,2023-06-21,176
202,Rafael Schneider,rafael.schneider202@corp.com,HR,Architect,108315.00,2021-03-17,54
203,Rufus Sutton,rufus.sutton203@corp.com,Sales,Manager,168732.00,2025-04-27,44
204,Garry Huff,garry.huff204@corp.com,R&D,Senior Engineer,212595.00,2021-10-06,162
205,Miriam Berg,miriam.berg205@corp.com,HR,Director,140609.00,2022-11-01,38
206,Theresa Austin,theresa.austin206@corp.com,Engineering,Manager,114205.00,2024-01-07,67
207,Evelyn Fisher,evelyn.fisher207@corp.com,Legal,Architect,175402.00,2024-04-18,74
208,Daniel Lee,daniel.lee208@corp.com,Customer Success,Consultant,121827.00,2021-04-23,57
209,Tammy Franklin,tammy.franklin209@corp.com,R&D,VP,94672.00,2019-12-19,155
210,Pamela Bailey,pamela.bailey210@corp.com,Customer Success,Director,137134.00,2025-08-04,58
211,Teri Valencia,teri.valencia211@corp.com,Engineering,Director,77461.00,2022-06-14,96
212,Lawrence Owens,lawrence.owens212@corp.com,Legal,Manager,132196.00,2022-06-27,41
213,Stephen Morgan,stephen.morgan213@corp.com,Sales,Manager,235999.00,2018-11-16,76
214,Rufus Sutton,rufus.sutton214@corp.com,Sales,Analyst,51097.00,2021-08-06,72
215,Rolando Hammond,rolando.hammond215@corp.com,Customer Success,Engineer,175512.00,2016-12-15,123
216,Marie Watkins,marie.watkins216@corp.com,Customer Success,Manager,70820.00,2021-03-30,20
217,Catherine Hughes,catherine.hughes217@corp.com,Customer Success,Analyst,134194.00,2022-09-26,192
218,Salvatore Odonnell,salvatore.odonnell218@corp.com,Sales,Director,233498.00,2020-01-07,34
219,Ollie Barton,ollie.barton219@corp.com,Sales,Manager,127120.00,2021-06-14,61
220,Angela Murphy,angela.murphy220@corp.com,Customer Success,Director,225728.00,2020-02-04,179
221,Jaime Booker,jaime.booker221@corp.com,Engineering,Director,197215.00,2019-01-17,140
222,Hilda Blake,hilda.blake222@corp.com,Sales,Architect,138934.00,2025-04-24,40
223,Blake Harvey,blake.harvey223@corp.com,Sales,Director,218020.00,2019-05-28,48
224,Ann Marshall,ann.marshall224@corp.com,Engineering,Director,189870.00,2017-12-07,69
225,Trevor Greer,trevor.greer225@corp.com,Finance,Analyst,229039.00,2016-08-03,106
226,Aaron Powell,aaron.powell226@corp.com,Sales,Manager,113437.00,2023-04-07,163
227,Evelyn Fisher,evelyn.fisher227@corp.com,Finance,Coordinator,100732.00,2020-11-21,121
228,William Miller,william.miller228@corp.com,Legal,Coordinator,228203.00,2021-06-15,104
229,Dino Decker,dino.decker229@corp.com,Finance,Engineer,165583.00,2017-03-16,177
230,Eunice Conley,eunice.conley230@corp.com,Marketing,VP,66385.00,2025-02-06,98
231,Grant Sutton,grant.sutton231@corp.com,Sales,Analyst,75342.00,2022-02-13,186
232,Candy Wolf,candy.wolf232@corp.com,Marketing,Manager,60140.00,2026-05-04,82
233,Dianne Potter,dianne.potter233@corp.com,HR,Manager,117354.00,2021-03-13,41
234,Anna Ortiz,anna.ortiz234@corp.com,Sales,Engineer,63406.00,2020-01-12,22
235,Colleen Richards,colleen.richards235@corp.com,R&D,Senior Engineer,68466.00,2020-08-01,145
236,Susie Valencia,susie.valencia236@corp.com,Finance,Coordinator,152913.00,2019-04-07,91
237,Miriam Berg,miriam.berg237@corp.com,Legal,Specialist,53406.00,2024-09-23,96
238,Estelle Hays,estelle.hays238@corp.com,Engineering,Coordinator,107094.00,2020-11-17,198
239,Devin Burton,devin.burton239@corp.com,HR,Analyst,48582.00,2017-09-25,93
240,Joann Sullivan,joann.sullivan240@corp.com,Sales,Analyst,247755.00,2018-10-11,212
241,Stephanie Roberts,stephanie.roberts241@corp.com,Marketing,Consultant,52645.00,2019-03-23,20
242,Vernon Hood,vernon.hood242@corp.com,R&D,VP,170641.00,2022-06-19,186
243,Lorene Vaughan,lorene.vaughan243@corp.com,Legal,Manager,154294.00,2023-07-14,198
244,Giovanni Koch,giovanni.koch244@corp.com,HR,Engineer,120659.00,2021-06-23,102
245,Marcia Jennings,marcia.jennings245@corp.com,Sales,Engineer,169559.00,2022-03-13,146
246,Aida Lindsey,aida.lindsey246@corp.com,Marketing,Coordinator,56268.00,2024-01-15,169
247,Debra Bennett,debra.bennett247@corp.com,Legal,Engineer,173721.00,2023-05-29,44
248,Russell Duncan,russell.duncan248@corp.com,IT,Director,143276.00,2019-08-20,53
249,Alma Hutchinson,alma.hutchinson249@corp.com,Marketing,Senior Engineer,176088.00,2019-03-05,228
250,Lamont Velez,lamont.velez250@corp.com,Operations,Senior Engineer,126020.00,2021-03-26,95
251,Rodolfo Gallagher,rodolfo.gallagher251@corp.com,Legal,Architect,144412.00,2023-12-27,32
252,Ian Morrison,ian.morrison252@corp.com,Finance,Engineer,154191.00,2024-02-06,250
253,Cathy Hobbs,cathy.hobbs253@corp.com,Operations,VP,133929.00,2025-07-06,208
254,Beverly Weaver,beverly.weaver254@corp.com,Legal,VP,115684.00,2021-01-07,57
255,Clark Doyle,clark.doyle255@corp.com,Legal,Director,136671.00,2018-07-07,125
256,Wilbert Lambert,wilbert.lambert256@corp.com,Engineering,Architect,245384.00,2018-02-02,153
257,Winifred Bender,winifred.bender257@corp.com,Customer Success,Analyst,57386.00,2017-07-21,51
258,Lucille Calderon,lucille.calderon258@corp.com,HR,Director,173570.00,2023-06-21,73
259,Deborah Mitchell,deborah.mitchell259@corp.com,HR,Coordinator,207899.00,2019-03-28,164
260,Freddie Rubio,freddie.rubio260@corp.com,Marketing,Manager,82052.00,2023-01-07,28
261,Daren Booth,daren.booth261@corp.com,Engineering,Manager,157023.00,2023-07-15,231
262,Kirk Hurst,kirk.hurst262@corp.com,Customer Success,Director,90044.00,2018-06-25,201
263,Julie Bell,julie.bell263@corp.com,HR,Senior Engineer,102722.00,2025-07-30,193
264,Candy Wolf,candy.wolf264@corp.com,Customer Success,Manager,122789.00,2020-07-21,180
265,Garrett Huff,garrett.huff265@corp.com,IT,Analyst,107498.00,2017-12-25,38
266,Lillian Berry,lillian.berry266@corp.com,Customer Success,Analyst,52212.00,2022-09-28,137
267,Rosie Mora,rosie.mora267@corp.com,Marketing,Coordinator,74479.00,2026-01-18,194
268,Jack Castillo,jack.castillo268@corp.com,Customer Success,Specialist,108920.00,2022-10-31,76
269,Julie Bell,julie.bell269@corp.com,Operations,Senior Engineer,190950.00,2025-02-19,152
270,Dino Decker,dino.decker270@corp.com,IT,Engineer,239204.00,2019-05-17,166
271,Cynthia Edwards,cynthia.edwards271@corp.com,Legal,Architect,214729.00,2021-03-31,210
272,Clark Doyle,clark.doyle272@corp.com,Marketing,Architect,248796.00,2022-07-24,19
273,Lillian Berry,lillian.berry273@corp.com,R&D,VP,175154.00,2026-07-10,263
274,Lana Middleton,lana.middleton274@corp.com,Marketing,Engineer,240820.00,2025-09-04,189
275,Alexander Gray,alexander.gray275@corp.com,Operations,Specialist,160183.00,2025-07-29,29
276,Devin Burton,devin.burton276@corp.com,Engineering,Manager,243974.00,2025-08-16,275
277,Lynnette Donaldson,lynnette.donaldson277@corp.com,Sales,Engineer,238831.00,2023-12-13,191
278,Rafael Schneider,rafael.schneider278@corp.com,R&D,Consultant,122528.00,2026-07-03,139
279,Dewayne Solis,dewayne.solis279@corp.com,Marketing,Specialist,185756.00,2022-03-05,84
280,Denise Grant,denise.grant280@corp.com,Operations,Architect,245102.00,2020-06-23,80
281,Nina Browning,nina.browning281@corp.com,Engineering,Specialist,224406.00,2016-11-20,132
282,Thomas Anderson,thomas.anderson282@corp.com,Sales,Architect,201212.00,2021-11-07,9
283,Hilda Blake,hilda.blake283@corp.com,Marketing,Engineer,172426.00,2023-04-05,238
284,Derek Bishop,derek.bishop284@corp.com,IT,Specialist,190071.00,2016-07-27,163
285,Walter Patterson,walter.patterson285@corp.com,Finance,Manager,119963.00,2017-04-12,99
286,Marshall Barton,marshall.barton286@corp.com,R&D,Manager,110643.00,2024-04-30,223
287,Maria Garcia,maria.garcia287@corp.com,Engineering,Senior Engineer,154738.00,2021-12-25,32
288,Danielle Hudson,danielle.hudson288@corp.com,R&D,VP,197287.00,2017-10-14,76
289,Adam Coleman,adam.coleman289@corp.com,Marketing,Engineer,52586.00,2023-08-08,213
290,Bettie Berg,bettie.berg290@corp.com,Operations,Director,147301.00,2017-10-17,191
291,Corinne Tyler,corinne.tyler291@corp.com,Sales,Manager,85115.00,2026-05-17,112
292,Robin Winters,robin.winters292@corp.com,IT,VP,126629.00,2023-05-28,89
293,Julia Ruiz,julia.ruiz293@corp.com,Finance,Director,48970.00,2018-03-14,168
294,Kurtis Tate,kurtis.tate294@corp.com,R&D,Architect,242200.00,2017-09-09,141
295,Rashad Villarreal,rashad.villarreal295@corp.com,Customer Success,VP,239734.00,2024-11-16,167
296,Corey Howell,corey.howell296@corp.com,Legal,Specialist,52013.00,2018-10-24,289
297,Lawrence Owens,lawrence.owens297@corp.com,Sales,Senior Engineer,117276.00,2024-04-28,68
298,Darnell Sharp,darnell.sharp298@corp.com,Customer Success,Analyst,206286.00,2018-07-18,255
299,Betty White,betty.white299@corp.com,R&D,Senior Engineer,133089.00,2018-03-08,107
300,Leticia Klein,leticia.klein300@corp.com,Customer Success,Engineer,84002.00,2023-09-13,45
301,Eric Cook,eric.cook301@corp.com,Engineering,Architect,215426.00,2021-03-01,126
302,Moshe Stein,moshe.stein302@corp.com,Marketing,Architect,204406.00,2016-08-24,46
303,Solomon Wilkins,solomon.wilkins303@corp.com,Customer Success,Specialist,63139.00,2018-10-04,87
304,Troy Joseph,troy.joseph304@corp.com,Sales,Analyst,88244.00,2021-09-11,103
305,Elva Roach,elva.roach305@corp.com,Engineering,Engineer,191696.00,2025-04-23,111
306,Moshe Stein,moshe.stein306@corp.com,HR,Analyst,193013.00,2024-10-07,18
307,Luther Heath,luther.heath307@corp.com,Sales,Coordinator,248566.00,2019-01-19,145
308,Kevin Green,kevin.green308@corp.com,R&D,Engineer,211747.00,2019-02-09,86
309,Jennie Salinas,jennie.salinas309@corp.com,R&D,Architect,98108.00,2019-11-26,295
310,Ola Baxter,ola.baxter310@corp.com,Sales,Manager,85826.00,2025-11-29,267
311,Wesley Todd,wesley.todd311@corp.com,Sales,Consultant,172638.00,2023-07-03,11
312,Rolando Hammond,rolando.hammond312@corp.com,HR,VP,56027.00,2016-11-17,88
313,Connor Ortiz,connor.ortiz313@corp.com,Customer Success,Specialist,182381.00,2024-09-22,245
314,Derek Bishop,derek.bishop314@corp.com,Sales,Manager,231780.00,2017-07-19,160
315,Tracy Alvarez,tracy.alvarez315@corp.com,Engineering,VP,211656.00,2025-10-20,270
316,Maureen Fields,maureen.fields316@corp.com,Customer Success,Engineer,173630.00,2024-12-17,113
317,Nell Wiley,nell.wiley317@corp.com,IT,Coordinator,158226.00,2024-02-20,298
318,Jeri Charles,jeri.charles318@corp.com,Finance,Architect,73924.00,2020-01-10,186
319,Samuel Watson,samuel.watson319@corp.com,Sales,Manager,222242.00,2018-03-28,187
320,Carlos Graves,carlos.graves320@corp.com,Finance,Engineer,108398.00,2025-06-20,188
321,Leonard Wade,leonard.wade321@corp.com,Marketing,Analyst,142266.00,2019-06-09,319
322,Suzanne Holland,suzanne.holland322@corp.com,Legal,Specialist,201878.00,2025-03-01,181
323,Thomas Anderson,thomas.anderson323@corp.com,Legal,Analyst,45366.00,2026-01-02,313
324,Ricardo Tapia,ricardo.tapia324@corp.com,Finance,Coordinator,137481.00,2021-05-29,60
325,Dixie Potter,dixie.potter325@corp.com,Engineering,VP,110700.00,2024-05-08,223
326,Rolland Buck,rolland.buck326@corp.com,Sales,Director,106082.00,2024-07-19,61
327,Erin Meyer,erin.meyer327@corp.com,R&D,Analyst,94188.00,2023-03-27,147
328,Henry Perry,henry.perry328@corp.com,Legal,Coordinator,187757.00,2017-01-07,145
329,Dallas Frederick,dallas.frederick329@corp.com,HR,Manager,174544.00,2021-05-30,150
330,Pamela Bailey,pamela.bailey330@corp.com,HR,Consultant,94327.00,2019-09-24,299
331,Hector Lambert,hector.lambert331@corp.com,HR,Coordinator,175396.00,2021-03-02,82
332,James Smith,james.smith332@corp.com,Finance,VP,73051.00,2016-10-05,86
333,Rebecca Phillips,rebecca.phillips333@corp.com,IT,VP,226130.00,2021-04-29,47
334,Ian Morrison,ian.morrison334@corp.com,Operations,Consultant,212504.00,2022-11-11,63
335,Suzanne Holland,suzanne.holland335@corp.com,Legal,Senior Engineer,153052.00,2026-01-03,303
336,Mateo Sherman,mateo.sherman336@corp.com,Legal,Architect,113135.00,2021-10-18,280
337,Noah Hart,noah.hart337@corp.com,R&D,Consultant,234262.00,2017-08-07,273
338,Raul Morse,raul.morse338@corp.com,R&D,Specialist,66753.00,2021-09-06,206
339,Elena Lyons,elena.lyons339@corp.com,Customer Success,VP,97796.00,2021-11-09,79
340,Adrian Pacheco,adrian.pacheco340@corp.com,Marketing,VP,188168.00,2022-05-08,27
341,Lisa Perez,lisa.perez341@corp.com,Customer Success,Director,165012.00,2019-10-19,1
342,Jane Ryan,jane.ryan342@corp.com,Finance,Manager,47217.00,2016-09-27,54
343,Sergio Mcgee,sergio.mcgee343@corp.com,Sales,Senior Engineer,163920.00,2026-04-08,284
344,Cecilia Brock,cecilia.brock344@corp.com,Finance,Senior Engineer,235248.00,2021-08-26,302
345,Carmen Ware,carmen.ware345@corp.com,Marketing,Director,241565.00,2024-11-08,30
346,Robert Williamson,robert.williamson346@corp.com,Customer Success,Architect,131392.00,2024-04-20,96
347,Karen Moore,karen.moore347@corp.com,Engineering,Manager,93598.00,2022-06-15,326
348,Cole Bennett,cole.bennett348@corp.com,Engineering,Senior Engineer,210776.00,2017-11-22,104
349,Marsha Fleming,marsha.fleming349@corp.com,Marketing,Engineer,105631.00,2025-02-19,309
350,Rudy Black,rudy.black350@corp.com,Sales,Analyst,137588.00,2017-09-10,190
351,Cecelia Becker,cecelia.becker351@corp.com,Customer Success,Senior Engineer,216333.00,2017-08-19,9
352,Diane Jenkins,diane.jenkins352@corp.com,IT,Coordinator,96574.00,2026-01-15,90
353,Kristen Little,kristen.little353@corp.com,HR,VP,149370.00,2016-11-17,154
354,Noreen Yates,noreen.yates354@corp.com,Sales,Analyst,65318.00,2024-07-20,299
355,Dick Decker,dick.decker355@corp.com,R&D,Director,190009.00,2020-03-28,216
356,Rocco Parrish,rocco.parrish356@corp.com,IT,Consultant,219573.00,2018-10-20,331
357,Merle Hahn,merle.hahn357@corp.com,Finance,Specialist,194549.00,2019-11-11,278
358,Bradford Mcclure,bradford.mcclure358@corp.com,Marketing,Coordinator,188624.00,2025-03-24,5
359,Noreen Yates,noreen.yates359@corp.com,Legal,Engineer,228468.00,2024-06-28,261
360,Shelby Horn,shelby.horn360@corp.com,Finance,Engineer,120232.00,2019-07-31,68
361,Loren Solis,loren.solis361@corp.com,IT,Architect,139766.00,2024-07-04,195
362,Darius Nicholson,darius.nicholson362@corp.com,IT,Engineer,172204.00,2019-02-05,143
363,Rashawn Villarreal,rashawn.villarreal363@corp.com,Finance,Architect,48230.00,2018-11-30,157
364,Lamont Velez,lamont.velez364@corp.com,Legal,Manager,236668.00,2024-05-17,265
365,Tyson Oneal,tyson.oneal365@corp.com,IT,Senior Engineer,169283.00,2025-06-15,267
366,Sondra Bean,sondra.bean366@corp.com,Engineering,Specialist,236476.00,2017-04-12,134
367,Hector Fuentes,hector.fuentes367@corp.com,HR,Engineer,236051.00,2023-01-31,284
368,Richard Hernandez,richard.hernandez368@corp.com,Sales,VP,168996.00,2021-08-17,89
369,Beatrice Olsen,beatrice.olsen369@corp.com,HR,Consultant,215056.00,2016-11-16,264
370,Angelo Nolan,angelo.nolan370@corp.com,Engineering,Director,97377.00,2019-12-05,339
371,Noreen Yates,noreen.yates371@corp.com,Marketing,Architect,146024.00,2023-04-07,333
372,Sarah Thomas,sarah.thomas372@corp.com,Engineering,VP,80957.00,2018-06-03,185
373,Marci Franco,marci.franco373@corp.com,R&D,VP,150201.00,2026-01-28,109
374,Mildred Snyder,mildred.snyder374@corp.com,Engineering,Coordinator,118836.00,2020-08-28,117
375,Morgan Hansen,morgan.hansen375@corp.com,R&D,Engineer,155744.00,2025-02-07,333
376,Roslyn Browning,roslyn.browning376@corp.com,Operations,VP,208617.00,2021-02-27,111
377,Kathryn Hayes,kathryn.hayes377@corp.com,R&D,Consultant,182438.00,2022-10-08,341
378,Fannie Hutchinson,fannie.hutchinson378@corp.com,Engineering,Manager,184508.00,2025-06-27,38
379,Cathleen Rosario,cathleen.rosario379@corp.com,Marketing,VP,195382.00,2021-09-29,232
380,Raul Morse,raul.morse380@corp.com,Customer Success,Engineer,209581.00,2017-06-24,261
381,Leah Costa,leah.costa381@corp.com,R&D,Architect,195168.00,2019-11-22,269
382,Lyle Ware,lyle.ware382@corp.com,Engineering,Coordinator,226840.00,2019-04-04,237
383,Calvin Ortega,calvin.ortega383@corp.com,Legal,VP,102521.00,2020-08-01,379
384,Martha Dunn,martha.dunn384@corp.com,Marketing,Architect,167180.00,2016-12-30,58
385,Arthur Cole,arthur.cole385@corp.com,R&D,Director,140108.00,2021-09-18,19
386,Yolanda Roth,yolanda.roth386@corp.com,Operations,VP,183338.00,2024-05-04,339
387,Darnell Sharp,darnell.sharp387@corp.com,HR,Director,111768.00,2020-11-02,25
388,Joanne Wheeler,joanne.wheeler388@corp.com,Engineering,Coordinator,67137.00,2022-08-31,250
389,Donnie Sharp,donnie.sharp389@corp.com,Finance,Senior Engineer,182755.00,2020-02-16,259
390,Erin Meyer,erin.meyer390@corp.com,HR,Specialist,200810.00,2020-01-07,214
391,Patsy Glover,patsy.glover391@corp.com,Finance,Director,226359.00,2018-12-14,33
392,Lorene Vaughan,lorene.vaughan392@corp.com,Sales,VP,60874.00,2024-06-06,215
393,Carroll Bullock,carroll.bullock393@corp.com,Operations,Consultant,75071.00,2026-01-27,269
394,Suzanne Holland,suzanne.holland394@corp.com,Finance,VP,131608.00,2018-09-10,153
395,Vernon Hood,vernon.hood395@corp.com,R&D,Manager,84088.00,2023-11-10,103
396,Betty White,betty.white396@corp.com,HR,Consultant,159078.00,2022-09-05,59
397,Rex Baird,rex.baird397@corp.com,Customer Success,Consultant,215753.00,2019-12-24,37
398,Dixie Potter,dixie.potter398@corp.com,R&D,Manager,191539.00,2016-12-24,150
399,Rafael Schneider,rafael.schneider399@corp.com,Engineering,Engineer,168577.00,2018-08-01,38
400,Rusty Berg,rusty.berg400@corp.com,Legal,Analyst,91086.00,2018-03-05,248
401,Cody Parsons,cody.parsons401@corp.com,Engineering,Director,199849.00,2025-08-04,53
402,Ralph Olson,ralph.olson402@corp.com,Engineering,Senior Engineer,103054.00,2017-01-02,38
403,Elizabeth Martinez,elizabeth.martinez403@corp.com,Legal,Engineer,189299.00,2025-12-13,134
404,Eric Cook,eric.cook404@corp.com,HR,VP,203648.00,2023-03-28,390
405,Monica Stanley,monica.stanley405@corp.com,R&D,Specialist,200242.00,2024-05-04,29
406,Connie Gross,connie.gross406@corp.com,Marketing,Senior Engineer,246882.00,2019-03-08,316
407,Lourdes Shepard,lourdes.shepard407@corp.com,Marketing,Consultant,166322.00,2016-10-05,255
408,Gustavo Pitts,gustavo.pitts408@corp.com,Operations,Architect,249996.00,2017-03-13,220
409,Billie Wiggins,billie.wiggins409@corp.com,HR,Architect,100994.00,2018-12-11,326
410,Amber Chavez,amber.chavez410@corp.com,Marketing,Analyst,156011.00,2025-10-12,323
411,Lillie Castaneda,lillie.castaneda411@corp.com,R&D,Architect,238871.00,2021-02-04,112
412,Mable Norton,mable.norton412@corp.com,Legal,Coordinator,111536.00,2021-12-22,17
413,Brittany Arnold,brittany.arnold413@corp.com,Finance,Engineer,74361.00,2019-06-26,156
414,Blake Harvey,blake.harvey414@corp.com,HR,Director,166517.00,2018-10-08,4
415,Rene Ware,rene.ware415@corp.com,Operations,Engineer,221471.00,2023-08-21,86
416,Rusty Berg,rusty.berg416@corp.com,Sales,Architect,232525.00,2026-03-28,401
417,Janelle Castaneda,janelle.castaneda417@corp.com,Legal,Manager,192687.00,2023-01-30,292
418,Dante Wilcox,dante.wilcox418@corp.com,IT,Director,167400.00,2017-10-11,193
419,Nadine Grimes,nadine.grimes419@corp.com,Legal,Senior Engineer,82157.00,2023-10-06,102
420,Judith Bryant,judith.bryant420@corp.com,Marketing,Senior Engineer,218895.00,2025-11-15,11
421,Melissa Rivera,melissa.rivera421@corp.com,Operations,Manager,239390.00,2022-03-02,105
422,Morgan Hansen,morgan.hansen422@corp.com,R&D,Engineer,103789.00,2020-04-25,351
423,Alice Murray,alice.murray423@corp.com,Sales,Engineer,230508.00,2019-12-13,131
424,Lillie Castaneda,lillie.castaneda424@corp.com,Finance,Coordinator,165850.00,2025-02-18,358
425,Bruce Perkins,bruce.perkins425@corp.com,Operations,Engineer,143151.00,2022-06-14,135
426,Mae Donovan,mae.donovan426@corp.com,Operations,Engineer,103635.00,2020-02-04,250
427,Christina Ellis,christina.ellis427@corp.com,Legal,Senior Engineer,247781.00,2025-08-31,69
428,Benjamin Ward,benjamin.ward428@corp.com,IT,Engineer,202933.00,2023-12-20,397
429,Teri Valencia,teri.valencia429@corp.com,IT,Specialist,167699.00,2024-06-16,18
430,Rashawn Villarreal,rashawn.villarreal430@corp.com,Sales,Senior Engineer,103543.00,2023-06-05,191
431,Nola Rosales,nola.rosales431@corp.com,Legal,Architect,112261.00,2024-03-17,148
432,Ruth Myers,ruth.myers432@corp.com,Legal,Architect,146587.00,2019-03-07,25
433,Socorro Bean,socorro.bean433@corp.com,Marketing,Coordinator,219744.00,2021-10-26,40
434,Shane Stevens,shane.stevens434@corp.com,Customer Success,Analyst,245288.00,2021-09-26,404
435,Terrence Brennan,terrence.brennan435@corp.com,Operations,Coordinator,240263.00,2021-05-08,44
436,Ruby Stone,ruby.stone436@corp.com,Sales,Manager,114478.00,2017-06-21,4
437,Glenda Reid,glenda.reid437@corp.com,Finance,Coordinator,101885.00,2021-05-20,226
438,Kathryn Hayes,kathryn.hayes438@corp.com,R&D,Analyst,248132.00,2024-02-16,82
439,Rosie Hahn,rosie.hahn439@corp.com,HR,Analyst,182185.00,2024-11-20,145
440,Mabel Donaldson,mabel.donaldson440@corp.com,IT,Consultant,174044.00,2022-02-20,104
441,Tyler Foster,tyler.foster441@corp.com,R&D,Engineer,69929.00,2021-03-14,428
442,Felix Whitehead,felix.whitehead442@corp.com,Operations,Architect,179357.00,2025-11-26,280
443,Rene Booker,rene.booker443@corp.com,Customer Success,Consultant,238083.00,2024-05-11,360
444,Jack Castillo,jack.castillo444@corp.com,Customer Success,Senior Engineer,124681.00,2024-04-03,136
445,Nathan Gonzales,nathan.gonzales445@corp.com,IT,Senior Engineer,111293.00,2024-05-27,367
446,Ronald Carter,ronald.carter446@corp.com,IT,Analyst,235887.00,2019-02-10,351
447,Johnnie Valencia,johnnie.valencia447@corp.com,HR,Director,127454.00,2020-02-15,232
448,Jackie Higgins,jackie.higgins448@corp.com,IT,Senior Engineer,222108.00,2021-10-20,316
449,Rashawn Villarreal,rashawn.villarreal449@corp.com,HR,Analyst,205905.00,2020-07-31,276
450,Austin Harper,austin.harper450@corp.com,Legal,Coordinator,196255.00,2019-05-24,271
451,Rudy Black,rudy.black451@corp.com,IT,Consultant,143104.00,2016-08-06,204
452,Olga Mora,olga.mora452@corp.com,Sales,Manager,50282.00,2018-06-26,278
453,Eric Cook,eric.cook453@corp.com,IT,Architect,72263.00,2026-06-28,372
454,Dolly Lambert,dolly.lambert454@corp.com,Customer Success,Manager,244323.00,2018-12-08,281
455,Salvador Larsen,salvador.larsen455@corp.com,Marketing,Engineer,226089.00,2019-05-04,63
456,Christian Carpenter,christian.carpenter456@corp.com,Finance,Manager,240140.00,2025-12-31,303
457,Julius Wilkins,julius.wilkins457@corp.com,Operations,Coordinator,87594.00,2020-12-11,402
458,Rene Booker,rene.booker458@corp.com,HR,Engineer,189575.00,2023-12-21,299
459,Della Mercer,della.mercer459@corp.com,IT,Coordinator,130422.00,2018-08-15,223
460,Jarrod Schneider,jarrod.schneider460@corp.com,Engineering,Engineer,201937.00,2025-02-08,304
461,Jayden Williamson,jayden.williamson461@corp.com,Sales,Engineer,211642.00,2018-06-23,330
462,Jack Castillo,jack.castillo462@corp.com,Marketing,Specialist,52599.00,2024-08-28,333
463,Lucille Calderon,lucille.calderon463@corp.com,IT,Manager,134630.00,2023-10-17,391
464,Mae Donovan,mae.donovan464@corp.com,R&D,Senior Engineer,237964.00,2018-06-26,197
465,Don Morse,don.morse465@corp.com,Marketing,Consultant,77455.00,2017-04-01,84
466,Alonzo Parrish,alonzo.parrish466@corp.com,Operations,Engineer,205064.00,2022-08-24,433
467,Susan Lopez,susan.lopez467@corp.com,HR,Manager,152857.00,2017-12-31,218
468,Dewayne Solis,dewayne.solis468@corp.com,R&D,Consultant,115686.00,2025-02-07,129
469,Daron Hess,daron.hess469@corp.com,Engineering,Analyst,145171.00,2022-05-03,407
470,Guadalupe Stanley,guadalupe.stanley470@corp.com,IT,Director,156573.00,2018-10-23,321
471,Bennie Duffy,bennie.duffy471@corp.com,Customer Success,Manager,135980.00,2023-10-12,193
472,Nathaniel Mckinney,nathaniel.mckinney472@corp.com,Customer Success,Architect,122499.00,2018-08-20,99
473,Patsy Glover,patsy.glover473@corp.com,Finance,Manager,143415.00,2025-09-11,358
474,Alma Hutchinson,alma.hutchinson474@corp.com,IT,Specialist,147958.00,2025-01-03,241
475,Rory Sawyer,rory.sawyer475@corp.com,HR,Coordinator,226645.00,2020-03-19,22
476,Dora Acosta,dora.acosta476@corp.com,Legal,Analyst,144168.00,2023-07-02,378
477,Cynthia Edwards,cynthia.edwards477@corp.com,Marketing,Consultant,201214.00,2021-09-18,19
478,Lynette Donaldson,lynette.donaldson478@corp.com,Finance,Manager,180150.00,2016-07-29,316
479,Jill McCoy,jill.mccoy479@corp.com,Sales,Engineer,160788.00,2023-03-30,111
480,Grace Fox,grace.fox480@corp.com,Sales,Specialist,121771.00,2025-05-08,281
481,Lillie Castaneda,lillie.castaneda481@corp.com,Sales,Manager,168891.00,2023-01-19,206
482,Mae Donovan,mae.donovan482@corp.com,Operations,Specialist,158414.00,2017-01-19,446
483,Jane Ryan,jane.ryan483@corp.com,HR,VP,223933.00,2025-09-22,239
484,Susie Valencia,susie.valencia484@corp.com,Operations,Consultant,236641.00,2019-02-02,448
485,Rafael Schneider,rafael.schneider485@corp.com,HR,Engineer,60114.00,2019-10-13,457
486,Judith Bryant,judith.bryant486@corp.com,Sales,Consultant,205760.00,2022-09-05,309
487,Ashley Robinson,ashley.robinson487@corp.com,Marketing,Director,80896.00,2017-08-12,152
488,Naomi Middleton,naomi.middleton488@corp.com,Marketing,Consultant,101206.00,2019-04-12,47
489,Cedric Hood,cedric.hood489@corp.com,Engineering,Specialist,113731.00,2019-06-26,187
490,Marcella English,marcella.english490@corp.com,R&D,Coordinator,120725.00,2023-01-31,238
491,Rocco Parrish,rocco.parrish491@corp.com,Marketing,Architect,185176.00,2024-06-27,40
492,Reid Velasquez,reid.velasquez492@corp.com,Sales,Analyst,174949.00,2016-09-09,239
493,Hector Fuentes,hector.fuentes493@corp.com,Marketing,Senior Engineer,215821.00,2021-07-15,140
494,Lizzie Vance,lizzie.vance494@corp.com,Engineering,Coordinator,221562.00,2021-04-19,347
495,Winifred Bender,winifred.bender495@corp.com,Sales,Senior Engineer,182169.00,2025-12-27,310
496,Jenny Hardin,jenny.hardin496@corp.com,Customer Success,Analyst,164910.00,2021-03-18,113
497,Connor Ortiz,connor.ortiz497@corp.com,Operations,Consultant,213899.00,2021-08-26,97
498,Rene Ware,rene.ware498@corp.com,Engineering,Architect,216219.00,2025-09-27,58
499,Cesar Parrish,cesar.parrish499@corp.com,Marketing,Consultant,66469.00,2020-06-07,47
500,Lora Bender,lora.bender500@corp.com,Engineering,Senior Engineer,46354.00,2020-04-18,125
501,Joan Barnes,joan.barnes501@corp.com,Sales,VP,46443.00,2019-05-27,375
502,Abraham Pitts,abraham.pitts502@corp.com,HR,Specialist,137599.00,2024-03-27,146
503,Donovan Morse,donovan.morse503@corp.com,Marketing,Manager,73024.00,2024-05-25,435
504,Donna Scott,donna.scott504@corp.com,Legal,Architect,128356.00,2026-06-08,55
505,Giovanni Koch,giovanni.koch505@corp.com,IT,Coordinator,50658.00,2024-05-13,91
506,Rocco Brennan,rocco.brennan506@corp.com,HR,Architect,239861.00,2021-05-17,24
507,Bobbie Mccarty,bobbie.mccarty507@corp.com,R&D,Engineer,117746.00,2018-02-19,251
508,Rod Gallagher,rod.gallagher508@corp.com,Engineering,Manager,167856.00,2021-05-24,386
509,Marcia Jennings,marcia.jennings509@corp.com,Engineering,Consultant,225857.00,2018-12-26,488
510,Fernando Glass,fernando.glass510@corp.com,R&D,Director,234880.00,2020-11-20,33
511,Kyle Hamilton,kyle.hamilton511@corp.com,Marketing,VP,178371.00,2025-08-24,303
512,Bret Hays,bret.hays512@corp.com,Operations,Specialist,59267.00,2024-11-08,131
513,Rashawn Villarreal,rashawn.villarreal513@corp.com,IT,Coordinator,117116.00,2023-04-04,270
514,Jessica Wilson,jessica.wilson514@corp.com,Marketing,Coordinator,78905.00,2021-11-21,179
515,Russell Duncan,russell.duncan515@corp.com,Sales,Architect,199956.00,2017-11-03,259
516,Francis Brennan,francis.brennan516@corp.com,IT,Director,201132.00,2019-01-29,78
517,Ollie Barton,ollie.barton517@corp.com,Finance,Specialist,186305.00,2016-08-16,210
518,Roosevelt Sawyer,roosevelt.sawyer518@corp.com,Marketing,Architect,53646.00,2025-11-29,271
519,Lynnette Donaldson,lynnette.donaldson519@corp.com,HR,Specialist,88127.00,2018-04-25,207
520,Jeff Bass,jeff.bass520@corp.com,Legal,Director,68814.00,2016-12-16,169
521,Rusty Berg,rusty.berg521@corp.com,Sales,VP,85561.00,2016-08-25,164
522,Cynthia Edwards,cynthia.edwards522@corp.com,Legal,Engineer,65843.00,2026-01-09,74
523,Bennie Duffy,bennie.duffy523@corp.com,Customer Success,Architect,157416.00,2026-03-22,166
524,Blake Harvey,blake.harvey524@corp.com,Marketing,Engineer,52191.00,2024-04-16,281
525,Mason Greene,mason.greene525@corp.com,HR,Engineer,138735.00,2016-11-03,409
526,Giovanni Koch,giovanni.koch526@corp.com,HR,Architect,141061.00,2021-05-20,474
527,Mamie Rollins,mamie.rollins527@corp.com,Legal,Coordinator,119592.00,2019-11-16,334
528,Brittany Arnold,brittany.arnold528@corp.com,Finance,Senior Engineer,231829.00,2018-11-26,280
529,Madonna Wiggins,madonna.wiggins529@corp.com,IT,Specialist,231217.00,2017-06-06,302
530,Carlos Graves,carlos.graves530@corp.com,Finance,Analyst,86826.00,2017-03-14,529
531,Daryl Larsen,daryl.larsen531@corp.com,Legal,Manager,207857.00,2024-05-18,382
532,Angela Murphy,angela.murphy532@corp.com,Operations,Specialist,227147.00,2024-10-22,307
533,Evelyn Fisher,evelyn.fisher533@corp.com,Finance,VP,170466.00,2016-11-01,449
534,Deborah Mitchell,deborah.mitchell534@corp.com,Customer Success,Architect,110310.00,2022-03-17,419
535,Roderick Compton,roderick.compton535@corp.com,Legal,Senior Engineer,247440.00,2025-05-25,202
536,Ricardo Tapia,ricardo.tapia536@corp.com,Legal,Coordinator,77901.00,2023-02-06,514
537,Andre Hampton,andre.hampton537@corp.com,Finance,Analyst,151669.00,2025-03-14,176
538,Elsa Novak,elsa.novak538@corp.com,IT,Manager,101052.00,2025-01-18,349
539,Miriam Berg,miriam.berg539@corp.com,Engineering,Analyst,100894.00,2021-08-10,362
540,Paul Allen,paul.allen540@corp.com,R&D,Architect,193769.00,2026-06-21,373
541,Eula Lindsey,eula.lindsey541@corp.com,IT,Engineer,107330.00,2025-10-01,419
542,Carl Wallace,carl.wallace542@corp.com,Customer Success,Manager,61676.00,2026-07-12,307
543,Denise Grant,denise.grant543@corp.com,Marketing,Specialist,107060.00,2020-07-23,190
544,Hannah Graham,hannah.graham544@corp.com,Finance,VP,131874.00,2023-11-16,251
545,Keith Ferguson,keith.ferguson545@corp.com,Customer Success,Consultant,114992.00,2017-05-30,121
546,Zachary Romero,zachary.romero546@corp.com,Operations,Coordinator,95533.00,2022-06-28,417
547,George Hall,george.hall547@corp.com,Finance,Director,81166.00,2022-12-20,437
548,Ollie Paul,ollie.paul548@corp.com,HR,Engineer,224664.00,2024-09-03,71
549,Rodolfo Gallagher,rodolfo.gallagher549@corp.com,Legal,Manager,167472.00,2016-12-25,76
550,Mandy Ware,mandy.ware550@corp.com,Sales,Coordinator,80391.00,2019-07-04,266
551,Fernando Glass,fernando.glass551@corp.com,Sales,Engineer,200709.00,2022-11-22,534
552,Dorian Serrano,dorian.serrano552@corp.com,HR,VP,213604.00,2024-03-24,486
553,Loretta Mora,loretta.mora553@corp.com,Engineering,Architect,93308.00,2019-10-05,252
554,Selma Pena,selma.pena554@corp.com,Operations,Specialist,248288.00,2022-04-18,410
555,Eddie Barber,eddie.barber555@corp.com,Finance,Architect,79697.00,2019-05-31,519
556,Cecilia Brock,cecilia.brock556@corp.com,Finance,Senior Engineer,176598.00,2019-01-11,193
557,Trevor Greer,trevor.greer557@corp.com,Engineering,Specialist,102530.00,2024-02-26,430
558,Gertrude Shepard,gertrude.shepard558@corp.com,Customer Success,Manager,107480.00,2020-11-11,513
559,Roger Gibson,roger.gibson559@corp.com,Marketing,Engineer,240171.00,2025-08-30,269
560,Rachel Mendoza,rachel.mendoza560@corp.com,R&D,Consultant,63309.00,2018-07-24,116
561,Joseph Gonzalez,joseph.gonzalez561@corp.com,Finance,Specialist,47973.00,2017-03-02,463
562,Genevieve Horn,genevieve.horn562@corp.com,Engineering,Senior Engineer,91548.00,2021-11-26,301
563,Amanda Baker,amanda.baker563@corp.com,Sales,Manager,141364.00,2018-04-05,116
564,Gwendolyn Valdez,gwendolyn.valdez564@corp.com,R&D,Consultant,110761.00,2020-03-05,418
565,Kevin Green,kevin.green565@corp.com,HR,Specialist,160617.00,2022-04-20,106
566,Colleen Richards,colleen.richards566@corp.com,IT,Director,185439.00,2018-03-07,56
567,Pablo Lynn,pablo.lynn567@corp.com,Customer Success,Specialist,190051.00,2024-02-27,370
568,Aurora Andersen,aurora.andersen568@corp.com,IT,Senior Engineer,208367.00,2019-01-15,149
569,Patricia Davis,patricia.davis569@corp.com,Engineering,Analyst,207485.00,2023-03-10,350
570,Manuel Klein,manuel.klein570@corp.com,IT,Director,194775.00,2019-08-16,453
571,Tami Mclean,tami.mclean571@corp.com,R&D,Consultant,178656.00,2019-11-21,370
572,Patsy Glover,patsy.glover572@corp.com,HR,Engineer,168920.00,2019-03-10,448
573,Logan Stephens,logan.stephens573@corp.com,Finance,Analyst,56342.00,2022-10-31,148
574,Angelo Pacheco,angelo.pacheco574@corp.com,Engineering,VP,196206.00,2019-12-16,385
575,Pablo Lynn,pablo.lynn575@corp.com,Sales,Manager,78064.00,2024-10-27,443
576,Ann Marshall,ann.marshall576@corp.com,Legal,Coordinator,115224.00,2022-05-13,42
577,Myron Sexton,myron.sexton577@corp.com,IT,Architect,150758.00,2025-02-07,93
578,Rocco Brennan,rocco.brennan578@corp.com,Operations,Analyst,231535.00,2016-07-29,218
579,Nadine Grimes,nadine.grimes579@corp.com,Engineering,Engineer,165599.00,2016-11-11,25
580,Verna Krause,verna.krause580@corp.com,HR,Analyst,153809.00,2019-04-18,383
581,Dorian Serrano,dorian.serrano581@corp.com,Engineering,Consultant,105579.00,2020-08-26,44
582,Rufus Sutton,rufus.sutton582@corp.com,Marketing,VP,77020.00,2019-11-06,403
583,Joyce Butler,joyce.butler583@corp.com,Legal,Director,56089.00,2026-05-13,29
584,Randal Kaufman,randal.kaufman584@corp.com,Customer Success,Coordinator,191478.00,2024-01-19,146
585,Bradford Mcclure,bradford.mcclure585@corp.com,Legal,Engineer,141729.00,2021-09-23,148
586,Celia Franco,celia.franco586@corp.com,Legal,Analyst,68049.00,2018-12-31,56
587,Leona Olsen,leona.olsen587@corp.com,Engineering,Manager,191637.00,2018-10-20,493
588,Erin Meyer,erin.meyer588@corp.com,Finance,Engineer,177374.00,2020-07-23,161
589,Doris Orr,doris.orr589@corp.com,R&D,Engineer,191469.00,2021-08-22,335
590,Ellis Mcgee,ellis.mcgee590@corp.com,Legal,Consultant,140857.00,2021-10-05,546
591,Angela Murphy,angela.murphy591@corp.com,Engineering,Architect,226580.00,2021-07-19,300
592,Rudy Sutton,rudy.sutton592@corp.com,Sales,Manager,94839.00,2026-06-26,517
593,Jeffrey Diaz,jeffrey.diaz593@corp.com,Marketing,Consultant,193270.00,2025-01-30,334
594,Elena Lyons,elena.lyons594@corp.com,Legal,Specialist,63049.00,2020-02-09,277
595,Lloyd Decker,lloyd.decker595@corp.com,Legal,Senior Engineer,147907.00,2019-12-31,93
596,Eunice Conley,eunice.conley596@corp.com,IT,Consultant,105553.00,2021-02-13,84
597,Lorna Downs,lorna.downs597@corp.com,Legal,Specialist,150083.00,2022-08-29,105
598,Tyler Foster,tyler.foster598@corp.com,IT,Consultant,126669.00,2020-10-29,174
599,Judith Bryant,judith.bryant599@corp.com,Sales,Senior Engineer,72678.00,2025-07-03,399
600,Mona Bender,mona.bender600@corp.com,Customer Success,Manager,147571.00,2024-09-15,433
601,Lyman Ware,lyman.ware601@corp.com,R&D,Manager,149589.00,2021-03-17,224
602,Ollie Barton,ollie.barton602@corp.com,Finance,Analyst,183837.00,2023-08-14,331
603,Kyle Hamilton,kyle.hamilton603@corp.com,Operations,Senior Engineer,170985.00,2023-01-02,477
604,Walter Patterson,walter.patterson604@corp.com,R&D,Manager,201934.00,2021-11-09,227
605,Sean Harrison,sean.harrison605@corp.com,Operations,Coordinator,149888.00,2023-05-22,468
606,Donovan Morse,donovan.morse606@corp.com,IT,Consultant,158034.00,2022-03-16,327
607,Blake Harvey,blake.harvey607@corp.com,R&D,VP,149074.00,2017-03-04,168
608,Miles Wong,miles.wong608@corp.com,Marketing,Specialist,175723.00,2018-07-27,371
609,Frances Mills,frances.mills609@corp.com,HR,Specialist,84490.00,2017-10-25,270
610,Rebecca Phillips,rebecca.phillips610@corp.com,Marketing,Specialist,73615.00,2025-01-26,271
611,James Smith,james.smith611@corp.com,Marketing,VP,86049.00,2017-07-05,422
612,Robert Williamson,robert.williamson612@corp.com,Engineering,Director,146669.00,2021-01-27,476
613,Mark Clark,mark.clark613@corp.com,IT,VP,219371.00,2024-02-02,481
614,Kathy Cole,kathy.cole614@corp.com,Finance,Manager,222629.00,2023-03-03,520
615,Muriel Glover,muriel.glover615@corp.com,HR,Consultant,183897.00,2024-06-14,537
616,Jill McCoy,jill.mccoy616@corp.com,HR,Engineer,110491.00,2020-07-14,113
617,Angelo Pacheco,angelo.pacheco617@corp.com,Customer Success,Coordinator,74317.00,2026-01-24,192
618,Joyce Butler,joyce.butler618@corp.com,Engineering,Director,176105.00,2025-10-07,404
619,Brian Nelson,brian.nelson619@corp.com,Engineering,Analyst,103941.00,2023-08-10,418
620,Amanda Baker,amanda.baker620@corp.com,IT,Architect,175855.00,2016-10-19,498
621,Faye Higgins,faye.higgins621@corp.com,Sales,Engineer,168511.00,2022-09-15,305
622,Andre Hampton,andre.hampton622@corp.com,Marketing,Senior Engineer,228382.00,2017-07-05,319
623,Aurora Andersen,aurora.andersen623@corp.com,Marketing,Director,210879.00,2026-03-14,205
624,Genevieve Horn,genevieve.horn624@corp.com,Finance,Manager,54867.00,2023-04-05,240
625,Kurt Fischer,kurt.fischer625@corp.com,HR,Manager,72516.00,2025-04-04,539
626,Rod Gallagher,rod.gallagher626@corp.com,HR,Consultant,113196.00,2021-02-01,143
627,Lucy Nash,lucy.nash627@corp.com,Finance,Engineer,196611.00,2026-01-16,556
628,Kurt Fischer,kurt.fischer628@corp.com,Operations,Consultant,112157.00,2022-06-22,98
629,Rodolfo Gallagher,rodolfo.gallagher629@corp.com,Finance,Director,156290.00,2023-11-08,588
630,Clayton Hess,clayton.hess630@corp.com,IT,Architect,193285.00,2017-10-11,628
631,Joshua Torres,joshua.torres631@corp.com,IT,Architect,212552.00,2026-03-12,584
632,Joesph Mckinney,joesph.mckinney632@corp.com,R&D,Analyst,109967.00,2024-04-25,238
633,Rory Sawyer,rory.sawyer633@corp.com,Marketing,Engineer,188315.00,2019-01-15,203
634,Minnie Cisneros,minnie.cisneros634@corp.com,Legal,Director,47307.00,2020-05-02,261
635,Lottie Duffy,lottie.duffy635@corp.com,HR,Analyst,70782.00,2022-03-18,251
636,Clayton Hess,clayton.hess636@corp.com,Sales,Architect,125716.00,2026-04-26,632
637,Orlando Herman,orlando.herman637@corp.com,Operations,Coordinator,139075.00,2020-01-18,63
638,Darlene Simon,darlene.simon638@corp.com,Legal,VP,45573.00,2021-05-13,454
639,Donovan Morse,donovan.morse639@corp.com,Finance,Manager,247879.00,2025-07-20,377
640,Brady Conway,brady.conway640@corp.com,Finance,Manager,155152.00,2026-01-26,8
641,Javier Solis,javier.solis641@corp.com,Engineering,Engineer,116184.00,2018-05-05,539
642,Mark Clark,mark.clark642@corp.com,IT,Coordinator,190634.00,2017-02-22,420
643,Brian Nelson,brian.nelson643@corp.com,Sales,Analyst,71532.00,2022-05-28,364
644,Christopher Jackson,christopher.jackson644@corp.com,HR,Engineer,106999.00,2019-12-16,458
645,Mable Norton,mable.norton645@corp.com,Operations,Specialist,156339.00,2023-03-01,510
646,Erik Mclaughlin,erik.mclaughlin646@corp.com,R&D,VP,97238.00,2019-04-06,316
647,Paula Wheeler,paula.wheeler647@corp.com,Engineering,Consultant,223215.00,2024-07-26,351
648,Bobbie Mccarty,bobbie.mccarty648@corp.com,HR,Consultant,131994.00,2023-09-15,516
649,Ruby Stone,ruby.stone649@corp.com,Operations,Coordinator,175170.00,2016-08-31,37
650,Gavin Peters,gavin.peters650@corp.com,Engineering,Engineer,158844.00,2025-09-18,50
651,Cecilia Brock,cecilia.brock651@corp.com,Customer Success,Manager,74438.00,2026-01-15,91
652,Rosalind Pena,rosalind.pena652@corp.com,Legal,VP,113896.00,2017-02-10,488
653,Elsa Novak,elsa.novak653@corp.com,Customer Success,Coordinator,85370.00,2018-10-12,122
654,Aileen Lindsey,aileen.lindsey654@corp.com,Engineering,VP,246167.00,2018-06-19,56
655,Helen Cox,helen.cox655@corp.com,R&D,Senior Engineer,222143.00,2020-02-25,423
656,Melinda Bradford,melinda.bradford656@corp.com,Marketing,Senior Engineer,110147.00,2021-09-06,382
657,Gloria Jordan,gloria.jordan657@corp.com,Marketing,Manager,130140.00,2022-05-23,503
658,Lloyd Decker,lloyd.decker658@corp.com,Legal,Analyst,154358.00,2020-04-04,161
659,Bret Hays,bret.hays659@corp.com,R&D,Engineer,143861.00,2016-11-29,540
660,Frances Mills,frances.mills660@corp.com,Finance,Manager,190663.00,2025-08-16,618
661,Margaret Sanchez,margaret.sanchez661@corp.com,Marketing,Architect,60244.00,2024-11-29,461
662,Rolando Herman,rolando.herman662@corp.com,HR,Manager,117263.00,2021-10-24,295
663,Cameron Montgomery,cameron.montgomery663@corp.com,Marketing,Engineer,173179.00,2016-10-10,314
664,Gabriel Spencer,gabriel.spencer664@corp.com,R&D,Consultant,219304.00,2021-08-31,477
665,Celia Franco,celia.franco665@corp.com,Marketing,Architect,136125.00,2020-06-17,648
666,Ross Stein,ross.stein666@corp.com,Customer Success,Senior Engineer,245318.00,2023-06-24,82
667,Micheal Mcgee,micheal.mcgee667@corp.com,Customer Success,Analyst,139904.00,2026-07-18,190
668,Bryan Palmer,bryan.palmer668@corp.com,R&D,Director,213227.00,2018-01-03,594
669,Donald Lewis,donald.lewis669@corp.com,IT,Manager,192641.00,2026-05-20,486
670,Dorian Serrano,dorian.serrano670@corp.com,R&D,Specialist,186562.00,2025-03-24,302
671,Cora Mcmahon,cora.mcmahon671@corp.com,Finance,Coordinator,70313.00,2020-09-25,464
672,Guadalupe Stanley,guadalupe.stanley672@corp.com,IT,Senior Engineer,171783.00,2020-08-08,379
673,Victoria Willis,victoria.willis673@corp.com,Customer Success,Engineer,60552.00,2018-10-04,245
674,Billie Wiggins,billie.wiggins674@corp.com,IT,Analyst,67062.00,2019-08-26,650
675,Dolores Pena,dolores.pena675@corp.com,Legal,Manager,141932.00,2022-12-19,26
676,Cody Parsons,cody.parsons676@corp.com,Legal,Director,194611.00,2017-07-25,107
677,Susie Valencia,susie.valencia677@corp.com,Operations,Specialist,113419.00,2018-10-15,28
678,Noel Parrish,noel.parrish678@corp.com,Finance,Senior Engineer,202772.00,2020-09-17,51
679,Ian Morrison,ian.morrison679@corp.com,Legal,VP,227518.00,2017-07-24,33
680,Sergio Mcgee,sergio.mcgee680@corp.com,Marketing,Specialist,162115.00,2018-12-28,431
681,Noah Hart,noah.hart681@corp.com,HR,Director,215894.00,2016-09-12,150
682,Alex Banks,alex.banks682@corp.com,Legal,Director,69488.00,2024-04-29,522
683,Antoinette Brennan,antoinette.brennan683@corp.com,Engineering,Director,216522.00,2021-11-24,586
684,Leland Berg,leland.berg684@corp.com,Finance,Specialist,215982.00,2018-06-21,610
685,Noreen Yates,noreen.yates685@corp.com,Finance,Manager,236148.00,2021-11-12,245
686,Byron Madden,byron.madden686@corp.com,R&D,Analyst,231266.00,2025-01-07,181
687,Laura Parker,laura.parker687@corp.com,Legal,Manager,185198.00,2020-04-07,537
688,James Smith,james.smith688@corp.com,Marketing,Director,63413.00,2020-11-25,66
689,Cyrus Fuentes,cyrus.fuentes689@corp.com,Operations,Engineer,69779.00,2020-06-17,640
690,Dana Garza,dana.garza690@corp.com,Sales,Engineer,214276.00,2018-12-22,39
691,Gloria Jordan,gloria.jordan691@corp.com,Engineering,Consultant,60554.00,2026-03-13,627
692,Billie Wiggins,billie.wiggins692@corp.com,R&D,Senior Engineer,217106.00,2025-12-03,84
693,Jonathan Gutierrez,jonathan.gutierrez693@corp.com,Engineering,VP,78704.00,2025-05-04,431
694,Ellen Carr,ellen.carr694@corp.com,R&D,Senior Engineer,126734.00,2020-10-02,178
695,Alan Pierce,alan.pierce695@corp.com,IT,VP,194505.00,2020-08-16,157
696,Giovanni Koch,giovanni.koch696@corp.com,Sales,Architect,158988.00,2018-03-14,368
697,Jaime Booker,jaime.booker697@corp.com,Finance,Architect,197667.00,2022-06-20,36
698,Clara Maldonado,clara.maldonado698@corp.com,R&D,Coordinator,82208.00,2019-10-19,3
699,Madeline Mays,madeline.mays699@corp.com,Sales,Specialist,50230.00,2024-05-25,298
700,Timothy Gomez,timothy.gomez700@corp.com,Marketing,Architect,58306.00,2018-06-05,80
701,Nannie Roth,nannie.roth701@corp.com,Sales,Specialist,134485.00,2022-03-02,241
702,Mario Strong,mario.strong702@corp.com,R&D,Engineer,212661.00,2023-11-09,520
703,Colleen Russell,colleen.russell703@corp.com,Customer Success,Engineer,195244.00,2024-01-28,566
704,Micheal Mcgee,micheal.mcgee704@corp.com,Legal,Analyst,248676.00,2022-03-15,113
705,Debra Bennett,debra.bennett705@corp.com,IT,Coordinator,55489.00,2016-11-22,306
706,Moshe Stein,moshe.stein706@corp.com,Legal,Specialist,125901.00,2019-02-27,348
707,Nola Rosales,nola.rosales707@corp.com,IT,VP,168875.00,2023-10-01,669
708,Rocco Parrish,rocco.parrish708@corp.com,Engineering,Director,204338.00,2022-09-05,200
709,Elma Salinas,elma.salinas709@corp.com,IT,VP,77952.00,2024-04-27,677
710,Bradford Mcclure,bradford.mcclure710@corp.com,Marketing,Manager,74987.00,2020-08-01,409
711,Mario Strong,mario.strong711@corp.com,HR,Analyst,195042.00,2024-01-04,600
712,Lucile Sheppard,lucile.sheppard712@corp.com,Marketing,Coordinator,57006.00,2020-11-08,380
713,Roslyn Browning,roslyn.browning713@corp.com,IT,Senior Engineer,96591.00,2020-09-03,659
714,Diana Watkins,diana.watkins714@corp.com,Operations,Analyst,117003.00,2025-01-31,458
715,Francis Brennan,francis.brennan715@corp.com,IT,Engineer,190570.00,2016-09-23,229
716,Alexander Gray,alexander.gray716@corp.com,Operations,Senior Engineer,135335.00,2020-04-22,441
717,Alice Murray,alice.murray717@corp.com,Legal,Senior Engineer,48660.00,2019-05-29,616
718,Rory Sawyer,rory.sawyer718@corp.com,HR,Manager,225611.00,2017-06-02,402
719,Socorro Bean,socorro.bean719@corp.com,IT,VP,132818.00,2019-06-20,717
720,Etta Rosales,etta.rosales720@corp.com,R&D,Architect,165304.00,2019-07-16,108
721,Max Castro,max.castro721@corp.com,R&D,Consultant,177759.00,2024-04-09,312
722,Dorian Serrano,dorian.serrano722@corp.com,IT,Architect,105984.00,2018-08-18,46
723,Jayden Williamson,jayden.williamson723@corp.com,Finance,Architect,189172.00,2025-12-10,131
724,Stuart Sweeney,stuart.sweeney724@corp.com,HR,Manager,158560.00,2024-01-23,363
725,Melinda Bradford,melinda.bradford725@corp.com,Customer Success,Director,101222.00,2018-01-16,183
726,Tracy Alvarez,tracy.alvarez726@corp.com,Engineering,Architect,89653.00,2020-11-27,52
727,Eula Lindsey,eula.lindsey727@corp.com,IT,Engineer,155152.00,2022-09-04,119
728,Randal Kaufman,randal.kaufman728@corp.com,Sales,Senior Engineer,93607.00,2023-03-27,469
729,Trevor Greer,trevor.greer729@corp.com,Operations,Consultant,92919.00,2019-06-22,396
730,Jennifer Williams,jennifer.williams730@corp.com,Engineering,Engineer,162459.00,2022-05-17,407
731,Kathryn Hayes,kathryn.hayes731@corp.com,Customer Success,Analyst,181101.00,2023-03-13,488
732,Estelle Hays,estelle.hays732@corp.com,Marketing,Analyst,202735.00,2018-12-28,357
733,Elsa Novak,elsa.novak733@corp.com,IT,Analyst,176454.00,2025-12-12,391
734,Sadie Leach,sadie.leach734@corp.com,Customer Success,Analyst,139848.00,2024-01-08,201
735,Lora Bender,lora.bender735@corp.com,Marketing,Engineer,235942.00,2022-10-31,669
736,Dante Herman,dante.herman736@corp.com,Customer Success,Coordinator,103830.00,2025-02-13,256
737,Juanita Krueger,juanita.krueger737@corp.com,Sales,VP,246049.00,2016-10-23,424
738,Dave Quinn,dave.quinn738@corp.com,Marketing,Architect,184328.00,2018-05-06,552
739,Merle Hahn,merle.hahn739@corp.com,Legal,Consultant,197218.00,2024-01-10,213
740,Danielle Hudson,danielle.hudson740@corp.com,Sales,Consultant,59333.00,2019-02-07,413
741,Ina Savage,ina.savage741@corp.com,Finance,Analyst,223915.00,2020-06-20,52
742,Rose Lane,rose.lane742@corp.com,Engineering,Specialist,159132.00,2016-08-04,84
743,Glenda Reid,glenda.reid743@corp.com,Sales,Consultant,238049.00,2019-06-11,547
744,Naomi Middleton,naomi.middleton744@corp.com,IT,Coordinator,132069.00,2017-12-07,326
745,Jeannine Krause,jeannine.krause745@corp.com,IT,Engineer,87376.00,2024-09-22,416
746,Arlene Moon,arlene.moon746@corp.com,Customer Success,Manager,202400.00,2025-03-26,657
747,Seth Ellis,seth.ellis747@corp.com,Engineering,Manager,200230.00,2016-08-23,576
748,Sarah Thomas,sarah.thomas748@corp.com,Operations,Consultant,142936.00,2025-02-20,419
749,Ross Stein,ross.stein749@corp.com,R&D,Director,103499.00,2018-08-27,529
750,Verna Krause,verna.krause750@corp.com,Engineering,Manager,218633.00,2026-02-24,339
751,Joseph Gonzalez,joseph.gonzalez751@corp.com,Operations,Manager,245911.00,2020-02-25,640
752,Toby Kirk,toby.kirk752@corp.com,Customer Success,Manager,196453.00,2026-05-24,404
753,Melinda Bradford,melinda.bradford753@corp.com,Sales,Director,128141.00,2023-03-09,373
754,Gilbert Doyle,gilbert.doyle754@corp.com,Engineering,Consultant,92908.00,2018-08-16,714
755,Lyman Ware,lyman.ware755@corp.com,Legal,Architect,202149.00,2020-06-27,479
756,Joesph Mckinney,joesph.mckinney756@corp.com,Marketing,Manager,58919.00,2022-02-06,40
757,Terry Ford,terry.ford757@corp.com,Engineering,VP,69024.00,2024-05-02,32
758,Leo Velasquez,leo.velasquez758@corp.com,Engineering,Architect,74603.00,2022-07-12,226
759,Esperanza Middleton,esperanza.middleton759@corp.com,R&D,Engineer,211470.00,2016-09-02,294
760,Elva Roach,elva.roach760@corp.com,Marketing,VP,113059.00,2018-02-27,510
761,Robert Johnson,robert.johnson761@corp.com,Operations,Analyst,216564.00,2025-10-03,457
762,Sara Griffin,sara.griffin762@corp.com,IT,Specialist,233462.00,2023-03-23,336
763,Toby Kirk,toby.kirk763@corp.com,Finance,Analyst,138267.00,2017-04-07,458
764,Elvira Mclean,elvira.mclean764@corp.com,Operations,Consultant,59944.00,2019-12-06,475
765,Theresa Gardner,theresa.gardner765@corp.com,Customer Success,VP,95704.00,2026-05-13,469
766,Madonna Wiggins,madonna.wiggins766@corp.com,Legal,Consultant,234629.00,2020-11-27,647
767,Jane Ryan,jane.ryan767@corp.com,Finance,Director,107161.00,2021-09-08,289
768,Luther Heath,luther.heath768@corp.com,Legal,Consultant,246172.00,2019-08-09,109
769,Sterling Glass,sterling.glass769@corp.com,R&D,Specialist,97950.00,2021-09-04,643
770,Moses Stein,moses.stein770@corp.com,IT,Engineer,63477.00,2019-08-27,246
771,Dallas Frederick,dallas.frederick771@corp.com,Customer Success,VP,141357.00,2020-05-12,91
772,Lorna Downs,lorna.downs772@corp.com,R&D,Architect,108635.00,2022-02-15,418
773,Stephanie Roberts,stephanie.roberts773@corp.com,R&D,Coordinator,55176.00,2020-08-29,144
774,George Hall,george.hall774@corp.com,Finance,Consultant,107696.00,2017-12-31,742
775,Ola Baxter,ola.baxter775@corp.com,Finance,Analyst,137276.00,2020-06-22,767
776,Colin Bowers,colin.bowers776@corp.com,R&D,Director,217938.00,2020-10-03,301
777,Marshall Barton,marshall.barton777@corp.com,Customer Success,Specialist,90384.00,2024-01-30,710
778,Clement Hood,clement.hood778@corp.com,Finance,Coordinator,178981.00,2016-11-05,714
779,Eula Lindsey,eula.lindsey779@corp.com,Engineering,Engineer,104652.00,2025-10-23,230
780,Sara Griffin,sara.griffin780@corp.com,Sales,Consultant,102619.00,2021-04-07,687
781,Kristine Ashley,kristine.ashley781@corp.com,HR,Senior Engineer,60693.00,2020-07-17,232
782,Olive Bean,olive.bean782@corp.com,Finance,Specialist,220957.00,2019-12-27,652
783,Noah Hart,noah.hart783@corp.com,Operations,Engineer,120073.00,2022-03-08,736
784,Dianne Potter,dianne.potter784@corp.com,Finance,VP,123386.00,2023-04-28,755
785,Giovanni Koch,giovanni.koch785@corp.com,Operations,Director,67275.00,2018-09-15,775
786,Micheal Mcgee,micheal.mcgee786@corp.com,HR,Consultant,156906.00,2017-12-22,583
787,Abraham Pitts,abraham.pitts787@corp.com,HR,Analyst,183215.00,2023-12-13,290
788,Dwayne Conway,dwayne.conway788@corp.com,Marketing,Analyst,157200.00,2021-12-15,630
789,Amy Morris,amy.morris789@corp.com,IT,Architect,172195.00,2024-03-22,634
790,Sal Larsen,sal.larsen790@corp.com,Finance,Coordinator,90473.00,2019-05-01,643
791,Billy Hawkins,billy.hawkins791@corp.com,Sales,Consultant,247759.00,2023-07-16,369
792,Judith Bryant,judith.bryant792@corp.com,Engineering,Architect,219445.00,2021-01-08,584
793,Linda Jones,linda.jones793@corp.com,Finance,Director,144320.00,2017-02-24,443
794,Ronald Carter,ronald.carter794@corp.com,Marketing,Engineer,160209.00,2023-07-19,752
795,Gilbert Doyle,gilbert.doyle795@corp.com,Engineering,VP,51274.00,2021-05-19,669
796,Leona Olsen,leona.olsen796@corp.com,R&D,Manager,233016.00,2017-12-21,88
797,Johnnie Hobbs,johnnie.hobbs797@corp.com,Engineering,Coordinator,149728.00,2017-05-20,322
798,Leigh Leach,leigh.leach798@corp.com,Legal,Consultant,218364.00,2017-03-06,267
799,Debra Bennett,debra.bennett799@corp.com,IT,Architect,51592.00,2023-09-11,308
800,Stephanie Roberts,stephanie.roberts800@corp.com,Legal,Analyst,68309.00,2019-11-08,167
801,Iva Wolf,iva.wolf801@corp.com,Legal,VP,61174.00,2017-08-27,4
802,Lowell Gates,lowell.gates802@corp.com,R&D,Coordinator,96697.00,2019-12-22,679
803,Leticia Klein,leticia.klein803@corp.com,Marketing,Consultant,172130.00,2018-06-17,2
804,Verna Krause,verna.krause804@corp.com,HR,VP,217200.00,2024-12-23,742
805,Antonia Brennan,antonia.brennan805@corp.com,Customer Success,Architect,206616.00,2026-04-10,22
806,Clement Hood,clement.hood806@corp.com,Engineering,Senior Engineer,220856.00,2018-10-22,6
807,Elena Lyons,elena.lyons807@corp.com,Legal,Coordinator,105865.00,2021-12-16,264
808,Gretchen Barrera,gretchen.barrera808@corp.com,Marketing,VP,151802.00,2017-10-09,101
809,Moshe Stein,moshe.stein809@corp.com,Sales,Coordinator,210052.00,2023-11-10,336
810,Dorian Serrano,dorian.serrano810@corp.com,HR,Analyst,50109.00,2023-09-08,76
811,Omar Booth,omar.booth811@corp.com,IT,Engineer,48751.00,2018-11-29,520
812,Caleb Riley,caleb.riley812@corp.com,Legal,VP,234686.00,2019-06-17,793
813,Karen Moore,karen.moore813@corp.com,Customer Success,Manager,171648.00,2017-02-12,488
814,Noah Hart,noah.hart814@corp.com,Sales,Specialist,229767.00,2023-12-18,631
815,Jessica Wilson,jessica.wilson815@corp.com,HR,Specialist,182008.00,2021-05-01,411
816,Antoinette Barrera,antoinette.barrera816@corp.com,HR,Analyst,90922.00,2018-12-13,26
817,Jessica Wilson,jessica.wilson817@corp.com,Operations,Architect,138338.00,2019-10-07,364
818,Theresa Gardner,theresa.gardner818@corp.com,Finance,Architect,178897.00,2019-01-01,110
819,Darrin Kirk,darrin.kirk819@corp.com,R&D,Architect,120956.00,2020-11-22,144
820,Miles Wong,miles.wong820@corp.com,Sales,Architect,81746.00,2025-05-09,428
821,Kevin Green,kevin.green821@corp.com,R&D,VP,90860.00,2023-07-01,500
822,Byron Madden,byron.madden822@corp.com,Engineering,Analyst,158730.00,2018-09-29,582
823,Lorene Vaughan,lorene.vaughan823@corp.com,IT,Manager,125608.00,2022-01-06,470
824,Rocco Brennan,rocco.brennan824@corp.com,IT,Analyst,140551.00,2018-10-14,291
825,Frances Mills,frances.mills825@corp.com,Operations,Coordinator,201898.00,2024-10-06,490
826,Nina Browning,nina.browning826@corp.com,Marketing,Engineer,186663.00,2024-05-01,324
827,Bret Hays,bret.hays827@corp.com,Finance,VP,151467.00,2020-05-30,489
828,Elizabeth Martinez,elizabeth.martinez828@corp.com,Legal,VP,143365.00,2020-04-25,684
829,Madonna Wiggins,madonna.wiggins829@corp.com,HR,VP,166860.00,2017-05-03,419
830,Carl Wallace,carl.wallace830@corp.com,R&D,Architect,203625.00,2017-05-03,79
831,Elias Klein,elias.klein831@corp.com,IT,Engineer,216300.00,2023-10-26,203
832,Justin Reed,justin.reed832@corp.com,Legal,Engineer,228426.00,2024-07-28,343
833,Jewel Rivas,jewel.rivas833@corp.com,Engineering,Engineer,60583.00,2018-11-26,262
834,Rose Lane,rose.lane834@corp.com,Customer Success,Architect,176463.00,2020-08-24,679
835,Darius Nicholson,darius.nicholson835@corp.com,IT,Analyst,206035.00,2024-11-23,794
836,Alex Banks,alex.banks836@corp.com,HR,Manager,112330.00,2023-09-07,430
837,Alexander Gray,alexander.gray837@corp.com,Customer Success,Analyst,46440.00,2018-08-02,709
838,Cathleen Rosario,cathleen.rosario838@corp.com,Marketing,Senior Engineer,143631.00,2021-02-23,835
839,Wilbert Lambert,wilbert.lambert839@corp.com,Engineering,Consultant,119108.00,2018-02-21,307
840,Essie Orr,essie.orr840@corp.com,Engineering,Senior Engineer,55967.00,2017-07-28,768
841,Ralph Olson,ralph.olson841@corp.com,Operations,Senior Engineer,195618.00,2020-10-15,132
842,Dana Garza,dana.garza842@corp.com,Engineering,Coordinator,83043.00,2025-12-06,351
843,Edwin Donaldson,edwin.donaldson843@corp.com,Customer Success,Manager,143699.00,2025-09-24,507
844,Sarah Thomas,sarah.thomas844@corp.com,Customer Success,VP,115835.00,2021-09-07,183
845,Donna Scott,donna.scott845@corp.com,Customer Success,Specialist,227868.00,2025-09-24,445
846,Bryan Palmer,bryan.palmer846@corp.com,Legal,Senior Engineer,89464.00,2018-06-28,305
847,Tommy Oneal,tommy.oneal847@corp.com,Customer Success,Senior Engineer,65733.00,2023-08-05,468
848,Rudy Sutton,rudy.sutton848@corp.com,Operations,Engineer,170590.00,2024-09-17,554
849,Victoria Willis,victoria.willis849@corp.com,Sales,Senior Engineer,129680.00,2019-05-02,545
850,Sherman Bass,sherman.bass850@corp.com,R&D,Analyst,210277.00,2017-09-19,330
851,Donald Lewis,donald.lewis851@corp.com,R&D,Analyst,101490.00,2024-07-20,499
852,Maria Garcia,maria.garcia852@corp.com,HR,Manager,204001.00,2017-01-30,543
853,Joe Kim,joe.kim853@corp.com,Finance,Director,74351.00,2026-07-05,555
854,Megan Simmons,megan.simmons854@corp.com,HR,Consultant,127557.00,2017-11-04,215
855,Lucia Mclean,lucia.mclean855@corp.com,Marketing,Specialist,130762.00,2020-05-02,154
856,Marie Watkins,marie.watkins856@corp.com,Finance,Architect,86380.00,2021-05-25,26
857,Theresa Austin,theresa.austin857@corp.com,Finance,Manager,149570.00,2025-08-23,232
858,Carol Adams,carol.adams858@corp.com,R&D,Specialist,201257.00,2017-05-19,310
859,Connie Gross,connie.gross859@corp.com,Engineering,Manager,165279.00,2024-07-29,796
860,Alexander Gray,alexander.gray860@corp.com,Finance,Consultant,226474.00,2020-03-06,274
861,Max Castro,max.castro861@corp.com,HR,VP,46534.00,2020-08-01,303
862,Aurora Andersen,aurora.andersen862@corp.com,HR,Analyst,119898.00,2019-08-24,320
863,Rolando Hammond,rolando.hammond863@corp.com,IT,Analyst,201206.00,2019-01-09,173
864,Ollie Paul,ollie.paul864@corp.com,Legal,Manager,234315.00,2018-03-23,623
865,Stacey Wolf,stacey.wolf865@corp.com,IT,Director,169105.00,2018-08-01,191
866,Roger Gibson,roger.gibson866@corp.com,Sales,Manager,64224.00,2017-04-30,1
867,Byron Madden,byron.madden867@corp.com,Finance,Manager,58301.00,2022-02-13,621
868,Jewel Rivas,jewel.rivas868@corp.com,HR,Engineer,217837.00,2022-07-05,107
869,Peggy Barrett,peggy.barrett869@corp.com,R&D,Coordinator,118153.00,2019-11-15,640
870,Don Morse,don.morse870@corp.com,Operations,Consultant,75077.00,2021-12-27,541
871,Rene Booker,rene.booker871@corp.com,Sales,Director,182308.00,2018-05-12,189
872,Jesus Alexander,jesus.alexander872@corp.com,R&D,Engineer,249804.00,2024-11-27,223
873,Neil Gallagher,neil.gallagher873@corp.com,Finance,Coordinator,167203.00,2026-03-11,378
874,Jennie Salinas,jennie.salinas874@corp.com,Sales,Coordinator,152527.00,2026-03-27,671
875,Steven Walker,steven.walker875@corp.com,Operations,Coordinator,82775.00,2021-09-24,455
876,Helen Cox,helen.cox876@corp.com,Customer Success,Consultant,195129.00,2016-09-06,807
877,Mona Bender,mona.bender877@corp.com,R&D,Senior Engineer,155349.00,2024-08-31,687
878,Claudia Kinney,claudia.kinney878@corp.com,Customer Success,Specialist,62105.00,2023-04-23,636
879,Jackie Higgins,jackie.higgins879@corp.com,Marketing,Specialist,169571.00,2022-03-11,173
880,Cyrus Fuentes,cyrus.fuentes880@corp.com,Customer Success,Architect,217424.00,2023-08-20,478
881,Tracey Johnston,tracey.johnston881@corp.com,Legal,Architect,225708.00,2017-03-14,839
882,Darlene Soto,darlene.soto882@corp.com,Operations,Engineer,224051.00,2020-07-24,676
883,Theresa Gardner,theresa.gardner883@corp.com,Engineering,Consultant,214444.00,2023-06-10,660
884,Billie Wiggins,billie.wiggins884@corp.com,Sales,Engineer,72736.00,2023-01-22,310
885,Arlene Moon,arlene.moon885@corp.com,Marketing,Senior Engineer,163460.00,2020-06-13,443
886,Chase Fernandez,chase.fernandez886@corp.com,Sales,Analyst,60358.00,2026-01-12,175
887,Mariah Jimenez,mariah.jimenez887@corp.com,Finance,Director,216662.00,2016-08-09,239
888,Paula Wheeler,paula.wheeler888@corp.com,Marketing,Senior Engineer,78216.00,2023-09-10,473
889,Clara Maldonado,clara.maldonado889@corp.com,Operations,Analyst,199094.00,2025-10-12,503
890,Darin Pena,darin.pena890@corp.com,IT,Director,60817.00,2020-07-24,713
891,Adam Coleman,adam.coleman891@corp.com,Finance,Specialist,204507.00,2021-07-19,157
892,Dolores Pena,dolores.pena892@corp.com,R&D,VP,121568.00,2023-04-24,884
893,Nannie Roth,nannie.roth893@corp.com,Legal,Analyst,68440.00,2025-02-21,66
894,Imogene Conley,imogene.conley894@corp.com,Marketing,Analyst,199060.00,2021-06-14,824
895,Jerry Long,jerry.long895@corp.com,HR,Architect,147327.00,2020-10-05,550
896,Jenny Hardin,jenny.hardin896@corp.com,Legal,Manager,229267.00,2016-07-30,790
897,Marie Watkins,marie.watkins897@corp.com,IT,Engineer,131252.00,2020-08-05,678
898,Kathy Cole,kathy.cole898@corp.com,Engineering,Analyst,92717.00,2017-06-16,397
899,Joan Barnes,joan.barnes899@corp.com,IT,VP,164112.00,2020-12-04,667
900,Wilbert Lambert,wilbert.lambert900@corp.com,Operations,Senior Engineer,120989.00,2021-07-25,27
901,Brian Nelson,brian.nelson901@corp.com,IT,Senior Engineer,194340.00,2024-01-19,548
902,Monica Stanley,monica.stanley902@corp.com,Operations,Director,162561.00,2020-09-07,494
903,Irma Farrell,irma.farrell903@corp.com,R&D,Coordinator,101999.00,2017-11-23,466
904,Julius Wilkins,julius.wilkins904@corp.com,Marketing,Senior Engineer,45426.00,2016-09-15,251
905,Raymond Ruiz,raymond.ruiz905@corp.com,Sales,Coordinator,234687.00,2019-04-09,87
906,Donna Scott,donna.scott906@corp.com,Marketing,Specialist,144782.00,2025-09-23,678
907,Carol Adams,carol.adams907@corp.com,Engineering,Coordinator,236480.00,2018-02-04,216
908,Russell Duncan,russell.duncan908@corp.com,IT,Engineer,145904.00,2022-09-01,674
909,Reynaldo Heath,reynaldo.heath909@corp.com,R&D,Senior Engineer,157204.00,2025-10-23,746
910,Cameron Montgomery,cameron.montgomery910@corp.com,Legal,Manager,222253.00,2024-11-22,743
911,Merle Hahn,merle.hahn911@corp.com,HR,Engineer,88725.00,2019-11-28,626
912,Chase Fernandez,chase.fernandez912@corp.com,Engineering,Coordinator,224438.00,2018-08-04,539
913,Lenora Gillespie,lenora.gillespie913@corp.com,Legal,Coordinator,89714.00,2026-04-29,621
914,Jeannie Krause,jeannie.krause914@corp.com,Operations,Coordinator,196803.00,2021-05-06,211
915,Carmen Ware,carmen.ware915@corp.com,Customer Success,Specialist,225161.00,2020-06-26,331
916,Orlando Herman,orlando.herman916@corp.com,Legal,Specialist,188899.00,2017-08-02,334
917,Eddie Barber,eddie.barber917@corp.com,Engineering,Coordinator,224817.00,2026-07-02,125
918,Joshua Torres,joshua.torres918@corp.com,Sales,Analyst,117313.00,2022-08-25,104
919,Sondra Bean,sondra.bean919@corp.com,R&D,Manager,240603.00,2020-01-21,498
920,Marshall Barton,marshall.barton920@corp.com,Legal,VP,124610.00,2024-04-11,44
921,Fernando Glass,fernando.glass921@corp.com,HR,Coordinator,152668.00,2020-07-24,3
922,Monica Stanley,monica.stanley922@corp.com,Engineering,Specialist,229649.00,2023-01-03,830
923,Olga Mora,olga.mora923@corp.com,Finance,Specialist,63558.00,2017-06-18,831
924,Noah Hart,noah.hart924@corp.com,R&D,Coordinator,115597.00,2021-06-27,760
925,Morris Koch,morris.koch925@corp.com,R&D,VP,207771.00,2016-07-31,182
926,Sara Griffin,sara.griffin926@corp.com,Sales,Director,153861.00,2024-09-14,677
927,Raul Morse,raul.morse927@corp.com,Customer Success,Analyst,210320.00,2026-05-19,805
928,Winifred Bender,winifred.bender928@corp.com,Operations,Manager,199834.00,2017-03-25,130
929,Erich Floyd,erich.floyd929@corp.com,IT,VP,143054.00,2024-06-26,283
930,Susie Valencia,susie.valencia930@corp.com,Marketing,Specialist,69338.00,2023-07-14,18
931,Lorna Downs,lorna.downs931@corp.com,Customer Success,Coordinator,196679.00,2025-11-13,753
932,Cyrus Fuentes,cyrus.fuentes932@corp.com,Marketing,Specialist,69271.00,2024-09-03,63
933,Rolland Buck,rolland.buck933@corp.com,Legal,Manager,72104.00,2026-07-15,155
934,Miriam Berg,miriam.berg934@corp.com,IT,Analyst,188638.00,2017-04-07,239
935,Rashawn Villarreal,rashawn.villarreal935@corp.com,R&D,Manager,195925.00,2020-12-07,307
936,Arlene Moon,arlene.moon936@corp.com,Marketing,Specialist,243992.00,2017-10-31,780
937,Ola Baxter,ola.baxter937@corp.com,HR,Analyst,220381.00,2023-01-26,349
938,Dante Wilcox,dante.wilcox938@corp.com,Marketing,Director,193011.00,2016-12-09,831
939,Noah Hart,noah.hart939@corp.com,Finance,Manager,170372.00,2022-07-19,261
940,Maria Garcia,maria.garcia940@corp.com,Sales,VP,130859.00,2023-10-13,837
941,Eric Cook,eric.cook941@corp.com,Legal,Senior Engineer,216054.00,2026-02-23,422
942,Alfonso Friedman,alfonso.friedman942@corp.com,IT,Engineer,237755.00,2022-07-08,171
943,Rene Booker,rene.booker943@corp.com,HR,Engineer,105478.00,2026-06-04,599
944,Joann Sullivan,joann.sullivan944@corp.com,Operations,Manager,109541.00,2022-05-12,496
945,Johnnie Valencia,johnnie.valencia945@corp.com,Sales,Senior Engineer,157815.00,2025-12-11,61
946,Darius Bullock,darius.bullock946@corp.com,Operations,Analyst,228538.00,2016-11-06,896
947,Eleanor Vargas,eleanor.vargas947@corp.com,R&D,Director,237064.00,2021-04-15,480
948,Robyn Roach,robyn.roach948@corp.com,IT,Analyst,194586.00,2023-12-01,827
949,Margaret Sanchez,margaret.sanchez949@corp.com,Operations,Engineer,147606.00,2020-01-08,191
950,Austin Harper,austin.harper950@corp.com,Engineering,Specialist,231744.00,2020-08-20,338
951,Ethan Rose,ethan.rose951@corp.com,Sales,Analyst,164365.00,2017-03-07,736
952,Graham Pitts,graham.pitts952@corp.com,Operations,Analyst,173720.00,2021-02-21,281
953,Mariah Jimenez,mariah.jimenez953@corp.com,Operations,Consultant,55053.00,2020-08-22,531
954,Sarah Thomas,sarah.thomas954@corp.com,Engineering,Manager,54644.00,2022-10-13,510
955,Lynne Hale,lynne.hale955@corp.com,Finance,Specialist,133314.00,2022-10-01,429
956,Shelby Horn,shelby.horn956@corp.com,Marketing,Senior Engineer,106496.00,2023-10-10,311
957,Effie Hale,effie.hale957@corp.com,Customer Success,Coordinator,234240.00,2022-08-30,257
958,Rena Eldridge,rena.eldridge958@corp.com,Customer Success,Coordinator,178817.00,2021-05-31,735
959,Lenore Gillespie,lenore.gillespie959@corp.com,HR,Specialist,78851.00,2021-04-02,334
960,Lucille Calderon,lucille.calderon960@corp.com,Finance,Engineer,197969.00,2018-06-06,780
961,Leona Olsen,leona.olsen961@corp.com,Legal,Coordinator,109143.00,2016-12-04,362
962,Christina Ellis,christina.ellis962@corp.com,Legal,Engineer,126271.00,2019-10-02,741
963,Aaron Powell,aaron.powell963@corp.com,Customer Success,Architect,157701.00,2016-08-31,257
964,Salvador Larsen,salvador.larsen964@corp.com,Sales,Coordinator,213889.00,2022-05-11,100
965,Madelyn Wiggins,madelyn.wiggins965@corp.com,R&D,VP,217519.00,2025-02-16,881
966,Wallace Roy,wallace.roy966@corp.com,HR,Manager,96407.00,2021-07-30,133
967,Ryan Cruz,ryan.cruz967@corp.com,Legal,Engineer,68098.00,2024-03-14,181
968,Rena Eldridge,rena.eldridge968@corp.com,HR,Manager,151698.00,2024-12-28,781
969,Lynette Donaldson,lynette.donaldson969@corp.com,Customer Success,Director,71638.00,2019-01-30,426
970,Cesar Parrish,cesar.parrish970@corp.com,Legal,Coordinator,45412.00,2021-05-07,424
971,Inez Conley,inez.conley971@corp.com,HR,Director,186269.00,2017-04-28,246
972,Grace Fox,grace.fox972@corp.com,Sales,Director,241488.00,2022-06-21,577
973,Toby Kirk,toby.kirk973@corp.com,Marketing,Architect,69497.00,2018-09-25,905
974,Nola Rosales,nola.rosales974@corp.com,Sales,Architect,48290.00,2017-06-14,200
975,Shelia Horn,shelia.horn975@corp.com,Marketing,VP,191179.00,2017-11-25,516
976,Shelia Horn,shelia.horn976@corp.com,HR,Senior Engineer,137558.00,2021-11-05,924
977,Kayla Cunningham,kayla.cunningham977@corp.com,Operations,Coordinator,78210.00,2020-08-18,676
978,Joseph Gonzalez,joseph.gonzalez978@corp.com,R&D,Engineer,246884.00,2022-12-04,592
979,Iris Farrell,iris.farrell979@corp.com,Operations,VP,202569.00,2025-11-28,431
980,Cameron Montgomery,cameron.montgomery980@corp.com,Legal,Engineer,162143.00,2022-12-11,321
981,Earnest Barber,earnest.barber981@corp.com,Marketing,Manager,51744.00,2016-09-20,366
982,Dorian Serrano,dorian.serrano982@corp.com,HR,Manager,189193.00,2022-02-22,199
983,Grant Sutton,grant.sutton983@corp.com,Customer Success,Director,123949.00,2017-12-23,278
984,Walter Patterson,walter.patterson984@corp.com,Engineering,Consultant,244078.00,2020-07-08,969
985,Darius Nicholson,darius.nicholson985@corp.com,Legal,Senior Engineer,96500.00,2022-09-05,495
986,Dennis Patel,dennis.patel986@corp.com,Sales,VP,208843.00,2019-11-24,40
987,Austin Harper,austin.harper987@corp.com,Finance,VP,175773.00,2021-01-08,391
988,Brady Conway,brady.conway988@corp.com,Marketing,Analyst,125657.00,2025-12-25,834
989,Sterling Glass,sterling.glass989@corp.com,Legal,Manager,128655.00,2024-05-03,636
990,Ann Marshall,ann.marshall990@corp.com,R&D,Analyst,183716.00,2018-04-15,675
991,Jackie Higgins,jackie.higgins991@corp.com,Marketing,Consultant,177377.00,2022-07-03,822
992,Jerry Long,jerry.long992@corp.com,Finance,VP,203384.00,2022-11-18,616
993,Colleen Richards,colleen.richards993@corp.com,Engineering,VP,71617.00,2021-01-24,742
994,Rudy Sutton,rudy.sutton994@corp.com,IT,Engineer,208582.00,2026-07-02,384
995,Ruth Myers,ruth.myers995@corp.com,Marketing,Architect,240812.00,2026-06-18,143
996,Fabian Joseph,fabian.joseph996@corp.com,IT,Engineer,171016.00,2020-08-01,985
997,Tami Mclean,tami.mclean997@corp.com,Legal,Specialist,107710.00,2024-05-05,602
998,Rosie Hahn,rosie.hahn998@corp.com,Customer Success,Consultant,98321.00,2022-09-13,995
999,Daren Booth,daren.booth999@corp.com,R&D,Specialist,211402.00,2022-07-06,225
1000,Adam Coleman,adam.coleman1000@corp.com,Customer Success,Coordinator,46808.00,2020-04-12,4
1001,Blake Harvey,blake.harvey1001@corp.com,Marketing,Engineer,171271.00,2019-09-23,953
1002,Gilbert Doyle,gilbert.doyle1002@corp.com,Engineering,Coordinator,100503.00,2024-06-12,718
1003,Aurora Andersen,aurora.andersen1003@corp.com,Customer Success,VP,71594.00,2019-03-19,136
1004,Elvira Mclean,elvira.mclean1004@corp.com,Customer Success,Engineer,146191.00,2023-12-17,85
1005,Shawn Tate,shawn.tate1005@corp.com,IT,Senior Engineer,63703.00,2026-02-19,490
1006,Jason Sims,jason.sims1006@corp.com,R&D,Consultant,170792.00,2020-12-24,962
1007,Sean Harrison,sean.harrison1007@corp.com,Finance,Senior Engineer,112922.00,2016-12-20,490
1008,Luis Gutierrez,luis.gutierrez1008@corp.com,Legal,Manager,102491.00,2026-05-07,947
1009,Andrew Wright,andrew.wright1009@corp.com,IT,Engineer,154159.00,2024-08-04,280
1010,Rolland Buck,rolland.buck1010@corp.com,IT,VP,144639.00,2020-03-11,555
1011,Walter Patterson,walter.patterson1011@corp.com,Legal,Specialist,191890.00,2019-08-11,474
1012,Bonnie Hale,bonnie.hale1012@corp.com,IT,Engineer,51476.00,2020-04-14,429
1013,Merle Hahn,merle.hahn1013@corp.com,Operations,Specialist,243281.00,2021-02-08,287
1014,Pedro Espinoza,pedro.espinoza1014@corp.com,Sales,Architect,164020.00,2024-03-27,863
1015,Rosalind Pena,rosalind.pena1015@corp.com,Marketing,Architect,200518.00,2026-01-11,82
1016,Jeremy Harrison,jeremy.harrison1016@corp.com,Customer Success,Consultant,170020.00,2017-02-23,354
1017,Earnest Barber,earnest.barber1017@corp.com,Legal,Engineer,72812.00,2020-10-25,20
1018,Jaime Booker,jaime.booker1018@corp.com,Operations,VP,160995.00,2018-10-22,894
1019,Genevieve Horn,genevieve.horn1019@corp.com,IT,Coordinator,227595.00,2021-03-17,828
1020,Joanne Wheeler,joanne.wheeler1020@corp.com,IT,VP,55623.00,2017-07-10,629
1021,Elijah Andrews,elijah.andrews1021@corp.com,Operations,Consultant,223631.00,2024-01-02,14
1022,Melissa Rivera,melissa.rivera1022@corp.com,Engineering,Coordinator,114246.00,2023-03-29,748
1023,Fernando Glass,fernando.glass1023@corp.com,Legal,Director,83480.00,2017-02-18,161
1024,Fabian Joseph,fabian.joseph1024@corp.com,Customer Success,Manager,77396.00,2018-05-11,487
1025,Arlene Moon,arlene.moon1025@corp.com,Engineering,Coordinator,199085.00,2020-03-31,156
1026,Lorenzo Munoz,lorenzo.munoz1026@corp.com,IT,Analyst,79251.00,2026-05-13,197
1027,Rene Ware,rene.ware1027@corp.com,Sales,Engineer,106243.00,2020-10-10,991
1028,Angelo Pacheco,angelo.pacheco1028@corp.com,Operations,Coordinator,189140.00,2025-09-19,322
1029,Rolando Hammond,rolando.hammond1029@corp.com,Operations,Specialist,192006.00,2020-11-04,529
1030,Harold Reynolds,harold.reynolds1030@corp.com,Marketing,Analyst,150385.00,2019-07-06,97
1031,Lionel Bass,lionel.bass1031@corp.com,Marketing,Engineer,149320.00,2019-01-19,736
1032,Dorian Serrano,dorian.serrano1032@corp.com,Customer Success,Specialist,102616.00,2021-02-17,551
1033,Miriam Berg,miriam.berg1033@corp.com,Sales,Coordinator,237246.00,2018-05-06,973
1034,Grace Fox,grace.fox1034@corp.com,Sales,Consultant,86704.00,2023-10-20,464
1035,Aida Lindsey,aida.lindsey1035@corp.com,Marketing,Analyst,147926.00,2017-12-06,521
1036,Rene Booker,rene.booker1036@corp.com,Operations,Engineer,233997.00,2019-07-14,79
1037,Elvira Mclean,elvira.mclean1037@corp.com,R&D,Specialist,121991.00,2021-04-04,424
1038,Rosalyn Browning,rosalyn.browning1038@corp.com,Sales,Analyst,63765.00,2025-05-10,481
1039,Hope Barrera,hope.barrera1039@corp.com,Customer Success,Coordinator,59045.00,2025-03-28,943
1040,Olive Bean,olive.bean1040@corp.com,HR,Architect,249364.00,2025-12-13,610
1041,Jimmie Hooper,jimmie.hooper1041@corp.com,Finance,Specialist,229833.00,2026-07-17,850
1042,Ollie Barton,ollie.barton1042@corp.com,Operations,Coordinator,52329.00,2019-09-04,1009
1043,Mitchell Santiago,mitchell.santiago1043@corp.com,Finance,Coordinator,197290.00,2020-08-13,285
1044,Essie Orr,essie.orr1044@corp.com,Sales,Engineer,247599.00,2023-04-25,448
1045,Omar Booth,omar.booth1045@corp.com,Marketing,Senior Engineer,73498.00,2024-09-04,348
1046,Tyson Oneal,tyson.oneal1046@corp.com,R&D,Architect,55055.00,2019-02-04,59
1047,Lenora Gillespie,lenora.gillespie1047@corp.com,Sales,VP,150142.00,2023-11-09,1004
1048,Carol Adams,carol.adams1048@corp.com,Engineering,Specialist,51780.00,2023-05-11,294
1049,Donovan Morse,donovan.morse1049@corp.com,R&D,Specialist,125824.00,2018-07-05,635
1050,George Hall,george.hall1050@corp.com,Operations,Manager,158266.00,2017-11-25,650
1051,Shelia Horn,shelia.horn1051@corp.com,Marketing,Manager,207616.00,2026-06-08,855
1052,Ronald Carter,ronald.carter1052@corp.com,Customer Success,Coordinator,51430.00,2017-07-17,441
1053,Garrett Huff,garrett.huff1053@corp.com,Operations,Senior Engineer,225517.00,2017-05-03,400
1054,Virginia Russell,virginia.russell1054@corp.com,IT,Manager,185509.00,2020-10-10,608
1055,Lawrence Owens,lawrence.owens1055@corp.com,Sales,VP,150484.00,2022-05-05,841
1056,Laura Parker,laura.parker1056@corp.com,IT,Manager,135811.00,2024-03-02,469
1057,Leroy Tate,leroy.tate1057@corp.com,IT,Architect,93905.00,2025-03-02,598
1058,Gretchen Barrera,gretchen.barrera1058@corp.com,HR,Senior Engineer,174726.00,2025-02-09,329
1059,Anthony Harris,anthony.harris1059@corp.com,IT,Specialist,207459.00,2025-09-21,952
1060,Dianne Potter,dianne.potter1060@corp.com,Operations,Consultant,223001.00,2022-05-12,375
1061,Kurt Fischer,kurt.fischer1061@corp.com,IT,Director,113848.00,2023-07-29,983
1062,Aaron Powell,aaron.powell1062@corp.com,HR,Consultant,99987.00,2026-05-31,96
1063,Lyle Ware,lyle.ware1063@corp.com,HR,Analyst,59379.00,2017-07-11,431
1064,Kurt Fischer,kurt.fischer1064@corp.com,Engineering,Director,241420.00,2019-05-30,555
1065,Theresa Gardner,theresa.gardner1065@corp.com,Customer Success,Specialist,167905.00,2025-02-13,554
1066,Judy Armstrong,judy.armstrong1066@corp.com,Operations,Analyst,206516.00,2017-04-11,27
1067,Rocco Parrish,rocco.parrish1067@corp.com,Operations,Architect,56051.00,2021-01-27,184
1068,Lizzie Vance,lizzie.vance1068@corp.com,R&D,Engineer,163588.00,2020-01-04,795
1069,Marcie Franco,marcie.franco1069@corp.com,Marketing,Coordinator,73440.00,2026-01-20,745
1070,Bradford Mcclure,bradford.mcclure1070@corp.com,Finance,Manager,161949.00,2024-11-13,565
1071,Carolyn Alvarez,carolyn.alvarez1071@corp.com,Finance,Senior Engineer,63290.00,2022-11-04,1030
1072,Robert Williamson,robert.williamson1072@corp.com,Sales,Senior Engineer,170735.00,2020-04-02,751
1073,Rashad Villarreal,rashad.villarreal1073@corp.com,Customer Success,Engineer,152158.00,2024-06-01,328
1074,Naomi Middleton,naomi.middleton1074@corp.com,Marketing,Analyst,140571.00,2024-08-27,1021
1075,Faye Higgins,faye.higgins1075@corp.com,Legal,VP,243622.00,2019-07-15,289
1076,Glenda Reid,glenda.reid1076@corp.com,R&D,VP,54920.00,2019-05-18,1002
1077,Clement Hood,clement.hood1077@corp.com,Finance,Analyst,107869.00,2026-05-14,1076
1078,Darnell Merritt,darnell.merritt1078@corp.com,Engineering,Senior Engineer,212900.00,2022-01-14,920
1079,Gerald Bryant,gerald.bryant1079@corp.com,HR,Specialist,213361.00,2022-11-11,822
1080,Aida Lindsey,aida.lindsey1080@corp.com,Legal,Specialist,74003.00,2018-09-28,341
1081,Iris Farrell,iris.farrell1081@corp.com,HR,Analyst,248316.00,2023-03-23,1058
1082,Glenda Reid,glenda.reid1082@corp.com,Operations,Specialist,221997.00,2019-09-26,739
1083,Doris Orr,doris.orr1083@corp.com,Customer Success,Manager,99451.00,2026-06-20,613
1084,Chase Fernandez,chase.fernandez1084@corp.com,Engineering,VP,163503.00,2022-03-09,424
1085,Mable Norton,mable.norton1085@corp.com,IT,VP,62238.00,2022-11-26,605
1086,Kirk Hurst,kirk.hurst1086@corp.com,Engineering,Analyst,158999.00,2023-08-09,714
1087,Graham Pitts,graham.pitts1087@corp.com,HR,Specialist,123529.00,2020-04-20,228
1088,Shawn Tate,shawn.tate1088@corp.com,Operations,Specialist,191236.00,2020-03-26,308
1089,Morris Koch,morris.koch1089@corp.com,HR,Engineer,141954.00,2023-11-17,403
1090,Stuart Sweeney,stuart.sweeney1090@corp.com,Legal,Analyst,85507.00,2022-10-08,163
1091,Alex Banks,alex.banks1091@corp.com,Engineering,Analyst,91572.00,2025-06-11,272
1092,Ian Morrison,ian.morrison1092@corp.com,HR,Consultant,212741.00,2017-06-02,435
1093,Irene Glover,irene.glover1093@corp.com,Marketing,Manager,182705.00,2025-06-23,460
1094,Merle Hahn,merle.hahn1094@corp.com,Marketing,Analyst,98148.00,2020-04-17,737
1095,Ellis Mcgee,ellis.mcgee1095@corp.com,Sales,Architect,197970.00,2026-04-22,31
1096,Joan Barnes,joan.barnes1096@corp.com,Sales,Coordinator,126830.00,2019-12-31,876
1097,Rosie Hahn,rosie.hahn1097@corp.com,Engineering,Coordinator,245569.00,2020-05-17,637
1098,Mark Clark,mark.clark1098@corp.com,Finance,Architect,196485.00,2026-05-27,454
1099,Jean McDonald,jean.mcdonald1099@corp.com,IT,Specialist,91664.00,2019-05-17,537
1100,Connie Gross,connie.gross1100@corp.com,Engineering,Architect,120046.00,2019-11-12,225
1101,Kenneth Hill,kenneth.hill1101@corp.com,HR,Coordinator,203063.00,2019-12-20,606
1102,Claudia Kinney,claudia.kinney1102@corp.com,Sales,Engineer,163496.00,2017-06-27,1043
1103,Ross Stein,ross.stein1103@corp.com,Finance,VP,137066.00,2017-10-15,285
1104,Marcus Kirk,marcus.kirk1104@corp.com,Finance,Analyst,45460.00,2026-03-26,616
1105,Gustavo Pitts,gustavo.pitts1105@corp.com,R&D,VP,61152.00,2023-07-31,987
1106,Rudy Sutton,rudy.sutton1106@corp.com,IT,Analyst,227296.00,2019-09-12,582
1107,Myrtle Yates,myrtle.yates1107@corp.com,Marketing,Manager,50316.00,2024-03-10,786
1108,Ruby Stone,ruby.stone1108@corp.com,Marketing,Senior Engineer,173503.00,2022-04-14,804
1109,Ethan Rose,ethan.rose1109@corp.com,Operations,Coordinator,196423.00,2020-11-02,1107
1110,Paula Wheeler,paula.wheeler1110@corp.com,Engineering,Architect,200980.00,2016-10-04,527
1111,Sandra Ramirez,sandra.ramirez1111@corp.com,Marketing,Senior Engineer,185768.00,2025-08-19,1027
1112,Sadie Leach,sadie.leach1112@corp.com,Sales,Senior Engineer,186041.00,2021-04-10,111
1113,Alonzo Parrish,alonzo.parrish1113@corp.com,Engineering,Manager,83673.00,2021-10-12,443
1114,Lynette Donaldson,lynette.donaldson1114@corp.com,R&D,Architect,61919.00,2019-09-26,1039
1115,Daryl Larsen,daryl.larsen1115@corp.com,Engineering,Consultant,226186.00,2024-12-05,812
1116,Michelle Nguyen,michelle.nguyen1116@corp.com,R&D,Architect,208483.00,2023-07-03,101
1117,Ann Marshall,ann.marshall1117@corp.com,Finance,Analyst,75560.00,2023-05-23,959
1118,Garry Huff,garry.huff1118@corp.com,HR,Specialist,223483.00,2024-06-09,77
1119,Colleen Richards,colleen.richards1119@corp.com,Customer Success,Director,129578.00,2017-06-09,238
1120,Tommy Oneal,tommy.oneal1120@corp.com,R&D,Analyst,148631.00,2021-07-14,245
1121,Alice Murray,alice.murray1121@corp.com,Engineering,Engineer,159454.00,2016-08-16,498
1122,Erich Floyd,erich.floyd1122@corp.com,R&D,VP,210043.00,2023-04-03,1085
1123,Robin Winters,robin.winters1123@corp.com,Sales,Consultant,57137.00,2021-04-17,98
1124,Rose Lane,rose.lane1124@corp.com,Operations,VP,244385.00,2023-02-19,464
1125,Marcus Kirk,marcus.kirk1125@corp.com,Marketing,Senior Engineer,238595.00,2023-10-27,218
1126,Bradford Mcclure,bradford.mcclure1126@corp.com,Finance,Analyst,143186.00,2024-11-13,618
1127,Jesus Alexander,jesus.alexander1127@corp.com,IT,Senior Engineer,205634.00,2017-09-04,311
1128,Marie Watkins,marie.watkins1128@corp.com,Operations,Analyst,136652.00,2019-05-10,547
1129,Inez Rollins,inez.rollins1129@corp.com,IT,VP,199616.00,2025-03-09,1006
1130,Lottie Duffy,lottie.duffy1130@corp.com,HR,VP,240265.00,2023-08-24,121
1131,Myra Horne,myra.horne1131@corp.com,Legal,Senior Engineer,66192.00,2022-02-02,939
1132,Aiden Schmidt,aiden.schmidt1132@corp.com,Sales,Director,130446.00,2017-05-05,371
1133,Donovan Morse,donovan.morse1133@corp.com,Customer Success,Coordinator,105110.00,2026-01-09,198
1134,Ted Bentley,ted.bentley1134@corp.com,Marketing,Senior Engineer,135001.00,2019-03-08,1067
1135,Devin Burton,devin.burton1135@corp.com,Legal,Director,79247.00,2025-03-26,820
1136,Faye Higgins,faye.higgins1136@corp.com,Engineering,Senior Engineer,186516.00,2020-11-18,26
1137,Blake Harvey,blake.harvey1137@corp.com,IT,Senior Engineer,52438.00,2019-06-12,564
1138,Pamela Bailey,pamela.bailey1138@corp.com,Marketing,Engineer,103517.00,2017-04-04,483
1139,Nellie Norton,nellie.norton1139@corp.com,Finance,Engineer,155512.00,2017-01-18,712
1140,Alan Pierce,alan.pierce1140@corp.com,Customer Success,Analyst,208518.00,2021-11-01,795
1141,Carl Wallace,carl.wallace1141@corp.com,Customer Success,Analyst,46708.00,2021-11-04,923
1142,Muriel Glover,muriel.glover1142@corp.com,Marketing,Architect,91177.00,2019-12-19,452
1143,Martin Sharp,martin.sharp1143@corp.com,Finance,Senior Engineer,230283.00,2021-11-01,575
1144,Olga Mora,olga.mora1144@corp.com,HR,Senior Engineer,54588.00,2016-12-27,12
1145,Lenore Gillespie,lenore.gillespie1145@corp.com,HR,Coordinator,86194.00,2023-09-07,990
1146,Kurtis Tate,kurtis.tate1146@corp.com,HR,Specialist,129683.00,2018-01-06,706
1147,Garrett Huff,garrett.huff1147@corp.com,Sales,Senior Engineer,153869.00,2021-10-14,517
1148,Elma Salinas,elma.salinas1148@corp.com,HR,Senior Engineer,186403.00,2023-12-23,714
1149,Lloyd Decker,lloyd.decker1149@corp.com,R&D,Architect,156588.00,2022-11-10,508
1150,Christina Ellis,christina.ellis1150@corp.com,Engineering,Coordinator,233901.00,2018-03-10,81
1151,Janelle Castaneda,janelle.castaneda1151@corp.com,Operations,Architect,205362.00,2020-01-31,637
1152,Christopher Jackson,christopher.jackson1152@corp.com,IT,Coordinator,54472.00,2022-02-21,860
1153,Giovanni Koch,giovanni.koch1153@corp.com,Legal,Manager,215852.00,2023-03-13,190
1154,Kirk Hurst,kirk.hurst1154@corp.com,Operations,VP,222310.00,2021-10-26,240
1155,Aaron Powell,aaron.powell1155@corp.com,HR,Coordinator,222497.00,2021-08-11,489
1156,Peggy Barrett,peggy.barrett1156@corp.com,HR,Director,209081.00,2022-06-22,827
1157,George Hall,george.hall1157@corp.com,Legal,Senior Engineer,141778.00,2023-07-10,1
1158,Essie Orr,essie.orr1158@corp.com,Legal,Senior Engineer,94876.00,2024-04-13,1046
1159,Mabel Donaldson,mabel.donaldson1159@corp.com,Finance,Manager,239077.00,2025-12-24,1047
1160,Billie Wiggins,billie.wiggins1160@corp.com,Legal,Senior Engineer,222077.00,2018-07-05,395
1161,Corinne Tyler,corinne.tyler1161@corp.com,Engineering,Analyst,183926.00,2019-02-10,1014
1162,Gustavo Pitts,gustavo.pitts1162@corp.com,HR,Engineer,158186.00,2020-02-22,384
1163,Rashad Villarreal,rashad.villarreal1163@corp.com,Legal,VP,198105.00,2017-07-17,124
1164,Lena Aguilar,lena.aguilar1164@corp.com,Operations,Specialist,143591.00,2019-12-30,269
1165,Ricardo Buck,ricardo.buck1165@corp.com,Marketing,Coordinator,160887.00,2018-01-06,361
1166,Bertha Rivas,bertha.rivas1166@corp.com,R&D,Senior Engineer,118670.00,2020-11-21,17
1167,Byron Madden,byron.madden1167@corp.com,Sales,Analyst,54964.00,2016-09-10,30
1168,Gary Stewart,gary.stewart1168@corp.com,Marketing,Coordinator,51713.00,2022-04-29,954
1169,Alexander Gray,alexander.gray1169@corp.com,Legal,Analyst,77073.00,2018-08-17,1093
1170,Madeline Mays,madeline.mays1170@corp.com,R&D,Specialist,112038.00,2022-07-27,554
1171,Eunice Conley,eunice.conley1171@corp.com,R&D,Director,91147.00,2026-07-12,724
1172,Jana Castaneda,jana.castaneda1172@corp.com,HR,Director,47204.00,2022-01-28,929
1173,Rudy Black,rudy.black1173@corp.com,Marketing,Analyst,52958.00,2020-03-03,821
1174,Alice Murray,alice.murray1174@corp.com,Finance,Engineer,65579.00,2023-11-05,736
1175,Ruby Stone,ruby.stone1175@corp.com,Operations,Consultant,169370.00,2019-05-26,605
1176,Nell Wiley,nell.wiley1176@corp.com,IT,Engineer,176160.00,2018-02-14,1001
1177,Etta Rosales,etta.rosales1177@corp.com,Operations,Engineer,197932.00,2022-11-07,775
1178,Gavin Peters,gavin.peters1178@corp.com,Operations,Analyst,230186.00,2022-01-06,782
1179,Cole Bennett,cole.bennett1179@corp.com,Customer Success,Manager,205791.00,2020-02-09,594
1180,Stella Delgado,stella.delgado1180@corp.com,R&D,VP,153561.00,2021-11-15,1148
1181,Jason Sims,jason.sims1181@corp.com,Operations,VP,96309.00,2024-10-18,1094
1182,Nicole Ramos,nicole.ramos1182@corp.com,Engineering,Analyst,176686.00,2023-06-25,859
1183,Teresa Alexander,teresa.alexander1183@corp.com,Legal,Coordinator,161604.00,2016-09-03,1001
1184,Leola Olsen,leola.olsen1184@corp.com,Engineering,Consultant,218797.00,2024-06-28,830
1185,George Hall,george.hall1185@corp.com,Customer Success,Director,138583.00,2019-12-25,773
1186,Jerry Long,jerry.long1186@corp.com,Customer Success,Coordinator,69323.00,2021-10-17,749
1187,Sharon Turner,sharon.turner1187@corp.com,Legal,Coordinator,147298.00,2022-07-17,839
1188,Olive Bean,olive.bean1188@corp.com,Customer Success,VP,87560.00,2024-09-18,665
1189,Mandy Ware,mandy.ware1189@corp.com,Operations,Analyst,161049.00,2026-07-19,530
1190,Lenora Gillespie,lenora.gillespie1190@corp.com,R&D,Senior Engineer,232800.00,2019-09-24,282
1191,Gerald Bryant,gerald.bryant1191@corp.com,Customer Success,VP,232740.00,2018-09-07,78
1192,Roosevelt Sawyer,roosevelt.sawyer1192@corp.com,R&D,Coordinator,173538.00,2025-08-11,813
1193,Forrest Brandt,forrest.brandt1193@corp.com,Sales,Engineer,116432.00,2018-05-21,138
1194,Claude Blackburn,claude.blackburn1194@corp.com,Engineering,Manager,151596.00,2022-12-10,108
1195,Catherine Hughes,catherine.hughes1195@corp.com,IT,Senior Engineer,74691.00,2022-10-27,42
1196,Juanita Krueger,juanita.krueger1196@corp.com,Legal,Director,51334.00,2023-02-13,969
1197,Teri Valencia,teri.valencia1197@corp.com,Marketing,Senior Engineer,98624.00,2019-02-14,186
1198,Bret Hays,bret.hays1198@corp.com,Marketing,Consultant,157722.00,2020-04-02,476
1199,Sondra Bean,sondra.bean1199@corp.com,Sales,VP,194126.00,2025-10-10,589
1200,Victoria Willis,victoria.willis1200@corp.com,Customer Success,Engineer,219409.00,2019-03-26,187
1201,Jesse Knight,jesse.knight1201@corp.com,IT,Manager,66936.00,2025-05-08,1156
1202,Samantha Richardson,samantha.richardson1202@corp.com,Engineering,Director,165267.00,2016-10-31,741
1203,Tracey Johnston,tracey.johnston1203@corp.com,Customer Success,Specialist,177587.00,2022-05-04,818
1204,Brittany Arnold,brittany.arnold1204@corp.com,Operations,Analyst,45003.00,2022-02-07,324
1205,Marcia Jennings,marcia.jennings1205@corp.com,Legal,Analyst,128985.00,2017-09-09,419
1206,Jeffrey Diaz,jeffrey.diaz1206@corp.com,HR,Architect,172387.00,2021-09-02,405
1207,Christina Ellis,christina.ellis1207@corp.com,IT,Director,202255.00,2021-07-22,757
1208,Carroll Bullock,carroll.bullock1208@corp.com,Operations,Analyst,100930.00,2025-01-04,877
1209,Eunice Conley,eunice.conley1209@corp.com,Engineering,Consultant,116294.00,2018-09-30,89
1210,Olive Bean,olive.bean1210@corp.com,Finance,Architect,238118.00,2017-11-15,770
1211,Olive Bean,olive.bean1211@corp.com,Customer Success,Director,149148.00,2024-07-27,747
1212,Tyson Oneal,tyson.oneal1212@corp.com,HR,Engineer,237178.00,2019-07-28,1032
1213,Gwendolyn Valdez,gwendolyn.valdez1213@corp.com,Marketing,Architect,93229.00,2017-08-02,691
1214,Gwendolyn Valdez,gwendolyn.valdez1214@corp.com,Customer Success,Consultant,87956.00,2025-11-23,8
1215,Mateo Sherman,mateo.sherman1215@corp.com,HR,Director,52564.00,2021-09-24,1020
1216,Daryl Larsen,daryl.larsen1216@corp.com,Marketing,Architect,226873.00,2022-01-02,1143
1217,Lorene Vaughan,lorene.vaughan1217@corp.com,HR,Coordinator,206557.00,2024-10-05,1130
1218,Ross Stein,ross.stein1218@corp.com,HR,Specialist,120552.00,2025-09-28,642
1219,Keith Ferguson,keith.ferguson1219@corp.com,IT,Consultant,163346.00,2022-12-26,4
1220,Mona Bender,mona.bender1220@corp.com,Finance,VP,119194.00,2019-11-23,793
1221,Lynne Hale,lynne.hale1221@corp.com,Engineering,Senior Engineer,107206.00,2018-03-02,350
1222,Doris Ruiz,doris.ruiz1222@corp.com,Operations,Engineer,127559.00,2026-03-08,392
1223,Raul Morse,raul.morse1223@corp.com,Sales,Director,222275.00,2026-01-11,359
1224,Juan Matthews,juan.matthews1224@corp.com,Operations,Coordinator,105723.00,2017-04-04,67
1225,Rene Ware,rene.ware1225@corp.com,HR,Manager,73502.00,2016-11-25,379
1226,Nola Rosales,nola.rosales1226@corp.com,Marketing,Consultant,228321.00,2025-11-24,483
1227,Teresa Alexander,teresa.alexander1227@corp.com,Finance,Manager,140725.00,2018-10-14,881
1228,Neva Bradford,neva.bradford1228@corp.com,Operations,Manager,111266.00,2018-05-12,669
1229,Elijah Andrews,elijah.andrews1229@corp.com,Legal,Director,230511.00,2022-10-26,932
1230,Derek Bishop,derek.bishop1230@corp.com,Sales,Engineer,48315.00,2019-07-07,437
1231,Terrence Brennan,terrence.brennan1231@corp.com,IT,Consultant,201274.00,2017-12-04,1229
1232,Rusty Berg,rusty.berg1232@corp.com,HR,Coordinator,201705.00,2019-02-19,517
1233,Kendrick Glass,kendrick.glass1233@corp.com,Engineering,Director,64491.00,2016-10-07,528
1234,Lisa Perez,lisa.perez1234@corp.com,Legal,Director,100226.00,2023-06-21,150
1235,Beatrice Olsen,beatrice.olsen1235@corp.com,Engineering,Engineer,153911.00,2018-08-03,737
1236,Rolando Hammond,rolando.hammond1236@corp.com,Legal,Architect,112216.00,2026-06-02,628
1237,Jerry Long,jerry.long1237@corp.com,Legal,VP,45091.00,2022-03-29,800
1238,Monica Stanley,monica.stanley1238@corp.com,Engineering,Consultant,62689.00,2023-12-22,469
1239,Ian Morrison,ian.morrison1239@corp.com,Engineering,Senior Engineer,90025.00,2017-04-03,666
1240,Keith Ferguson,keith.ferguson1240@corp.com,R&D,Coordinator,137564.00,2022-04-20,769
1241,Steven Walker,steven.walker1241@corp.com,Engineering,Engineer,213241.00,2024-05-15,287
1242,Bobby Cervantes,bobby.cervantes1242@corp.com,Legal,Manager,241542.00,2025-06-16,975
1243,Stacey Wolf,stacey.wolf1243@corp.com,Customer Success,Engineer,112373.00,2025-05-03,783
1244,Cynthia Edwards,cynthia.edwards1244@corp.com,Operations,VP,177777.00,2024-11-08,299
1245,Dolly Lambert,dolly.lambert1245@corp.com,Customer Success,Director,114931.00,2025-07-18,313
1246,Kristen Little,kristen.little1246@corp.com,Customer Success,Coordinator,205767.00,2020-12-20,849
1247,Nannie Roth,nannie.roth1247@corp.com,Legal,Director,72089.00,2021-04-09,1079
1248,Selma Pena,selma.pena1248@corp.com,R&D,VP,239281.00,2018-06-03,991
1249,Morris Koch,morris.koch1249@corp.com,Sales,Analyst,105951.00,2021-11-03,90
1250,Clifford Doyle,clifford.doyle1250@corp.com,R&D,Manager,167900.00,2018-04-24,557
1251,Christopher Jackson,christopher.jackson1251@corp.com,R&D,Consultant,158322.00,2023-05-10,771
1252,Becky Ericksen,becky.ericksen1252@corp.com,Customer Success,Consultant,189281.00,2021-05-30,786
1253,Leona Olsen,leona.olsen1253@corp.com,Finance,Analyst,205361.00,2021-04-05,538
1254,Brian Nelson,brian.nelson1254@corp.com,Legal,Manager,142694.00,2025-02-23,792
1255,Tommy Oneal,tommy.oneal1255@corp.com,Legal,Architect,188887.00,2020-05-04,956
1256,Clark Doyle,clark.doyle1256@corp.com,Legal,Manager,208765.00,2022-10-26,1093
1257,Bennie Duffy,bennie.duffy1257@corp.com,IT,Architect,61143.00,2021-09-28,250
1258,Kyle Hamilton,kyle.hamilton1258@corp.com,Finance,Analyst,183992.00,2026-07-18,982
1259,Miles Wong,miles.wong1259@corp.com,Legal,Engineer,80098.00,2018-08-30,513
1260,Shelia Horn,shelia.horn1260@corp.com,HR,VP,47761.00,2021-09-25,791
1261,Billy Hawkins,billy.hawkins1261@corp.com,HR,Coordinator,102664.00,2017-09-27,997
1262,Moshe Stein,moshe.stein1262@corp.com,Customer Success,Architect,230213.00,2020-08-06,977
1263,David Rodriguez,david.rodriguez1263@corp.com,IT,VP,208055.00,2023-08-24,49
1264,Lamar Rubio,lamar.rubio1264@corp.com,Operations,Consultant,98442.00,2022-12-22,1
1265,Logan Stephens,logan.stephens1265@corp.com,Marketing,Specialist,200341.00,2021-01-12,319
1266,Cora Mcmahon,cora.mcmahon1266@corp.com,Legal,Manager,75101.00,2017-10-24,221
1267,Selma Pena,selma.pena1267@corp.com,Customer Success,Director,206120.00,2017-10-28,716
1268,Christian Carpenter,christian.carpenter1268@corp.com,HR,Architect,52990.00,2024-12-22,222
1269,Dante Herman,dante.herman1269@corp.com,Sales,Architect,205899.00,2018-07-29,572
1270,Omar Barton,omar.barton1270@corp.com,Finance,Coordinator,192929.00,2020-06-16,441
1271,Roosevelt Sawyer,roosevelt.sawyer1271@corp.com,IT,VP,129045.00,2026-04-17,924
1272,Manuel Klein,manuel.klein1272@corp.com,R&D,Senior Engineer,119196.00,2024-11-14,882
1273,Brian Nelson,brian.nelson1273@corp.com,Customer Success,Manager,216401.00,2021-02-08,706
1274,Teri Valencia,teri.valencia1274@corp.com,R&D,Specialist,167586.00,2026-07-10,728
1275,Della Mercer,della.mercer1275@corp.com,Engineering,VP,218631.00,2019-04-19,651
1276,Darrin Kirk,darrin.kirk1276@corp.com,Finance,Senior Engineer,247842.00,2021-04-21,891
1277,Darlene Soto,darlene.soto1277@corp.com,Engineering,Architect,153336.00,2018-06-07,898
1278,Micheal Mcgee,micheal.mcgee1278@corp.com,Legal,Senior Engineer,47861.00,2022-05-09,941
1279,Keith Ferguson,keith.ferguson1279@corp.com,Engineering,Engineer,230202.00,2021-03-31,340
1280,Alonzo Parrish,alonzo.parrish1280@corp.com,Legal,Manager,64348.00,2019-05-11,349
1281,Mona Bender,mona.bender1281@corp.com,Engineering,Architect,49254.00,2024-05-08,292
1282,Leonard Wade,leonard.wade1282@corp.com,Legal,Specialist,150159.00,2020-03-31,911
1283,Megan Simmons,megan.simmons1283@corp.com,Operations,Coordinator,113448.00,2017-06-07,770
1284,Gavin Peters,gavin.peters1284@corp.com,Finance,Analyst,211405.00,2025-10-14,1225
1285,Tracy Alvarez,tracy.alvarez1285@corp.com,Engineering,Senior Engineer,105745.00,2021-10-07,1088
1286,Stuart Sweeney,stuart.sweeney1286@corp.com,Sales,Engineer,196765.00,2021-12-11,924
1287,Neal Thornton,neal.thornton1287@corp.com,Legal,Engineer,189583.00,2021-09-12,583
1288,Adam Coleman,adam.coleman1288@corp.com,Finance,Architect,143421.00,2018-07-22,1124
1289,Chelsea Oliver,chelsea.oliver1289@corp.com,Operations,Director,185292.00,2022-11-18,912
1290,Kathy Cole,kathy.cole1290@corp.com,Engineering,Specialist,59548.00,2017-12-23,1129
1291,Nola Rosales,nola.rosales1291@corp.com,Customer Success,VP,187401.00,2024-06-30,718
1292,Calvin Ortega,calvin.ortega1292@corp.com,Customer Success,Specialist,120150.00,2020-04-18,27
1293,Elvira Mclean,elvira.mclean1293@corp.com,Marketing,Director,196108.00,2020-08-24,154
1294,Jeri Charles,jeri.charles1294@corp.com,HR,Specialist,128499.00,2017-01-15,1097
1295,Stuart Sweeney,stuart.sweeney1295@corp.com,Customer Success,Director,103819.00,2020-08-11,709
1296,Debra Bennett,debra.bennett1296@corp.com,Engineering,VP,194495.00,2022-12-20,1095
1297,Kerry Donovan,kerry.donovan1297@corp.com,Marketing,Coordinator,153340.00,2023-12-11,495
1298,Kristine Ashley,kristine.ashley1298@corp.com,IT,VP,221821.00,2025-05-03,274
1299,Mabel Donaldson,mabel.donaldson1299@corp.com,Marketing,Specialist,159834.00,2024-02-27,130
1300,Alfonso Friedman,alfonso.friedman1300@corp.com,HR,Architect,216860.00,2018-02-13,443
1301,Carolyn Alvarez,carolyn.alvarez1301@corp.com,Sales,Engineer,136253.00,2016-09-28,644
1302,Dixie Potter,dixie.potter1302@corp.com,Customer Success,Manager,136948.00,2026-01-01,898
1303,Giovanni Koch,giovanni.koch1303@corp.com,Finance,Specialist,46612.00,2016-12-03,213
1304,Lucia Mclean,lucia.mclean1304@corp.com,Marketing,Consultant,106447.00,2025-07-14,644
1305,Morris Koch,morris.koch1305@corp.com,Sales,Director,182380.00,2021-12-20,202
1306,Fernando Glass,fernando.glass1306@corp.com,Operations,Manager,183384.00,2025-08-27,1035
1307,Joesph Mckinney,joesph.mckinney1307@corp.com,Operations,VP,86651.00,2016-11-02,118
1308,Lyman Ware,lyman.ware1308@corp.com,Legal,Senior Engineer,101441.00,2019-11-01,824
1309,Lena Aguilar,lena.aguilar1309@corp.com,Sales,Specialist,159276.00,2023-05-20,377
1310,Guillermo Gates,guillermo.gates1310@corp.com,Marketing,Specialist,215675.00,2016-10-10,370
1311,Gwendolyn Valdez,gwendolyn.valdez1311@corp.com,Sales,Engineer,118354.00,2017-08-19,938
1312,Paul Allen,paul.allen1312@corp.com,Engineering,Coordinator,173518.00,2016-12-31,932
1313,Agnes Farrell,agnes.farrell1313@corp.com,Marketing,Analyst,163119.00,2023-12-16,595
1314,Mindy Donovan,mindy.donovan1314@corp.com,IT,Director,144130.00,2023-08-25,953
1315,Terry Ford,terry.ford1315@corp.com,Marketing,Engineer,124363.00,2026-01-16,687
1316,Aida Lindsey,aida.lindsey1316@corp.com,Customer Success,VP,241834.00,2018-07-24,544
1317,Doreen Orr,doreen.orr1317@corp.com,IT,Specialist,213676.00,2025-06-02,1295
1318,Joanna Floyd,joanna.floyd1318@corp.com,HR,Director,45903.00,2023-10-26,672
1319,Reid Velasquez,reid.velasquez1319@corp.com,Customer Success,Specialist,93058.00,2017-09-27,1298
1320,Kyle Hamilton,kyle.hamilton1320@corp.com,Marketing,Consultant,212760.00,2017-09-05,320
1321,Carol Adams,carol.adams1321@corp.com,Finance,Senior Engineer,237894.00,2022-11-24,233
1322,Wilbur Serrano,wilbur.serrano1322@corp.com,R&D,VP,47249.00,2019-01-09,21
1323,Gabriel Spencer,gabriel.spencer1323@corp.com,Engineering,VP,72430.00,2025-12-17,384
1324,Aida Lindsey,aida.lindsey1324@corp.com,Finance,Senior Engineer,55151.00,2016-12-29,1098
1325,Linda Jones,linda.jones1325@corp.com,HR,Specialist,208345.00,2016-12-12,941
1326,Socorro Bean,socorro.bean1326@corp.com,HR,Coordinator,220626.00,2022-09-30,604
1327,Ricardo Buck,ricardo.buck1327@corp.com,Finance,Analyst,98314.00,2017-03-21,656
1328,Jean McDonald,jean.mcdonald1328@corp.com,R&D,VP,225043.00,2021-09-09,670
1329,Nannie Roth,nannie.roth1329@corp.com,Legal,Director,150310.00,2017-02-11,1092
1330,Amber Chavez,amber.chavez1330@corp.com,IT,Specialist,108302.00,2018-06-15,674
1331,Marci Franco,marci.franco1331@corp.com,R&D,Manager,135483.00,2025-11-26,210
1332,Paul Allen,paul.allen1332@corp.com,Customer Success,Specialist,206095.00,2017-08-27,855
1333,Opal Gould,opal.gould1333@corp.com,Sales,Specialist,237578.00,2026-02-18,1220
1334,Pablo Lynn,pablo.lynn1334@corp.com,Customer Success,Engineer,237612.00,2024-06-13,225
1335,Leah Costa,leah.costa1335@corp.com,R&D,Consultant,72612.00,2020-11-19,1167
1336,Ralph Olson,ralph.olson1336@corp.com,Operations,Engineer,108768.00,2024-11-18,465
1337,Oscar George,oscar.george1337@corp.com,Finance,Consultant,121951.00,2022-07-18,1271
1338,Myra Horne,myra.horne1338@corp.com,Finance,Specialist,52761.00,2025-04-17,860
1339,Edward Campbell,edward.campbell1339@corp.com,HR,VP,97291.00,2021-02-03,1007
1340,Evelyn Fisher,evelyn.fisher1340@corp.com,Sales,Engineer,64072.00,2016-11-28,944
1341,Mandy Ware,mandy.ware1341@corp.com,Sales,Director,148895.00,2025-10-28,1152
1342,Jewel Rivas,jewel.rivas1342@corp.com,Finance,Engineer,74761.00,2017-05-21,1307
1343,Morris Koch,morris.koch1343@corp.com,HR,Analyst,136604.00,2020-10-26,581
1344,Carmen Ware,carmen.ware1344@corp.com,R&D,Specialist,223484.00,2022-10-09,1338
1345,Jason Sims,jason.sims1345@corp.com,Engineering,Director,104773.00,2018-07-28,36
1346,Reid Velasquez,reid.velasquez1346@corp.com,Marketing,Architect,173870.00,2017-08-16,265
1347,Chelsea Oliver,chelsea.oliver1347@corp.com,HR,Architect,176494.00,2017-07-05,417
1348,Stephanie Roberts,stephanie.roberts1348@corp.com,R&D,VP,217003.00,2025-04-11,1092
1349,Rose Lane,rose.lane1349@corp.com,HR,Architect,105973.00,2025-01-05,516
1350,Rolland Buck,rolland.buck1350@corp.com,Customer Success,Consultant,102035.00,2021-01-13,556
1351,Jill McCoy,jill.mccoy1351@corp.com,Legal,Director,220817.00,2019-01-09,853
1352,Candy Wolf,candy.wolf1352@corp.com,Operations,Director,166468.00,2020-08-11,839
1353,Lizzie Vance,lizzie.vance1353@corp.com,Customer Success,Engineer,182857.00,2024-10-30,839
1354,Angela Murphy,angela.murphy1354@corp.com,Marketing,Engineer,242745.00,2018-09-19,1217
1355,Salvador Larsen,salvador.larsen1355@corp.com,HR,Director,50578.00,2022-10-03,926
1356,Johnnie Valencia,johnnie.valencia1356@corp.com,Sales,Analyst,58320.00,2026-07-02,622
1357,Dante Herman,dante.herman1357@corp.com,Operations,VP,108493.00,2021-02-02,318
1358,Iva Wolf,iva.wolf1358@corp.com,Engineering,VP,166275.00,2025-07-09,277
1359,Nell Wiley,nell.wiley1359@corp.com,Operations,Director,57351.00,2019-11-15,229
1360,Devin Burton,devin.burton1360@corp.com,R&D,Engineer,185889.00,2017-05-24,1031
1361,Dante Wilcox,dante.wilcox1361@corp.com,R&D,Consultant,229814.00,2021-07-17,338
1362,Laurence Pruitt,laurence.pruitt1362@corp.com,Customer Success,Analyst,150492.00,2017-08-25,1257
1363,Dorothy Flores,dorothy.flores1363@corp.com,Marketing,Specialist,156607.00,2023-01-03,53
1364,Connie Gross,connie.gross1364@corp.com,Customer Success,Director,212519.00,2022-09-16,1068
1365,Myron Sexton,myron.sexton1365@corp.com,Finance,Manager,211148.00,2026-06-14,812
1366,Emmett Barber,emmett.barber1366@corp.com,Marketing,Consultant,226910.00,2022-03-25,821
1367,Leticia Klein,leticia.klein1367@corp.com,Marketing,VP,139150.00,2024-01-04,805
1368,Alexander Gray,alexander.gray1368@corp.com,Finance,Analyst,46884.00,2025-01-25,1078
1369,Reid Velasquez,reid.velasquez1369@corp.com,Marketing,VP,114968.00,2017-12-21,966
1370,Roger Gibson,roger.gibson1370@corp.com,Engineering,Architect,196166.00,2022-05-21,1054
1371,Elvira Salinas,elvira.salinas1371@corp.com,R&D,Senior Engineer,169141.00,2023-03-02,1067
1372,Lyle Ware,lyle.ware1372@corp.com,Marketing,VP,71350.00,2020-05-15,423
1373,Laurence Pruitt,laurence.pruitt1373@corp.com,Finance,Engineer,137372.00,2017-11-10,1025
1374,Cyrus Fuentes,cyrus.fuentes1374@corp.com,Operations,Architect,191128.00,2017-02-04,59
1375,Jerald Strong,jerald.strong1375@corp.com,IT,Senior Engineer,84587.00,2020-03-01,339
1376,Elizabeth Martinez,elizabeth.martinez1376@corp.com,Sales,Director,246143.00,2016-12-11,1320
1377,Brian Nelson,brian.nelson1377@corp.com,Customer Success,Consultant,57179.00,2026-01-12,633
1378,Melinda Bradford,melinda.bradford1378@corp.com,Operations,VP,207474.00,2024-10-25,674
1379,Nola Rosales,nola.rosales1379@corp.com,Marketing,Specialist,153850.00,2023-03-09,516
1380,Dorothy Flores,dorothy.flores1380@corp.com,HR,Manager,146066.00,2017-07-29,759
1381,Leola Olsen,leola.olsen1381@corp.com,Sales,Senior Engineer,177402.00,2017-02-04,307
1382,Sal Larsen,sal.larsen1382@corp.com,HR,Analyst,89809.00,2026-03-17,213
1383,Sandra Ramirez,sandra.ramirez1383@corp.com,Legal,Architect,232399.00,2017-08-20,1340
1384,Tammy Franklin,tammy.franklin1384@corp.com,Engineering,Manager,195303.00,2019-08-08,1012
1385,Troy Joseph,troy.joseph1385@corp.com,Customer Success,Senior Engineer,167268.00,2021-02-21,1028
1386,Rene Booker,rene.booker1386@corp.com,R&D,Analyst,154753.00,2022-07-30,146
1387,Kristine Ashley,kristine.ashley1387@corp.com,Engineering,Analyst,99882.00,2022-03-26,617
1388,Julia Ruiz,julia.ruiz1388@corp.com,HR,Architect,141779.00,2018-01-06,93
1389,Sandra Ramirez,sandra.ramirez1389@corp.com,Marketing,Specialist,73306.00,2018-04-28,792
1390,Gregory Chavez,gregory.chavez1390@corp.com,R&D,Engineer,85685.00,2024-04-04,18
1391,Kathleen Reyes,kathleen.reyes1391@corp.com,Finance,Engineer,133518.00,2020-06-15,294
1392,Arthur Cole,arthur.cole1392@corp.com,Customer Success,Senior Engineer,144294.00,2019-08-02,393
1393,Lula Charles,lula.charles1393@corp.com,HR,Consultant,141534.00,2023-06-18,1082
1394,Evan Chapman,evan.chapman1394@corp.com,Finance,Senior Engineer,186075.00,2025-05-07,1239
1395,Clark Doyle,clark.doyle1395@corp.com,Customer Success,Specialist,59208.00,2022-03-14,992
1396,Sandra Ramirez,sandra.ramirez1396@corp.com,Engineering,VP,82627.00,2026-03-26,517
1397,Noreen Yates,noreen.yates1397@corp.com,Engineering,Analyst,141767.00,2021-01-27,1095
1398,Neva Bradford,neva.bradford1398@corp.com,IT,Architect,52081.00,2021-08-20,1329
1399,Donovan Morse,donovan.morse1399@corp.com,HR,Analyst,244504.00,2018-04-21,846
1400,Dwayne Conway,dwayne.conway1400@corp.com,Marketing,Director,130093.00,2017-10-06,1276
1401,Neal Thornton,neal.thornton1401@corp.com,Sales,Coordinator,88269.00,2025-04-24,826
1402,Joshua Torres,joshua.torres1402@corp.com,IT,Senior Engineer,246352.00,2022-07-09,443
1403,Andre Hampton,andre.hampton1403@corp.com,Operations,Architect,204451.00,2018-02-06,1326
1404,Oscar George,oscar.george1404@corp.com,Finance,Director,243041.00,2019-01-23,236
1405,Corinne Tyler,corinne.tyler1405@corp.com,Customer Success,Coordinator,229685.00,2018-02-13,752
1406,Linda Jones,linda.jones1406@corp.com,Finance,Specialist,145141.00,2018-09-03,917
1407,Mateo Sherman,mateo.sherman1407@corp.com,Customer Success,VP,109991.00,2017-11-13,253
1408,Olga Mora,olga.mora1408@corp.com,Customer Success,Consultant,118127.00,2024-03-19,20
1409,Dorian Serrano,dorian.serrano1409@corp.com,HR,Senior Engineer,194268.00,2020-06-10,1257
1410,Jason Evans,jason.evans1410@corp.com,Operations,Analyst,247178.00,2017-07-06,173
1411,Leland Berg,leland.berg1411@corp.com,HR,Architect,77948.00,2016-07-31,1296
1412,Darius Bullock,darius.bullock1412@corp.com,Sales,Senior Engineer,100971.00,2024-03-30,1123
1413,Joanna Floyd,joanna.floyd1413@corp.com,Finance,Senior Engineer,91811.00,2018-08-12,804
1414,Guadalupe Stanley,guadalupe.stanley1414@corp.com,Sales,Director,199723.00,2024-03-04,606
1415,Alexander Gray,alexander.gray1415@corp.com,Customer Success,Coordinator,103169.00,2018-05-16,59
1416,Ellen Carr,ellen.carr1416@corp.com,IT,Senior Engineer,230763.00,2025-02-09,672
1417,Christian Woods,christian.woods1417@corp.com,Finance,Senior Engineer,63375.00,2021-09-09,678
1418,Leah Costa,leah.costa1418@corp.com,HR,VP,79307.00,2017-04-11,873
1419,Leonard Wade,leonard.wade1419@corp.com,Operations,Coordinator,64522.00,2017-06-20,1305
1420,Olivia Ross,olivia.ross1420@corp.com,Sales,Engineer,64901.00,2019-06-15,446
1421,Etta Rosales,etta.rosales1421@corp.com,Engineering,Specialist,162319.00,2017-06-24,533
1422,Darnell Sharp,darnell.sharp1422@corp.com,IT,VP,135997.00,2024-12-17,133
1423,Kurt Fischer,kurt.fischer1423@corp.com,Legal,Specialist,156781.00,2021-04-22,668
1424,Marie Watkins,marie.watkins1424@corp.com,Customer Success,Senior Engineer,61328.00,2021-04-02,865
1425,Lisa Perez,lisa.perez1425@corp.com,R&D,Specialist,197232.00,2021-01-04,266
1426,Chase Fernandez,chase.fernandez1426@corp.com,Operations,Engineer,168664.00,2016-12-24,297
1427,Imogene Conley,imogene.conley1427@corp.com,Sales,Director,183818.00,2021-03-18,788
1428,Garry Huff,garry.huff1428@corp.com,HR,Architect,86411.00,2019-11-02,306
1429,Cole Bennett,cole.bennett1429@corp.com,Customer Success,Consultant,208835.00,2017-06-21,1345
1430,Juan Elliott,juan.elliott1430@corp.com,Operations,Architect,134194.00,2019-08-06,812
1431,Laura Parker,laura.parker1431@corp.com,Customer Success,Specialist,155828.00,2025-08-26,1349
1432,Darlene Simon,darlene.simon1432@corp.com,Customer Success,Architect,139832.00,2023-09-30,387
1433,Esperanza Middleton,esperanza.middleton1433@corp.com,R&D,Specialist,145062.00,2019-05-22,258
1434,Dennis Patel,dennis.patel1434@corp.com,Finance,Specialist,162323.00,2023-08-10,284
1435,Suzanne Holland,suzanne.holland1435@corp.com,Sales,Senior Engineer,150539.00,2023-06-08,912
1436,Toby Kirk,toby.kirk1436@corp.com,Marketing,Director,122804.00,2019-08-16,132
1437,Pamela Bailey,pamela.bailey1437@corp.com,HR,VP,210790.00,2026-06-05,931
1438,Jennie Salinas,jennie.salinas1438@corp.com,Legal,Analyst,133931.00,2023-08-29,976
1439,Forrest Brandt,forrest.brandt1439@corp.com,Marketing,Architect,219429.00,2016-11-04,745
1440,Kevin Green,kevin.green1440@corp.com,Engineering,Consultant,242320.00,2023-02-07,1390
1441,Sarah Thomas,sarah.thomas1441@corp.com,IT,VP,150802.00,2021-06-25,1280
1442,Rosie Mora,rosie.mora1442@corp.com,Customer Success,Analyst,76420.00,2019-11-13,151
1443,Marlin Fuentes,marlin.fuentes1443@corp.com,Finance,Analyst,202627.00,2022-07-13,604
1444,Neal Thornton,neal.thornton1444@corp.com,Customer Success,Director,60513.00,2019-04-16,580
1445,Devin Burton,devin.burton1445@corp.com,Engineering,Senior Engineer,210615.00,2025-05-07,266
1446,Frank James,frank.james1446@corp.com,Engineering,Specialist,230713.00,2026-04-15,663
1447,Shelby Horn,shelby.horn1447@corp.com,R&D,Consultant,61022.00,2017-08-04,448
1448,Seth Ellis,seth.ellis1448@corp.com,IT,Manager,111232.00,2018-06-05,744
1449,Fannie Hutchinson,fannie.hutchinson1449@corp.com,Marketing,Coordinator,246517.00,2025-01-26,1041
1450,Emily King,emily.king1450@corp.com,Customer Success,Architect,209074.00,2022-06-21,395
1451,Dewayne Solis,dewayne.solis1451@corp.com,R&D,Senior Engineer,182984.00,2023-12-05,1339
1452,Shirley Rogers,shirley.rogers1452@corp.com,Legal,VP,90335.00,2025-01-11,1216
1453,Alfonso Friedman,alfonso.friedman1453@corp.com,Customer Success,VP,87806.00,2020-06-11,304
1454,Kirk Hurst,kirk.hurst1454@corp.com,Engineering,Manager,201383.00,2022-08-27,1377
1455,Nina Browning,nina.browning1455@corp.com,Finance,Manager,179572.00,2025-11-30,1027
1456,Rex Booker,rex.booker1456@corp.com,Legal,Engineer,82212.00,2025-04-12,879
1457,Christian Carpenter,christian.carpenter1457@corp.com,Marketing,Coordinator,206406.00,2018-07-29,1153
1458,Jackie Higgins,jackie.higgins1458@corp.com,Sales,Specialist,184484.00,2026-01-17,509
1459,Wallace Roy,wallace.roy1459@corp.com,Marketing,Consultant,90235.00,2020-02-07,902
1460,Dolores Pena,dolores.pena1460@corp.com,Marketing,Senior Engineer,178376.00,2021-04-12,1140
1461,Paula Wheeler,paula.wheeler1461@corp.com,Finance,Senior Engineer,186612.00,2022-08-24,516
1462,Genevieve Horn,genevieve.horn1462@corp.com,Operations,Director,152080.00,2023-02-01,81
1463,Sandra Ramirez,sandra.ramirez1463@corp.com,Legal,Architect,96888.00,2019-07-30,1439
1464,Andrea Reyes,andrea.reyes1464@corp.com,Customer Success,Director,57045.00,2021-10-22,456
1465,Essie Orr,essie.orr1465@corp.com,HR,Senior Engineer,236298.00,2026-01-15,813
1466,Jeannine Krause,jeannine.krause1466@corp.com,HR,Coordinator,196719.00,2018-11-22,182
1467,Kenneth Hill,kenneth.hill1467@corp.com,Engineering,Engineer,118063.00,2020-09-14,688
1468,Paul Allen,paul.allen1468@corp.com,HR,Engineer,112095.00,2026-05-18,921
1469,Carroll Bullock,carroll.bullock1469@corp.com,R&D,Specialist,183749.00,2021-06-05,105
1470,Ruth Myers,ruth.myers1470@corp.com,Engineering,VP,177587.00,2020-06-01,68
1471,Leigh Leach,leigh.leach1471@corp.com,IT,Architect,68079.00,2019-11-03,713
1472,Morgan Hansen,morgan.hansen1472@corp.com,IT,Engineer,91966.00,2022-07-12,741
1473,Mateo Sherman,mateo.sherman1473@corp.com,IT,Analyst,102938.00,2018-12-17,1345
1474,Gertrude Shepard,gertrude.shepard1474@corp.com,IT,VP,127368.00,2026-01-13,56
1475,Troy Joseph,troy.joseph1475@corp.com,HR,Coordinator,74209.00,2025-06-04,752
1476,Irma Farrell,irma.farrell1476@corp.com,R&D,VP,146499.00,2018-11-12,1378
1477,Susie Valencia,susie.valencia1477@corp.com,IT,Architect,53374.00,2017-02-17,527
1478,Rebecca Phillips,rebecca.phillips1478@corp.com,Customer Success,VP,149035.00,2021-05-03,665
1479,Morris Koch,morris.koch1479@corp.com,R&D,Analyst,155671.00,2018-02-04,766
1480,Joe Kim,joe.kim1480@corp.com,HR,Coordinator,209276.00,2017-01-24,1042
1481,Winifred Bender,winifred.bender1481@corp.com,Engineering,Coordinator,155196.00,2016-10-12,522
1482,Austin Harper,austin.harper1482@corp.com,Operations,Senior Engineer,125898.00,2018-06-07,683
1483,Sara Griffin,sara.griffin1483@corp.com,R&D,Director,247103.00,2019-11-12,373
1484,Adam Coleman,adam.coleman1484@corp.com,Operations,Specialist,210125.00,2018-02-09,774
1485,Nettie Buckner,nettie.buckner1485@corp.com,Marketing,Analyst,154498.00,2022-04-03,36
1486,Jennie Salinas,jennie.salinas1486@corp.com,Sales,Coordinator,98722.00,2019-04-22,1299
1487,Andre Hampton,andre.hampton1487@corp.com,IT,Director,54350.00,2019-12-22,1002
1488,Rosalyn Browning,rosalyn.browning1488@corp.com,R&D,Architect,60469.00,2016-11-27,235
1489,Rena Eldridge,rena.eldridge1489@corp.com,Legal,Senior Engineer,172933.00,2024-12-23,822
1490,Bruce Perkins,bruce.perkins1490@corp.com,Sales,Senior Engineer,191980.00,2020-03-13,669
1491,Rene Ware,rene.ware1491@corp.com,Sales,Consultant,45012.00,2020-11-16,1193
1492,Myra Horne,myra.horne1492@corp.com,IT,Coordinator,97426.00,2016-09-01,1077
1493,Marcella English,marcella.english1493@corp.com,Finance,Manager,146214.00,2022-04-30,534
1494,Rex Booker,rex.booker1494@corp.com,Customer Success,Specialist,187867.00,2017-05-29,852
1495,Mariah Jimenez,mariah.jimenez1495@corp.com,HR,Consultant,112722.00,2024-12-23,470
1496,Leonard Wade,leonard.wade1496@corp.com,HR,Engineer,188872.00,2019-10-06,642
1497,Kathryn Hayes,kathryn.hayes1497@corp.com,Sales,Engineer,83137.00,2018-11-21,106
1498,Jane Ryan,jane.ryan1498@corp.com,Marketing,Engineer,127228.00,2018-06-07,146
1499,Lorene Vaughan,lorene.vaughan1499@corp.com,R&D,Consultant,169383.00,2017-08-03,1114
1500,Justin Reed,justin.reed1500@corp.com,Marketing,Analyst,220653.00,2025-04-07,827
1501,Keith Ferguson,keith.ferguson1501@corp.com,Finance,Analyst,217467.00,2026-01-22,827
1502,Oscar George,oscar.george1502@corp.com,Finance,Engineer,227623.00,2026-05-05,1354
1503,Billy Hawkins,billy.hawkins1503@corp.com,Finance,Senior Engineer,78927.00,2019-09-30,1086
1504,Inez Rollins,inez.rollins1504@corp.com,IT,Specialist,162227.00,2016-12-19,557
1505,Jerry Long,jerry.long1505@corp.com,Finance,Director,113969.00,2025-07-07,1426
1506,Juan Elliott,juan.elliott1506@corp.com,Engineering,Manager,50769.00,2025-06-06,180
1507,Jason Sims,jason.sims1507@corp.com,R&D,Coordinator,54889.00,2022-03-04,217
1508,Christina Ellis,christina.ellis1508@corp.com,Customer Success,Director,152689.00,2024-12-13,807
1509,Ross Stein,ross.stein1509@corp.com,R&D,Consultant,66208.00,2019-05-25,840
1510,Clint Duran,clint.duran1510@corp.com,Engineering,Specialist,173635.00,2021-11-07,690
1511,Walter Patterson,walter.patterson1511@corp.com,Engineering,Coordinator,226120.00,2026-03-30,968
1512,Joe Kim,joe.kim1512@corp.com,Finance,Coordinator,200238.00,2025-07-10,1208
1513,Wesley Todd,wesley.todd1513@corp.com,HR,Specialist,65348.00,2018-04-18,1347
1514,Della Mercer,della.mercer1514@corp.com,HR,Coordinator,79887.00,2021-12-12,629
1515,Dixie Potter,dixie.potter1515@corp.com,Operations,Senior Engineer,179682.00,2016-08-02,841
1516,Jack Castillo,jack.castillo1516@corp.com,R&D,VP,121193.00,2020-05-02,695
1517,Jesse Knight,jesse.knight1517@corp.com,Finance,Manager,127524.00,2023-06-23,1065
1518,Edwin Donaldson,edwin.donaldson1518@corp.com,Operations,Specialist,173426.00,2023-11-10,413
1519,Shelia Horn,shelia.horn1519@corp.com,IT,Specialist,54044.00,2024-05-07,75
1520,Nellie Norton,nellie.norton1520@corp.com,Customer Success,Consultant,227690.00,2018-11-04,686
1521,Shelley Ericksen,shelley.ericksen1521@corp.com,HR,Specialist,131617.00,2024-10-15,159
1522,Kendrick Glass,kendrick.glass1522@corp.com,Finance,VP,214326.00,2023-12-05,271
1523,Amy Morris,amy.morris1523@corp.com,Finance,Architect,102358.00,2023-01-29,536
1524,Samuel Watson,samuel.watson1524@corp.com,Engineering,Specialist,129797.00,2021-03-31,978
1525,Martha Dunn,martha.dunn1525@corp.com,Operations,Engineer,132583.00,2025-12-02,534
1526,Olga Mora,olga.mora1526@corp.com,R&D,Director,160569.00,2018-01-29,1062
1527,Maria Garcia,maria.garcia1527@corp.com,Operations,Analyst,91375.00,2017-03-23,1427
1528,Marcella English,marcella.english1528@corp.com,HR,VP,154749.00,2019-03-27,185
1529,Wesley Todd,wesley.todd1529@corp.com,HR,VP,72185.00,2026-06-08,877
1530,Rex Baird,rex.baird1530@corp.com,HR,Architect,178563.00,2020-07-28,959
1531,Richard Hernandez,richard.hernandez1531@corp.com,HR,Specialist,126721.00,2016-10-04,372
1532,Wallace Roy,wallace.roy1532@corp.com,R&D,Manager,227639.00,2017-03-02,1128
1533,Wilbur Serrano,wilbur.serrano1533@corp.com,Sales,Architect,248729.00,2016-11-22,996
1534,Rachel Mendoza,rachel.mendoza1534@corp.com,HR,Specialist,230777.00,2023-07-09,317
1535,Leah Costa,leah.costa1535@corp.com,R&D,Consultant,211388.00,2016-11-17,1101
1536,Lynnette Donaldson,lynnette.donaldson1536@corp.com,Legal,Senior Engineer,231119.00,2019-11-25,519
1537,Harriet Guthrie,harriet.guthrie1537@corp.com,Finance,Engineer,194379.00,2020-02-12,1367
1538,Maria Garcia,maria.garcia1538@corp.com,Legal,Coordinator,47628.00,2016-08-15,1138
1539,Miles Wong,miles.wong1539@corp.com,Finance,Engineer,193431.00,2019-10-29,1213
1540,Blake Harvey,blake.harvey1540@corp.com,Finance,Senior Engineer,74983.00,2020-12-07,924
1541,Roslyn Browning,roslyn.browning1541@corp.com,Engineering,VP,128633.00,2023-12-12,125
1542,Kathleen Reyes,kathleen.reyes1542@corp.com,HR,Manager,237498.00,2019-04-25,1185
1543,Micheal Mcgee,micheal.mcgee1543@corp.com,Engineering,Analyst,202839.00,2025-07-10,360
1544,Lourdes Shepard,lourdes.shepard1544@corp.com,Legal,Consultant,73400.00,2024-09-01,550
1545,Mamie Rollins,mamie.rollins1545@corp.com,Legal,Senior Engineer,169172.00,2021-08-01,1052
1546,Minnie Cisneros,minnie.cisneros1546@corp.com,Customer Success,Senior Engineer,241491.00,2021-05-04,359
1547,Lucille Calderon,lucille.calderon1547@corp.com,Finance,Senior Engineer,128375.00,2024-09-10,142
1548,Cameron Montgomery,cameron.montgomery1548@corp.com,Marketing,Consultant,104930.00,2022-12-08,1390
1549,Cora Mcmahon,cora.mcmahon1549@corp.com,Engineering,Manager,86440.00,2021-06-17,710
1550,Clement Hood,clement.hood1550@corp.com,Finance,Architect,131670.00,2019-04-11,978
1551,Nathaniel Mckinney,nathaniel.mckinney1551@corp.com,Legal,Senior Engineer,154804.00,2018-06-13,1138
1552,Wilbur Serrano,wilbur.serrano1552@corp.com,Engineering,Director,161390.00,2018-09-10,1520
1553,Janet Sanders,janet.sanders1553@corp.com,Finance,Senior Engineer,96917.00,2017-10-13,1483
1554,Sally Payne,sally.payne1554@corp.com,Engineering,VP,192840.00,2019-02-10,462
1555,Linda Jones,linda.jones1555@corp.com,Legal,Specialist,108556.00,2017-08-29,1142
1556,Andrew Wright,andrew.wright1556@corp.com,Legal,Analyst,102632.00,2016-10-21,919
1557,Judy Armstrong,judy.armstrong1557@corp.com,Sales,Architect,195932.00,2019-08-08,1141
1558,Christine Wood,christine.wood1558@corp.com,Legal,Analyst,147876.00,2019-05-14,577
1559,Leticia Klein,leticia.klein1559@corp.com,Operations,Senior Engineer,241860.00,2023-11-17,51
1560,Anthony Harris,anthony.harris1560@corp.com,Legal,Consultant,99519.00,2016-10-07,1086
1561,Sally Payne,sally.payne1561@corp.com,Engineering,Specialist,194165.00,2019-03-05,745
1562,Kristine Ashley,kristine.ashley1562@corp.com,Marketing,Analyst,160487.00,2022-08-31,258
1563,Jonathan Gutierrez,jonathan.gutierrez1563@corp.com,IT,Architect,246423.00,2022-09-17,143
1564,Janelle Castaneda,janelle.castaneda1564@corp.com,Marketing,Consultant,200712.00,2023-03-19,701
1565,Nina Browning,nina.browning1565@corp.com,Finance,Architect,247174.00,2022-10-09,31
1566,Roslyn Browning,roslyn.browning1566@corp.com,HR,Consultant,187208.00,2019-06-27,495
1567,Jose Sullivan,jose.sullivan1567@corp.com,IT,Engineer,199358.00,2019-07-31,107
1568,Noah Hart,noah.hart1568@corp.com,Customer Success,Director,144318.00,2016-12-18,300
1569,Rodolfo Gallagher,rodolfo.gallagher1569@corp.com,R&D,Analyst,54735.00,2023-09-28,352
1570,Susan Lopez,susan.lopez1570@corp.com,IT,Analyst,47563.00,2026-04-12,443
1571,Cameron Montgomery,cameron.montgomery1571@corp.com,Legal,VP,170899.00,2016-12-21,1536
1572,Ellis Mcgee,ellis.mcgee1572@corp.com,Operations,Consultant,153634.00,2024-10-09,1098
1573,Stephen Morgan,stephen.morgan1573@corp.com,IT,Analyst,182468.00,2019-10-31,620
1574,Shane Stevens,shane.stevens1574@corp.com,HR,VP,185219.00,2022-05-25,599
1575,Jason Sims,jason.sims1575@corp.com,Sales,Consultant,232391.00,2025-08-27,119
1576,Morgan Hansen,morgan.hansen1576@corp.com,Finance,Analyst,183253.00,2024-08-25,627
1577,Mabel Donaldson,mabel.donaldson1577@corp.com,R&D,Engineer,64681.00,2022-01-08,526
1578,Claude Blackburn,claude.blackburn1578@corp.com,Legal,Engineer,157872.00,2022-09-17,164
1579,Hector Fuentes,hector.fuentes1579@corp.com,Engineering,Coordinator,166998.00,2019-09-01,394
1580,Benjamin Ward,benjamin.ward1580@corp.com,IT,Manager,62983.00,2017-06-10,712
1581,Alma Hutchinson,alma.hutchinson1581@corp.com,HR,Specialist,125304.00,2026-01-20,1373
1582,Ann Marshall,ann.marshall1582@corp.com,Legal,Senior Engineer,57041.00,2020-07-04,1034
1583,Bennie Duffy,bennie.duffy1583@corp.com,Customer Success,VP,161824.00,2019-03-29,1385
1584,Rolland Buck,rolland.buck1584@corp.com,Legal,Engineer,226183.00,2026-01-23,746
1585,Colleen Russell,colleen.russell1585@corp.com,HR,Coordinator,137588.00,2022-05-04,553
1586,Thaddeus Conway,thaddeus.conway1586@corp.com,Finance,Analyst,192986.00,2017-09-11,1065
1587,Justin Reed,justin.reed1587@corp.com,HR,Architect,133089.00,2024-11-27,1309
1588,Irene Glover,irene.glover1588@corp.com,Operations,Manager,158133.00,2021-04-16,131
1589,Irene Glover,irene.glover1589@corp.com,Finance,Analyst,241881.00,2017-08-23,982
1590,Darnell Sharp,darnell.sharp1590@corp.com,HR,Consultant,160897.00,2017-03-01,474
1591,Lanny Rubio,lanny.rubio1591@corp.com,Marketing,Consultant,122069.00,2020-07-14,493
1592,Vernon Hood,vernon.hood1592@corp.com,Engineering,Engineer,126586.00,2020-07-09,142
1593,Marlin Fuentes,marlin.fuentes1593@corp.com,HR,Analyst,75484.00,2018-02-07,1146
1594,Rolando Hammond,rolando.hammond1594@corp.com,R&D,Manager,116905.00,2019-12-04,260
1595,Lowell Gates,lowell.gates1595@corp.com,Customer Success,Analyst,115559.00,2018-09-12,1305
1596,Marie Watkins,marie.watkins1596@corp.com,Marketing,Architect,145397.00,2023-07-17,12
1597,Rory Sawyer,rory.sawyer1597@corp.com,Operations,Specialist,45645.00,2025-02-01,744
1598,Lowell Gates,lowell.gates1598@corp.com,Sales,Senior Engineer,46060.00,2024-06-19,1575
1599,Billie Wiggins,billie.wiggins1599@corp.com,Engineering,Engineer,76331.00,2022-10-11,378
1600,Ronald Carter,ronald.carter1600@corp.com,Legal,Specialist,195464.00,2022-09-28,337
1601,Nina Browning,nina.browning1601@corp.com,Customer Success,Analyst,187874.00,2025-12-21,922
1602,Rachel Mendoza,rachel.mendoza1602@corp.com,IT,Coordinator,107244.00,2024-12-05,152
1603,Marcella English,marcella.english1603@corp.com,Customer Success,Architect,135840.00,2025-09-24,463
1604,Omar Barton,omar.barton1604@corp.com,R&D,Engineer,102583.00,2026-01-15,780
1605,Laura Parker,laura.parker1605@corp.com,R&D,Senior Engineer,214155.00,2016-09-08,132
1606,Alfonso Friedman,alfonso.friedman1606@corp.com,Operations,Consultant,78779.00,2018-01-10,1589
1607,Mandy Ware,mandy.ware1607@corp.com,Sales,Director,148822.00,2018-12-01,1176
1608,Russell Duncan,russell.duncan1608@corp.com,Marketing,Engineer,110525.00,2018-09-20,1384
1609,Nathan Gonzales,nathan.gonzales1609@corp.com,Customer Success,Coordinator,166569.00,2018-09-10,667
1610,Christine Wood,christine.wood1610@corp.com,HR,Coordinator,123021.00,2017-03-14,315
1611,Maria Garcia,maria.garcia1611@corp.com,Customer Success,Architect,190700.00,2018-01-13,416
1612,Neva Bradford,neva.bradford1612@corp.com,HR,Manager,101847.00,2025-09-07,671
1613,Billie Wiggins,billie.wiggins1613@corp.com,Customer Success,Specialist,152525.00,2020-10-24,913
1614,Randal Kaufman,randal.kaufman1614@corp.com,IT,Engineer,162390.00,2019-04-22,1238
1615,Austin Harper,austin.harper1615@corp.com,Customer Success,Director,123109.00,2020-11-30,1122
1616,Lorene Vaughan,lorene.vaughan1616@corp.com,Engineering,Manager,245165.00,2021-02-06,380
1617,Cecilia Brock,cecilia.brock1617@corp.com,Marketing,Manager,191258.00,2019-03-28,1092
1618,Martin Sharp,martin.sharp1618@corp.com,HR,Engineer,190813.00,2025-04-17,1496
1619,Carol Adams,carol.adams1619@corp.com,Engineering,Senior Engineer,131129.00,2018-10-15,255
1620,Orlando Herman,orlando.herman1620@corp.com,IT,Manager,78716.00,2018-03-22,787
1621,Lucia Mclean,lucia.mclean1621@corp.com,Operations,Architect,196314.00,2021-11-30,1375
1622,Gary Stewart,gary.stewart1622@corp.com,Sales,Coordinator,178256.00,2017-08-04,57
1623,Nell Wiley,nell.wiley1623@corp.com,R&D,VP,86382.00,2024-10-15,36
1624,Nettie Buckner,nettie.buckner1624@corp.com,Customer Success,Engineer,241586.00,2024-10-15,418
1625,Lula Charles,lula.charles1625@corp.com,Operations,Director,200080.00,2017-02-21,818
1626,Tyler Foster,tyler.foster1626@corp.com,HR,Manager,78346.00,2021-05-04,1354
1627,Michelle Nguyen,michelle.nguyen1627@corp.com,Customer Success,Senior Engineer,169940.00,2024-09-13,1285
1628,Ellen Carr,ellen.carr1628@corp.com,Customer Success,Architect,212748.00,2026-02-06,955
1629,Nadine Grimes,nadine.grimes1629@corp.com,Engineering,Senior Engineer,246272.00,2019-02-24,1468
1630,Cecelia Becker,cecelia.becker1630@corp.com,Customer Success,VP,99752.00,2022-01-06,1509
1631,Forrest Brandt,forrest.brandt1631@corp.com,Customer Success,VP,74845.00,2020-09-29,971
1632,Virginia Russell,virginia.russell1632@corp.com,Customer Success,Engineer,156073.00,2025-10-09,147
1633,Marilyn Ferguson,marilyn.ferguson1633@corp.com,Marketing,Specialist,147958.00,2023-03-01,1401
1634,Beverly Weaver,beverly.weaver1634@corp.com,HR,Senior Engineer,73206.00,2022-03-15,518
1635,Rene Booker,rene.booker1635@corp.com,Operations,Manager,248241.00,2022-10-31,1205
1636,Evelyn Fisher,evelyn.fisher1636@corp.com,Operations,VP,157690.00,2024-07-30,1264
1637,Jose Sullivan,jose.sullivan1637@corp.com,Engineering,Specialist,209349.00,2018-09-23,288
1638,Lorene Vaughan,lorene.vaughan1638@corp.com,R&D,Director,58336.00,2025-12-14,1520
1639,Velma Brennan,velma.brennan1639@corp.com,Engineering,Architect,93434.00,2018-12-08,488
1640,Shelby Horn,shelby.horn1640@corp.com,Engineering,Manager,196335.00,2026-01-01,548
1641,Roosevelt Sawyer,roosevelt.sawyer1641@corp.com,Sales,VP,100576.00,2019-11-21,1551
1642,Shirley Rogers,shirley.rogers1642@corp.com,IT,Coordinator,104851.00,2017-04-03,1382
1643,Janelle Castaneda,janelle.castaneda1643@corp.com,R&D,Coordinator,173482.00,2024-10-24,1588
1644,Eleanor Vargas,eleanor.vargas1644@corp.com,Legal,Senior Engineer,88371.00,2019-03-18,872
1645,Elvira Salinas,elvira.salinas1645@corp.com,Legal,Consultant,73523.00,2026-04-27,568
1646,Cecilia Brock,cecilia.brock1646@corp.com,HR,Senior Engineer,191398.00,2024-11-21,652
1647,Stuart Sweeney,stuart.sweeney1647@corp.com,Legal,VP,54010.00,2018-09-06,1592
1648,Sergio Mcgee,sergio.mcgee1648@corp.com,R&D,Specialist,233477.00,2025-11-08,293
1649,Ryan Cruz,ryan.cruz1649@corp.com,Marketing,Director,176320.00,2022-08-27,1523
1650,Elsa Novak,elsa.novak1650@corp.com,Customer Success,Manager,238111.00,2025-12-20,208
1651,Eunice Conley,eunice.conley1651@corp.com,Legal,Manager,247444.00,2026-02-27,1469
1652,Ethan Rose,ethan.rose1652@corp.com,Finance,Director,110507.00,2022-07-02,902
1653,Byron Madden,byron.madden1653@corp.com,Finance,Consultant,164426.00,2017-10-26,805
1654,Aida Lindsey,aida.lindsey1654@corp.com,Legal,VP,137481.00,2023-11-02,875
1655,Genevieve Horn,genevieve.horn1655@corp.com,Operations,Director,233144.00,2024-04-08,92
1656,Loren Solis,loren.solis1656@corp.com,Marketing,Director,147928.00,2024-01-03,1533
1657,Lottie Duffy,lottie.duffy1657@corp.com,Finance,Consultant,184217.00,2017-11-13,1628
1658,Jane Ryan,jane.ryan1658@corp.com,Finance,Manager,176949.00,2024-12-08,1268
1659,Jeannette Norton,jeannette.norton1659@corp.com,HR,Coordinator,146153.00,2022-11-26,891
1660,Amber Chavez,amber.chavez1660@corp.com,HR,Coordinator,115098.00,2017-06-03,1017
1661,Alberta York,alberta.york1661@corp.com,Engineering,Engineer,49134.00,2021-10-08,622
1662,Brandon Kim,brandon.kim1662@corp.com,Customer Success,Architect,57263.00,2026-06-03,1483
1663,Bradford Mcclure,bradford.mcclure1663@corp.com,Finance,Architect,118226.00,2022-12-02,494
1664,Moses Stein,moses.stein1664@corp.com,Marketing,Specialist,65443.00,2024-11-07,1084
1665,Lori Marshall,lori.marshall1665@corp.com,Marketing,Manager,116552.00,2018-03-07,281
1666,Ricardo Buck,ricardo.buck1666@corp.com,Finance,Consultant,206702.00,2025-09-06,1622
1667,Yolanda Roth,yolanda.roth1667@corp.com,Legal,Analyst,65823.00,2024-07-25,646
1668,Leo Velasquez,leo.velasquez1668@corp.com,Customer Success,VP,77511.00,2022-05-05,821
1669,Laurence Pruitt,laurence.pruitt1669@corp.com,R&D,Architect,211990.00,2019-04-23,310
1670,Emma Kelly,emma.kelly1670@corp.com,Marketing,Coordinator,137529.00,2024-01-18,1138
1671,Irma Farrell,irma.farrell1671@corp.com,Operations,Architect,201574.00,2024-11-21,976
1672,Keith Ferguson,keith.ferguson1672@corp.com,HR,Consultant,168053.00,2022-05-16,507
1673,Marsha Fleming,marsha.fleming1673@corp.com,Finance,Coordinator,136307.00,2022-10-27,1319
1674,Alberta York,alberta.york1674@corp.com,IT,Engineer,116418.00,2017-05-06,1509
1675,Leona Olsen,leona.olsen1675@corp.com,Customer Success,Specialist,122872.00,2019-10-04,1364
1676,Rufus Sutton,rufus.sutton1676@corp.com,Customer Success,Senior Engineer,113885.00,2025-04-09,879
1677,Donnie Sharp,donnie.sharp1677@corp.com,Operations,Director,55860.00,2018-10-25,1603
1678,Lonnie Lindsey,lonnie.lindsey1678@corp.com,Legal,Architect,175433.00,2020-04-15,972
1679,Lena Aguilar,lena.aguilar1679@corp.com,Engineering,Architect,116163.00,2019-04-01,254
1680,Brian Nelson,brian.nelson1680@corp.com,Engineering,Director,190612.00,2024-04-03,1555
1681,Bobbie Mccarty,bobbie.mccarty1681@corp.com,R&D,Consultant,98108.00,2020-11-02,1247
1682,Denise Lawrence,denise.lawrence1682@corp.com,IT,Senior Engineer,186146.00,2017-03-10,1351
1683,Susan Lopez,susan.lopez1683@corp.com,Engineering,Manager,83320.00,2023-04-26,717
1684,Christopher Jackson,christopher.jackson1684@corp.com,R&D,Senior Engineer,48466.00,2020-01-18,829
1685,Lorenzo Munoz,lorenzo.munoz1685@corp.com,Legal,Director,164476.00,2021-02-09,122
1686,Lowell Gates,lowell.gates1686@corp.com,IT,Architect,243949.00,2017-02-24,656
1687,Jonathan Gutierrez,jonathan.gutierrez1687@corp.com,R&D,Senior Engineer,105785.00,2021-03-31,687
1688,Imogene Conley,imogene.conley1688@corp.com,Operations,Coordinator,52070.00,2018-03-08,1120
1689,Salvador Larsen,salvador.larsen1689@corp.com,Legal,VP,137921.00,2021-05-19,713
1690,Eric Cook,eric.cook1690@corp.com,Customer Success,Consultant,131830.00,2024-05-09,897
1691,James Smith,james.smith1691@corp.com,R&D,Specialist,248960.00,2019-08-17,757
1692,Estelle Hays,estelle.hays1692@corp.com,Marketing,Analyst,68136.00,2021-12-23,500
1693,Esperanza Middleton,esperanza.middleton1693@corp.com,Engineering,Manager,56051.00,2022-10-30,1010
1694,Benjamin Ward,benjamin.ward1694@corp.com,Legal,Manager,79843.00,2024-10-19,1051
1695,Sharon Turner,sharon.turner1695@corp.com,Engineering,VP,163859.00,2024-05-07,318
1696,Joanna Floyd,joanna.floyd1696@corp.com,Operations,Senior Engineer,65895.00,2026-04-02,709
1697,Doris Orr,doris.orr1697@corp.com,Legal,Analyst,124123.00,2018-12-06,150
1698,Mark Clark,mark.clark1698@corp.com,Engineering,Engineer,232947.00,2021-07-06,719
1699,Rosalyn Browning,rosalyn.browning1699@corp.com,Customer Success,Consultant,95932.00,2019-09-07,1475
1700,Doris Orr,doris.orr1700@corp.com,Legal,Director,60847.00,2017-04-25,1274
1701,Mattie Potter,mattie.potter1701@corp.com,R&D,Consultant,127890.00,2018-12-21,431
1702,Lynnette Donaldson,lynnette.donaldson1702@corp.com,Operations,Director,82327.00,2026-06-27,16
1703,Claudia Kinney,claudia.kinney1703@corp.com,R&D,VP,124500.00,2024-11-14,1083
1704,Samantha Richardson,samantha.richardson1704@corp.com,HR,Director,156099.00,2024-01-18,1657
1705,Rosie Mora,rosie.mora1705@corp.com,Sales,Senior Engineer,72090.00,2024-09-25,950
1706,Dolores Pena,dolores.pena1706@corp.com,Legal,Specialist,243023.00,2019-10-12,190
1707,Stella Delgado,stella.delgado1707@corp.com,Operations,Analyst,187145.00,2021-02-23,1469
1708,Zachary Romero,zachary.romero1708@corp.com,IT,Specialist,185471.00,2018-11-22,245
1709,Catherine Hughes,catherine.hughes1709@corp.com,Engineering,Director,97812.00,2025-03-31,33
1710,Carmen Ware,carmen.ware1710@corp.com,Customer Success,VP,131390.00,2016-11-16,1684
1711,Theresa Austin,theresa.austin1711@corp.com,Legal,Director,151749.00,2024-03-28,812
1712,Dewayne Solis,dewayne.solis1712@corp.com,Marketing,Specialist,85966.00,2018-11-01,961
1713,Angela Murphy,angela.murphy1713@corp.com,HR,Senior Engineer,139203.00,2016-07-30,317
1714,Morris Koch,morris.koch1714@corp.com,R&D,Consultant,103431.00,2019-08-02,1597
1715,Brandon Kim,brandon.kim1715@corp.com,Customer Success,Coordinator,118185.00,2022-01-25,1189
1716,Nora Andersen,nora.andersen1716@corp.com,IT,VP,205272.00,2025-07-07,1599
1717,Logan Stephens,logan.stephens1717@corp.com,Finance,Director,56105.00,2017-07-06,281
1718,Frances Mills,frances.mills1718@corp.com,Customer Success,VP,93800.00,2024-02-22,432
1719,Terrence Brennan,terrence.brennan1719@corp.com,Engineering,VP,230397.00,2020-02-25,967
1720,Olivia Ross,olivia.ross1720@corp.com,Customer Success,Coordinator,75056.00,2017-03-17,1139
1721,Giovanni Koch,giovanni.koch1721@corp.com,Engineering,Consultant,107840.00,2018-04-14,269
1722,Don Morse,don.morse1722@corp.com,IT,Engineer,51024.00,2019-01-26,26
1723,Mindy Donovan,mindy.donovan1723@corp.com,HR,Engineer,131679.00,2021-08-06,293
1724,Juanita Krueger,juanita.krueger1724@corp.com,Legal,Consultant,173710.00,2023-02-04,880
1725,Lena Aguilar,lena.aguilar1725@corp.com,Engineering,Consultant,119645.00,2025-12-26,619
1726,Daren Booth,daren.booth1726@corp.com,Engineering,Specialist,215485.00,2021-10-11,729
1727,Fernando Glass,fernando.glass1727@corp.com,Legal,Engineer,217266.00,2025-08-23,1403
1728,Lynne Hobbs,lynne.hobbs1728@corp.com,Operations,Specialist,244877.00,2022-04-07,1502
1729,Hector Lambert,hector.lambert1729@corp.com,Engineering,Specialist,188960.00,2017-08-27,757
1730,Wallace Roy,wallace.roy1730@corp.com,Legal,Consultant,243033.00,2024-08-31,1005
1731,Shelby Horn,shelby.horn1731@corp.com,IT,Senior Engineer,184669.00,2018-09-17,969
1732,Johnnie Boyer,johnnie.boyer1732@corp.com,Finance,Director,171329.00,2023-02-08,1658
1733,Mona Bender,mona.bender1733@corp.com,R&D,Manager,217298.00,2021-02-23,245
1734,Gwendolyn Valdez,gwendolyn.valdez1734@corp.com,Operations,Senior Engineer,112600.00,2024-03-23,223
1735,Irene Glover,irene.glover1735@corp.com,HR,VP,58289.00,2026-02-25,1667
1736,Denise Lawrence,denise.lawrence1736@corp.com,Customer Success,Director,85904.00,2017-01-11,1461
1737,William Miller,william.miller1737@corp.com,Operations,Director,137973.00,2017-12-06,131
1738,Dylan Bradley,dylan.bradley1738@corp.com,Sales,Coordinator,97796.00,2021-07-18,1671
1739,Ralph Olson,ralph.olson1739@corp.com,Operations,Senior Engineer,240416.00,2018-10-06,362
1740,Nelson Huff,nelson.huff1740@corp.com,Legal,Consultant,158802.00,2016-11-04,422
1741,Jose Sullivan,jose.sullivan1741@corp.com,Marketing,Senior Engineer,80635.00,2024-02-06,220
1742,Rose Lane,rose.lane1742@corp.com,Operations,Analyst,249279.00,2025-12-23,488
1743,Earnest Barber,earnest.barber1743@corp.com,Customer Success,Senior Engineer,163502.00,2018-12-21,966
1744,Ramon Velez,ramon.velez1744@corp.com,IT,Director,58102.00,2021-04-13,1363
1745,Catherine Hughes,catherine.hughes1745@corp.com,Engineering,Specialist,114150.00,2023-12-20,963
1746,Mable Norton,mable.norton1746@corp.com,R&D,Coordinator,136836.00,2025-02-05,11
1747,Marlon Sawyer,marlon.sawyer1747@corp.com,Sales,Architect,62772.00,2017-10-25,231
1748,Elizabeth Martinez,elizabeth.martinez1748@corp.com,Operations,Consultant,177537.00,2017-10-17,305
1749,Sherman Bass,sherman.bass1749@corp.com,Finance,Senior Engineer,196443.00,2026-02-09,1199
1750,Lenore Gillespie,lenore.gillespie1750@corp.com,Finance,Director,160969.00,2016-08-25,1294
1751,Dewayne Buck,dewayne.buck1751@corp.com,Finance,Engineer,163534.00,2024-02-13,1091
1752,Ellen Carr,ellen.carr1752@corp.com,HR,Coordinator,82939.00,2021-01-15,1577
1753,Chelsea Oliver,chelsea.oliver1753@corp.com,Customer Success,Senior Engineer,233741.00,2019-06-08,367
1754,Rebecca Phillips,rebecca.phillips1754@corp.com,Legal,Consultant,51751.00,2025-12-11,23
1755,Samuel Watson,samuel.watson1755@corp.com,Customer Success,VP,142122.00,2023-07-04,1307
1756,Elizabeth Martinez,elizabeth.martinez1756@corp.com,Marketing,Manager,147081.00,2021-03-03,351
1757,Imogene Conley,imogene.conley1757@corp.com,R&D,VP,97027.00,2019-08-12,277
1758,Elvira Mclean,elvira.mclean1758@corp.com,R&D,Senior Engineer,198231.00,2023-05-10,575
1759,Joyce Butler,joyce.butler1759@corp.com,Operations,Manager,245979.00,2018-03-14,368
1760,Morris Koch,morris.koch1760@corp.com,Legal,Architect,217536.00,2018-12-08,922
1761,Johnnie Valencia,johnnie.valencia1761@corp.com,R&D,Specialist,221703.00,2024-09-17,1212
1762,Rashad Velez,rashad.velez1762@corp.com,Customer Success,VP,158246.00,2026-06-21,1081
1763,Myrtle Yates,myrtle.yates1763@corp.com,Legal,VP,51680.00,2023-03-17,44
1764,Elvira Mclean,elvira.mclean1764@corp.com,IT,Architect,103246.00,2025-01-16,182
1765,Leona Olsen,leona.olsen1765@corp.com,Finance,Director,81640.00,2018-09-30,759
1766,Garry Huff,garry.huff1766@corp.com,Customer Success,Specialist,218599.00,2022-01-05,1006
1767,Scott Howard,scott.howard1767@corp.com,Finance,VP,107540.00,2021-08-26,382
1768,Jewel Rivas,jewel.rivas1768@corp.com,Marketing,Analyst,227984.00,2022-02-16,1726
1769,Justin Reed,justin.reed1769@corp.com,HR,Architect,141749.00,2022-01-25,579
1770,Marsha Fleming,marsha.fleming1770@corp.com,HR,Coordinator,194083.00,2026-04-08,1290
1771,Edward Campbell,edward.campbell1771@corp.com,Operations,Manager,106238.00,2021-03-13,501
1772,Mae Donovan,mae.donovan1772@corp.com,IT,VP,105256.00,2016-11-04,927
1773,Elva Roach,elva.roach1773@corp.com,Finance,Senior Engineer,50800.00,2026-03-27,1695
1774,Alice Murray,alice.murray1774@corp.com,R&D,Manager,55966.00,2023-03-17,1435
1775,Cynthia Edwards,cynthia.edwards1775@corp.com,Legal,Manager,79159.00,2025-11-08,884
1776,Daron Hess,daron.hess1776@corp.com,R&D,Manager,98599.00,2022-12-29,3
1777,Lorenzo Munoz,lorenzo.munoz1777@corp.com,IT,Specialist,208451.00,2022-01-04,1689
1778,Darlene Soto,darlene.soto1778@corp.com,Legal,Senior Engineer,86831.00,2018-03-06,830
1779,Lucille Calderon,lucille.calderon1779@corp.com,Legal,Senior Engineer,60150.00,2024-11-16,554
1780,Dewey Villarreal,dewey.villarreal1780@corp.com,Customer Success,Consultant,132708.00,2017-03-09,1653
1781,Brandon Kim,brandon.kim1781@corp.com,Legal,Coordinator,85748.00,2024-01-24,118
1782,Rudy Black,rudy.black1782@corp.com,Customer Success,Senior Engineer,129489.00,2020-04-29,1673
1783,Nell Wiley,nell.wiley1783@corp.com,Sales,Engineer,111716.00,2024-03-14,717
1784,Lisa Perez,lisa.perez1784@corp.com,IT,Analyst,93044.00,2022-08-18,1299
1785,Fabian Joseph,fabian.joseph1785@corp.com,HR,Consultant,72928.00,2021-11-12,1778
1786,Terry Ford,terry.ford1786@corp.com,Engineering,VP,108329.00,2019-12-06,1054
1787,Eleanor Vargas,eleanor.vargas1787@corp.com,Engineering,Specialist,156745.00,2021-12-17,1476
1788,Rocco Brennan,rocco.brennan1788@corp.com,Legal,Manager,238297.00,2024-07-10,1537
1789,Rosie Mora,rosie.mora1789@corp.com,Customer Success,Engineer,233345.00,2022-11-07,538
1790,Lorenzo Munoz,lorenzo.munoz1790@corp.com,Sales,Specialist,189231.00,2017-04-29,497
1791,Robert Johnson,robert.johnson1791@corp.com,Finance,Coordinator,78502.00,2024-01-07,113
1792,Dante Wilcox,dante.wilcox1792@corp.com,R&D,Consultant,138066.00,2023-08-28,1506
1793,Socorro Bean,socorro.bean1793@corp.com,IT,Senior Engineer,70156.00,2022-02-28,608
1794,Clint Duran,clint.duran1794@corp.com,Sales,Consultant,190447.00,2018-10-06,672
1795,Carmen Ware,carmen.ware1795@corp.com,IT,Director,190833.00,2024-05-09,153
1796,Myrtle Yates,myrtle.yates1796@corp.com,Sales,Consultant,71051.00,2017-04-11,1550
1797,Edwin Donaldson,edwin.donaldson1797@corp.com,Customer Success,Architect,71682.00,2022-10-03,83
1798,Loren Solis,loren.solis1798@corp.com,Marketing,Coordinator,112042.00,2024-08-24,852
1799,Bonnie Hale,bonnie.hale1799@corp.com,HR,Manager,238172.00,2024-06-29,1164
1800,Daniel Lee,daniel.lee1800@corp.com,Customer Success,Specialist,145847.00,2020-07-24,1599
1801,Monica Stanley,monica.stanley1801@corp.com,R&D,Architect,133036.00,2021-07-14,1472
1802,Juan Matthews,juan.matthews1802@corp.com,HR,Specialist,151680.00,2020-03-06,875
1803,Kimberly Young,kimberly.young1803@corp.com,IT,Specialist,205723.00,2020-12-16,882
1804,Grace Fox,grace.fox1804@corp.com,Operations,VP,53472.00,2025-02-13,1727
1805,Donnie Sharp,donnie.sharp1805@corp.com,Sales,VP,100956.00,2025-06-29,1391
1806,Roger Gibson,roger.gibson1806@corp.com,Marketing,Director,210401.00,2017-04-07,557
1807,Aiden Schmidt,aiden.schmidt1807@corp.com,Legal,Analyst,59946.00,2025-12-29,1365
1808,Clifford Doyle,clifford.doyle1808@corp.com,Legal,Senior Engineer,218014.00,2024-10-09,1671
1809,Lynnette Donaldson,lynnette.donaldson1809@corp.com,R&D,Director,80229.00,2019-10-22,226
1810,Dylan Bradley,dylan.bradley1810@corp.com,Sales,Coordinator,96576.00,2017-07-20,1451
1811,Darrin Kirk,darrin.kirk1811@corp.com,IT,Architect,56175.00,2023-05-15,1576
1812,Bryan Palmer,bryan.palmer1812@corp.com,HR,Senior Engineer,222910.00,2018-04-22,327
1813,Jose Sullivan,jose.sullivan1813@corp.com,Legal,Architect,160004.00,2025-06-17,800
1814,Teri Valencia,teri.valencia1814@corp.com,Finance,Analyst,47999.00,2019-11-25,1608
1815,Rosalyn Browning,rosalyn.browning1815@corp.com,R&D,Manager,85375.00,2022-10-23,1230
1816,Leo Velasquez,leo.velasquez1816@corp.com,Sales,Manager,65898.00,2023-12-02,883
1817,Gretchen Barrera,gretchen.barrera1817@corp.com,Sales,Manager,69748.00,2023-10-10,1091
1818,Moses Stein,moses.stein1818@corp.com,Finance,Coordinator,161535.00,2024-01-01,756
1819,Mindy Donovan,mindy.donovan1819@corp.com,Sales,Consultant,50388.00,2022-12-09,1754
1820,Rachel Mendoza,rachel.mendoza1820@corp.com,Customer Success,Engineer,198576.00,2019-10-28,1316
1821,Isaiah Lawson,isaiah.lawson1821@corp.com,Engineering,Consultant,244256.00,2023-07-06,645
1822,Jeannine Krause,jeannine.krause1822@corp.com,IT,Senior Engineer,224917.00,2022-06-15,241
1823,Sara Griffin,sara.griffin1823@corp.com,Legal,Senior Engineer,106238.00,2018-05-24,1138
1824,Roderick Compton,roderick.compton1824@corp.com,Legal,Director,161994.00,2020-05-18,1171
1825,Dick Decker,dick.decker1825@corp.com,IT,Director,183403.00,2017-05-19,895
1826,Eunice Conley,eunice.conley1826@corp.com,Sales,Analyst,147748.00,2016-09-08,647
1827,Devin Burton,devin.burton1827@corp.com,Engineering,Engineer,96989.00,2025-02-22,174
1828,Ricardo Buck,ricardo.buck1828@corp.com,Marketing,Manager,126276.00,2017-09-12,757
1829,Melissa Rivera,melissa.rivera1829@corp.com,R&D,VP,175980.00,2017-06-10,53
1830,Elena Lyons,elena.lyons1830@corp.com,Marketing,VP,110981.00,2022-05-31,962
1831,Lonnie Lindsey,lonnie.lindsey1831@corp.com,R&D,Specialist,208828.00,2021-12-04,197
1832,Pamela Bailey,pamela.bailey1832@corp.com,Customer Success,Architect,173042.00,2017-01-23,178
1833,Kimberly Young,kimberly.young1833@corp.com,Engineering,Manager,60151.00,2023-09-19,519
1834,Nola Rosales,nola.rosales1834@corp.com,IT,Director,76757.00,2022-02-11,351
1835,Kyle Hamilton,kyle.hamilton1835@corp.com,R&D,Consultant,98643.00,2018-04-24,617
1836,Doreen Orr,doreen.orr1836@corp.com,Sales,Director,138232.00,2022-10-02,875
1837,Myra Horne,myra.horne1837@corp.com,Finance,Manager,82074.00,2017-12-04,359
1838,Rudy Sutton,rudy.sutton1838@corp.com,Sales,Senior Engineer,115425.00,2018-01-18,1400
1839,Daron Hess,daron.hess1839@corp.com,Engineering,Director,161190.00,2020-12-27,416
1840,Lena Aguilar,lena.aguilar1840@corp.com,Sales,Manager,235464.00,2024-03-07,1609
1841,Patsy Glover,patsy.glover1841@corp.com,Legal,Engineer,246653.00,2022-12-20,788
1842,Colleen Richards,colleen.richards1842@corp.com,Operations,Manager,197286.00,2021-02-14,68
1843,Susan Lopez,susan.lopez1843@corp.com,Marketing,Consultant,94649.00,2025-05-10,1308
1844,Jerry Acosta,jerry.acosta1844@corp.com,Legal,Analyst,66261.00,2018-03-31,1520
1845,Freddie Rubio,freddie.rubio1845@corp.com,Finance,Consultant,88492.00,2016-09-09,1487
1846,Leona Olsen,leona.olsen1846@corp.com,Engineering,Director,64571.00,2023-02-16,1374
1847,Jose Sullivan,jose.sullivan1847@corp.com,R&D,Analyst,197743.00,2022-08-27,1080
1848,Angelo Pacheco,angelo.pacheco1848@corp.com,Legal,Analyst,210143.00,2024-03-11,1780
1849,Logan Stephens,logan.stephens1849@corp.com,HR,Architect,237937.00,2024-09-12,191
1850,Alexander Gray,alexander.gray1850@corp.com,Customer Success,Consultant,239062.00,2026-03-15,1335
1851,Virginia Russell,virginia.russell1851@corp.com,Operations,Manager,62608.00,2025-01-19,480
1852,Carl Wallace,carl.wallace1852@corp.com,Marketing,Architect,223676.00,2022-10-26,1577
1853,Shelby Novak,shelby.novak1853@corp.com,Legal,Senior Engineer,195302.00,2020-12-17,911
1854,Mona Bender,mona.bender1854@corp.com,Marketing,Specialist,217223.00,2020-05-24,987
1855,Alfonso Friedman,alfonso.friedman1855@corp.com,Marketing,Senior Engineer,110996.00,2020-01-05,1209
1856,Pamela Bailey,pamela.bailey1856@corp.com,R&D,Specialist,66810.00,2017-04-04,1367
1857,Patricia Davis,patricia.davis1857@corp.com,Operations,Engineer,130190.00,2023-10-04,409
1858,Darius Nicholson,darius.nicholson1858@corp.com,Finance,VP,100363.00,2019-12-25,1679
1859,Clara Maldonado,clara.maldonado1859@corp.com,Customer Success,Analyst,116493.00,2021-03-11,1856
1860,Dante Wilcox,dante.wilcox1860@corp.com,Customer Success,Specialist,129539.00,2024-11-18,1483
1861,Grant Sutton,grant.sutton1861@corp.com,Operations,Coordinator,234764.00,2022-09-04,335
1862,Nola Rosales,nola.rosales1862@corp.com,Engineering,Specialist,103256.00,2026-05-14,648
1863,Anna Sherman,anna.sherman1863@corp.com,HR,Specialist,144708.00,2021-04-30,1519
1864,Rosalyn Browning,rosalyn.browning1864@corp.com,Operations,Director,117135.00,2024-01-12,233
1865,Mamie Rollins,mamie.rollins1865@corp.com,IT,Specialist,217286.00,2016-08-28,1813
1866,Mariah Jimenez,mariah.jimenez1866@corp.com,HR,VP,198918.00,2018-05-01,949
1867,Ian Morrison,ian.morrison1867@corp.com,Operations,Manager,58097.00,2017-01-26,639
1868,Patricia Davis,patricia.davis1868@corp.com,Finance,VP,181743.00,2021-07-02,676
1869,Judith Bryant,judith.bryant1869@corp.com,IT,Analyst,145943.00,2024-01-11,389
1870,Noel Parrish,noel.parrish1870@corp.com,Legal,Engineer,245286.00,2019-08-01,321
1871,Andre Hampton,andre.hampton1871@corp.com,Customer Success,Coordinator,54505.00,2017-11-21,192
1872,Kathleen Reyes,kathleen.reyes1872@corp.com,Engineering,Analyst,233546.00,2025-05-18,1631
1873,Leigh Leach,leigh.leach1873@corp.com,Legal,Specialist,192037.00,2025-12-22,1475
1874,Irene Glover,irene.glover1874@corp.com,Marketing,Specialist,159397.00,2020-09-23,1028
1875,Kerry Donovan,kerry.donovan1875@corp.com,Engineering,Manager,99275.00,2019-06-06,1361
1876,Leona Olsen,leona.olsen1876@corp.com,IT,Senior Engineer,161595.00,2019-09-14,1517
1877,Douglas Henderson,douglas.henderson1877@corp.com,Operations,Director,168466.00,2021-06-26,1337
1878,Nina Browning,nina.browning1878@corp.com,Operations,Manager,193554.00,2024-09-14,728
1879,Rashad Villarreal,rashad.villarreal1879@corp.com,Marketing,Architect,176969.00,2022-11-22,1179
1880,Jerald Strong,jerald.strong1880@corp.com,Engineering,Architect,157692.00,2021-04-12,1326
1881,Bennie Duffy,bennie.duffy1881@corp.com,Marketing,Specialist,89306.00,2024-10-06,951
1882,Lori Marshall,lori.marshall1882@corp.com,Marketing,Analyst,46066.00,2025-05-22,292
1883,Benjamin Ward,benjamin.ward1883@corp.com,R&D,Director,192195.00,2020-08-03,1295
1884,Kristine Ashley,kristine.ashley1884@corp.com,Marketing,Architect,228656.00,2018-03-06,1780
1885,Guadalupe Stanley,guadalupe.stanley1885@corp.com,Customer Success,Director,134444.00,2016-08-26,1297
1886,Marcella English,marcella.english1886@corp.com,R&D,Senior Engineer,221507.00,2023-09-24,520
1887,Daniel Lee,daniel.lee1887@corp.com,Sales,VP,85715.00,2018-06-20,256
1888,Willie Nichols,willie.nichols1888@corp.com,R&D,Consultant,47418.00,2019-03-15,1205
1889,Roger Gibson,roger.gibson1889@corp.com,Legal,Coordinator,190526.00,2016-10-30,472
1890,Mattie Potter,mattie.potter1890@corp.com,Engineering,Coordinator,224439.00,2020-11-13,665
1891,Max Castro,max.castro1891@corp.com,Legal,Manager,45874.00,2021-04-04,1179
1892,Kristine Ashley,kristine.ashley1892@corp.com,Sales,VP,211027.00,2016-08-01,35
1893,Elijah Andrews,elijah.andrews1893@corp.com,Engineering,Specialist,65481.00,2025-09-16,1348
1894,Moses Stein,moses.stein1894@corp.com,Legal,Manager,230417.00,2016-12-17,371
1895,Lloyd Decker,lloyd.decker1895@corp.com,Finance,Specialist,184636.00,2023-05-27,1685
1896,Loretta Mora,loretta.mora1896@corp.com,Legal,Manager,243068.00,2024-04-18,1385
1897,Betty White,betty.white1897@corp.com,Operations,Specialist,114069.00,2020-05-13,286
1898,Theresa Gardner,theresa.gardner1898@corp.com,Customer Success,Manager,73567.00,2023-02-09,1216
1899,Connor Ortiz,connor.ortiz1899@corp.com,Marketing,Analyst,196484.00,2025-04-05,1116
1900,Carlos Graves,carlos.graves1900@corp.com,R&D,Coordinator,147861.00,2026-05-26,451
1901,Dino Decker,dino.decker1901@corp.com,Sales,Specialist,108428.00,2020-11-08,247
1902,Lucy Nash,lucy.nash1902@corp.com,Sales,Consultant,62299.00,2020-12-18,152
1903,Tammy Franklin,tammy.franklin1903@corp.com,Customer Success,Senior Engineer,210191.00,2020-12-12,1256
1904,Zachary Romero,zachary.romero1904@corp.com,Engineering,Coordinator,145461.00,2019-10-09,1044
1905,Ian Morrison,ian.morrison1905@corp.com,Marketing,Coordinator,150428.00,2021-08-17,1420
1906,Gwendolyn Valdez,gwendolyn.valdez1906@corp.com,Customer Success,VP,221284.00,2022-10-31,1373
1907,Cynthia Edwards,cynthia.edwards1907@corp.com,Engineering,Engineer,203329.00,2018-02-26,1574
1908,Elijah Andrews,elijah.andrews1908@corp.com,Customer Success,Coordinator,213650.00,2019-07-27,1066
1909,Adrian Pacheco,adrian.pacheco1909@corp.com,IT,Engineer,177234.00,2025-03-14,1875
1910,Stephanie Roberts,stephanie.roberts1910@corp.com,IT,Senior Engineer,238564.00,2018-10-15,1067
1911,Stephanie Roberts,stephanie.roberts1911@corp.com,R&D,Senior Engineer,120124.00,2020-07-23,532
1912,Roger Gibson,roger.gibson1912@corp.com,Legal,Consultant,143320.00,2023-06-19,985
1913,Joanne Wheeler,joanne.wheeler1913@corp.com,Legal,Consultant,139554.00,2023-11-20,411
1914,Shelia Horn,shelia.horn1914@corp.com,Marketing,Director,133443.00,2025-04-26,482
1915,Dante Wilcox,dante.wilcox1915@corp.com,IT,Consultant,151783.00,2022-04-06,1026
1916,Douglas Henderson,douglas.henderson1916@corp.com,Operations,Specialist,90997.00,2019-02-15,955
1917,Cyrus Fuentes,cyrus.fuentes1917@corp.com,Customer Success,Specialist,54222.00,2022-01-30,751
1918,Erin Meyer,erin.meyer1918@corp.com,Sales,Analyst,106643.00,2020-12-31,695
1919,Kathy Cole,kathy.cole1919@corp.com,HR,Architect,172499.00,2019-04-01,970
1920,Anna Ortiz,anna.ortiz1920@corp.com,Finance,Engineer,70285.00,2026-03-11,1320
1921,Betty White,betty.white1921@corp.com,Engineering,VP,50370.00,2019-02-08,902
1922,Scott Howard,scott.howard1922@corp.com,IT,Manager,95750.00,2024-12-17,1634
1923,Paula Wheeler,paula.wheeler1923@corp.com,Finance,Director,144196.00,2017-07-15,192
1924,Lorna Downs,lorna.downs1924@corp.com,Customer Success,VP,135975.00,2020-03-13,1836
1925,Michael Brown,michael.brown1925@corp.com,Customer Success,Senior Engineer,100355.00,2016-09-09,1406
1926,Elva Roach,elva.roach1926@corp.com,Customer Success,Coordinator,238499.00,2017-03-20,1755
1927,Darius Nicholson,darius.nicholson1927@corp.com,IT,Specialist,90017.00,2024-03-08,1274
1928,Pedro Espinoza,pedro.espinoza1928@corp.com,IT,VP,191557.00,2023-04-28,927
1929,Vernon Hood,vernon.hood1929@corp.com,Engineering,Consultant,100867.00,2026-03-13,1368
1930,Justin Reed,justin.reed1930@corp.com,Operations,Director,220396.00,2025-03-04,562
1931,Logan Stephens,logan.stephens1931@corp.com,Finance,Manager,141922.00,2019-10-17,732
1932,Inez Rollins,inez.rollins1932@corp.com,Sales,VP,163887.00,2023-02-24,848
1933,Rena Eldridge,rena.eldridge1933@corp.com,R&D,VP,207568.00,2025-12-14,1692
1934,Timothy Gomez,timothy.gomez1934@corp.com,R&D,Manager,136570.00,2017-02-27,584
1935,Rosalyn Browning,rosalyn.browning1935@corp.com,R&D,VP,119321.00,2016-10-19,999
1936,Harriet Guthrie,harriet.guthrie1936@corp.com,R&D,Senior Engineer,236275.00,2018-01-04,755
1937,Rebecca Phillips,rebecca.phillips1937@corp.com,IT,VP,125150.00,2021-05-23,356
1938,Gustavo Pitts,gustavo.pitts1938@corp.com,Marketing,Manager,126900.00,2021-04-19,127
1939,Lionel Bass,lionel.bass1939@corp.com,Operations,Coordinator,96692.00,2021-08-25,1221
1940,Eddie Barber,eddie.barber1940@corp.com,Engineering,VP,194260.00,2021-06-04,211
1941,Blake Harvey,blake.harvey1941@corp.com,Sales,Engineer,189593.00,2017-08-14,284
1942,Luther Heath,luther.heath1942@corp.com,R&D,Senior Engineer,105078.00,2017-02-15,1666
1943,Martin Sharp,martin.sharp1943@corp.com,Operations,Specialist,87493.00,2024-06-29,982
1944,Donna Scott,donna.scott1944@corp.com,IT,Specialist,113337.00,2023-05-03,1648
1945,Lucille Calderon,lucille.calderon1945@corp.com,Finance,Senior Engineer,93009.00,2021-08-17,901
1946,Hannah Graham,hannah.graham1946@corp.com,Engineering,Senior Engineer,198840.00,2023-04-09,30
1947,Henry Perry,henry.perry1947@corp.com,Operations,Specialist,244908.00,2019-06-16,831
1948,Rashawn Villarreal,rashawn.villarreal1948@corp.com,Legal,Architect,51163.00,2018-10-26,976
1949,Deborah Mitchell,deborah.mitchell1949@corp.com,Sales,Coordinator,150490.00,2018-11-05,722
1950,Vernon Hood,vernon.hood1950@corp.com,Engineering,Specialist,107394.00,2022-04-22,838
1951,Lynette Donaldson,lynette.donaldson1951@corp.com,Finance,VP,89326.00,2025-06-13,1848
1952,Russell Duncan,russell.duncan1952@corp.com,Engineering,Senior Engineer,162975.00,2024-03-16,975
1953,Lora Bender,lora.bender1953@corp.com,Engineering,Specialist,184104.00,2016-11-14,1488
1954,Jackie Higgins,jackie.higgins1954@corp.com,Operations,Consultant,121668.00,2021-06-12,1555
1955,Jerald Strong,jerald.strong1955@corp.com,Operations,Coordinator,160831.00,2026-06-17,1562
1956,Sara Griffin,sara.griffin1956@corp.com,Engineering,Senior Engineer,149439.00,2020-05-30,1081
1957,Mindy Donovan,mindy.donovan1957@corp.com,Finance,Director,197427.00,2024-12-21,1613
1958,Neil Gallagher,neil.gallagher1958@corp.com,Customer Success,Senior Engineer,112064.00,2022-07-17,1022
1959,Sally Payne,sally.payne1959@corp.com,R&D,Specialist,145649.00,2026-04-07,1947
1960,Giovanni Koch,giovanni.koch1960@corp.com,Finance,VP,71044.00,2019-03-22,1564
1961,Faye Higgins,faye.higgins1961@corp.com,Engineering,Manager,210114.00,2026-03-11,1292
1962,Robyn Roach,robyn.roach1962@corp.com,Operations,Consultant,50118.00,2018-11-28,651
1963,Selma Pena,selma.pena1963@corp.com,Operations,Consultant,249563.00,2022-05-17,1690
1964,Rebecca Phillips,rebecca.phillips1964@corp.com,HR,Specialist,80372.00,2018-11-17,935
1965,Forrest Brandt,forrest.brandt1965@corp.com,Sales,Engineer,123889.00,2020-02-03,1114
1966,Wilbur Serrano,wilbur.serrano1966@corp.com,Engineering,Manager,104248.00,2017-08-08,1222
1967,Guadalupe Stanley,guadalupe.stanley1967@corp.com,IT,Engineer,177690.00,2019-09-18,1094
1968,Darin Pena,darin.pena1968@corp.com,Marketing,Consultant,80397.00,2026-05-30,1486
1969,Raul Morse,raul.morse1969@corp.com,Engineering,Coordinator,94719.00,2017-02-10,463
1970,Etta Rosales,etta.rosales1970@corp.com,Finance,VP,193243.00,2023-01-06,1464
1971,Gustavo Pitts,gustavo.pitts1971@corp.com,Operations,Analyst,226651.00,2020-08-16,940
1972,Jean McDonald,jean.mcdonald1972@corp.com,Customer Success,Coordinator,98729.00,2023-03-10,1728
1973,Lyman Ware,lyman.ware1973@corp.com,Operations,Director,111952.00,2020-05-03,320
1974,Tommy Oneal,tommy.oneal1974@corp.com,Sales,Analyst,80570.00,2022-05-13,682
1975,Johnnie Hobbs,johnnie.hobbs1975@corp.com,Operations,Senior Engineer,167814.00,2018-07-16,11
1976,Winifred Bender,winifred.bender1976@corp.com,Operations,VP,211724.00,2019-04-30,1667
1977,Darnell Merritt,darnell.merritt1977@corp.com,IT,Engineer,191897.00,2022-09-01,797
1978,Gavin Peters,gavin.peters1978@corp.com,Marketing,Senior Engineer,181525.00,2024-03-19,1288
1979,Nola Rosales,nola.rosales1979@corp.com,Legal,VP,169642.00,2017-10-25,1504
1980,Eula Lindsey,eula.lindsey1980@corp.com,HR,Manager,67929.00,2020-04-05,1463
1981,Bennie Duffy,bennie.duffy1981@corp.com,Sales,Consultant,214585.00,2021-10-20,1226
1982,Helen Cox,helen.cox1982@corp.com,Finance,Architect,187800.00,2018-10-31,227
1983,Gary Stewart,gary.stewart1983@corp.com,IT,Coordinator,103790.00,2023-02-22,1186
1984,Lillie Castaneda,lillie.castaneda1984@corp.com,R&D,Senior Engineer,102895.00,2023-01-10,924
1985,Lela Montoya,lela.montoya1985@corp.com,Engineering,Analyst,124167.00,2020-10-14,467
1986,Logan Stephens,logan.stephens1986@corp.com,Sales,Specialist,109732.00,2022-02-07,200
1987,Byron Madden,byron.madden1987@corp.com,HR,VP,143416.00,2025-07-15,1709
1988,Shelia Horn,shelia.horn1988@corp.com,Customer Success,Coordinator,207659.00,2020-02-06,1405
1989,Teri Valencia,teri.valencia1989@corp.com,Engineering,VP,130085.00,2019-10-15,202
1990,Ian Morrison,ian.morrison1990@corp.com,Engineering,Engineer,108423.00,2025-10-06,998
1991,Agnes Farrell,agnes.farrell1991@corp.com,Customer Success,VP,136590.00,2021-04-27,1189
1992,Felix Whitehead,felix.whitehead1992@corp.com,Engineering,VP,84447.00,2019-10-30,893
1993,Christine Wood,christine.wood1993@corp.com,HR,VP,167684.00,2024-02-01,1268
1994,Jayden Williamson,jayden.williamson1994@corp.com,R&D,Manager,238255.00,2019-03-13,548
1995,Richard Hernandez,richard.hernandez1995@corp.com,Legal,Senior Engineer,158199.00,2022-10-03,1945
1996,Hope Barrera,hope.barrera1996@corp.com,Finance,Architect,136685.00,2016-08-10,184
1997,Clayton Hess,clayton.hess1997@corp.com,Engineering,VP,118906.00,2022-12-05,1521
1998,Darin Pena,darin.pena1998@corp.com,IT,Senior Engineer,104820.00,2025-01-11,1431
1999,Carroll Bullock,carroll.bullock1999@corp.com,Sales,Analyst,76838.00,2017-05-23,1644
2000,Lorenzo Munoz,lorenzo.munoz2000@corp.com,Customer Success,Director,242710.00,2017-11-23,166
2001,Connor Ortiz,connor.ortiz2001@corp.com,IT,Senior Engineer,98851.00,2018-12-21,176
2002,Socorro Bean,socorro.bean2002@corp.com,HR,Coordinator,210990.00,2021-01-23,1120
2003,Antoinette Barrera,antoinette.barrera2003@corp.com,Legal,Specialist,194464.00,2018-09-06,211
2004,Angela Murphy,angela.murphy2004@corp.com,Marketing,Analyst,210758.00,2017-04-16,21
2005,Neil Gallagher,neil.gallagher2005@corp.com,R&D,Manager,136978.00,2020-02-20,86
2006,Reid Velasquez,reid.velasquez2006@corp.com,HR,Analyst,117087.00,2017-03-03,1653
2007,Zachary Romero,zachary.romero2007@corp.com,R&D,Consultant,112500.00,2018-07-24,315
2008,Guillermo Gates,guillermo.gates2008@corp.com,R&D,Consultant,201170.00,2022-05-08,498
2009,Stella Delgado,stella.delgado2009@corp.com,Engineering,Coordinator,209341.00,2020-11-28,1901
2010,Gavin Peters,gavin.peters2010@corp.com,IT,Engineer,104197.00,2019-09-19,954
2011,Paul Allen,paul.allen2011@corp.com,Finance,Director,134170.00,2024-09-26,1060
2012,Peter Vasquez,peter.vasquez2012@corp.com,Legal,VP,228400.00,2019-02-20,1182
2013,Emmett Barber,emmett.barber2013@corp.com,IT,Analyst,200133.00,2017-04-03,1691
2014,Joann Sullivan,joann.sullivan2014@corp.com,HR,Analyst,237297.00,2020-07-06,1156
2015,Darnell Sharp,darnell.sharp2015@corp.com,Sales,Architect,73972.00,2026-07-22,756
2016,Rashad Villarreal,rashad.villarreal2016@corp.com,Engineering,Specialist,90686.00,2020-06-17,31
2017,Ann Marshall,ann.marshall2017@corp.com,Operations,Engineer,71225.00,2021-10-01,2002
2018,Gary Stewart,gary.stewart2018@corp.com,IT,Consultant,64785.00,2022-03-15,1192
2019,Hannah Graham,hannah.graham2019@corp.com,Customer Success,Specialist,234195.00,2021-02-16,983
2020,Dixie Potter,dixie.potter2020@corp.com,Finance,Engineer,205187.00,2020-11-05,516
2021,Bobby Cervantes,bobby.cervantes2021@corp.com,IT,Architect,51992.00,2017-12-30,1313
2022,Mattie Potter,mattie.potter2022@corp.com,R&D,Analyst,234731.00,2020-05-06,1516
2023,Rex Booker,rex.booker2023@corp.com,HR,Coordinator,176047.00,2020-05-19,1043
2024,Aileen Lindsey,aileen.lindsey2024@corp.com,IT,Senior Engineer,173723.00,2020-08-08,964
2025,Rosie Mora,rosie.mora2025@corp.com,Finance,Engineer,159035.00,2024-05-08,1014
2026,Juan Matthews,juan.matthews2026@corp.com,Sales,Specialist,95721.00,2021-08-11,1424
2027,Ola Baxter,ola.baxter2027@corp.com,Finance,Specialist,174075.00,2017-09-02,414
2028,Olivia Ross,olivia.ross2028@corp.com,Finance,Analyst,104150.00,2021-11-19,143
2029,Andrea Reyes,andrea.reyes2029@corp.com,HR,Specialist,51755.00,2022-05-13,290
2030,Maureen Fields,maureen.fields2030@corp.com,Engineering,Coordinator,158660.00,2016-11-01,932
2031,Jack Castillo,jack.castillo2031@corp.com,Operations,Manager,190446.00,2024-06-17,952
2032,Joanne Wheeler,joanne.wheeler2032@corp.com,Engineering,Manager,182897.00,2019-12-18,1281
2033,Jeri Charles,jeri.charles2033@corp.com,Finance,Senior Engineer,135091.00,2021-09-08,657
2034,Elizabeth Martinez,elizabeth.martinez2034@corp.com,Engineering,Specialist,215589.00,2019-05-17,1679
2035,Logan Stephens,logan.stephens2035@corp.com,Marketing,Manager,232399.00,2026-05-19,918
2036,Leila Roth,leila.roth2036@corp.com,R&D,Engineer,232271.00,2017-11-16,1005
2037,Opal Gould,opal.gould2037@corp.com,Operations,Manager,204380.00,2018-06-10,1786
2038,Rolando Herman,rolando.herman2038@corp.com,HR,Consultant,55374.00,2018-07-18,2025
2039,Rudy Black,rudy.black2039@corp.com,Finance,Specialist,176363.00,2025-05-30,963
2040,Irma Farrell,irma.farrell2040@corp.com,HR,Manager,248826.00,2023-03-09,886
2041,Celia Franco,celia.franco2041@corp.com,Engineering,Architect,49337.00,2024-05-22,1542
2042,Lyman Ware,lyman.ware2042@corp.com,Engineering,VP,187572.00,2023-08-12,199
2043,Beverly Weaver,beverly.weaver2043@corp.com,Marketing,Analyst,91052.00,2017-12-30,1280
2044,Bret Hays,bret.hays2044@corp.com,Legal,Architect,113525.00,2020-02-12,36
2045,Shelby Novak,shelby.novak2045@corp.com,Sales,VP,59751.00,2019-06-18,1740
2046,Scott Howard,scott.howard2046@corp.com,R&D,VP,142242.00,2022-02-22,1045
2047,Shelby Horn,shelby.horn2047@corp.com,IT,Consultant,65997.00,2019-03-30,734
2048,Mariah Jimenez,mariah.jimenez2048@corp.com,HR,Analyst,106161.00,2021-06-24,1553
2049,Rufus Sutton,rufus.sutton2049@corp.com,Finance,Director,83835.00,2025-05-13,8
2050,Monte Strong,monte.strong2050@corp.com,Finance,Specialist,204978.00,2018-07-24,446
2051,Darin Pena,darin.pena2051@corp.com,Engineering,Consultant,231565.00,2025-09-08,533
2052,Benjamin Ward,benjamin.ward2052@corp.com,Marketing,Specialist,131599.00,2019-07-31,1400
2053,Paula Wheeler,paula.wheeler2053@corp.com,HR,Architect,191422.00,2022-03-09,1186
2054,Carroll Bullock,carroll.bullock2054@corp.com,IT,Engineer,206633.00,2022-05-13,637
2055,Aaron Powell,aaron.powell2055@corp.com,Legal,Analyst,111939.00,2016-12-16,111
2056,Doris Orr,doris.orr2056@corp.com,Sales,Analyst,119541.00,2025-06-29,1138
2057,Pat Moran,pat.moran2057@corp.com,HR,Engineer,123220.00,2019-10-17,1572
2058,Ronald Carter,ronald.carter2058@corp.com,Operations,Director,83994.00,2021-04-01,632
2059,Carol Adams,carol.adams2059@corp.com,Operations,Architect,135876.00,2024-12-07,1573
2060,Joesph Mckinney,joesph.mckinney2060@corp.com,Customer Success,Manager,227038.00,2022-05-17,698
2061,Donovan Morse,donovan.morse2061@corp.com,R&D,Manager,148160.00,2020-07-17,1345
2062,Iva Wolf,iva.wolf2062@corp.com,Legal,Consultant,238238.00,2022-09-10,2045
2063,Aileen Lindsey,aileen.lindsey2063@corp.com,Customer Success,Architect,247810.00,2016-10-09,1281
2064,Benjamin Ward,benjamin.ward2064@corp.com,Customer Success,Coordinator,112892.00,2022-09-08,1286
2065,Elvira Mclean,elvira.mclean2065@corp.com,Operations,Director,86254.00,2022-09-16,196
2066,Bennie Duffy,bennie.duffy2066@corp.com,R&D,Specialist,133903.00,2023-02-14,204
2067,Willard Vinson,willard.vinson2067@corp.com,Engineering,Architect,226666.00,2018-10-16,351
2068,Marie Watkins,marie.watkins2068@corp.com,Finance,Analyst,199271.00,2019-10-20,1797
2069,Mona Bender,mona.bender2069@corp.com,Engineering,Consultant,182177.00,2021-01-08,1433
2070,Ollie Barton,ollie.barton2070@corp.com,IT,Coordinator,223689.00,2023-12-30,1621
2071,Cathleen Rosario,cathleen.rosario2071@corp.com,R&D,VP,223460.00,2018-04-11,1551
2072,Alex Banks,alex.banks2072@corp.com,R&D,Coordinator,92263.00,2024-08-26,608
2073,Darnell Sharp,darnell.sharp2073@corp.com,Engineering,Manager,236448.00,2019-11-26,1469
2074,Alex Banks,alex.banks2074@corp.com,Engineering,Analyst,100273.00,2025-09-22,1260
2075,Zachary Romero,zachary.romero2075@corp.com,Customer Success,Engineer,213244.00,2020-02-06,295
2076,Gregory Chavez,gregory.chavez2076@corp.com,Engineering,VP,129140.00,2021-10-04,237
2077,Rena Eldridge,rena.eldridge2077@corp.com,Finance,Director,170628.00,2023-06-09,1341
2078,Jeff Bass,jeff.bass2078@corp.com,IT,Engineer,61592.00,2025-04-27,1976
2079,Lena Aguilar,lena.aguilar2079@corp.com,HR,Specialist,70084.00,2024-01-12,525
2080,Reba Tyler,reba.tyler2080@corp.com,Customer Success,Architect,99551.00,2025-02-03,1640
2081,Robyn Roach,robyn.roach2081@corp.com,Finance,Specialist,69676.00,2024-02-24,947
2082,Mindy Donovan,mindy.donovan2082@corp.com,Sales,Manager,177511.00,2021-01-10,1909
2083,Lloyd Decker,lloyd.decker2083@corp.com,Engineering,Architect,204813.00,2025-12-28,1981
2084,Kendrick Glass,kendrick.glass2084@corp.com,Marketing,Senior Engineer,139321.00,2021-03-17,1023
2085,George Hall,george.hall2085@corp.com,Marketing,Senior Engineer,207079.00,2026-01-07,1902
2086,Marlon Sawyer,marlon.sawyer2086@corp.com,Customer Success,Analyst,56955.00,2021-01-22,1251
2087,Clint Duran,clint.duran2087@corp.com,Operations,Engineer,247321.00,2020-05-02,1172
2088,Nell Wiley,nell.wiley2088@corp.com,Operations,Analyst,164418.00,2021-12-27,1631
2089,Guillermo Gates,guillermo.gates2089@corp.com,Sales,Manager,81454.00,2018-11-26,911
2090,Dorian Serrano,dorian.serrano2090@corp.com,IT,Manager,186228.00,2019-10-28,1053
2091,Lorene Vaughan,lorene.vaughan2091@corp.com,Legal,Director,50601.00,2021-09-16,860
2092,Larry Peterson,larry.peterson2092@corp.com,Operations,Coordinator,193029.00,2023-08-03,557
2093,Richard Hernandez,richard.hernandez2093@corp.com,Customer Success,Engineer,174183.00,2025-04-15,1981
2094,Rosie Hobbs,rosie.hobbs2094@corp.com,Legal,Senior Engineer,165030.00,2022-02-21,1148
2095,Lorenzo Munoz,lorenzo.munoz2095@corp.com,HR,Director,245016.00,2018-06-18,398
2096,Moshe Stein,moshe.stein2096@corp.com,Legal,Senior Engineer,86769.00,2017-08-05,314
2097,Dino Decker,dino.decker2097@corp.com,Engineering,Coordinator,188721.00,2023-03-03,1059
2098,Ann Marshall,ann.marshall2098@corp.com,Operations,Manager,88287.00,2022-07-10,1956
2099,Mildred Snyder,mildred.snyder2099@corp.com,HR,Analyst,93780.00,2018-08-15,486
2100,Ted Bentley,ted.bentley2100@corp.com,Marketing,Director,232664.00,2021-04-03,881
2101,Jackie Higgins,jackie.higgins2101@corp.com,Marketing,Consultant,210135.00,2026-06-05,68
2102,Jill McCoy,jill.mccoy2102@corp.com,Customer Success,Architect,117552.00,2025-08-19,637
2103,Morgan Hansen,morgan.hansen2103@corp.com,Legal,Director,249234.00,2025-12-01,170
2104,Rufus Sutton,rufus.sutton2104@corp.com,Legal,Specialist,107377.00,2018-09-22,1653
2105,Byron Madden,byron.madden2105@corp.com,Finance,VP,142139.00,2022-08-29,676
2106,Douglas Henderson,douglas.henderson2106@corp.com,Engineering,VP,120549.00,2021-07-11,1523
2107,Elva Roach,elva.roach2107@corp.com,Legal,Architect,216923.00,2021-07-04,67
2108,Joan Barnes,joan.barnes2108@corp.com,HR,Specialist,196270.00,2021-03-06,1270
2109,Elijah Andrews,elijah.andrews2109@corp.com,HR,Consultant,142315.00,2019-10-22,572
2110,Russell Duncan,russell.duncan2110@corp.com,IT,Coordinator,69665.00,2025-01-01,84
2111,Eula Lindsey,eula.lindsey2111@corp.com,IT,Specialist,248694.00,2017-06-16,319
2112,Rosalyn Browning,rosalyn.browning2112@corp.com,R&D,Coordinator,127253.00,2021-07-19,1767
2113,Lynne Hobbs,lynne.hobbs2113@corp.com,Operations,Consultant,80965.00,2020-09-22,1317
2114,Sadie Leach,sadie.leach2114@corp.com,IT,Director,200863.00,2024-04-29,1213
2115,Agnes Farrell,agnes.farrell2115@corp.com,Operations,Manager,174366.00,2022-11-18,1908
2116,Keith Ferguson,keith.ferguson2116@corp.com,Finance,Architect,141132.00,2018-06-03,1768
2117,Celia Franco,celia.franco2117@corp.com,Engineering,Engineer,198199.00,2024-02-17,1947
2118,Willie Nichols,willie.nichols2118@corp.com,Customer Success,Architect,161550.00,2023-07-12,1914
2119,Jesse Knight,jesse.knight2119@corp.com,Operations,Engineer,85909.00,2022-03-28,481
2120,Myron Sexton,myron.sexton2120@corp.com,Engineering,Manager,220918.00,2017-01-27,1106
2121,Jaime Booker,jaime.booker2121@corp.com,Marketing,Specialist,113906.00,2021-06-02,254
2122,Christian Carpenter,christian.carpenter2122@corp.com,Operations,Engineer,155648.00,2025-08-24,1554
2123,Bret Hays,bret.hays2123@corp.com,Legal,Senior Engineer,55968.00,2025-01-30,1108
2124,Selma Pena,selma.pena2124@corp.com,IT,Coordinator,83173.00,2018-02-21,1756
2125,Joseph Gonzalez,joseph.gonzalez2125@corp.com,Operations,Analyst,218330.00,2019-06-17,1575
2126,Nicholas Morales,nicholas.morales2126@corp.com,Finance,Engineer,185021.00,2019-04-30,2118
2127,Lottie Duffy,lottie.duffy2127@corp.com,R&D,Architect,197255.00,2019-01-20,2084
2128,Megan Simmons,megan.simmons2128@corp.com,Sales,VP,163095.00,2024-06-03,5
2129,Gustavo Pitts,gustavo.pitts2129@corp.com,Operations,Manager,118861.00,2022-09-06,2007
2130,Cathleen Rosario,cathleen.rosario2130@corp.com,Customer Success,Manager,76079.00,2025-12-18,959
2131,Vernon Hood,vernon.hood2131@corp.com,Marketing,Senior Engineer,232751.00,2025-10-25,2058
2132,Tami Mclean,tami.mclean2132@corp.com,IT,Director,140556.00,2023-08-09,337
2133,Miriam Berg,miriam.berg2133@corp.com,Sales,Architect,125363.00,2022-01-12,171
2134,Clement Hood,clement.hood2134@corp.com,Operations,Director,127880.00,2022-05-31,152
2135,Lillie Castaneda,lillie.castaneda2135@corp.com,Customer Success,VP,67873.00,2021-09-06,1255
2136,Leigh Leach,leigh.leach2136@corp.com,R&D,Senior Engineer,49900.00,2023-01-06,1854
2137,Johnnie Boyer,johnnie.boyer2137@corp.com,IT,Manager,82343.00,2019-03-26,1742
2138,Fannie Hutchinson,fannie.hutchinson2138@corp.com,HR,Analyst,100774.00,2018-01-05,1141
2139,Nannie Roth,nannie.roth2139@corp.com,HR,Analyst,225943.00,2018-07-09,324
2140,Joanna Floyd,joanna.floyd2140@corp.com,IT,VP,235126.00,2020-10-31,1631
2141,Ian Morrison,ian.morrison2141@corp.com,IT,Architect,65932.00,2024-12-13,191
2142,Winifred Bender,winifred.bender2142@corp.com,R&D,Architect,248845.00,2017-10-03,1216
2143,Ricardo Tapia,ricardo.tapia2143@corp.com,Sales,Engineer,180961.00,2016-08-10,1322
2144,Julia Ruiz,julia.ruiz2144@corp.com,IT,Consultant,172172.00,2018-10-18,866
2145,Charles Taylor,charles.taylor2145@corp.com,R&D,Director,176648.00,2024-08-18,183
2146,Neil Gallagher,neil.gallagher2146@corp.com,Customer Success,VP,131606.00,2026-04-23,1897
2147,Naomi Middleton,naomi.middleton2147@corp.com,Finance,Coordinator,236427.00,2016-11-16,456
2148,Sergio Mcgee,sergio.mcgee2148@corp.com,Operations,Consultant,109216.00,2022-10-22,1145
2149,Nellie Norton,nellie.norton2149@corp.com,HR,Manager,119089.00,2023-04-21,642
2150,Janice West,janice.west2150@corp.com,Finance,Senior Engineer,121668.00,2018-08-21,151
2151,Jennie Salinas,jennie.salinas2151@corp.com,R&D,Architect,75993.00,2024-06-25,1113
2152,Bobby Cervantes,bobby.cervantes2152@corp.com,Marketing,Architect,68319.00,2022-02-03,868
2153,Salvador Larsen,salvador.larsen2153@corp.com,Finance,VP,175584.00,2024-08-22,2117
2154,Kathy Cole,kathy.cole2154@corp.com,Customer Success,Senior Engineer,76287.00,2020-02-26,1914
2155,Robyn Roach,robyn.roach2155@corp.com,Engineering,Consultant,81692.00,2026-04-30,1086
2156,Bennie Duffy,bennie.duffy2156@corp.com,Legal,Consultant,188371.00,2018-05-07,1410
2157,James Smith,james.smith2157@corp.com,Operations,Engineer,84035.00,2018-03-10,774
2158,Jack Castillo,jack.castillo2158@corp.com,Engineering,Consultant,81580.00,2018-12-16,668
2159,Sean Harrison,sean.harrison2159@corp.com,Customer Success,VP,152352.00,2019-10-07,1616
2160,Bobbie Mccarty,bobbie.mccarty2160@corp.com,Customer Success,Analyst,83714.00,2022-04-23,1403
2161,Juan Elliott,juan.elliott2161@corp.com,Marketing,VP,148028.00,2021-02-16,1487
2162,Clifton Blackburn,clifton.blackburn2162@corp.com,Customer Success,Engineer,47802.00,2020-01-31,1837
2163,Fannie Hutchinson,fannie.hutchinson2163@corp.com,Customer Success,Analyst,95415.00,2018-07-16,713
2164,Lucile Sheppard,lucile.sheppard2164@corp.com,Operations,Senior Engineer,240442.00,2016-10-14,399
2165,Wilbur Serrano,wilbur.serrano2165@corp.com,Customer Success,Manager,81151.00,2022-07-03,516
2166,Dorothy Flores,dorothy.flores2166@corp.com,Marketing,Specialist,187158.00,2019-12-22,1924
2167,Dora Acosta,dora.acosta2167@corp.com,Customer Success,Architect,68206.00,2019-09-17,363
2168,Mildred Snyder,mildred.snyder2168@corp.com,IT,Architect,91950.00,2024-06-19,1961
2169,Carmen Ware,carmen.ware2169@corp.com,Engineering,Senior Engineer,106230.00,2020-09-26,2113
2170,Omar Booth,omar.booth2170@corp.com,R&D,VP,117129.00,2022-07-06,263
2171,Javier Solis,javier.solis2171@corp.com,Sales,Engineer,140220.00,2018-02-01,37
2172,Kevin Green,kevin.green2172@corp.com,Customer Success,Manager,142559.00,2021-10-17,755
2173,Ollie Barton,ollie.barton2173@corp.com,Finance,Senior Engineer,194215.00,2021-11-26,2047
2174,Jeannie Krause,jeannie.krause2174@corp.com,Engineering,VP,183597.00,2023-05-19,2160
2175,Hannah Graham,hannah.graham2175@corp.com,Marketing,Consultant,72981.00,2017-04-22,112
2176,Loretta Mora,loretta.mora2176@corp.com,Customer Success,Senior Engineer,56205.00,2023-07-03,419
2177,Carolyn Alvarez,carolyn.alvarez2177@corp.com,Operations,Director,247257.00,2019-07-18,803
2178,Gwendolyn Valdez,gwendolyn.valdez2178@corp.com,HR,Architect,140684.00,2023-02-11,1095
2179,Raymond Ruiz,raymond.ruiz2179@corp.com,Finance,Engineer,79583.00,2022-04-09,1291
2180,Jaime Booker,jaime.booker2180@corp.com,Marketing,Manager,114801.00,2023-02-06,36
2181,Stephen Morgan,stephen.morgan2181@corp.com,R&D,Specialist,143982.00,2016-08-27,133
2182,Dylan Bradley,dylan.bradley2182@corp.com,Sales,Engineer,196632.00,2021-07-03,1146
2183,Lenore Gillespie,lenore.gillespie2183@corp.com,Operations,VP,181426.00,2017-04-11,1709
2184,Roger Gibson,roger.gibson2184@corp.com,Marketing,Manager,46777.00,2017-10-28,327
2185,Faye Higgins,faye.higgins2185@corp.com,Sales,Consultant,240553.00,2026-03-28,268
2186,Lorene Vaughan,lorene.vaughan2186@corp.com,Customer Success,Specialist,203809.00,2020-03-26,991
2187,Clark Doyle,clark.doyle2187@corp.com,HR,Engineer,139345.00,2023-03-21,491
2188,Elena Lyons,elena.lyons2188@corp.com,Finance,Senior Engineer,138796.00,2025-04-30,1031
2189,Francis Brennan,francis.brennan2189@corp.com,Sales,Senior Engineer,234191.00,2018-07-05,1067
2190,Leola Olsen,leola.olsen2190@corp.com,Customer Success,Coordinator,87081.00,2025-10-13,386
2191,Don Morse,don.morse2191@corp.com,Sales,Coordinator,102790.00,2025-01-28,409
2192,Melissa Rivera,melissa.rivera2192@corp.com,Operations,VP,91998.00,2016-07-31,1850
2193,Kurt Fischer,kurt.fischer2193@corp.com,HR,Director,123590.00,2019-01-27,844
2194,Juanita Krueger,juanita.krueger2194@corp.com,HR,Manager,152950.00,2025-01-28,70
2195,Effie Hale,effie.hale2195@corp.com,Marketing,Director,107694.00,2023-06-17,807
2196,Rena Eldridge,rena.eldridge2196@corp.com,IT,Coordinator,198937.00,2018-01-16,1698
2197,Randal Kaufman,randal.kaufman2197@corp.com,Marketing,Coordinator,188737.00,2025-01-20,1154
2198,Abraham Pitts,abraham.pitts2198@corp.com,HR,Director,53214.00,2025-02-12,2000
2199,Hector Lambert,hector.lambert2199@corp.com,HR,VP,150845.00,2020-01-26,1254
2200,Jason Evans,jason.evans2200@corp.com,IT,Engineer,51808.00,2017-06-21,491
2201,Clifton Blackburn,clifton.blackburn2201@corp.com,Customer Success,Coordinator,59488.00,2022-09-09,1029
2202,Brady Conway,brady.conway2202@corp.com,IT,Engineer,201630.00,2017-10-02,957
2203,Miles Wong,miles.wong2203@corp.com,Finance,Architect,145477.00,2023-11-20,1824
2204,Angelo Nolan,angelo.nolan2204@corp.com,Operations,Manager,141274.00,2026-05-02,1396
2205,Victoria Willis,victoria.willis2205@corp.com,Finance,Analyst,105049.00,2023-01-28,978
2206,Robert Williamson,robert.williamson2206@corp.com,Marketing,Engineer,218551.00,2018-01-14,217
2207,Willie Nichols,willie.nichols2207@corp.com,Sales,Senior Engineer,168865.00,2018-04-12,812
2208,Elma Salinas,elma.salinas2208@corp.com,R&D,Coordinator,215043.00,2020-11-29,1264
2209,Antonia Brennan,antonia.brennan2209@corp.com,Operations,VP,149405.00,2024-06-25,381
2210,Johnnie Boyer,johnnie.boyer2210@corp.com,Sales,Engineer,193832.00,2023-05-06,450
2211,Katherine Brooks,katherine.brooks2211@corp.com,Marketing,Coordinator,142130.00,2025-11-19,1874
2212,Marlon Sawyer,marlon.sawyer2212@corp.com,HR,Senior Engineer,205030.00,2021-08-06,1278
2213,Raul Morse,raul.morse2213@corp.com,Marketing,Manager,175465.00,2018-09-21,1617
2214,Dennis Patel,dennis.patel2214@corp.com,Finance,Coordinator,103027.00,2022-07-28,16
2215,Leila Roth,leila.roth2215@corp.com,R&D,Senior Engineer,147189.00,2020-11-18,1985
2216,Alma Hutchinson,alma.hutchinson2216@corp.com,Sales,Consultant,45304.00,2023-03-19,2015
2217,Judith Bryant,judith.bryant2217@corp.com,Finance,Analyst,74343.00,2017-07-25,392
2218,Carmen Ware,carmen.ware2218@corp.com,Marketing,Coordinator,148701.00,2018-04-02,124
2219,Walter Patterson,walter.patterson2219@corp.com,Legal,Coordinator,187047.00,2025-11-22,2123
2220,Denise Lawrence,denise.lawrence2220@corp.com,Finance,Manager,168372.00,2017-12-22,482
2221,Becky Ericksen,becky.ericksen2221@corp.com,Customer Success,VP,114599.00,2022-07-25,1643
2222,Eleanor Vargas,eleanor.vargas2222@corp.com,IT,Architect,100455.00,2025-09-20,1975
2223,Claudia Kinney,claudia.kinney2223@corp.com,Legal,Coordinator,210723.00,2020-08-21,1624
2224,Cecelia Becker,cecelia.becker2224@corp.com,HR,Engineer,151275.00,2016-09-12,1708
2225,Brandon Kim,brandon.kim2225@corp.com,Legal,VP,139276.00,2018-07-24,640
2226,Darlene Simon,darlene.simon2226@corp.com,Customer Success,Manager,223624.00,2020-01-26,167
2227,Jason Evans,jason.evans2227@corp.com,Sales,Engineer,90708.00,2018-09-07,1338
2228,Aiden Schmidt,aiden.schmidt2228@corp.com,Operations,Director,128058.00,2019-12-21,784
2229,Jason Evans,jason.evans2229@corp.com,Marketing,Coordinator,152571.00,2021-08-19,544
2230,Madeline Mays,madeline.mays2230@corp.com,Legal,Director,134746.00,2026-04-27,1580
2231,Ann Marshall,ann.marshall2231@corp.com,HR,VP,243887.00,2017-01-23,1171
2232,Cody Parsons,cody.parsons2232@corp.com,Marketing,Director,115330.00,2026-04-18,940
2233,Roosevelt Sawyer,roosevelt.sawyer2233@corp.com,HR,Specialist,167852.00,2026-03-19,951
2234,Earnest Barber,earnest.barber2234@corp.com,Marketing,Coordinator,71802.00,2025-04-27,1954
2235,Christian Carpenter,christian.carpenter2235@corp.com,R&D,Senior Engineer,141647.00,2024-10-16,409
2236,Tyler Foster,tyler.foster2236@corp.com,Legal,Architect,57928.00,2019-02-04,1091
2237,Darrin Kirk,darrin.kirk2237@corp.com,Sales,VP,171693.00,2018-12-29,2140
2238,Clark Doyle,clark.doyle2238@corp.com,Finance,Engineer,153825.00,2019-04-29,1596
2239,Evelyn Fisher,evelyn.fisher2239@corp.com,Legal,VP,166380.00,2020-06-22,1054
2240,Celia Franco,celia.franco2240@corp.com,IT,Architect,228737.00,2016-09-11,1740
2241,Cole Bennett,cole.bennett2241@corp.com,Sales,Analyst,200624.00,2023-07-12,1601
2242,Dolores Pena,dolores.pena2242@corp.com,Finance,Consultant,223287.00,2024-02-01,299
2243,Marcie Franco,marcie.franco2243@corp.com,R&D,Coordinator,63111.00,2023-01-19,462
2244,Catherine Hughes,catherine.hughes2244@corp.com,Sales,Architect,201162.00,2025-06-14,412
2245,Daren Booth,daren.booth2245@corp.com,Sales,Specialist,232352.00,2019-05-20,856
2246,Melissa Rivera,melissa.rivera2246@corp.com,Finance,Coordinator,210344.00,2017-06-09,1794
2247,Ashley Robinson,ashley.robinson2247@corp.com,Operations,Director,215873.00,2017-09-01,313
2248,Jason Evans,jason.evans2248@corp.com,Marketing,Consultant,183318.00,2017-09-11,885
2249,Lloyd Decker,lloyd.decker2249@corp.com,Finance,VP,171556.00,2025-11-16,776
2250,Guadalupe Stanley,guadalupe.stanley2250@corp.com,Marketing,Manager,49105.00,2023-01-18,464
2251,Jeremy Harrison,jeremy.harrison2251@corp.com,IT,Analyst,241483.00,2025-05-26,1777
2252,Curt Macdonald,curt.macdonald2252@corp.com,Finance,VP,230066.00,2020-02-29,1232
2253,Daren Booth,daren.booth2253@corp.com,HR,Specialist,236644.00,2018-01-07,1821
2254,Loretta Mora,loretta.mora2254@corp.com,Legal,Manager,91304.00,2024-01-06,195
2255,Antoinette Brennan,antoinette.brennan2255@corp.com,HR,VP,62036.00,2022-11-18,1116
2256,Don Morse,don.morse2256@corp.com,Finance,Engineer,146968.00,2025-02-14,589
2257,Henry Perry,henry.perry2257@corp.com,R&D,Consultant,237209.00,2016-08-11,806
2258,Verna Krause,verna.krause2258@corp.com,R&D,Senior Engineer,214243.00,2017-07-25,930
2259,Lowell Gates,lowell.gates2259@corp.com,R&D,Senior Engineer,95148.00,2025-10-15,363
2260,Samuel Watson,samuel.watson2260@corp.com,Finance,Engineer,56627.00,2017-12-16,1780
2261,Rolando Hammond,rolando.hammond2261@corp.com,Legal,Analyst,137567.00,2024-07-09,186
2262,Elvira Mclean,elvira.mclean2262@corp.com,Finance,VP,213759.00,2021-01-01,922
2263,Merle Hahn,merle.hahn2263@corp.com,Operations,Analyst,192585.00,2022-11-03,1521
2264,Elizabeth Martinez,elizabeth.martinez2264@corp.com,Finance,VP,123248.00,2019-05-14,731
2265,Teri Valencia,teri.valencia2265@corp.com,Operations,Consultant,166020.00,2020-10-30,1616
2266,Rodolfo Gallagher,rodolfo.gallagher2266@corp.com,IT,Analyst,54978.00,2017-03-23,1509
2267,Sadie Leach,sadie.leach2267@corp.com,Sales,Analyst,143114.00,2020-09-16,34
2268,Angelo Pacheco,angelo.pacheco2268@corp.com,Legal,VP,67059.00,2024-06-23,168
2269,Amber Chavez,amber.chavez2269@corp.com,R&D,Manager,181517.00,2019-06-09,1160
2270,Cecelia Becker,cecelia.becker2270@corp.com,Engineering,Architect,162090.00,2019-08-18,1958
2271,Judith Bryant,judith.bryant2271@corp.com,Sales,VP,248830.00,2018-06-17,1228
2272,Lottie Duffy,lottie.duffy2272@corp.com,Customer Success,Analyst,117967.00,2023-05-05,1982
2273,Marsha Fleming,marsha.fleming2273@corp.com,R&D,Analyst,239588.00,2016-08-13,638
2274,Paula Wheeler,paula.wheeler2274@corp.com,HR,Specialist,194131.00,2022-12-13,576
2275,Jessica Wilson,jessica.wilson2275@corp.com,Finance,Architect,144816.00,2023-12-07,2053
2276,Rudy Sutton,rudy.sutton2276@corp.com,Sales,Senior Engineer,182540.00,2022-11-09,1682
2277,Javier Solis,javier.solis2277@corp.com,Marketing,Engineer,95839.00,2023-09-27,132
2278,Corey Howell,corey.howell2278@corp.com,Sales,Director,156518.00,2019-03-28,2202
2279,Nannie Roth,nannie.roth2279@corp.com,Finance,Specialist,186118.00,2019-10-15,1974
2280,Seth Ellis,seth.ellis2280@corp.com,Marketing,Manager,129488.00,2026-03-19,650
2281,Judy Armstrong,judy.armstrong2281@corp.com,Finance,Consultant,70710.00,2023-06-13,1055
2282,Gregory Chavez,gregory.chavez2282@corp.com,HR,Manager,160598.00,2017-07-17,616
2283,Hilda Blake,hilda.blake2283@corp.com,Customer Success,Specialist,71398.00,2026-03-06,1562
2284,Glenda Reid,glenda.reid2284@corp.com,Operations,Coordinator,207129.00,2023-09-02,2235
2285,Angela Murphy,angela.murphy2285@corp.com,Sales,Consultant,213374.00,2018-11-20,2090
2286,Shane Stevens,shane.stevens2286@corp.com,R&D,Senior Engineer,143099.00,2016-08-08,1871
2287,Katherine Brooks,katherine.brooks2287@corp.com,Customer Success,Consultant,183376.00,2022-01-05,353
2288,Madelyn Wiggins,madelyn.wiggins2288@corp.com,Marketing,Senior Engineer,169166.00,2020-07-11,966
2289,Jacob Collins,jacob.collins2289@corp.com,Legal,VP,149375.00,2022-01-21,2032
2290,Dewayne Solis,dewayne.solis2290@corp.com,R&D,Engineer,92812.00,2018-07-22,139
2291,Agnes Farrell,agnes.farrell2291@corp.com,Engineering,Senior Engineer,84936.00,2018-02-19,552
2292,Faith Bender,faith.bender2292@corp.com,Sales,Manager,58375.00,2025-04-16,501
2293,Joshua Torres,joshua.torres2293@corp.com,Marketing,VP,141909.00,2020-10-14,208
2294,Chelsea Oliver,chelsea.oliver2294@corp.com,HR,Specialist,96138.00,2016-11-18,1490
2295,Laura Parker,laura.parker2295@corp.com,Customer Success,Coordinator,147114.00,2020-12-15,1847
2296,Roderick Compton,roderick.compton2296@corp.com,Engineering,Senior Engineer,238215.00,2024-05-28,1743
2297,Mateo Sherman,mateo.sherman2297@corp.com,Marketing,Director,92428.00,2018-03-07,2285
2298,Lourdes Shepard,lourdes.shepard2298@corp.com,Sales,Analyst,157017.00,2023-06-19,1501
2299,Martha Dunn,martha.dunn2299@corp.com,HR,Senior Engineer,72966.00,2025-04-05,1128
2300,Dixie Potter,dixie.potter2300@corp.com,Customer Success,Senior Engineer,96915.00,2026-06-15,566
2301,Austin Harper,austin.harper2301@corp.com,R&D,Specialist,136832.00,2020-06-01,1894
2302,Nicholas Morales,nicholas.morales2302@corp.com,HR,Specialist,157693.00,2019-01-11,303
2303,Darlene Simon,darlene.simon2303@corp.com,Sales,VP,219967.00,2025-01-19,1604
2304,Merle Hahn,merle.hahn2304@corp.com,Finance,Senior Engineer,236070.00,2019-02-16,1243
2305,Patrick Price,patrick.price2305@corp.com,HR,Senior Engineer,196102.00,2024-08-11,1785
2306,Hannah Graham,hannah.graham2306@corp.com,Engineering,Coordinator,53861.00,2018-04-16,1876
2307,Kayla Cunningham,kayla.cunningham2307@corp.com,R&D,Consultant,240407.00,2018-07-31,1988
2308,Douglas Henderson,douglas.henderson2308@corp.com,Finance,VP,79877.00,2017-11-02,449
2309,Rene Booker,rene.booker2309@corp.com,HR,Consultant,137309.00,2021-07-02,2227
2310,Sandra Ramirez,sandra.ramirez2310@corp.com,HR,Engineer,67018.00,2025-01-06,1968
2311,Paul Allen,paul.allen2311@corp.com,Operations,Engineer,188565.00,2023-05-27,1801
2312,Ruth Myers,ruth.myers2312@corp.com,R&D,Director,159043.00,2024-01-19,14
2313,Madonna Wiggins,madonna.wiggins2313@corp.com,Finance,Specialist,48634.00,2023-06-08,748
2314,Rosie Hobbs,rosie.hobbs2314@corp.com,R&D,Analyst,136889.00,2023-06-15,512
2315,Willie Nichols,willie.nichols2315@corp.com,Customer Success,Manager,108730.00,2023-12-31,194
2316,Cynthia Edwards,cynthia.edwards2316@corp.com,Operations,Architect,96855.00,2018-12-24,1884
2317,Jane Ryan,jane.ryan2317@corp.com,Finance,Coordinator,71972.00,2023-01-27,375
2318,Dorian Serrano,dorian.serrano2318@corp.com,Sales,Engineer,200953.00,2017-07-08,2212
2319,Nicholas Morales,nicholas.morales2319@corp.com,Sales,Consultant,119773.00,2020-04-22,1166
2320,Marlon Sawyer,marlon.sawyer2320@corp.com,HR,Manager,52650.00,2026-04-11,913
2321,Monte Strong,monte.strong2321@corp.com,Customer Success,Senior Engineer,113674.00,2024-01-29,1045
2322,Douglas Henderson,douglas.henderson2322@corp.com,Engineering,Architect,45479.00,2020-06-28,659
2323,Cole Bennett,cole.bennett2323@corp.com,Customer Success,Engineer,51448.00,2020-01-22,346
2324,Dante Wilcox,dante.wilcox2324@corp.com,Operations,Director,210301.00,2019-06-13,1858
2325,Shelby Novak,shelby.novak2325@corp.com,HR,Coordinator,58742.00,2018-07-19,623
2326,Janet Sanders,janet.sanders2326@corp.com,IT,Engineer,239828.00,2020-08-07,1011
2327,Lanny Rubio,lanny.rubio2327@corp.com,Finance,Specialist,220777.00,2019-09-04,1649
2328,Gavin Peters,gavin.peters2328@corp.com,Engineering,Senior Engineer,61257.00,2025-02-25,629
2329,Willard Vinson,willard.vinson2329@corp.com,Engineering,VP,53207.00,2022-02-02,1292
2330,Lionel Bass,lionel.bass2330@corp.com,Sales,Specialist,80462.00,2019-02-15,1391
2331,Dolores Pena,dolores.pena2331@corp.com,Legal,Consultant,160303.00,2024-12-22,628
2332,Lena Aguilar,lena.aguilar2332@corp.com,Customer Success,Director,212479.00,2023-05-12,769
2333,Sadie Leach,sadie.leach2333@corp.com,Marketing,Architect,199839.00,2018-12-10,123
2334,Tracey Johnston,tracey.johnston2334@corp.com,IT,VP,153754.00,2018-08-15,146
2335,Emmett Barber,emmett.barber2335@corp.com,R&D,VP,134556.00,2025-05-26,1423
2336,Lana Middleton,lana.middleton2336@corp.com,Customer Success,Engineer,240436.00,2022-03-07,1285
2337,Lamont Velez,lamont.velez2337@corp.com,Engineering,Manager,72951.00,2017-09-10,911
2338,Omar Barton,omar.barton2338@corp.com,Customer Success,Consultant,118311.00,2023-09-07,1092
2339,Donovan Morse,donovan.morse2339@corp.com,Operations,Architect,133854.00,2024-04-11,1204
2340,Morgan Hansen,morgan.hansen2340@corp.com,Sales,Engineer,93873.00,2021-08-08,1425
2341,Esperanza Middleton,esperanza.middleton2341@corp.com,Operations,Senior Engineer,69703.00,2020-06-14,634
2342,Kimberly Young,kimberly.young2342@corp.com,Finance,Engineer,45831.00,2018-06-09,2139
2343,Raymond Ruiz,raymond.ruiz2343@corp.com,HR,Coordinator,156000.00,2018-02-20,166
2344,Faith Bender,faith.bender2344@corp.com,Finance,Director,241131.00,2020-06-04,1222
2345,Irene Glover,irene.glover2345@corp.com,Finance,Senior Engineer,210864.00,2018-01-07,1939
2346,Ollie Barton,ollie.barton2346@corp.com,Customer Success,Manager,144348.00,2022-02-17,35
2347,Jana Castaneda,jana.castaneda2347@corp.com,IT,Senior Engineer,171390.00,2026-01-13,1493
2348,Sal Larsen,sal.larsen2348@corp.com,Marketing,Engineer,216190.00,2017-06-06,1060
2349,Christine Wood,christine.wood2349@corp.com,HR,Engineer,110977.00,2019-09-08,1914
2350,Charles Taylor,charles.taylor2350@corp.com,Finance,Manager,92626.00,2022-01-09,1850
2351,Rashad Villarreal,rashad.villarreal2351@corp.com,Sales,Specialist,52633.00,2019-01-03,9
2352,Jennifer Williams,jennifer.williams2352@corp.com,Engineering,Senior Engineer,242366.00,2017-09-25,1406
2353,Jesse Knight,jesse.knight2353@corp.com,Operations,Consultant,163305.00,2024-02-18,1314
2354,Andrea Reyes,andrea.reyes2354@corp.com,Marketing,Analyst,192992.00,2018-05-03,439
2355,Steven Walker,steven.walker2355@corp.com,Customer Success,Architect,103639.00,2023-03-19,1461
2356,Colleen Richards,colleen.richards2356@corp.com,Customer Success,Engineer,172231.00,2025-02-03,221
2357,Claude Blackburn,claude.blackburn2357@corp.com,IT,Senior Engineer,59778.00,2023-09-30,1940
2358,Martha Dunn,martha.dunn2358@corp.com,Finance,Consultant,117164.00,2022-09-15,2179
2359,Shirley Rogers,shirley.rogers2359@corp.com,Finance,Specialist,176583.00,2016-09-04,2207
2360,Francisca Ware,francisca.ware2360@corp.com,Legal,Architect,89932.00,2019-08-23,1639
2361,Zachary Romero,zachary.romero2361@corp.com,HR,Specialist,116163.00,2024-07-31,353
2362,Dora Acosta,dora.acosta2362@corp.com,Engineering,Consultant,48794.00,2026-06-11,1635
2363,Joanne Wheeler,joanne.wheeler2363@corp.com,R&D,VP,178933.00,2023-12-14,858
2364,Emmett Barber,emmett.barber2364@corp.com,Customer Success,Analyst,217549.00,2025-08-02,698
2365,Austin Harper,austin.harper2365@corp.com,R&D,Manager,62121.00,2023-03-24,596
2366,Leola Olsen,leola.olsen2366@corp.com,Marketing,Coordinator,242970.00,2017-09-24,1353
2367,Leigh Leach,leigh.leach2367@corp.com,IT,Consultant,190260.00,2019-01-25,66
2368,Elsa Novak,elsa.novak2368@corp.com,Operations,Manager,197146.00,2023-07-13,928
2369,Celia Franco,celia.franco2369@corp.com,Engineering,Consultant,249005.00,2017-10-23,1855
2370,Wilbert Lambert,wilbert.lambert2370@corp.com,Legal,Director,161659.00,2021-08-19,1164
2371,Emma Kelly,emma.kelly2371@corp.com,Finance,Engineer,133100.00,2016-12-07,1326
2372,Ryan Cruz,ryan.cruz2372@corp.com,Marketing,Analyst,226346.00,2022-05-13,2343
2373,Robin Winters,robin.winters2373@corp.com,IT,Director,91501.00,2024-10-18,1444
2374,Leonard Wade,leonard.wade2374@corp.com,R&D,Coordinator,70847.00,2024-03-10,219
2375,Irene Glover,irene.glover2375@corp.com,Engineering,VP,190281.00,2025-07-22,1556
2376,Lyman Ware,lyman.ware2376@corp.com,Finance,Senior Engineer,85843.00,2022-08-10,1240
2377,Joseph Gonzalez,joseph.gonzalez2377@corp.com,IT,Architect,220643.00,2019-07-28,919
2378,Lucy Nash,lucy.nash2378@corp.com,Finance,Consultant,61435.00,2019-04-02,1260
2379,Lori Marshall,lori.marshall2379@corp.com,Engineering,Consultant,152803.00,2025-01-12,1440
2380,Julia Ruiz,julia.ruiz2380@corp.com,Sales,Consultant,138402.00,2025-09-05,407
2381,Corinne Tyler,corinne.tyler2381@corp.com,Sales,Manager,137336.00,2022-03-14,820
2382,Loren Solis,loren.solis2382@corp.com,Finance,Director,130396.00,2019-02-06,355
2383,Joann Sullivan,joann.sullivan2383@corp.com,Legal,Senior Engineer,209876.00,2018-04-24,27
2384,Bruce Perkins,bruce.perkins2384@corp.com,IT,Consultant,208915.00,2017-11-12,1556
2385,Eddie Barber,eddie.barber2385@corp.com,Legal,Analyst,177202.00,2020-10-22,769
2386,Raul Morse,raul.morse2386@corp.com,R&D,Architect,141668.00,2024-03-02,1791
2387,Jeannette Norton,jeannette.norton2387@corp.com,IT,Architect,178714.00,2021-05-12,2091
2388,Rocco Parrish,rocco.parrish2388@corp.com,Finance,Specialist,134069.00,2022-06-19,485
2389,Madelyn Wiggins,madelyn.wiggins2389@corp.com,Customer Success,VP,164295.00,2026-07-21,1601
2390,Hector Lambert,hector.lambert2390@corp.com,Operations,Engineer,248863.00,2016-12-18,205
2391,Inez Rollins,inez.rollins2391@corp.com,Legal,Specialist,100638.00,2023-01-25,1071
2392,Sharon Turner,sharon.turner2392@corp.com,Legal,Director,221158.00,2023-03-11,153
2393,Samuel Watson,samuel.watson2393@corp.com,Legal,Director,87548.00,2023-01-08,1633
2394,Bennie Duffy,bennie.duffy2394@corp.com,Engineering,Specialist,200939.00,2024-12-12,1194
2395,Edwin Donaldson,edwin.donaldson2395@corp.com,Customer Success,Specialist,123448.00,2019-11-20,1056
2396,Neal Thornton,neal.thornton2396@corp.com,Sales,Consultant,234648.00,2020-06-08,1581
2397,Susie Valencia,susie.valencia2397@corp.com,IT,Specialist,198758.00,2026-04-27,2251
2398,Elijah Andrews,elijah.andrews2398@corp.com,Marketing,Director,136582.00,2018-04-24,740
2399,Nelson Huff,nelson.huff2399@corp.com,Finance,Director,92524.00,2023-10-27,650
2400,Kimberly Young,kimberly.young2400@corp.com,Marketing,Senior Engineer,185115.00,2020-02-13,1334
2401,Seth Ellis,seth.ellis2401@corp.com,Legal,Consultant,134282.00,2022-05-18,1256
2402,Lula Charles,lula.charles2402@corp.com,IT,Senior Engineer,227090.00,2018-10-06,18
2403,Harold Reynolds,harold.reynolds2403@corp.com,Engineering,Architect,229433.00,2022-03-29,676
2404,Bruce Perkins,bruce.perkins2404@corp.com,Customer Success,Analyst,129340.00,2025-05-05,1687
2405,Leila Roth,leila.roth2405@corp.com,R&D,Consultant,238448.00,2019-11-28,1221
2406,Rafael Schneider,rafael.schneider2406@corp.com,Legal,Manager,60837.00,2025-05-19,1737
2407,Martin Sharp,martin.sharp2407@corp.com,Customer Success,Senior Engineer,188198.00,2023-01-14,233
2408,Carol Adams,carol.adams2408@corp.com,HR,Senior Engineer,105132.00,2021-10-20,511
2409,Calvin Ortega,calvin.ortega2409@corp.com,IT,Manager,155560.00,2022-07-20,181
2410,Madelyn Wiggins,madelyn.wiggins2410@corp.com,IT,Director,132405.00,2020-03-16,2255
2411,Javier Solis,javier.solis2411@corp.com,Legal,Director,146669.00,2021-12-28,1060
2412,Laura Parker,laura.parker2412@corp.com,Sales,Consultant,236661.00,2019-07-12,1645
2413,Judy Armstrong,judy.armstrong2413@corp.com,Customer Success,Director,62684.00,2018-05-12,642
2414,Dennis Patel,dennis.patel2414@corp.com,HR,Engineer,178992.00,2023-08-20,811
2415,Stuart Sweeney,stuart.sweeney2415@corp.com,Customer Success,Architect,82575.00,2018-04-06,765
2416,Eddie Barber,eddie.barber2416@corp.com,Engineering,Senior Engineer,248099.00,2017-08-23,2379
2417,Charles Taylor,charles.taylor2417@corp.com,Finance,Senior Engineer,237342.00,2020-12-03,264
2418,Christopher Jackson,christopher.jackson2418@corp.com,R&D,Specialist,144051.00,2019-07-05,80
2419,Madelyn Wiggins,madelyn.wiggins2419@corp.com,R&D,Director,249728.00,2022-03-02,1701
2420,Jesse Knight,jesse.knight2420@corp.com,Legal,Engineer,140994.00,2022-04-05,2006
2421,Anthony Harris,anthony.harris2421@corp.com,R&D,Engineer,229443.00,2024-05-31,779
2422,Forrest Brandt,forrest.brandt2422@corp.com,Legal,Engineer,52410.00,2023-12-20,1985
2423,Cathy Hobbs,cathy.hobbs2423@corp.com,IT,Engineer,163376.00,2024-02-13,2298
2424,Harold Reynolds,harold.reynolds2424@corp.com,Marketing,Engineer,61924.00,2022-07-01,1414
2425,Chase Fernandez,chase.fernandez2425@corp.com,R&D,Specialist,209486.00,2021-06-03,1854
2426,Forrest Brandt,forrest.brandt2426@corp.com,Finance,Specialist,121279.00,2018-11-22,2127
2427,Socorro Bean,socorro.bean2427@corp.com,R&D,Consultant,104400.00,2019-05-18,2079
2428,Aiden Schmidt,aiden.schmidt2428@corp.com,R&D,Coordinator,209948.00,2023-12-05,329
2429,Rory Sawyer,rory.sawyer2429@corp.com,Legal,Architect,224120.00,2020-08-01,1913
2430,Dave Quinn,dave.quinn2430@corp.com,IT,Specialist,233101.00,2022-09-21,1058
2431,Paul Allen,paul.allen2431@corp.com,HR,Senior Engineer,134524.00,2026-03-15,1028
2432,Connie Gross,connie.gross2432@corp.com,HR,Architect,181998.00,2025-09-05,1544
2433,Esperanza Middleton,esperanza.middleton2433@corp.com,Legal,Specialist,183154.00,2021-02-15,1843
2434,Jackie Higgins,jackie.higgins2434@corp.com,Legal,Specialist,137770.00,2020-12-11,2107
2435,Monte Strong,monte.strong2435@corp.com,R&D,Senior Engineer,164593.00,2019-12-08,416
2436,Daryl Larsen,daryl.larsen2436@corp.com,IT,Senior Engineer,52176.00,2025-04-24,1692
2437,Dianne Potter,dianne.potter2437@corp.com,IT,Specialist,118800.00,2023-01-16,1368
2438,Linda Jones,linda.jones2438@corp.com,Legal,Analyst,244745.00,2024-06-27,1911
2439,Ronald Carter,ronald.carter2439@corp.com,R&D,Senior Engineer,215060.00,2017-04-16,1541
2440,Paula Wheeler,paula.wheeler2440@corp.com,R&D,Director,168381.00,2020-06-02,346
2441,Leila Roth,leila.roth2441@corp.com,Marketing,Director,188653.00,2024-03-14,2236
2442,Deborah Mitchell,deborah.mitchell2442@corp.com,Engineering,Director,233162.00,2021-01-10,1828
2443,Rocco Brennan,rocco.brennan2443@corp.com,Finance,Manager,247926.00,2022-01-13,189
2444,Nadine Grimes,nadine.grimes2444@corp.com,Finance,Coordinator,142453.00,2018-07-09,1906
2445,Sharon Turner,sharon.turner2445@corp.com,IT,Consultant,89170.00,2016-08-12,1419
2446,Joyce Butler,joyce.butler2446@corp.com,HR,Specialist,214135.00,2018-05-11,1068
2447,Rosemarie Dickerson,rosemarie.dickerson2447@corp.com,Operations,Director,212365.00,2024-07-30,153
2448,Evelyn Fisher,evelyn.fisher2448@corp.com,Engineering,Coordinator,118181.00,2022-07-20,1674
2449,Shelia Horn,shelia.horn2449@corp.com,Sales,Senior Engineer,53744.00,2020-01-06,1317
2450,Jesse Knight,jesse.knight2450@corp.com,HR,Senior Engineer,84637.00,2026-07-08,2186
2451,Mario Strong,mario.strong2451@corp.com,Marketing,Specialist,182520.00,2024-09-17,190
2452,Erik Mclaughlin,erik.mclaughlin2452@corp.com,Marketing,Specialist,99089.00,2023-01-04,1622
2453,Carlos Graves,carlos.graves2453@corp.com,HR,Director,107387.00,2023-09-30,365
2454,Donald Lewis,donald.lewis2454@corp.com,Marketing,Analyst,119398.00,2021-08-21,2452
2455,Jessica Wilson,jessica.wilson2455@corp.com,Marketing,Manager,120799.00,2017-03-09,305
2456,Nellie Norton,nellie.norton2456@corp.com,Finance,Architect,193855.00,2020-08-31,2317
2457,Jean McDonald,jean.mcdonald2457@corp.com,Legal,Director,89266.00,2026-01-01,31
2458,Rocco Brennan,rocco.brennan2458@corp.com,Legal,Manager,160388.00,2019-11-05,1109
2459,Lorene Vaughan,lorene.vaughan2459@corp.com,HR,Engineer,183341.00,2022-03-23,533
2460,Brady Conway,brady.conway2460@corp.com,Engineering,Architect,74125.00,2019-09-21,682
2461,Clara Maldonado,clara.maldonado2461@corp.com,Finance,VP,113274.00,2022-03-01,1092
2462,Larry Peterson,larry.peterson2462@corp.com,Customer Success,Manager,194959.00,2026-04-30,1178
2463,Cedric Hood,cedric.hood2463@corp.com,Sales,Specialist,175748.00,2017-07-11,228
2464,Julia Ruiz,julia.ruiz2464@corp.com,Operations,Consultant,167451.00,2018-06-10,2275
2465,Muriel Glover,muriel.glover2465@corp.com,Customer Success,Director,203291.00,2019-07-09,2063
2466,Edward Campbell,edward.campbell2466@corp.com,R&D,Coordinator,175651.00,2021-11-12,144
2467,Don Morse,don.morse2467@corp.com,Customer Success,VP,152821.00,2018-04-24,1340
2468,Susan Lopez,susan.lopez2468@corp.com,HR,Specialist,249278.00,2019-04-28,2340
2469,Anna Sherman,anna.sherman2469@corp.com,Marketing,VP,116947.00,2020-06-07,1289
2470,Andrew Wright,andrew.wright2470@corp.com,Sales,Coordinator,181155.00,2021-07-20,163
2471,Cecelia Becker,cecelia.becker2471@corp.com,IT,Engineer,149694.00,2019-11-07,834
2472,Johnnie Boyer,johnnie.boyer2472@corp.com,Finance,Architect,219127.00,2022-06-27,4
2473,Ross Stein,ross.stein2473@corp.com,Customer Success,VP,228002.00,2019-11-22,536
2474,Laurence Pruitt,laurence.pruitt2474@corp.com,IT,VP,112189.00,2020-09-30,376
2475,Edward Campbell,edward.campbell2475@corp.com,IT,Engineer,215515.00,2026-04-12,203
2476,Adam Coleman,adam.coleman2476@corp.com,HR,Consultant,127439.00,2017-07-28,1569
2477,Donna Scott,donna.scott2477@corp.com,Marketing,Coordinator,67149.00,2020-03-15,676
2478,Donna Scott,donna.scott2478@corp.com,HR,Director,95688.00,2023-10-08,441
2479,Jacob Collins,jacob.collins2479@corp.com,HR,Consultant,97175.00,2025-11-06,996
2480,Darin Pena,darin.pena2480@corp.com,Sales,Analyst,61173.00,2024-02-25,727
2481,Amanda Baker,amanda.baker2481@corp.com,Marketing,Senior Engineer,224181.00,2024-07-05,361
2482,Laura Parker,laura.parker2482@corp.com,Customer Success,Senior Engineer,47157.00,2025-08-16,1840
2483,Dino Decker,dino.decker2483@corp.com,Finance,VP,143289.00,2024-03-27,1783
2484,Rolando Herman,rolando.herman2484@corp.com,Marketing,Coordinator,178791.00,2019-05-21,992
2485,Betty White,betty.white2485@corp.com,Finance,Specialist,160817.00,2018-02-01,987
2486,Mae Donovan,mae.donovan2486@corp.com,Legal,Architect,84105.00,2024-11-30,953
2487,Walter Patterson,walter.patterson2487@corp.com,HR,Analyst,74927.00,2019-07-14,2095
2488,Cameron Montgomery,cameron.montgomery2488@corp.com,Operations,Director,157457.00,2018-09-22,593
2489,Inez Rollins,inez.rollins2489@corp.com,IT,Analyst,99331.00,2025-05-06,344
2490,Lorene Vaughan,lorene.vaughan2490@corp.com,Legal,Manager,88125.00,2025-05-21,424
2491,Muriel Glover,muriel.glover2491@corp.com,Sales,VP,199227.00,2016-11-21,1462
2492,Myron Sexton,myron.sexton2492@corp.com,Finance,Consultant,235576.00,2016-11-04,1432
2493,Brian Nelson,brian.nelson2493@corp.com,Marketing,Manager,107120.00,2023-07-03,2174
2494,Moshe Stein,moshe.stein2494@corp.com,Engineering,Analyst,57722.00,2023-02-19,2400
2495,Bertha Rivas,bertha.rivas2495@corp.com,IT,Specialist,225695.00,2016-10-14,1796
2496,Rodolfo Gallagher,rodolfo.gallagher2496@corp.com,Operations,Senior Engineer,197066.00,2022-01-22,957
2497,Pedro Espinoza,pedro.espinoza2497@corp.com,Sales,Architect,152521.00,2023-03-21,21
2498,Roderick Compton,roderick.compton2498@corp.com,Customer Success,Manager,187549.00,2020-06-18,1817
2499,Lori Marshall,lori.marshall2499@corp.com,Engineering,Senior Engineer,108574.00,2019-03-24,2355
2500,Doris Orr,doris.orr2500@corp.com,Engineering,Analyst,78449.00,2021-04-19,889
2501,Fernando Glass,fernando.glass2501@corp.com,Operations,Consultant,234956.00,2020-03-10,1791
2502,Sal Larsen,sal.larsen2502@corp.com,HR,Senior Engineer,140308.00,2024-12-21,1622
2503,Angela Murphy,angela.murphy2503@corp.com,Finance,Engineer,96739.00,2018-03-02,1595
2504,Ricardo Tapia,ricardo.tapia2504@corp.com,Marketing,Manager,46291.00,2021-09-21,1022
2505,Jayden Williamson,jayden.williamson2505@corp.com,Customer Success,Manager,239613.00,2023-04-07,1150
2506,Jean McDonald,jean.mcdonald2506@corp.com,R&D,Engineer,90657.00,2023-02-17,1910
2507,Myra Horne,myra.horne2507@corp.com,HR,Engineer,84362.00,2018-04-11,690
2508,Cyrus Fuentes,cyrus.fuentes2508@corp.com,R&D,Consultant,45221.00,2025-08-24,1483
2509,Lyle Ware,lyle.ware2509@corp.com,Legal,Manager,112173.00,2024-07-28,1937
2510,Noel Parrish,noel.parrish2510@corp.com,Customer Success,Engineer,48348.00,2021-10-14,250
2511,Ruth Myers,ruth.myers2511@corp.com,IT,Director,50841.00,2021-09-15,2173
2512,Kevin Green,kevin.green2512@corp.com,Legal,VP,54180.00,2020-03-11,2270
2513,Aida Lindsey,aida.lindsey2513@corp.com,Sales,Director,166911.00,2020-04-21,591
2514,Olivia Ross,olivia.ross2514@corp.com,Finance,Manager,221425.00,2022-05-01,2242
2515,Doris Orr,doris.orr2515@corp.com,Engineering,Manager,225797.00,2021-01-11,214
2516,Mildred Snyder,mildred.snyder2516@corp.com,Legal,Architect,228529.00,2026-02-21,1605
2517,Loren Solis,loren.solis2517@corp.com,IT,Specialist,139444.00,2018-01-27,2110
2518,Mabel Donaldson,mabel.donaldson2518@corp.com,HR,VP,51889.00,2020-02-27,892
2519,Dana Garza,dana.garza2519@corp.com,Engineering,Consultant,219457.00,2026-06-06,795
2520,Bruce Perkins,bruce.perkins2520@corp.com,IT,Consultant,62299.00,2025-06-15,994
2521,Lionel Bass,lionel.bass2521@corp.com,HR,Analyst,218862.00,2021-02-12,423
2522,Edward Campbell,edward.campbell2522@corp.com,Operations,Coordinator,104587.00,2021-02-10,1146
2523,Kurt Fischer,kurt.fischer2523@corp.com,Engineering,Director,119880.00,2022-08-12,301
2524,Sarah Thomas,sarah.thomas2524@corp.com,Sales,Manager,128090.00,2024-04-15,118
2525,Carlos Graves,carlos.graves2525@corp.com,R&D,Consultant,87720.00,2023-07-13,2120
2526,Cora Mcmahon,cora.mcmahon2526@corp.com,Engineering,VP,52528.00,2026-03-12,914
2527,Estelle Hays,estelle.hays2527@corp.com,IT,Analyst,226465.00,2019-11-26,1350
2528,Lorene Vaughan,lorene.vaughan2528@corp.com,Customer Success,Engineer,78887.00,2017-08-20,1958
2529,Genevieve Horn,genevieve.horn2529@corp.com,Engineering,Analyst,146940.00,2016-11-23,1273
2530,Aurora Andersen,aurora.andersen2530@corp.com,R&D,Director,177352.00,2023-11-17,1402
2531,Noel Parrish,noel.parrish2531@corp.com,R&D,Coordinator,152579.00,2021-10-24,82
2532,Alfonso Friedman,alfonso.friedman2532@corp.com,Marketing,Architect,134543.00,2016-11-29,1038
2533,Joshua Torres,joshua.torres2533@corp.com,R&D,Specialist,92833.00,2016-12-01,2125
2534,Rolando Hammond,rolando.hammond2534@corp.com,Customer Success,Director,133237.00,2025-09-01,2290
2535,Joesph Mckinney,joesph.mckinney2535@corp.com,IT,Senior Engineer,127694.00,2023-05-03,507
2536,Billy Hawkins,billy.hawkins2536@corp.com,R&D,Specialist,234735.00,2023-06-15,316
2537,Lucile Sheppard,lucile.sheppard2537@corp.com,Customer Success,Senior Engineer,239107.00,2019-08-13,2073
2538,Essie Orr,essie.orr2538@corp.com,Customer Success,Engineer,180137.00,2017-05-21,1767
2539,Susan Lopez,susan.lopez2539@corp.com,Engineering,Consultant,113715.00,2017-06-05,1874
2540,Myron Sexton,myron.sexton2540@corp.com,Operations,Analyst,108053.00,2022-04-13,1711
2541,Genevieve Horn,genevieve.horn2541@corp.com,Marketing,Senior Engineer,152986.00,2023-01-03,875
2542,Della Mercer,della.mercer2542@corp.com,HR,VP,61020.00,2017-04-24,1241
2543,Kevin Green,kevin.green2543@corp.com,IT,VP,48717.00,2026-03-28,173
2544,Robyn Roach,robyn.roach2544@corp.com,R&D,Engineer,51216.00,2018-11-13,2199
2545,Stella Delgado,stella.delgado2545@corp.com,IT,Director,95924.00,2024-11-29,204
2546,Lynne Hobbs,lynne.hobbs2546@corp.com,Engineering,Manager,235910.00,2018-03-16,2524
2547,Roosevelt Sawyer,roosevelt.sawyer2547@corp.com,Customer Success,Director,216927.00,2018-12-13,540
2548,Rashad Villarreal,rashad.villarreal2548@corp.com,Customer Success,Coordinator,231517.00,2023-05-03,813
2549,Myron Sexton,myron.sexton2549@corp.com,R&D,Analyst,178878.00,2023-10-24,771
2550,Daryl Larsen,daryl.larsen2550@corp.com,R&D,Consultant,86511.00,2022-01-24,335
2551,Bruce Perkins,bruce.perkins2551@corp.com,HR,Director,198769.00,2018-12-21,614
2552,Agnes Farrell,agnes.farrell2552@corp.com,R&D,Specialist,103733.00,2020-10-25,253
2553,Benjamin Ward,benjamin.ward2553@corp.com,R&D,Director,82677.00,2026-07-10,704
2554,Suzanne Holland,suzanne.holland2554@corp.com,Operations,Senior Engineer,220825.00,2022-05-27,258
2555,Sandra Ramirez,sandra.ramirez2555@corp.com,HR,Manager,190720.00,2022-08-26,978
2556,Tammy Franklin,tammy.franklin2556@corp.com,Legal,VP,237132.00,2019-01-01,1342
2557,Daron Hess,daron.hess2557@corp.com,Customer Success,VP,51739.00,2023-03-20,325
2558,Dick Decker,dick.decker2558@corp.com,Sales,Consultant,172792.00,2022-06-26,1005
2559,Luis Gutierrez,luis.gutierrez2559@corp.com,Customer Success,Director,46618.00,2017-11-28,728
2560,Trevor Greer,trevor.greer2560@corp.com,Finance,Manager,213693.00,2023-04-26,1849
2561,Donovan Morse,donovan.morse2561@corp.com,Operations,Analyst,137141.00,2018-05-10,283
2562,Maria Garcia,maria.garcia2562@corp.com,Marketing,Analyst,71486.00,2025-02-22,2458
2563,Guadalupe Stanley,guadalupe.stanley2563@corp.com,Engineering,Architect,231261.00,2023-12-12,1112
2564,Johnnie Valencia,johnnie.valencia2564@corp.com,Customer Success,Analyst,229058.00,2021-07-21,1892
2565,Neil Gallagher,neil.gallagher2565@corp.com,HR,Senior Engineer,124273.00,2020-12-22,514
2566,Theresa Austin,theresa.austin2566@corp.com,R&D,Architect,186562.00,2025-07-30,1254
2567,Nora Andersen,nora.andersen2567@corp.com,R&D,Manager,148528.00,2021-07-29,2126
2568,Roy Ray,roy.ray2568@corp.com,IT,Engineer,143830.00,2023-08-24,1010
2569,Imogene Conley,imogene.conley2569@corp.com,Customer Success,Senior Engineer,216117.00,2025-03-01,99
2570,Evan Chapman,evan.chapman2570@corp.com,Legal,Coordinator,197674.00,2025-10-14,554
2571,Robert Williamson,robert.williamson2571@corp.com,R&D,Coordinator,114658.00,2025-09-16,1447
2572,Joesph Mckinney,joesph.mckinney2572@corp.com,Legal,Specialist,170529.00,2023-11-15,522
2573,Fannie Hutchinson,fannie.hutchinson2573@corp.com,Engineering,Manager,111708.00,2021-02-20,2184
2574,Tammy Franklin,tammy.franklin2574@corp.com,Legal,Coordinator,123000.00,2021-06-19,1808
2575,Willard Vinson,willard.vinson2575@corp.com,Marketing,Senior Engineer,241728.00,2025-08-23,831
2576,Lillie Castaneda,lillie.castaneda2576@corp.com,Legal,Consultant,188028.00,2024-08-19,2546
2577,Claudia Kinney,claudia.kinney2577@corp.com,HR,Engineer,51622.00,2017-10-25,2505
2578,Mae Donovan,mae.donovan2578@corp.com,R&D,Director,118096.00,2025-09-04,1962
2579,Reynaldo Heath,reynaldo.heath2579@corp.com,HR,Consultant,147850.00,2018-11-20,1379
2580,Rex Booker,rex.booker2580@corp.com,IT,Senior Engineer,186228.00,2020-11-20,1326
2581,Loren Solis,loren.solis2581@corp.com,Marketing,Engineer,137403.00,2021-03-30,1655
2582,Moses Stein,moses.stein2582@corp.com,Sales,VP,93495.00,2021-05-29,277
2583,Kendrick Glass,kendrick.glass2583@corp.com,Legal,Director,102754.00,2018-12-26,1223
2584,Lyle Ware,lyle.ware2584@corp.com,Customer Success,Engineer,155204.00,2017-02-12,755
2585,Joyce Butler,joyce.butler2585@corp.com,Marketing,Consultant,102688.00,2019-11-10,284
2586,Marcella English,marcella.english2586@corp.com,R&D,VP,229881.00,2021-10-01,1999
2587,Stephen Morgan,stephen.morgan2587@corp.com,HR,Senior Engineer,176004.00,2022-01-28,175
2588,Denise Grant,denise.grant2588@corp.com,HR,Analyst,45692.00,2023-03-26,1847
2589,Stacey Wolf,stacey.wolf2589@corp.com,Customer Success,Architect,154142.00,2024-09-30,1150
2590,Edward Campbell,edward.campbell2590@corp.com,IT,Coordinator,120896.00,2021-06-26,540
2591,Sean Harrison,sean.harrison2591@corp.com,Legal,Engineer,156665.00,2025-10-04,523
2592,Melinda Bradford,melinda.bradford2592@corp.com,Engineering,VP,182465.00,2019-04-21,2359
2593,Lucia Mclean,lucia.mclean2593@corp.com,Engineering,Architect,212209.00,2019-07-08,949
2594,Marsha Fleming,marsha.fleming2594@corp.com,Engineering,Specialist,77350.00,2024-07-26,2382
2595,Lucille Calderon,lucille.calderon2595@corp.com,Engineering,Analyst,115069.00,2017-03-05,1813
2596,Justin Reed,justin.reed2596@corp.com,Customer Success,Manager,122612.00,2026-01-02,173
2597,Ralph Olson,ralph.olson2597@corp.com,Operations,VP,86107.00,2016-10-31,483
2598,Darin Pena,darin.pena2598@corp.com,R&D,Senior Engineer,246818.00,2017-03-10,2479
2599,Shelley Ericksen,shelley.ericksen2599@corp.com,R&D,Senior Engineer,220473.00,2025-08-07,2259
2600,Pablo Lynn,pablo.lynn2600@corp.com,R&D,Coordinator,156186.00,2022-07-19,722
2601,Mitchell Santiago,mitchell.santiago2601@corp.com,Customer Success,Senior Engineer,133602.00,2021-06-14,429
2602,Nina Browning,nina.browning2602@corp.com,Marketing,VP,137445.00,2019-06-18,2158
2603,Bradford Mcclure,bradford.mcclure2603@corp.com,Operations,VP,51995.00,2019-05-31,1853
2604,Jeannine Krause,jeannine.krause2604@corp.com,Legal,Consultant,80065.00,2023-08-10,1189
2605,Sandra Ramirez,sandra.ramirez2605@corp.com,R&D,Architect,147733.00,2018-01-05,179
2606,Willie Nichols,willie.nichols2606@corp.com,Sales,Engineer,176116.00,2024-09-23,2330
2607,Marcie Franco,marcie.franco2607@corp.com,Engineering,VP,126764.00,2016-11-02,2571
2608,Lana Middleton,lana.middleton2608@corp.com,Marketing,Analyst,119888.00,2018-10-22,1061
2609,Jason Evans,jason.evans2609@corp.com,Sales,Analyst,81535.00,2021-11-10,2049
2610,Laurence Pruitt,laurence.pruitt2610@corp.com,Legal,Engineer,161389.00,2020-08-22,96
2611,Erich Floyd,erich.floyd2611@corp.com,Engineering,Engineer,214559.00,2023-11-30,587
2612,Lena Aguilar,lena.aguilar2612@corp.com,HR,Consultant,176496.00,2016-11-07,2402
2613,Marlon Sawyer,marlon.sawyer2613@corp.com,Operations,Director,208607.00,2024-04-12,1143
2614,Darius Nicholson,darius.nicholson2614@corp.com,Sales,Specialist,88262.00,2022-08-21,2029
2615,Daniel Lee,daniel.lee2615@corp.com,Legal,Manager,84502.00,2023-04-01,1566
2616,Lillian Berry,lillian.berry2616@corp.com,R&D,Director,126458.00,2019-02-02,1468
2617,Lillie Castaneda,lillie.castaneda2617@corp.com,Finance,Director,216252.00,2023-05-06,1887
2618,Etta Rosales,etta.rosales2618@corp.com,Operations,Coordinator,212909.00,2021-01-22,460
2619,Zachary Romero,zachary.romero2619@corp.com,Finance,Analyst,53709.00,2025-04-04,1831
2620,Juan Elliott,juan.elliott2620@corp.com,IT,Director,54336.00,2018-05-28,2330
2621,Mona Bender,mona.bender2621@corp.com,R&D,Specialist,121469.00,2019-06-10,670
2622,Lottie Duffy,lottie.duffy2622@corp.com,Finance,Coordinator,108054.00,2025-12-19,170
2623,Kurt Fischer,kurt.fischer2623@corp.com,Engineering,Senior Engineer,241035.00,2016-11-17,2383
2624,Julia Ruiz,julia.ruiz2624@corp.com,Customer Success,Analyst,53242.00,2026-01-15,1853
2625,Chase Fernandez,chase.fernandez2625@corp.com,Operations,Analyst,87435.00,2024-10-24,657
2626,Kerry Donovan,kerry.donovan2626@corp.com,HR,VP,146980.00,2024-04-27,1533
2627,Adam Coleman,adam.coleman2627@corp.com,Operations,Senior Engineer,209382.00,2022-06-27,1456
2628,Corinne Tyler,corinne.tyler2628@corp.com,Engineering,Senior Engineer,99382.00,2018-12-20,217
2629,Patrick Price,patrick.price2629@corp.com,Finance,Engineer,72705.00,2019-12-22,387
2630,Dwayne Conway,dwayne.conway2630@corp.com,Legal,Coordinator,130630.00,2024-02-23,319
2631,Gustavo Pitts,gustavo.pitts2631@corp.com,IT,Architect,91629.00,2018-03-30,716
2632,Donnie Sharp,donnie.sharp2632@corp.com,Sales,Senior Engineer,49903.00,2018-06-28,2293
2633,Essie Orr,essie.orr2633@corp.com,Finance,VP,161561.00,2018-05-26,468
2634,Dante Herman,dante.herman2634@corp.com,Sales,Senior Engineer,61657.00,2023-10-30,729
2635,Alberta York,alberta.york2635@corp.com,R&D,Senior Engineer,222706.00,2018-09-03,1516
2636,Jean McDonald,jean.mcdonald2636@corp.com,R&D,Director,188270.00,2024-03-14,942
2637,Orlando Herman,orlando.herman2637@corp.com,Engineering,Consultant,248270.00,2021-04-18,1719
2638,Roderick Compton,roderick.compton2638@corp.com,Finance,VP,108793.00,2020-06-22,680
2639,Pablo Lynn,pablo.lynn2639@corp.com,IT,Specialist,121274.00,2022-05-13,1406
2640,Lucile Sheppard,lucile.sheppard2640@corp.com,HR,Consultant,79292.00,2024-06-06,2497
2641,Orlando Herman,orlando.herman2641@corp.com,Sales,Analyst,117039.00,2020-04-18,2618
2642,Fabian Joseph,fabian.joseph2642@corp.com,Finance,Manager,141877.00,2017-05-14,1085
2643,Patricia Davis,patricia.davis2643@corp.com,Engineering,Senior Engineer,136980.00,2020-09-24,2440
2644,Jennie Salinas,jennie.salinas2644@corp.com,R&D,Coordinator,84845.00,2025-07-22,1127
2645,Ollie Barton,ollie.barton2645@corp.com,Engineering,VP,185805.00,2023-05-21,1917
2646,Sergio Mcgee,sergio.mcgee2646@corp.com,Legal,Specialist,181872.00,2019-12-01,286
2647,Rashad Villarreal,rashad.villarreal2647@corp.com,Customer Success,VP,197474.00,2026-06-21,1612
2648,Claude Blackburn,claude.blackburn2648@corp.com,Sales,VP,222091.00,2022-03-05,605
2649,Marlin Fuentes,marlin.fuentes2649@corp.com,Operations,Architect,220325.00,2025-02-25,1464
2650,Nola Rosales,nola.rosales2650@corp.com,Finance,Engineer,200423.00,2018-07-06,721
2651,Carlos Graves,carlos.graves2651@corp.com,HR,Director,130369.00,2018-03-28,300
2652,Mamie Rollins,mamie.rollins2652@corp.com,IT,Architect,126703.00,2018-01-24,20
2653,Johnnie Boyer,johnnie.boyer2653@corp.com,R&D,Architect,210187.00,2020-04-08,1750
2654,Lynette Donaldson,lynette.donaldson2654@corp.com,R&D,Specialist,128834.00,2019-11-16,1950
2655,Derek Bishop,derek.bishop2655@corp.com,Legal,Specialist,172080.00,2023-04-05,1299
2656,Brenda Cooper,brenda.cooper2656@corp.com,Engineering,Specialist,101319.00,2021-03-02,116
2657,Mildred Snyder,mildred.snyder2657@corp.com,Sales,Specialist,133989.00,2018-10-06,487
2658,Willie Nichols,willie.nichols2658@corp.com,R&D,Specialist,173083.00,2024-07-01,1193
2659,Chelsea Oliver,chelsea.oliver2659@corp.com,Engineering,Engineer,53573.00,2019-01-22,2479
2660,Elvira Mclean,elvira.mclean2660@corp.com,Engineering,Architect,49341.00,2025-03-31,2603
2661,George Hall,george.hall2661@corp.com,Marketing,Specialist,147545.00,2018-09-08,871
2662,Jeff Bass,jeff.bass2662@corp.com,Operations,Manager,145785.00,2021-12-18,2463
2663,Lana Middleton,lana.middleton2663@corp.com,IT,Specialist,201501.00,2022-01-14,1048
2664,Robin Winters,robin.winters2664@corp.com,Operations,Engineer,210178.00,2024-06-30,606
2665,Bruce Perkins,bruce.perkins2665@corp.com,R&D,Senior Engineer,154165.00,2026-01-10,2451
2666,Clifton Blackburn,clifton.blackburn2666@corp.com,Sales,Director,143530.00,2026-01-09,56
2667,Fabian Joseph,fabian.joseph2667@corp.com,Operations,Coordinator,104154.00,2025-09-22,2523
2668,Shelia Horn,shelia.horn2668@corp.com,IT,Coordinator,174091.00,2018-02-27,2571
2669,Earnest Barber,earnest.barber2669@corp.com,Customer Success,Coordinator,213842.00,2018-10-01,1482
2670,Virginia Russell,virginia.russell2670@corp.com,Engineering,Architect,231386.00,2025-12-13,407
2671,Alma Hutchinson,alma.hutchinson2671@corp.com,Finance,Analyst,187056.00,2022-12-14,1578
2672,Marie Watkins,marie.watkins2672@corp.com,Sales,VP,180161.00,2023-12-09,2354
2673,Johnnie Valencia,johnnie.valencia2673@corp.com,R&D,Analyst,200893.00,2018-09-25,1884
2674,Teresa Alexander,teresa.alexander2674@corp.com,Finance,Specialist,196002.00,2026-05-26,2023
2675,Margaret Sanchez,margaret.sanchez2675@corp.com,Operations,Director,103880.00,2025-09-30,474
2676,Miriam Berg,miriam.berg2676@corp.com,Sales,Specialist,222504.00,2016-11-24,2165
2677,Lynnette Donaldson,lynnette.donaldson2677@corp.com,Customer Success,Manager,158874.00,2022-10-29,2282
2678,Forrest Brandt,forrest.brandt2678@corp.com,R&D,Architect,175069.00,2016-12-06,598
2679,Minnie Cisneros,minnie.cisneros2679@corp.com,Finance,Senior Engineer,65962.00,2024-07-12,182
2680,Keith Ferguson,keith.ferguson2680@corp.com,Marketing,Consultant,206948.00,2022-05-20,1705
2681,Lamar Rubio,lamar.rubio2681@corp.com,Operations,Manager,96941.00,2017-06-12,141
2682,Kirk Hurst,kirk.hurst2682@corp.com,Engineering,Analyst,175099.00,2018-07-26,439
2683,Dolores Pena,dolores.pena2683@corp.com,HR,Coordinator,105052.00,2021-08-29,891
2684,Tammy Franklin,tammy.franklin2684@corp.com,Operations,Senior Engineer,102816.00,2022-11-21,2447
2685,Leila Roth,leila.roth2685@corp.com,Operations,Specialist,245171.00,2020-03-20,842
2686,Pat Moran,pat.moran2686@corp.com,HR,Coordinator,140889.00,2017-05-16,2080
2687,Laurence Pruitt,laurence.pruitt2687@corp.com,Customer Success,Architect,191016.00,2018-08-14,1878
2688,Connie Gross,connie.gross2688@corp.com,Operations,Manager,248853.00,2020-01-15,1957
2689,Kayla Cunningham,kayla.cunningham2689@corp.com,IT,Analyst,77231.00,2018-01-21,1799
2690,Dixie Potter,dixie.potter2690@corp.com,Operations,Manager,165906.00,2024-08-11,239
2691,Wallace Roy,wallace.roy2691@corp.com,Finance,Director,88545.00,2022-10-19,885
2692,Nannie Roth,nannie.roth2692@corp.com,R&D,Director,80092.00,2016-09-13,1781
2693,Daron Hess,daron.hess2693@corp.com,HR,Architect,60071.00,2016-09-11,692
2694,Patrick Price,patrick.price2694@corp.com,HR,Analyst,215901.00,2017-09-15,1350
2695,Jean McDonald,jean.mcdonald2695@corp.com,Operations,Engineer,52860.00,2017-10-08,1081
2696,Edwin Donaldson,edwin.donaldson2696@corp.com,HR,Consultant,153694.00,2020-08-04,375
2697,Iris Farrell,iris.farrell2697@corp.com,Engineering,Senior Engineer,203040.00,2020-02-26,2387
2698,Luis Gutierrez,luis.gutierrez2698@corp.com,Operations,Director,63321.00,2018-10-16,18
2699,Dallas Frederick,dallas.frederick2699@corp.com,Legal,Analyst,105198.00,2016-11-13,1834
2700,Lourdes Shepard,lourdes.shepard2700@corp.com,Customer Success,Specialist,228279.00,2023-08-01,4
2701,Jerald Strong,jerald.strong2701@corp.com,Finance,Specialist,62682.00,2020-10-03,1679
2702,Hannah Graham,hannah.graham2702@corp.com,Marketing,Director,185101.00,2021-03-30,2087
2703,Lourdes Shepard,lourdes.shepard2703@corp.com,Legal,Coordinator,221924.00,2017-04-27,515
2704,Jeannie Krause,jeannie.krause2704@corp.com,Operations,Manager,229934.00,2020-12-23,969
2705,Faith Bender,faith.bender2705@corp.com,Marketing,Engineer,188189.00,2017-05-13,247
2706,George Hall,george.hall2706@corp.com,Engineering,Consultant,196694.00,2020-01-26,2500
2707,Joe Kim,joe.kim2707@corp.com,HR,Manager,215585.00,2020-04-28,1403
2708,Leola Olsen,leola.olsen2708@corp.com,HR,Director,153155.00,2021-07-14,1119
2709,Francis Brennan,francis.brennan2709@corp.com,Legal,VP,55977.00,2019-02-13,2531
2710,Clayton Hess,clayton.hess2710@corp.com,Finance,Consultant,237349.00,2017-08-09,2043
2711,Elena Lyons,elena.lyons2711@corp.com,Engineering,Engineer,232410.00,2019-09-06,890
2712,Juanita Krueger,juanita.krueger2712@corp.com,Legal,Director,191693.00,2023-11-06,811
2713,Calvin Ortega,calvin.ortega2713@corp.com,HR,Specialist,188862.00,2018-11-22,2191
2714,Ian Morrison,ian.morrison2714@corp.com,R&D,Director,62049.00,2019-09-21,1874
2715,Gretchen Barrera,gretchen.barrera2715@corp.com,Finance,Engineer,159427.00,2024-11-06,2455
2716,Alice Murray,alice.murray2716@corp.com,Engineering,Coordinator,143565.00,2020-11-09,161
2717,Julius Wilkins,julius.wilkins2717@corp.com,Marketing,Manager,85486.00,2020-12-15,619
2718,Thaddeus Conway,thaddeus.conway2718@corp.com,Marketing,Analyst,148818.00,2017-12-23,2313
2719,Grace Fox,grace.fox2719@corp.com,Sales,Director,109432.00,2024-05-22,943
2720,Jesse Knight,jesse.knight2720@corp.com,Engineering,Consultant,206514.00,2024-07-25,1166
2721,Gregory Chavez,gregory.chavez2721@corp.com,Legal,Architect,142139.00,2017-10-31,848
2722,Imogene Conley,imogene.conley2722@corp.com,Operations,Specialist,142503.00,2019-04-06,739
2723,Alex Banks,alex.banks2723@corp.com,Marketing,Consultant,64622.00,2022-02-11,2590
2724,Felix Whitehead,felix.whitehead2724@corp.com,R&D,Director,161762.00,2016-09-19,525
2725,Effie Hale,effie.hale2725@corp.com,R&D,VP,171064.00,2020-12-27,878
2726,Eddie Barber,eddie.barber2726@corp.com,Customer Success,Coordinator,187489.00,2023-10-24,2210
2727,Roslyn Browning,roslyn.browning2727@corp.com,Legal,Analyst,179975.00,2025-05-09,833
2728,Jose Sullivan,jose.sullivan2728@corp.com,Customer Success,VP,85220.00,2018-02-19,684
2729,Lela Montoya,lela.montoya2729@corp.com,R&D,Architect,180644.00,2025-07-05,1697
2730,Brittany Arnold,brittany.arnold2730@corp.com,Engineering,Architect,82784.00,2026-04-11,2362
2731,Christine Wood,christine.wood2731@corp.com,IT,Engineer,189737.00,2024-07-06,549
2732,Martin Sharp,martin.sharp2732@corp.com,Sales,Coordinator,98461.00,2017-09-28,833
2733,Andrew Wright,andrew.wright2733@corp.com,Sales,Senior Engineer,110927.00,2025-06-24,1902
2734,Daryl Larsen,daryl.larsen2734@corp.com,HR,Specialist,117825.00,2017-02-24,503
2735,Mamie Rollins,mamie.rollins2735@corp.com,IT,VP,68938.00,2023-06-25,2623
2736,Neil Gallagher,neil.gallagher2736@corp.com,IT,VP,177333.00,2021-01-06,2321
2737,Lori Marshall,lori.marshall2737@corp.com,Engineering,Architect,219663.00,2020-10-18,484
2738,Rashad Villarreal,rashad.villarreal2738@corp.com,R&D,Specialist,240996.00,2016-09-18,2455
2739,Fannie Hutchinson,fannie.hutchinson2739@corp.com,Engineering,Senior Engineer,64377.00,2024-01-20,1355
2740,Raul Morse,raul.morse2740@corp.com,Customer Success,Engineer,70761.00,2024-10-03,2367
2741,Megan Simmons,megan.simmons2741@corp.com,Customer Success,Engineer,119997.00,2026-02-22,1492
2742,Dewey Villarreal,dewey.villarreal2742@corp.com,Marketing,Consultant,179033.00,2016-09-01,2556
2743,Rolland Buck,rolland.buck2743@corp.com,Legal,Analyst,183052.00,2025-04-16,1399
2744,Sal Larsen,sal.larsen2744@corp.com,Engineering,Specialist,117858.00,2024-05-23,1436
2745,Diana Watkins,diana.watkins2745@corp.com,IT,Coordinator,175748.00,2024-11-11,238
2746,Nadine Grimes,nadine.grimes2746@corp.com,Sales,Senior Engineer,87585.00,2018-06-25,1809
2747,Bruce Perkins,bruce.perkins2747@corp.com,IT,Analyst,228696.00,2018-09-01,2198
2748,Lyle Ware,lyle.ware2748@corp.com,R&D,Specialist,213318.00,2024-05-11,232
2749,Orlando Herman,orlando.herman2749@corp.com,Finance,Engineer,121410.00,2018-03-24,2479
2750,Jennie Salinas,jennie.salinas2750@corp.com,Marketing,Specialist,231643.00,2022-10-08,418
2751,Rodolfo Gallagher,rodolfo.gallagher2751@corp.com,Legal,Manager,111025.00,2018-06-07,1585
2752,Darnell Merritt,darnell.merritt2752@corp.com,Operations,Consultant,198344.00,2021-05-23,645
2753,Janice West,janice.west2753@corp.com,Engineering,Coordinator,118053.00,2024-09-18,2380
2754,Julia Ruiz,julia.ruiz2754@corp.com,Customer Success,Architect,111324.00,2025-07-30,2269
2755,Donald Lewis,donald.lewis2755@corp.com,Legal,Specialist,107930.00,2016-12-07,2597
2756,Roslyn Browning,roslyn.browning2756@corp.com,Legal,Manager,86430.00,2026-05-09,1726
2757,Dante Herman,dante.herman2757@corp.com,Operations,VP,215184.00,2021-10-02,1425
2758,Dixie Potter,dixie.potter2758@corp.com,Legal,Director,137951.00,2020-04-08,1612
2759,Christina Ellis,christina.ellis2759@corp.com,R&D,Senior Engineer,151841.00,2018-03-01,2313
2760,Micheal Mcgee,micheal.mcgee2760@corp.com,Operations,Manager,81911.00,2016-12-26,1888
2761,Nathan Gonzales,nathan.gonzales2761@corp.com,Marketing,Senior Engineer,202577.00,2026-03-18,1182
2762,Maria Garcia,maria.garcia2762@corp.com,Marketing,VP,231022.00,2017-10-30,36
2763,Stephen Morgan,stephen.morgan2763@corp.com,Engineering,Director,207623.00,2022-10-31,1220
2764,Joe Kim,joe.kim2764@corp.com,R&D,VP,220430.00,2018-12-01,536
2765,Cynthia Edwards,cynthia.edwards2765@corp.com,Marketing,Architect,150016.00,2016-10-06,1136
2766,Gwendolyn Valdez,gwendolyn.valdez2766@corp.com,Operations,Consultant,234295.00,2020-11-03,212
2767,Olga Mora,olga.mora2767@corp.com,Finance,Coordinator,190591.00,2024-11-21,1613
2768,Erich Floyd,erich.floyd2768@corp.com,Marketing,Architect,63702.00,2023-09-19,2316
2769,Marie Watkins,marie.watkins2769@corp.com,Marketing,Specialist,183960.00,2019-12-02,1686
2770,Darlene Soto,darlene.soto2770@corp.com,Operations,VP,50087.00,2024-06-02,684
2771,Arlene Moon,arlene.moon2771@corp.com,Sales,Specialist,89407.00,2018-07-05,1894
2772,Maureen Fields,maureen.fields2772@corp.com,Customer Success,Analyst,95708.00,2025-12-13,2748
2773,Moshe Stein,moshe.stein2773@corp.com,Finance,Architect,140580.00,2022-10-01,2563
2774,Dewayne Solis,dewayne.solis2774@corp.com,Sales,Analyst,225027.00,2019-01-24,642
2775,Candy Wolf,candy.wolf2775@corp.com,Legal,Specialist,214492.00,2018-03-01,1060
2776,Rashad Villarreal,rashad.villarreal2776@corp.com,Finance,Engineer,147858.00,2017-01-22,2516
2777,Bret Hays,bret.hays2777@corp.com,IT,Specialist,135227.00,2016-08-20,809
2778,James Smith,james.smith2778@corp.com,Operations,Manager,177719.00,2022-03-20,37
2779,Dante Wilcox,dante.wilcox2779@corp.com,Engineering,VP,135571.00,2020-08-26,1602
2780,Nannie Roth,nannie.roth2780@corp.com,IT,VP,167769.00,2025-08-03,831
2781,Erich Floyd,erich.floyd2781@corp.com,R&D,Analyst,192724.00,2021-06-09,1257
2782,Omar Booth,omar.booth2782@corp.com,Engineering,VP,141612.00,2022-12-03,482
2783,Rex Booker,rex.booker2783@corp.com,HR,Engineer,124726.00,2026-01-04,2324
2784,Ryan Cruz,ryan.cruz2784@corp.com,Customer Success,Senior Engineer,128653.00,2021-01-08,1445
2785,Darnell Sharp,darnell.sharp2785@corp.com,Sales,Architect,61667.00,2019-01-03,679
2786,Celia Franco,celia.franco2786@corp.com,Legal,VP,70334.00,2017-11-11,271
2787,Ricardo Buck,ricardo.buck2787@corp.com,Legal,Consultant,46567.00,2024-08-23,752
2788,Naomi Middleton,naomi.middleton2788@corp.com,IT,Manager,236870.00,2021-03-09,1780
2789,Stacey Wolf,stacey.wolf2789@corp.com,R&D,Manager,183548.00,2022-11-22,432
2790,Aurora Andersen,aurora.andersen2790@corp.com,R&D,Manager,47471.00,2025-02-20,1470
2791,Grant Sutton,grant.sutton2791@corp.com,R&D,VP,67274.00,2020-04-13,60
2792,Myra Horne,myra.horne2792@corp.com,Legal,Consultant,49239.00,2018-09-04,2504
2793,Amanda Baker,amanda.baker2793@corp.com,Customer Success,Engineer,55938.00,2021-06-29,492
2794,Miriam Berg,miriam.berg2794@corp.com,Sales,Coordinator,153379.00,2021-02-13,2200
2795,Moshe Stein,moshe.stein2795@corp.com,Finance,Analyst,202946.00,2025-08-30,611
2796,Billy Hawkins,billy.hawkins2796@corp.com,Customer Success,Director,143136.00,2016-12-15,416
2797,Lorenzo Munoz,lorenzo.munoz2797@corp.com,Finance,Analyst,70186.00,2024-01-27,623
2798,Rene Booker,rene.booker2798@corp.com,Marketing,Senior Engineer,241881.00,2018-09-29,1151
2799,Alan Castillo,alan.castillo2799@corp.com,Marketing,Senior Engineer,63910.00,2021-06-28,1824
2800,Faith Bender,faith.bender2800@corp.com,HR,Director,213086.00,2018-05-05,1892
2801,Angelo Pacheco,angelo.pacheco2801@corp.com,Customer Success,VP,57959.00,2023-03-16,1297
2802,Madonna Wiggins,madonna.wiggins2802@corp.com,Marketing,Specialist,64715.00,2026-04-09,2389
2803,Evelyn Fisher,evelyn.fisher2803@corp.com,IT,Specialist,155307.00,2021-02-20,77
2804,Kenneth Hill,kenneth.hill2804@corp.com,Finance,Director,196683.00,2019-06-26,2633
2805,Angela Murphy,angela.murphy2805@corp.com,HR,Architect,148118.00,2022-10-23,707
2806,Rene Booker,rene.booker2806@corp.com,Legal,Director,92081.00,2017-12-21,2184
2807,Anna Sherman,anna.sherman2807@corp.com,IT,Analyst,232037.00,2021-08-11,2503
2808,Madelyn Wiggins,madelyn.wiggins2808@corp.com,Sales,Consultant,106748.00,2024-10-06,750
2809,Dino Decker,dino.decker2809@corp.com,IT,Coordinator,91032.00,2022-05-18,886
2810,Mariah Jimenez,mariah.jimenez2810@corp.com,IT,Engineer,102644.00,2017-04-03,2257
2811,Shelby Novak,shelby.novak2811@corp.com,IT,Analyst,56357.00,2024-09-04,181
2812,Billy Hawkins,billy.hawkins2812@corp.com,Marketing,Manager,75768.00,2018-03-27,263
2813,Derek Bishop,derek.bishop2813@corp.com,Legal,Senior Engineer,149327.00,2019-03-25,744
2814,Moses Stein,moses.stein2814@corp.com,Customer Success,Senior Engineer,54736.00,2021-04-20,1477
2815,Lloyd Decker,lloyd.decker2815@corp.com,Finance,VP,187546.00,2024-02-25,1661
2816,Erich Floyd,erich.floyd2816@corp.com,Sales,Senior Engineer,236511.00,2022-03-11,1029
2817,Bennie Duffy,bennie.duffy2817@corp.com,Marketing,Manager,92372.00,2022-04-18,2413
2818,Eddie Barber,eddie.barber2818@corp.com,Legal,Manager,73940.00,2025-09-28,1435
2819,Noah Hart,noah.hart2819@corp.com,Engineering,Engineer,164704.00,2019-06-03,2333
2820,Benjamin Ward,benjamin.ward2820@corp.com,HR,Architect,205561.00,2024-05-03,1960
2821,Henry Perry,henry.perry2821@corp.com,Operations,Architect,173592.00,2024-02-24,2251
2822,Lynne Hale,lynne.hale2822@corp.com,Operations,Analyst,133959.00,2025-07-28,968
2823,Martha Dunn,martha.dunn2823@corp.com,Customer Success,Engineer,100463.00,2017-12-19,973
2824,Salvador Larsen,salvador.larsen2824@corp.com,Operations,Coordinator,165294.00,2023-05-01,2327
2825,Raymond Ruiz,raymond.ruiz2825@corp.com,Marketing,Specialist,179857.00,2017-03-21,1537
2826,Dorian Serrano,dorian.serrano2826@corp.com,Customer Success,Specialist,80862.00,2022-06-28,2119
2827,Terry Ford,terry.ford2827@corp.com,HR,VP,192969.00,2018-08-04,18
2828,Shawn Tate,shawn.tate2828@corp.com,Marketing,Manager,178240.00,2021-12-15,2094
2829,Alma Hutchinson,alma.hutchinson2829@corp.com,Marketing,VP,112360.00,2020-05-02,2005
2830,Leigh Leach,leigh.leach2830@corp.com,Customer Success,Senior Engineer,54219.00,2016-11-03,1117
2831,Antonia Brennan,antonia.brennan2831@corp.com,Customer Success,Senior Engineer,88096.00,2019-09-03,542
2832,Iris Farrell,iris.farrell2832@corp.com,IT,Engineer,236621.00,2024-02-13,1383
2833,Teri Valencia,teri.valencia2833@corp.com,IT,Manager,216856.00,2022-08-31,1890
2834,Alex Banks,alex.banks2834@corp.com,Sales,Coordinator,194221.00,2024-07-29,1286
2835,Byron Madden,byron.madden2835@corp.com,IT,Consultant,99387.00,2023-06-10,1785
2836,Caleb Riley,caleb.riley2836@corp.com,IT,Specialist,56609.00,2019-02-02,840
2837,Theresa Gardner,theresa.gardner2837@corp.com,Sales,Architect,214559.00,2018-01-06,1329
2838,Bonnie Hale,bonnie.hale2838@corp.com,R&D,Architect,110447.00,2019-03-03,2338
2839,Gavin Peters,gavin.peters2839@corp.com,R&D,Analyst,84567.00,2025-09-12,785
2840,Connie Gross,connie.gross2840@corp.com,Marketing,Analyst,87014.00,2024-07-09,2836
2841,Elva Roach,elva.roach2841@corp.com,IT,Analyst,131511.00,2019-01-25,1498
2842,Shawn Tate,shawn.tate2842@corp.com,HR,VP,144205.00,2023-12-08,970
2843,Matthew Thompson,matthew.thompson2843@corp.com,Marketing,Director,137134.00,2022-11-22,167
2844,Cora Mcmahon,cora.mcmahon2844@corp.com,Operations,Coordinator,128764.00,2025-03-22,1142
2845,Lamont Velez,lamont.velez2845@corp.com,R&D,Specialist,192405.00,2020-11-11,434
2846,Donnie Sharp,donnie.sharp2846@corp.com,Marketing,Senior Engineer,243594.00,2018-12-02,165
2847,Agnes Farrell,agnes.farrell2847@corp.com,Customer Success,Specialist,136385.00,2023-12-26,964
2848,Bonnie Hale,bonnie.hale2848@corp.com,Legal,Senior Engineer,90449.00,2023-12-15,821
2849,Darius Bullock,darius.bullock2849@corp.com,IT,Specialist,142196.00,2018-03-26,534
2850,Alex Banks,alex.banks2850@corp.com,HR,VP,180562.00,2020-10-25,1647
2851,Cecilia Brock,cecilia.brock2851@corp.com,Operations,Manager,78735.00,2024-09-26,1785
2852,Mario Strong,mario.strong2852@corp.com,Customer Success,Manager,161259.00,2022-04-15,1575
2853,Marcia Jennings,marcia.jennings2853@corp.com,Operations,Director,244323.00,2020-04-02,1254
2854,Cole Bennett,cole.bennett2854@corp.com,Operations,VP,237998.00,2016-07-25,1535
2855,Jonathan Gutierrez,jonathan.gutierrez2855@corp.com,Sales,Architect,125324.00,2024-07-16,497
2856,Annie Carroll,annie.carroll2856@corp.com,Customer Success,Engineer,125066.00,2020-03-09,1965
2857,Denise Grant,denise.grant2857@corp.com,Finance,Consultant,249102.00,2017-02-17,1175
2858,Claudia Kinney,claudia.kinney2858@corp.com,Sales,Specialist,72708.00,2018-05-30,2138
2859,Jose Sullivan,jose.sullivan2859@corp.com,Marketing,Director,78954.00,2019-12-31,2811
2860,Connie Gross,connie.gross2860@corp.com,Operations,Manager,160934.00,2023-06-25,2150
2861,Elvira Salinas,elvira.salinas2861@corp.com,Customer Success,Manager,138376.00,2018-02-11,1997
2862,Leticia Klein,leticia.klein2862@corp.com,Customer Success,Manager,81088.00,2024-11-21,1906
2863,Dante Wilcox,dante.wilcox2863@corp.com,Marketing,Architect,87782.00,2017-12-13,596
2864,Clark Doyle,clark.doyle2864@corp.com,Marketing,Senior Engineer,124111.00,2016-10-26,636
2865,Denise Grant,denise.grant2865@corp.com,Legal,Architect,100548.00,2026-02-17,1493
2866,Lorene Vaughan,lorene.vaughan2866@corp.com,Operations,Analyst,211327.00,2024-09-17,904
2867,Susan Lopez,susan.lopez2867@corp.com,Engineering,Manager,113879.00,2024-05-10,2742
2868,Bettie Berg,bettie.berg2868@corp.com,Sales,Manager,200364.00,2023-10-29,1060
2869,Javier Solis,javier.solis2869@corp.com,Operations,Coordinator,98873.00,2024-02-04,238
2870,Darin Pena,darin.pena2870@corp.com,Marketing,Director,219185.00,2018-12-05,235
2871,Steven Walker,steven.walker2871@corp.com,HR,Analyst,88462.00,2020-11-18,1043
2872,Leland Berg,leland.berg2872@corp.com,Legal,Specialist,118519.00,2023-01-09,217
2873,Amy Morris,amy.morris2873@corp.com,HR,Engineer,122748.00,2018-02-10,2003
2874,Martha Dunn,martha.dunn2874@corp.com,Operations,Engineer,195999.00,2018-03-23,95
2875,Albert West,albert.west2875@corp.com,Finance,Analyst,138916.00,2018-06-06,2446
2876,Etta Rosales,etta.rosales2876@corp.com,Customer Success,Architect,118241.00,2022-06-11,427
2877,Jenny Hardin,jenny.hardin2877@corp.com,Operations,Senior Engineer,205840.00,2021-05-30,122
2878,Sarah Thomas,sarah.thomas2878@corp.com,Sales,VP,105230.00,2023-08-18,2078
2879,Rashad Velez,rashad.velez2879@corp.com,Engineering,Engineer,233261.00,2018-04-22,101
2880,Ross Stein,ross.stein2880@corp.com,Sales,Architect,216598.00,2020-05-18,1944
2881,Hector Fuentes,hector.fuentes2881@corp.com,Customer Success,Consultant,117313.00,2021-10-19,1590
2882,Corinne Tyler,corinne.tyler2882@corp.com,Customer Success,Director,208264.00,2019-06-25,690
2883,Leonard Wade,leonard.wade2883@corp.com,Operations,VP,209199.00,2020-06-14,2753
2884,Colin Bowers,colin.bowers2884@corp.com,Legal,Director,233096.00,2025-12-12,2311
2885,Clifford Doyle,clifford.doyle2885@corp.com,Marketing,Manager,211617.00,2025-08-23,18
2886,Maureen Fields,maureen.fields2886@corp.com,Marketing,Engineer,108316.00,2026-01-17,934
2887,Timothy Gomez,timothy.gomez2887@corp.com,Operations,Director,124875.00,2017-04-13,1432
2888,Teresa Alexander,teresa.alexander2888@corp.com,Finance,Coordinator,249182.00,2018-05-09,200
2889,Lanny Rubio,lanny.rubio2889@corp.com,IT,Consultant,136106.00,2020-06-01,1754
2890,Lawrence Owens,lawrence.owens2890@corp.com,Finance,Coordinator,181422.00,2025-05-04,138
2891,Yolanda Roth,yolanda.roth2891@corp.com,Marketing,Coordinator,49856.00,2017-01-27,1011
2892,Ralph Olson,ralph.olson2892@corp.com,Sales,Specialist,223600.00,2020-08-26,664
2893,Aileen Lindsey,aileen.lindsey2893@corp.com,Engineering,Coordinator,81692.00,2019-10-16,1087
2894,Leo Velasquez,leo.velasquez2894@corp.com,Engineering,Senior Engineer,248386.00,2026-05-13,1243
2895,Lynne Hale,lynne.hale2895@corp.com,Sales,Architect,193703.00,2017-01-07,355
2896,Gloria Jordan,gloria.jordan2896@corp.com,R&D,Analyst,213462.00,2020-09-25,1089
2897,Mildred Snyder,mildred.snyder2897@corp.com,Customer Success,Engineer,192685.00,2021-09-22,128
2898,Lillian Berry,lillian.berry2898@corp.com,Operations,Engineer,92470.00,2024-12-30,631
2899,Ollie Barton,ollie.barton2899@corp.com,HR,Engineer,55928.00,2023-06-17,2172
2900,Andre Hampton,andre.hampton2900@corp.com,Operations,Senior Engineer,74548.00,2020-01-16,1570
2901,Cathy Hobbs,cathy.hobbs2901@corp.com,Legal,VP,146369.00,2023-10-31,2480
2902,Fannie Hutchinson,fannie.hutchinson2902@corp.com,Finance,Director,226220.00,2025-08-03,881
2903,Don Morse,don.morse2903@corp.com,HR,Architect,81436.00,2022-07-05,360
2904,Stephen Morgan,stephen.morgan2904@corp.com,Legal,Specialist,172054.00,2017-10-10,1772
2905,Henry Perry,henry.perry2905@corp.com,Marketing,Manager,112923.00,2024-12-27,1156
2906,Rex Booker,rex.booker2906@corp.com,Finance,VP,234165.00,2019-06-17,2337
2907,Marcie Franco,marcie.franco2907@corp.com,Engineering,Manager,82891.00,2024-01-08,142
2908,Shelia Horn,shelia.horn2908@corp.com,R&D,Architect,101021.00,2025-12-15,1585
2909,Graham Pitts,graham.pitts2909@corp.com,Finance,Engineer,59144.00,2022-04-02,1417
2910,Stella Delgado,stella.delgado2910@corp.com,Marketing,Manager,215636.00,2017-04-13,1302
2911,Clement Hood,clement.hood2911@corp.com,Engineering,Architect,49502.00,2016-08-20,2196
2912,Jackie Higgins,jackie.higgins2912@corp.com,R&D,VP,118767.00,2024-06-11,1631
2913,Darin Pena,darin.pena2913@corp.com,Engineering,Director,66525.00,2021-08-22,746
2914,Elena Lyons,elena.lyons2914@corp.com,Sales,Specialist,191822.00,2024-09-19,1762
2915,Ronald Carter,ronald.carter2915@corp.com,R&D,Consultant,101200.00,2019-07-21,1830
2916,Colleen Russell,colleen.russell2916@corp.com,Marketing,Coordinator,195982.00,2021-12-30,2126
2917,Nettie Buckner,nettie.buckner2917@corp.com,Legal,VP,64654.00,2023-06-07,1666
2918,Roy Ray,roy.ray2918@corp.com,Sales,VP,141903.00,2021-03-13,1693
2919,Alonzo Parrish,alonzo.parrish2919@corp.com,Engineering,Specialist,184691.00,2018-10-09,910
2920,Janelle Castaneda,janelle.castaneda2920@corp.com,Marketing,Senior Engineer,93777.00,2017-09-23,874
2921,Gary Stewart,gary.stewart2921@corp.com,Finance,Coordinator,178568.00,2023-10-05,1169
2922,Wayne Wagner,wayne.wagner2922@corp.com,Legal,Consultant,245153.00,2022-12-15,2469
2923,Iris Farrell,iris.farrell2923@corp.com,HR,Engineer,76348.00,2017-01-20,2648
2924,Elvira Mclean,elvira.mclean2924@corp.com,Legal,Senior Engineer,207666.00,2017-07-08,2255
2925,Dick Decker,dick.decker2925@corp.com,Finance,Analyst,242443.00,2024-10-05,1450
2926,Alan Pierce,alan.pierce2926@corp.com,Engineering,Senior Engineer,231371.00,2021-11-13,641
2927,Lorene Vaughan,lorene.vaughan2927@corp.com,R&D,Senior Engineer,133181.00,2019-03-20,2781
2928,Linda Jones,linda.jones2928@corp.com,Marketing,Specialist,217982.00,2017-04-06,961
2929,Elijah Andrews,elijah.andrews2929@corp.com,Marketing,VP,196443.00,2018-10-11,989
2930,Susan Lopez,susan.lopez2930@corp.com,Sales,Architect,182868.00,2020-09-08,526
2931,Mildred Snyder,mildred.snyder2931@corp.com,HR,Senior Engineer,55499.00,2023-08-29,496
2932,Blake Harvey,blake.harvey2932@corp.com,Sales,Architect,181875.00,2017-09-23,133
2933,Justin Reed,justin.reed2933@corp.com,Operations,Specialist,150933.00,2018-12-13,2120
2934,Max Castro,max.castro2934@corp.com,Finance,Specialist,147660.00,2021-12-01,2750
2935,Joanna Floyd,joanna.floyd2935@corp.com,Marketing,Architect,151530.00,2023-01-04,1234
2936,Alan Castillo,alan.castillo2936@corp.com,Operations,Consultant,226077.00,2022-03-18,928
2937,Curt Macdonald,curt.macdonald2937@corp.com,Sales,Manager,163362.00,2025-08-05,1874
2938,Opal Gould,opal.gould2938@corp.com,Finance,VP,77496.00,2018-10-05,479
2939,Henry Perry,henry.perry2939@corp.com,Finance,Coordinator,247028.00,2018-02-25,2150
2940,Fernando Glass,fernando.glass2940@corp.com,HR,VP,124219.00,2021-07-21,1019
2941,Gary Stewart,gary.stewart2941@corp.com,R&D,VP,129873.00,2024-12-10,1742
2942,Donovan Morse,donovan.morse2942@corp.com,IT,Manager,96643.00,2016-12-04,2615
2943,Wesley Todd,wesley.todd2943@corp.com,Finance,Analyst,237052.00,2026-03-30,2287
2944,Charles Taylor,charles.taylor2944@corp.com,HR,Senior Engineer,110885.00,2021-05-16,539
2945,Neil Gallagher,neil.gallagher2945@corp.com,R&D,Engineer,142331.00,2020-12-29,2050
2946,Gustavo Pitts,gustavo.pitts2946@corp.com,R&D,Engineer,204217.00,2024-07-18,2666
2947,Katherine Brooks,katherine.brooks2947@corp.com,IT,Director,159534.00,2024-06-15,408
2948,Rodolfo Gallagher,rodolfo.gallagher2948@corp.com,Engineering,Senior Engineer,184442.00,2022-02-22,2599
2949,Nora Andersen,nora.andersen2949@corp.com,Marketing,Analyst,141947.00,2019-01-03,1330
2950,Verna Krause,verna.krause2950@corp.com,Marketing,Consultant,212359.00,2018-12-26,1452
2951,Lenora Gillespie,lenora.gillespie2951@corp.com,Marketing,Coordinator,177400.00,2019-02-03,2083
2952,Fernando Glass,fernando.glass2952@corp.com,IT,Coordinator,134249.00,2025-10-01,686
2953,Rosalind Pena,rosalind.pena2953@corp.com,Marketing,Architect,122652.00,2019-05-30,528
2954,Cody Parsons,cody.parsons2954@corp.com,R&D,Specialist,148357.00,2022-03-09,1917
2955,Myra Horne,myra.horne2955@corp.com,Finance,Analyst,90172.00,2018-08-09,2724
2956,Angela Murphy,angela.murphy2956@corp.com,Marketing,Engineer,217240.00,2021-09-19,2786
2957,Theresa Gardner,theresa.gardner2957@corp.com,R&D,Architect,221489.00,2025-07-12,2879
2958,Judith Bryant,judith.bryant2958@corp.com,Engineering,VP,88608.00,2017-08-06,1126
2959,Raul Morse,raul.morse2959@corp.com,IT,Director,92466.00,2019-02-12,2341
2960,Tyler Foster,tyler.foster2960@corp.com,IT,Architect,191443.00,2022-08-18,2940
2961,Corinne Tyler,corinne.tyler2961@corp.com,IT,Coordinator,249411.00,2026-06-03,819
2962,Kevin Green,kevin.green2962@corp.com,IT,Coordinator,207901.00,2025-05-20,2478
2963,Roderick Compton,roderick.compton2963@corp.com,IT,VP,109276.00,2026-03-31,2651
2964,Elijah Andrews,elijah.andrews2964@corp.com,Engineering,Coordinator,203008.00,2018-07-28,1630
2965,Rex Baird,rex.baird2965@corp.com,IT,Consultant,53729.00,2020-01-05,457
2966,Sarah Thomas,sarah.thomas2966@corp.com,Sales,Manager,225654.00,2022-09-20,194
2967,Johnnie Hobbs,johnnie.hobbs2967@corp.com,IT,Specialist,196146.00,2025-10-17,7
2968,Dave Quinn,dave.quinn2968@corp.com,Sales,Specialist,61045.00,2024-12-07,2579
2969,Kathryn Hayes,kathryn.hayes2969@corp.com,Operations,Architect,134143.00,2021-09-20,31
2970,Jackie Higgins,jackie.higgins2970@corp.com,Finance,Manager,217718.00,2023-12-10,2543
2971,Mariah Jimenez,mariah.jimenez2971@corp.com,HR,Architect,166188.00,2020-04-05,1352
2972,Lanny Rubio,lanny.rubio2972@corp.com,Legal,VP,231727.00,2023-06-02,1006
2973,Lyman Ware,lyman.ware2973@corp.com,Marketing,Architect,180379.00,2019-01-17,2190
2974,Donovan Morse,donovan.morse2974@corp.com,Finance,Specialist,161045.00,2020-08-02,2697
2975,Colleen Russell,colleen.russell2975@corp.com,Marketing,Senior Engineer,154653.00,2018-12-01,1646
2976,Elvira Mclean,elvira.mclean2976@corp.com,Operations,Coordinator,243696.00,2016-10-31,644
2977,Lonnie Lindsey,lonnie.lindsey2977@corp.com,HR,Manager,176441.00,2023-11-04,1723
2978,Ernestine Gillespie,ernestine.gillespie2978@corp.com,Finance,Consultant,135139.00,2023-03-09,2671
2979,Frank James,frank.james2979@corp.com,Customer Success,Engineer,152038.00,2018-11-06,97
2980,Terrence Brennan,terrence.brennan2980@corp.com,Operations,Analyst,202875.00,2026-07-18,2043
2981,Judith Bryant,judith.bryant2981@corp.com,Legal,Senior Engineer,229672.00,2016-10-26,559
2982,Isaiah Lawson,isaiah.lawson2982@corp.com,Operations,Analyst,221777.00,2019-01-01,1400
2983,Lottie Duffy,lottie.duffy2983@corp.com,Customer Success,Director,95504.00,2017-04-18,2928
2984,Myra Horne,myra.horne2984@corp.com,Sales,Engineer,185061.00,2017-03-30,1919
2985,Cameron Montgomery,cameron.montgomery2985@corp.com,Customer Success,Director,68164.00,2021-08-16,2565
2986,Stephanie Roberts,stephanie.roberts2986@corp.com,Legal,Architect,156981.00,2017-09-02,1977
2987,Kirk Hurst,kirk.hurst2987@corp.com,Legal,Consultant,195199.00,2019-01-18,700
2988,Stacey Wolf,stacey.wolf2988@corp.com,Operations,Specialist,55944.00,2023-04-27,991
2989,Billy Hawkins,billy.hawkins2989@corp.com,R&D,Architect,140976.00,2018-01-23,2326
2990,Darin Pena,darin.pena2990@corp.com,Customer Success,Senior Engineer,69570.00,2024-10-01,2752
2991,Harold Reynolds,harold.reynolds2991@corp.com,Marketing,Coordinator,130356.00,2023-10-05,668
2992,Lillian Berry,lillian.berry2992@corp.com,Marketing,Architect,133592.00,2018-03-20,1512
2993,Omar Barton,omar.barton2993@corp.com,Finance,Coordinator,180070.00,2021-11-05,820
2994,Rafael Schneider,rafael.schneider2994@corp.com,Legal,Specialist,152111.00,2018-10-10,817
2995,Leola Olsen,leola.olsen2995@corp.com,Engineering,Analyst,213524.00,2023-11-06,827
2996,Dorothy Flores,dorothy.flores2996@corp.com,Marketing,Architect,45549.00,2020-01-05,1047
2997,Rocco Brennan,rocco.brennan2997@corp.com,Marketing,Director,122652.00,2020-12-03,2516
2998,Grant Sutton,grant.sutton2998@corp.com,Legal,Architect,51804.00,2021-12-25,2433
2999,Nathaniel Mckinney,nathaniel.mckinney2999@corp.com,Sales,Architect,124918.00,2019-11-26,1145
3000,Forrest Brandt,forrest.brandt3000@corp.com,Operations,Coordinator,141422.00,2023-09-04,789
3001,Myrtle Yates,myrtle.yates3001@corp.com,Sales,Consultant,99414.00,2020-09-16,295
3002,Ian Morrison,ian.morrison3002@corp.com,Sales,Coordinator,132931.00,2020-10-20,2748
3003,Dylan Bradley,dylan.bradley3003@corp.com,Finance,Architect,137359.00,2023-07-02,2331
3004,Marcella English,marcella.english3004@corp.com,IT,Manager,70846.00,2024-06-22,485
3005,Jerry Long,jerry.long3005@corp.com,R&D,Architect,73295.00,2024-04-14,2197
3006,Amy Morris,amy.morris3006@corp.com,Marketing,Manager,63085.00,2019-07-22,1149
3007,Brenda Cooper,brenda.cooper3007@corp.com,R&D,Consultant,67729.00,2023-02-13,1817
3008,Bryan Palmer,bryan.palmer3008@corp.com,HR,Specialist,214513.00,2019-12-20,597
3009,Richard Hernandez,richard.hernandez3009@corp.com,Legal,Engineer,56389.00,2025-10-31,541
3010,Mariah Jimenez,mariah.jimenez3010@corp.com,Engineering,Specialist,121577.00,2025-07-21,1007
3011,Dwayne Conway,dwayne.conway3011@corp.com,Marketing,Coordinator,124508.00,2016-09-17,1712
3012,Dante Herman,dante.herman3012@corp.com,Engineering,Analyst,56086.00,2017-09-04,140
3013,Catherine Hughes,catherine.hughes3013@corp.com,Finance,Analyst,147378.00,2022-02-07,1081
3014,Willard Vinson,willard.vinson3014@corp.com,Operations,Specialist,59804.00,2022-03-04,947
3015,Lucia Mclean,lucia.mclean3015@corp.com,Marketing,VP,104523.00,2024-05-16,1526
3016,Madelyn Wiggins,madelyn.wiggins3016@corp.com,Engineering,Manager,86141.00,2019-02-08,2141
3017,Hector Lambert,hector.lambert3017@corp.com,R&D,Manager,77650.00,2019-11-05,44
3018,Rebecca Phillips,rebecca.phillips3018@corp.com,Customer Success,Architect,222686.00,2017-03-03,41
3019,Cole Bennett,cole.bennett3019@corp.com,Marketing,Specialist,154892.00,2018-02-21,703
3020,Chase Fernandez,chase.fernandez3020@corp.com,Legal,Director,130409.00,2026-01-31,2602
3021,Ollie Paul,ollie.paul3021@corp.com,IT,Analyst,152193.00,2018-02-23,1368
3022,Lenora Gillespie,lenora.gillespie3022@corp.com,R&D,Analyst,176666.00,2024-12-26,1470
3023,Leland Berg,leland.berg3023@corp.com,HR,Manager,92563.00,2026-01-16,398
3024,Andrew Wright,andrew.wright3024@corp.com,Marketing,Architect,223609.00,2024-07-02,2081
3025,Jaime Booker,jaime.booker3025@corp.com,R&D,Specialist,48777.00,2026-02-11,1316
3026,Megan Simmons,megan.simmons3026@corp.com,Sales,Specialist,229297.00,2023-01-04,1598
3027,Leila Roth,leila.roth3027@corp.com,Engineering,Manager,183961.00,2022-09-23,830
3028,Clark Doyle,clark.doyle3028@corp.com,Customer Success,Architect,222364.00,2021-03-23,47
3029,Eric Cook,eric.cook3029@corp.com,Sales,Manager,50541.00,2020-09-07,920
3030,Daniel Lee,daniel.lee3030@corp.com,IT,Architect,45060.00,2020-09-25,1867
3031,Jana Castaneda,jana.castaneda3031@corp.com,Engineering,Director,221478.00,2023-02-05,257
3032,Amanda Baker,amanda.baker3032@corp.com,R&D,Director,242470.00,2022-09-05,936
3033,Lucile Sheppard,lucile.sheppard3033@corp.com,R&D,Coordinator,193521.00,2019-04-10,772
3034,Nettie Buckner,nettie.buckner3034@corp.com,Finance,Analyst,238833.00,2021-07-10,1045
3035,Javier Solis,javier.solis3035@corp.com,Finance,Director,70714.00,2026-01-20,298
3036,Dorian Serrano,dorian.serrano3036@corp.com,Finance,Coordinator,121186.00,2016-08-09,2871
3037,Jonathan Gutierrez,jonathan.gutierrez3037@corp.com,Sales,Manager,163378.00,2022-09-22,1690
3038,Leland Berg,leland.berg3038@corp.com,Sales,VP,93067.00,2023-07-23,2133
3039,Faith Bender,faith.bender3039@corp.com,Legal,Engineer,85094.00,2022-01-13,2806
3040,Nina Browning,nina.browning3040@corp.com,Finance,Analyst,210384.00,2016-09-27,1270
3041,Rudy Black,rudy.black3041@corp.com,Marketing,Architect,231528.00,2026-05-12,120
3042,Rudy Sutton,rudy.sutton3042@corp.com,HR,VP,91915.00,2022-10-08,728
3043,Loretta Mora,loretta.mora3043@corp.com,Legal,Coordinator,115856.00,2024-03-14,1648
3044,Bret Hays,bret.hays3044@corp.com,Legal,Engineer,74987.00,2017-07-28,2582
3045,Jesus Alexander,jesus.alexander3045@corp.com,Legal,Engineer,116397.00,2017-10-20,2527
3046,Loren Solis,loren.solis3046@corp.com,Engineering,Coordinator,114614.00,2025-10-04,2902
3047,Tracy Alvarez,tracy.alvarez3047@corp.com,Customer Success,Architect,84326.00,2021-01-27,1661
3048,Brenda Cooper,brenda.cooper3048@corp.com,Operations,VP,182602.00,2025-03-15,1767
3049,Elena Lyons,elena.lyons3049@corp.com,Customer Success,Specialist,53073.00,2021-04-16,188
3050,Dave Quinn,dave.quinn3050@corp.com,Marketing,Director,133116.00,2025-02-24,2459
3051,Andrew Wright,andrew.wright3051@corp.com,Operations,Manager,122356.00,2019-02-13,2741
3052,Johnnie Boyer,johnnie.boyer3052@corp.com,Operations,Analyst,81140.00,2023-02-01,2824
3053,Juan Matthews,juan.matthews3053@corp.com,Customer Success,Director,105413.00,2018-08-20,981
3054,Rocco Brennan,rocco.brennan3054@corp.com,R&D,Engineer,229182.00,2020-12-26,546
3055,Lenore Gillespie,lenore.gillespie3055@corp.com,Sales,VP,245048.00,2024-03-22,1650
3056,Elizabeth Martinez,elizabeth.martinez3056@corp.com,Engineering,Manager,109063.00,2019-09-27,1342
3057,Larry Peterson,larry.peterson3057@corp.com,Operations,Director,195793.00,2021-06-24,761
3058,Dolores Pena,dolores.pena3058@corp.com,Customer Success,Manager,245421.00,2021-06-20,817
3059,Toby Kirk,toby.kirk3059@corp.com,HR,Architect,88864.00,2022-01-16,1314
3060,Lynne Hale,lynne.hale3060@corp.com,Engineering,Senior Engineer,132674.00,2023-12-01,999
3061,Vernon Hood,vernon.hood3061@corp.com,R&D,Coordinator,222809.00,2019-09-10,2349
3062,Ruby Stone,ruby.stone3062@corp.com,IT,Architect,104587.00,2023-06-24,1311
3063,Sean Harrison,sean.harrison3063@corp.com,Legal,Manager,122280.00,2024-06-15,1319
3064,Rosie Hobbs,rosie.hobbs3064@corp.com,R&D,Architect,46995.00,2020-01-24,121
3065,Calvin Ortega,calvin.ortega3065@corp.com,Customer Success,Engineer,118205.00,2021-11-27,1658
3066,Roger Gibson,roger.gibson3066@corp.com,IT,Architect,233779.00,2018-04-11,2066
3067,Fabian Joseph,fabian.joseph3067@corp.com,Engineering,Consultant,96293.00,2024-10-16,2126
3068,Ricardo Buck,ricardo.buck3068@corp.com,IT,VP,101639.00,2020-12-28,1747
3069,Joesph Mckinney,joesph.mckinney3069@corp.com,Sales,Director,83663.00,2017-02-17,169
3070,Evelyn Fisher,evelyn.fisher3070@corp.com,HR,Architect,174079.00,2018-05-09,661
3071,Ina Savage,ina.savage3071@corp.com,Legal,Analyst,241106.00,2023-02-17,164
3072,Edwin Donaldson,edwin.donaldson3072@corp.com,Marketing,Manager,53185.00,2022-03-21,2060
3073,Cesar Parrish,cesar.parrish3073@corp.com,Sales,VP,76545.00,2018-06-27,422
3074,Antoinette Brennan,antoinette.brennan3074@corp.com,Marketing,Consultant,148096.00,2021-09-25,896
3075,Dorian Serrano,dorian.serrano3075@corp.com,Operations,VP,68689.00,2023-08-06,2316
3076,Karen Moore,karen.moore3076@corp.com,Legal,VP,181322.00,2026-05-31,2901
3077,Adam Coleman,adam.coleman3077@corp.com,Finance,Senior Engineer,236143.00,2023-08-26,1124
3078,Doris Orr,doris.orr3078@corp.com,R&D,Manager,148183.00,2026-07-05,1664
3079,Jesus Alexander,jesus.alexander3079@corp.com,R&D,Specialist,86015.00,2018-11-23,193
3080,Adam Coleman,adam.coleman3080@corp.com,Customer Success,Engineer,52181.00,2021-04-14,2034
3081,Irma Farrell,irma.farrell3081@corp.com,HR,Coordinator,176230.00,2024-12-19,2808
3082,Bryan Palmer,bryan.palmer3082@corp.com,Finance,Consultant,242272.00,2018-08-09,129
3083,Dylan Bradley,dylan.bradley3083@corp.com,IT,Manager,71931.00,2017-06-25,1877
3084,Eleanor Vargas,eleanor.vargas3084@corp.com,Sales,Director,59590.00,2025-06-18,2824
3085,Pamela Bailey,pamela.bailey3085@corp.com,IT,Architect,97314.00,2019-02-15,2922
3086,Rex Baird,rex.baird3086@corp.com,Engineering,Coordinator,68455.00,2023-05-14,2441
3087,Peter Vasquez,peter.vasquez3087@corp.com,Operations,Coordinator,132132.00,2021-01-18,75
3088,Iva Wolf,iva.wolf3088@corp.com,HR,Consultant,45854.00,2022-05-23,2436
3089,Neil Gallagher,neil.gallagher3089@corp.com,Legal,Engineer,115202.00,2026-03-27,1180
3090,Clayton Hess,clayton.hess3090@corp.com,Engineering,VP,67236.00,2019-11-22,1469
3091,Della Mercer,della.mercer3091@corp.com,Finance,Analyst,138791.00,2019-03-14,463
3092,Myra Horne,myra.horne3092@corp.com,Finance,Analyst,127381.00,2020-12-23,3013
3093,Kenneth Hill,kenneth.hill3093@corp.com,Legal,Consultant,221652.00,2023-09-04,855
3094,Marie Watkins,marie.watkins3094@corp.com,Operations,Manager,88324.00,2020-02-15,2529
3095,James Smith,james.smith3095@corp.com,Engineering,Consultant,244202.00,2025-01-04,2873
3096,Jennie Salinas,jennie.salinas3096@corp.com,Marketing,Specialist,198228.00,2026-04-02,1035
3097,Reid Velasquez,reid.velasquez3097@corp.com,Engineering,Senior Engineer,97808.00,2022-05-16,1244
3098,Johnnie Hobbs,johnnie.hobbs3098@corp.com,Operations,Specialist,116399.00,2019-11-25,948
3099,Mariah Jimenez,mariah.jimenez3099@corp.com,Engineering,Analyst,180322.00,2024-10-09,866
3100,Neva Bradford,neva.bradford3100@corp.com,IT,Architect,200353.00,2017-07-28,1098
3101,Julie Bell,julie.bell3101@corp.com,R&D,Architect,209129.00,2016-09-13,691
3102,Wilbur Serrano,wilbur.serrano3102@corp.com,Sales,Director,173526.00,2022-03-20,434
3103,Salvador Larsen,salvador.larsen3103@corp.com,Legal,Analyst,97146.00,2021-05-27,156
3104,Clara Maldonado,clara.maldonado3104@corp.com,Finance,Senior Engineer,148680.00,2024-11-07,1795
3105,Rene Ware,rene.ware3105@corp.com,Sales,Manager,126947.00,2019-12-29,3007
3106,Earnest Barber,earnest.barber3106@corp.com,IT,Senior Engineer,185262.00,2021-03-24,2205
3107,Alonzo Parrish,alonzo.parrish3107@corp.com,Legal,VP,190217.00,2021-05-09,52
3108,Maureen Fields,maureen.fields3108@corp.com,Sales,Consultant,143529.00,2025-05-21,2190
3109,Leigh Leach,leigh.leach3109@corp.com,Sales,Director,152021.00,2021-01-31,1850
3110,Rosalyn Browning,rosalyn.browning3110@corp.com,Finance,Consultant,216073.00,2026-02-23,2688
3111,Mason Greene,mason.greene3111@corp.com,R&D,Director,114129.00,2025-09-10,3001
3112,Sondra Bean,sondra.bean3112@corp.com,Finance,Director,135297.00,2020-11-06,656
3113,Brenda Cooper,brenda.cooper3113@corp.com,Operations,Consultant,150751.00,2018-08-28,1271
3114,Minnie Cisneros,minnie.cisneros3114@corp.com,Operations,Architect,114470.00,2024-10-21,788
3115,Joan Barnes,joan.barnes3115@corp.com,IT,Coordinator,179023.00,2021-06-14,1663
3116,Kenneth Hill,kenneth.hill3116@corp.com,Engineering,Director,121117.00,2022-08-26,430
3117,Effie Hale,effie.hale3117@corp.com,Marketing,Analyst,48761.00,2020-09-07,1101
3118,Scott Howard,scott.howard3118@corp.com,Operations,Architect,190288.00,2020-09-10,337
3119,Nathaniel Mckinney,nathaniel.mckinney3119@corp.com,R&D,Analyst,143292.00,2022-08-18,2654
3120,Cesar Parrish,cesar.parrish3120@corp.com,Operations,Director,76540.00,2025-04-12,432
3121,Cesar Parrish,cesar.parrish3121@corp.com,Customer Success,Manager,88505.00,2022-10-16,276
3122,Nicole Ramos,nicole.ramos3122@corp.com,Finance,Director,213027.00,2017-01-26,1088
3123,Darlene Soto,darlene.soto3123@corp.com,HR,Senior Engineer,207434.00,2022-10-31,2843
3124,Jason Evans,jason.evans3124@corp.com,HR,Manager,165646.00,2023-09-28,2547
3125,Felix Whitehead,felix.whitehead3125@corp.com,Customer Success,Consultant,151273.00,2026-07-15,996
3126,Ann Marshall,ann.marshall3126@corp.com,Marketing,VP,46408.00,2018-05-21,1616
3127,Joseph Gonzalez,joseph.gonzalez3127@corp.com,Marketing,Engineer,196375.00,2017-05-19,454
3128,Jerry Long,jerry.long3128@corp.com,Legal,VP,216867.00,2020-02-21,2484
3129,Maria Garcia,maria.garcia3129@corp.com,HR,Coordinator,103419.00,2020-05-23,950
3130,Salvatore Odonnell,salvatore.odonnell3130@corp.com,Sales,Director,119275.00,2018-07-27,322
3131,Rex Booker,rex.booker3131@corp.com,Engineering,Engineer,172636.00,2023-12-01,29
3132,Christina Ellis,christina.ellis3132@corp.com,Finance,Architect,152968.00,2017-10-02,175
3133,Mark Clark,mark.clark3133@corp.com,R&D,VP,111329.00,2019-05-14,1125
3134,Anna Sherman,anna.sherman3134@corp.com,IT,Specialist,188202.00,2017-02-04,62
3135,Melinda Bradford,melinda.bradford3135@corp.com,R&D,Manager,95670.00,2019-10-29,1726
3136,Rafael Schneider,rafael.schneider3136@corp.com,Finance,Engineer,187935.00,2022-09-11,856
3137,Hector Lambert,hector.lambert3137@corp.com,Customer Success,Analyst,45610.00,2022-07-29,676
3138,Helen Cox,helen.cox3138@corp.com,Operations,Manager,95200.00,2020-02-03,989
3139,Paula Wheeler,paula.wheeler3139@corp.com,Sales,Consultant,89428.00,2017-11-04,2803
3140,Lora Bender,lora.bender3140@corp.com,HR,Consultant,154112.00,2018-01-15,2074
3141,Morris Koch,morris.koch3141@corp.com,HR,Consultant,214718.00,2021-04-22,2283
3142,Tami Mclean,tami.mclean3142@corp.com,Legal,Architect,244615.00,2023-07-26,352
3143,Clement Hood,clement.hood3143@corp.com,Sales,Analyst,168235.00,2019-08-02,2626
3144,Betty White,betty.white3144@corp.com,Marketing,Analyst,221024.00,2016-08-11,1449
3145,Rex Baird,rex.baird3145@corp.com,HR,Analyst,188060.00,2019-03-09,646
3146,Donald Lewis,donald.lewis3146@corp.com,Finance,Analyst,141271.00,2023-10-10,2435
3147,Megan Simmons,megan.simmons3147@corp.com,Engineering,Coordinator,217162.00,2025-08-16,2597
3148,Maria Garcia,maria.garcia3148@corp.com,R&D,Director,173262.00,2021-12-29,533
3149,Jennie Salinas,jennie.salinas3149@corp.com,Operations,Manager,154686.00,2017-06-20,2932
3150,Betty White,betty.white3150@corp.com,Finance,Analyst,71174.00,2024-02-16,1232
3151,Christian Carpenter,christian.carpenter3151@corp.com,Operations,Manager,183011.00,2025-06-01,1364
3152,Colin Bowers,colin.bowers3152@corp.com,IT,Consultant,149158.00,2021-06-03,231
3153,Luis Gutierrez,luis.gutierrez3153@corp.com,Legal,Senior Engineer,54567.00,2023-07-15,1506
3154,Shelley Ericksen,shelley.ericksen3154@corp.com,Operations,Analyst,136790.00,2017-11-07,2401
3155,Joseph Gonzalez,joseph.gonzalez3155@corp.com,Sales,Senior Engineer,63407.00,2020-09-12,1607
3156,Sergio Mcgee,sergio.mcgee3156@corp.com,Operations,Engineer,93731.00,2017-04-13,87
3157,Irma Farrell,irma.farrell3157@corp.com,Operations,Architect,210941.00,2021-04-26,756
3158,Rene Booker,rene.booker3158@corp.com,Operations,Consultant,244219.00,2016-08-30,104
3159,Miles Wong,miles.wong3159@corp.com,Marketing,Architect,80111.00,2018-03-11,501
3160,Pamela Bailey,pamela.bailey3160@corp.com,Sales,Consultant,137979.00,2020-12-09,2453
3161,Betty White,betty.white3161@corp.com,IT,Architect,96930.00,2025-04-01,307
3162,Jose Sullivan,jose.sullivan3162@corp.com,R&D,Specialist,212610.00,2025-11-26,1922
3163,Solomon Wilkins,solomon.wilkins3163@corp.com,IT,Architect,244268.00,2022-05-23,2270
3164,Faye Higgins,faye.higgins3164@corp.com,Sales,Manager,161837.00,2018-04-20,1618
3165,Zachary Romero,zachary.romero3165@corp.com,Sales,Specialist,102876.00,2019-11-30,1695
3166,Lowell Gates,lowell.gates3166@corp.com,Finance,Specialist,112678.00,2018-11-18,2396
3167,Lizzie Vance,lizzie.vance3167@corp.com,Engineering,Specialist,72624.00,2018-01-16,2239
3168,Gertrude Shepard,gertrude.shepard3168@corp.com,Sales,Senior Engineer,102987.00,2018-10-23,1281
3169,Leila Roth,leila.roth3169@corp.com,Sales,Specialist,177679.00,2019-04-14,1935
3170,Edwin Donaldson,edwin.donaldson3170@corp.com,Finance,Manager,48050.00,2022-01-12,2295
3171,Rebecca Phillips,rebecca.phillips3171@corp.com,Finance,Coordinator,136653.00,2023-05-15,562
3172,Mable Norton,mable.norton3172@corp.com,HR,Architect,230854.00,2025-02-21,2746
3173,Genevieve Horn,genevieve.horn3173@corp.com,Finance,Director,58275.00,2022-03-08,2335
3174,Della Mercer,della.mercer3174@corp.com,Legal,Senior Engineer,96513.00,2023-08-10,2288
3175,Debra Bennett,debra.bennett3175@corp.com,Legal,Director,87112.00,2019-06-13,1867
3176,Jayden Williamson,jayden.williamson3176@corp.com,R&D,VP,172245.00,2024-10-09,276
3177,Thaddeus Conway,thaddeus.conway3177@corp.com,Legal,Analyst,170286.00,2021-07-19,2604
3178,Cathy Hobbs,cathy.hobbs3178@corp.com,Engineering,Specialist,84847.00,2025-08-06,1305
3179,Leona Olsen,leona.olsen3179@corp.com,Legal,Specialist,93204.00,2024-07-29,2744
3180,Kyle Hamilton,kyle.hamilton3180@corp.com,Customer Success,Engineer,171295.00,2019-05-11,2954
3181,Lanny Rubio,lanny.rubio3181@corp.com,Marketing,Coordinator,167823.00,2022-08-20,2956
3182,Lanny Rubio,lanny.rubio3182@corp.com,HR,Manager,99433.00,2020-08-07,326
3183,Cedric Hood,cedric.hood3183@corp.com,Engineering,Manager,238803.00,2018-11-28,1726
3184,Leroy Tate,leroy.tate3184@corp.com,Sales,Senior Engineer,142649.00,2025-02-15,1697
3185,Samantha Richardson,samantha.richardson3185@corp.com,Customer Success,Coordinator,245582.00,2021-09-09,2126
3186,Agnes Farrell,agnes.farrell3186@corp.com,Marketing,Architect,195940.00,2020-01-12,2066
3187,Kirk Hurst,kirk.hurst3187@corp.com,R&D,Senior Engineer,55844.00,2021-07-14,2051
3188,Bertha Rivas,bertha.rivas3188@corp.com,R&D,Director,157035.00,2026-07-13,2478
3189,Mario Strong,mario.strong3189@corp.com,Customer Success,Architect,168186.00,2021-09-28,2673
3190,Ashley Robinson,ashley.robinson3190@corp.com,Customer Success,Specialist,92284.00,2020-02-21,1471
3191,Jacob Collins,jacob.collins3191@corp.com,Operations,Director,156475.00,2021-09-15,510
3192,Daren Booth,daren.booth3192@corp.com,Customer Success,Senior Engineer,57890.00,2016-08-28,75
3193,Harold Reynolds,harold.reynolds3193@corp.com,Marketing,Specialist,145346.00,2024-02-02,659
3194,Byron Madden,byron.madden3194@corp.com,HR,Consultant,82870.00,2019-10-24,557
3195,Jayden Williamson,jayden.williamson3195@corp.com,Customer Success,Director,57063.00,2017-09-20,2157
3196,Cora Mcmahon,cora.mcmahon3196@corp.com,Legal,Manager,122815.00,2020-03-19,2308
3197,Chelsea Oliver,chelsea.oliver3197@corp.com,IT,VP,52567.00,2017-02-05,1509
3198,Tyson Oneal,tyson.oneal3198@corp.com,Legal,Consultant,103150.00,2017-10-29,2190
3199,Mona Bender,mona.bender3199@corp.com,Marketing,Engineer,72812.00,2022-04-12,2984
3200,Amanda Baker,amanda.baker3200@corp.com,IT,Senior Engineer,153076.00,2019-12-28,319
3201,Hector Fuentes,hector.fuentes3201@corp.com,R&D,Architect,149035.00,2021-01-01,2195
3202,Lisa Perez,lisa.perez3202@corp.com,Marketing,Architect,246646.00,2026-05-30,1338
3203,Abraham Pitts,abraham.pitts3203@corp.com,R&D,Coordinator,136071.00,2017-08-05,2168
3204,Yolanda Roth,yolanda.roth3204@corp.com,R&D,Senior Engineer,50515.00,2019-09-22,1859
3205,Carroll Bullock,carroll.bullock3205@corp.com,Customer Success,Senior Engineer,229736.00,2017-05-22,2521
3206,Neal Thornton,neal.thornton3206@corp.com,Customer Success,Architect,84817.00,2022-06-20,1540
3207,Monte Strong,monte.strong3207@corp.com,Customer Success,Senior Engineer,190044.00,2022-04-07,2163
3208,Terrence Brennan,terrence.brennan3208@corp.com,R&D,Manager,161082.00,2021-03-27,430
3209,Hilda Blake,hilda.blake3209@corp.com,Operations,VP,231881.00,2018-06-03,379
3210,Felix Whitehead,felix.whitehead3210@corp.com,Legal,Senior Engineer,86356.00,2016-08-27,144
3211,Darius Bullock,darius.bullock3211@corp.com,Finance,Director,107501.00,2025-01-22,1918
3212,Lana Middleton,lana.middleton3212@corp.com,Legal,Director,204396.00,2023-06-28,1434
3213,Lynette Donaldson,lynette.donaldson3213@corp.com,Finance,Senior Engineer,46827.00,2022-09-03,2438
3214,Kendrick Glass,kendrick.glass3214@corp.com,Marketing,Manager,221934.00,2026-04-14,2919
3215,Marcia Jennings,marcia.jennings3215@corp.com,Marketing,Architect,232840.00,2019-07-13,188
3216,Noah Hart,noah.hart3216@corp.com,Engineering,Analyst,65630.00,2020-05-12,919
3217,Patricia Davis,patricia.davis3217@corp.com,Marketing,Analyst,189103.00,2023-10-14,759
3218,Dewayne Buck,dewayne.buck3218@corp.com,Customer Success,Analyst,46075.00,2019-11-21,2280
3219,Monica Stanley,monica.stanley3219@corp.com,Engineering,Analyst,221106.00,2021-04-20,2608
3220,Nettie Buckner,nettie.buckner3220@corp.com,Finance,Engineer,142225.00,2025-12-08,2449
3221,Cyrus Fuentes,cyrus.fuentes3221@corp.com,Operations,Consultant,61618.00,2016-08-29,2148
3222,Gary Stewart,gary.stewart3222@corp.com,Legal,Director,123139.00,2016-10-04,3083
3223,Carroll Bullock,carroll.bullock3223@corp.com,Sales,Specialist,244586.00,2016-12-22,70
3224,Gloria Jordan,gloria.jordan3224@corp.com,IT,VP,117399.00,2018-07-02,2120
3225,Donnie Sharp,donnie.sharp3225@corp.com,Sales,Senior Engineer,85219.00,2024-02-02,1421
3226,Fannie Hutchinson,fannie.hutchinson3226@corp.com,Legal,Senior Engineer,192988.00,2021-09-07,1669
3227,Freddie Rubio,freddie.rubio3227@corp.com,Operations,Specialist,155572.00,2021-05-21,1626
3228,Nettie Buckner,nettie.buckner3228@corp.com,Operations,Director,79147.00,2025-12-25,2082
3229,Justin Reed,justin.reed3229@corp.com,Marketing,VP,65578.00,2026-06-21,2823
3230,Faith Bender,faith.bender3230@corp.com,Engineering,Analyst,212995.00,2024-11-30,2171
3231,Rusty Berg,rusty.berg3231@corp.com,IT,Coordinator,105074.00,2025-09-12,1949
3232,Willie Nichols,willie.nichols3232@corp.com,Marketing,Senior Engineer,226585.00,2026-05-15,2622
3233,Lynnette Donaldson,lynnette.donaldson3233@corp.com,Engineering,Coordinator,203801.00,2020-06-19,1746
3234,Eddie Barber,eddie.barber3234@corp.com,Customer Success,VP,138684.00,2016-12-04,2972
3235,Thomas Anderson,thomas.anderson3235@corp.com,Operations,VP,107650.00,2025-12-16,1179
3236,Jesus Alexander,jesus.alexander3236@corp.com,Finance,Consultant,206240.00,2021-12-30,3106
3237,Charles Taylor,charles.taylor3237@corp.com,Sales,Senior Engineer,243288.00,2026-06-30,1475
3238,Amanda Baker,amanda.baker3238@corp.com,Customer Success,Engineer,51198.00,2023-12-09,3179
3239,Noah Hart,noah.hart3239@corp.com,HR,Analyst,152023.00,2024-05-20,2450
3240,Rusty Berg,rusty.berg3240@corp.com,Legal,Engineer,70174.00,2024-08-01,2863
3241,Bobby Cervantes,bobby.cervantes3241@corp.com,Finance,Analyst,117014.00,2025-10-16,2121
3242,Naomi Middleton,naomi.middleton3242@corp.com,Finance,Coordinator,59378.00,2021-05-21,1295
3243,Irma Farrell,irma.farrell3243@corp.com,Finance,Senior Engineer,53477.00,2021-05-28,3071
3244,Rosie Hahn,rosie.hahn3244@corp.com,Engineering,Coordinator,109114.00,2023-09-18,2216
3245,Jenny Hardin,jenny.hardin3245@corp.com,R&D,Analyst,64736.00,2018-06-24,159
3246,Chelsea Oliver,chelsea.oliver3246@corp.com,R&D,Consultant,235597.00,2023-04-09,3236
3247,Aida Lindsey,aida.lindsey3247@corp.com,Customer Success,Senior Engineer,246695.00,2026-01-01,352
3248,Jeremy Harrison,jeremy.harrison3248@corp.com,Engineering,Manager,173021.00,2020-05-10,1412
3249,Clayton Hess,clayton.hess3249@corp.com,IT,Specialist,156689.00,2016-08-12,371
3250,Lenore Gillespie,lenore.gillespie3250@corp.com,R&D,VP,116219.00,2017-04-26,520
3251,Sharon Turner,sharon.turner3251@corp.com,HR,VP,184370.00,2016-11-24,2357
3252,Cynthia Edwards,cynthia.edwards3252@corp.com,Legal,Engineer,152745.00,2022-10-08,40
3253,Oscar George,oscar.george3253@corp.com,Legal,Analyst,128418.00,2024-01-18,1504
3254,Kirk Hurst,kirk.hurst3254@corp.com,HR,VP,66701.00,2023-04-13,71
3255,Donnie Sharp,donnie.sharp3255@corp.com,Customer Success,Consultant,161102.00,2020-08-17,3065
3256,Jerald Strong,jerald.strong3256@corp.com,Finance,Specialist,188026.00,2019-08-06,1998
3257,Leland Berg,leland.berg3257@corp.com,R&D,Engineer,216490.00,2026-05-29,2974
3258,Jenny Hardin,jenny.hardin3258@corp.com,Legal,VP,247153.00,2017-09-30,1380
3259,Reba Tyler,reba.tyler3259@corp.com,Sales,Coordinator,112192.00,2017-09-02,962
3260,Wilbert Lambert,wilbert.lambert3260@corp.com,Sales,Senior Engineer,177208.00,2018-09-13,2596
3261,Cole Bennett,cole.bennett3261@corp.com,IT,VP,154931.00,2018-05-25,790
3262,Leigh Leach,leigh.leach3262@corp.com,Marketing,Architect,98007.00,2025-09-09,2538
3263,Anna Sherman,anna.sherman3263@corp.com,Marketing,Architect,148800.00,2025-11-22,267
3264,Eric Cook,eric.cook3264@corp.com,R&D,VP,222830.00,2022-09-23,1390
3265,Johnnie Boyer,johnnie.boyer3265@corp.com,Engineering,Manager,85653.00,2020-05-09,2106
3266,Nathaniel Mckinney,nathaniel.mckinney3266@corp.com,Operations,Specialist,97913.00,2026-07-22,3079
3267,Mitchell Santiago,mitchell.santiago3267@corp.com,R&D,Architect,68475.00,2021-07-15,2327
3268,Nina Browning,nina.browning3268@corp.com,Operations,Consultant,110622.00,2018-05-14,1421
3269,Jarrod Schneider,jarrod.schneider3269@corp.com,Marketing,Engineer,81409.00,2017-04-26,3131
3270,Daren Booth,daren.booth3270@corp.com,R&D,VP,82336.00,2020-06-25,1053
3271,Lyman Ware,lyman.ware3271@corp.com,Customer Success,Senior Engineer,58618.00,2022-03-08,1475
3272,Lula Charles,lula.charles3272@corp.com,Operations,Architect,89551.00,2019-04-06,291
3273,Salvatore Odonnell,salvatore.odonnell3273@corp.com,HR,Analyst,56686.00,2021-03-28,458
3274,Theresa Austin,theresa.austin3274@corp.com,Marketing,Specialist,204687.00,2024-01-01,878
3275,Olive Bean,olive.bean3275@corp.com,R&D,Architect,89402.00,2016-12-28,2140
3276,Adrian Pacheco,adrian.pacheco3276@corp.com,R&D,Senior Engineer,223408.00,2021-11-06,2418
3277,Helen Cox,helen.cox3277@corp.com,HR,Consultant,68364.00,2017-08-03,3201
3278,Jerald Strong,jerald.strong3278@corp.com,Marketing,VP,83609.00,2023-08-10,295
3279,Virginia Russell,virginia.russell3279@corp.com,Finance,Director,78552.00,2017-01-03,1763
3280,Beverly Weaver,beverly.weaver3280@corp.com,R&D,Coordinator,73197.00,2024-07-21,1642
3281,Sarah Thomas,sarah.thomas3281@corp.com,Legal,Director,145772.00,2024-10-03,1182
3282,Clifford Doyle,clifford.doyle3282@corp.com,Marketing,Specialist,160911.00,2026-06-01,1180
3283,Lucile Sheppard,lucile.sheppard3283@corp.com,HR,Specialist,229612.00,2017-02-04,205
3284,Marcia Jennings,marcia.jennings3284@corp.com,Marketing,Analyst,145630.00,2017-10-02,84
3285,Clara Maldonado,clara.maldonado3285@corp.com,Marketing,VP,217927.00,2017-02-25,241
3286,Freddie Rubio,freddie.rubio3286@corp.com,Sales,Manager,245586.00,2017-09-03,2845
3287,Marcella English,marcella.english3287@corp.com,Legal,Engineer,206073.00,2020-06-27,34
3288,Marilyn Ferguson,marilyn.ferguson3288@corp.com,Marketing,Specialist,201323.00,2017-07-22,1433
3289,Solomon Wilkins,solomon.wilkins3289@corp.com,Customer Success,Architect,114700.00,2017-07-19,1103
3290,Leland Berg,leland.berg3290@corp.com,Customer Success,Architect,154830.00,2025-04-30,69
3291,Stephen Morgan,stephen.morgan3291@corp.com,HR,Engineer,59127.00,2021-10-03,2352
3292,Nicholas Morales,nicholas.morales3292@corp.com,Marketing,Manager,246112.00,2018-06-26,242
3293,Madelyn Wiggins,madelyn.wiggins3293@corp.com,HR,Manager,169252.00,2024-05-19,1448
3294,Helen Cox,helen.cox3294@corp.com,Finance,Coordinator,46748.00,2019-05-04,765
3295,Edward Campbell,edward.campbell3295@corp.com,Engineering,Manager,141537.00,2024-08-29,1212
3296,Madeline Mays,madeline.mays3296@corp.com,Operations,Architect,75311.00,2017-04-08,2529
3297,Jeff Bass,jeff.bass3297@corp.com,R&D,Director,249350.00,2023-09-26,2533
3298,Gabriel Spencer,gabriel.spencer3298@corp.com,Customer Success,Engineer,111816.00,2026-06-03,3016
3299,Lionel Bass,lionel.bass3299@corp.com,Marketing,Senior Engineer,187450.00,2019-04-20,2361
3300,Stuart Sweeney,stuart.sweeney3300@corp.com,Customer Success,Architect,140354.00,2025-07-08,1858
3301,Wayne Wagner,wayne.wagner3301@corp.com,Finance,Coordinator,76058.00,2022-04-18,1942
3302,Samuel Watson,samuel.watson3302@corp.com,Sales,VP,150594.00,2026-06-14,2390
3303,Joe Kim,joe.kim3303@corp.com,HR,Senior Engineer,216189.00,2025-10-09,2787
3304,Jonathan Gutierrez,jonathan.gutierrez3304@corp.com,HR,Coordinator,52667.00,2018-03-04,965
3305,Dave Quinn,dave.quinn3305@corp.com,IT,Architect,168440.00,2020-02-15,3097
3306,Pedro Espinoza,pedro.espinoza3306@corp.com,Customer Success,Architect,57359.00,2020-03-24,2259
3307,Billie Wiggins,billie.wiggins3307@corp.com,Customer Success,Director,178420.00,2020-12-10,2934
3308,Blake Harvey,blake.harvey3308@corp.com,Operations,Director,142869.00,2023-11-29,350
3309,Garrett Huff,garrett.huff3309@corp.com,HR,Director,236835.00,2022-07-30,1102
3310,Claudia Kinney,claudia.kinney3310@corp.com,Legal,Senior Engineer,168731.00,2019-02-23,2889
3311,Devin Burton,devin.burton3311@corp.com,IT,Architect,221394.00,2017-06-15,2699
3312,Shawn Tate,shawn.tate3312@corp.com,IT,Architect,61749.00,2018-10-06,3183
3313,Hector Fuentes,hector.fuentes3313@corp.com,Sales,Architect,72432.00,2017-07-22,1128
3314,Kimberly Young,kimberly.young3314@corp.com,Operations,Consultant,151299.00,2017-01-31,1646
3315,Madeline Mays,madeline.mays3315@corp.com,IT,Specialist,54358.00,2018-11-27,262
3316,Mildred Snyder,mildred.snyder3316@corp.com,Operations,Specialist,196909.00,2018-06-14,1985
3317,Ruby Stone,ruby.stone3317@corp.com,Engineering,Specialist,89682.00,2023-02-06,1359
3318,Cecelia Becker,cecelia.becker3318@corp.com,Finance,Architect,121398.00,2018-11-29,1453
3319,Sean Harrison,sean.harrison3319@corp.com,Engineering,Consultant,158802.00,2018-11-12,3307
3320,Susan Lopez,susan.lopez3320@corp.com,Finance,Senior Engineer,192171.00,2017-07-30,2488
3321,Elena Lyons,elena.lyons3321@corp.com,Sales,Manager,76779.00,2020-02-07,274
3322,Lucia Mclean,lucia.mclean3322@corp.com,Sales,Director,60118.00,2021-03-22,39
3323,Johnnie Valencia,johnnie.valencia3323@corp.com,R&D,VP,76909.00,2022-02-02,1886
3324,Celia Franco,celia.franco3324@corp.com,Legal,Engineer,105768.00,2017-01-10,2144
3325,Clara Maldonado,clara.maldonado3325@corp.com,Sales,Director,140989.00,2018-01-05,781
3326,Bonnie Hale,bonnie.hale3326@corp.com,Sales,Manager,236424.00,2021-06-24,2454
3327,Stuart Sweeney,stuart.sweeney3327@corp.com,Finance,Manager,217967.00,2022-10-02,2873
3328,Russell Duncan,russell.duncan3328@corp.com,Finance,Senior Engineer,221879.00,2018-02-02,3203
3329,Emily King,emily.king3329@corp.com,Customer Success,Manager,89461.00,2018-07-20,2117
3330,Glenda Reid,glenda.reid3330@corp.com,Operations,Analyst,95863.00,2018-12-09,3127
3331,Verna Krause,verna.krause3331@corp.com,Engineering,Senior Engineer,197347.00,2019-03-01,2726
3332,Leona Olsen,leona.olsen3332@corp.com,IT,Manager,104043.00,2024-01-08,1638
3333,Ashley Robinson,ashley.robinson3333@corp.com,Engineering,Senior Engineer,110532.00,2024-07-06,862
3334,Mateo Sherman,mateo.sherman3334@corp.com,R&D,Coordinator,80779.00,2023-10-08,2552
3335,Cesar Parrish,cesar.parrish3335@corp.com,Engineering,Engineer,98162.00,2019-06-20,2839
3336,Kathleen Reyes,kathleen.reyes3336@corp.com,HR,Senior Engineer,107607.00,2022-11-15,2307
3337,Aaron Powell,aaron.powell3337@corp.com,HR,Specialist,203133.00,2023-11-19,167
3338,Garrett Huff,garrett.huff3338@corp.com,Engineering,Architect,89162.00,2020-07-08,288
3339,Francis Brennan,francis.brennan3339@corp.com,Legal,Specialist,144681.00,2025-04-22,1860
3340,Dewayne Buck,dewayne.buck3340@corp.com,R&D,Coordinator,142817.00,2026-07-17,2402
3341,Dixie Potter,dixie.potter3341@corp.com,IT,Architect,49052.00,2019-04-25,808
3342,Nicole Ramos,nicole.ramos3342@corp.com,Customer Success,Coordinator,77527.00,2017-11-11,1103
3343,Richard Hernandez,richard.hernandez3343@corp.com,IT,Specialist,57833.00,2018-11-19,2472
3344,Della Mercer,della.mercer3344@corp.com,Marketing,Architect,126640.00,2025-12-07,996
3345,Micheal Mcgee,micheal.mcgee3345@corp.com,Marketing,Architect,55689.00,2021-12-09,1102
3346,Noel Parrish,noel.parrish3346@corp.com,HR,Coordinator,97419.00,2022-02-22,2874
3347,Dorian Serrano,dorian.serrano3347@corp.com,IT,Coordinator,224299.00,2017-08-13,3085
3348,Della Mercer,della.mercer3348@corp.com,Sales,Manager,113821.00,2023-12-01,337
3349,Catherine Hughes,catherine.hughes3349@corp.com,Finance,VP,204936.00,2025-04-17,1456
3350,Sergio Mcgee,sergio.mcgee3350@corp.com,Sales,Consultant,196394.00,2018-06-30,3133
3351,Nathaniel Mckinney,nathaniel.mckinney3351@corp.com,Finance,Coordinator,229080.00,2023-02-28,3243
3352,Abraham Pitts,abraham.pitts3352@corp.com,Legal,Engineer,176872.00,2025-10-18,423
3353,Jodie Wiggins,jodie.wiggins3353@corp.com,Customer Success,Manager,86090.00,2019-10-08,2531
3354,Jason Sims,jason.sims3354@corp.com,Operations,VP,117352.00,2024-09-12,3266
3355,Essie Orr,essie.orr3355@corp.com,Engineering,Engineer,90857.00,2017-04-22,2260
3356,Carmen Ware,carmen.ware3356@corp.com,Legal,Analyst,187699.00,2018-12-25,2735
3357,Juan Matthews,juan.matthews3357@corp.com,HR,Consultant,177784.00,2020-09-29,2244
3358,Bennie Duffy,bennie.duffy3358@corp.com,IT,Specialist,145979.00,2023-10-17,1804
3359,Kathryn Hayes,kathryn.hayes3359@corp.com,Legal,Specialist,76125.00,2024-05-16,358
3360,Lenore Gillespie,lenore.gillespie3360@corp.com,Engineering,Specialist,89933.00,2019-07-05,235
3361,Peter Vasquez,peter.vasquez3361@corp.com,Customer Success,Director,166621.00,2020-12-30,1134
3362,Erin Meyer,erin.meyer3362@corp.com,Operations,Coordinator,113808.00,2016-09-03,2238
3363,Terry Ford,terry.ford3363@corp.com,Finance,Director,229790.00,2018-07-30,2066
3364,Sal Larsen,sal.larsen3364@corp.com,Marketing,Analyst,62938.00,2022-12-19,946
3365,Myrtle Yates,myrtle.yates3365@corp.com,Operations,Coordinator,83091.00,2023-11-10,3273
3366,Gloria Jordan,gloria.jordan3366@corp.com,Marketing,Engineer,138180.00,2023-12-04,3227
3367,Dana Garza,dana.garza3367@corp.com,HR,Coordinator,128761.00,2019-10-02,1939
3368,Inez Rollins,inez.rollins3368@corp.com,HR,Consultant,152256.00,2021-12-28,949
3369,Brian Nelson,brian.nelson3369@corp.com,Legal,VP,187642.00,2020-01-31,1549
3370,Linda Jones,linda.jones3370@corp.com,Operations,Analyst,82898.00,2022-10-27,730
3371,Kayla Cunningham,kayla.cunningham3371@corp.com,Marketing,Director,158369.00,2025-01-14,3343
3372,Clara Maldonado,clara.maldonado3372@corp.com,Marketing,Consultant,55209.00,2024-03-05,688
3373,Frank James,frank.james3373@corp.com,Engineering,Senior Engineer,58934.00,2020-11-14,2417
3374,Peter Vasquez,peter.vasquez3374@corp.com,Sales,Coordinator,235950.00,2025-04-25,1882
3375,Madelyn Wiggins,madelyn.wiggins3375@corp.com,Legal,Manager,147173.00,2021-08-13,1002
3376,Lucia Mclean,lucia.mclean3376@corp.com,Engineering,Manager,115819.00,2023-09-08,1490
3377,Rebecca Phillips,rebecca.phillips3377@corp.com,Customer Success,Specialist,75648.00,2016-08-26,3288
3378,Nadine Grimes,nadine.grimes3378@corp.com,Legal,Coordinator,223320.00,2016-12-01,2852
3379,Austin Harper,austin.harper3379@corp.com,IT,Engineer,228284.00,2021-05-17,3081
3380,Jimmie Hooper,jimmie.hooper3380@corp.com,Sales,Director,72184.00,2024-09-28,3135
3381,Mandy Ware,mandy.ware3381@corp.com,R&D,Engineer,194478.00,2020-09-08,2610
3382,Edwin Donaldson,edwin.donaldson3382@corp.com,IT,Consultant,47618.00,2018-12-16,3295
3383,Cesar Parrish,cesar.parrish3383@corp.com,IT,Analyst,120142.00,2019-10-11,1890
3384,Lynne Hobbs,lynne.hobbs3384@corp.com,IT,VP,219438.00,2021-12-17,2816
3385,Jarrod Schneider,jarrod.schneider3385@corp.com,Legal,Engineer,143173.00,2024-09-07,2451
3386,Harriet Guthrie,harriet.guthrie3386@corp.com,R&D,Architect,146885.00,2021-07-13,2347
3387,Christian Carpenter,christian.carpenter3387@corp.com,Finance,Consultant,143285.00,2017-07-29,2565
3388,Zachary Romero,zachary.romero3388@corp.com,Legal,Analyst,197951.00,2023-06-24,1973
3389,Mildred Snyder,mildred.snyder3389@corp.com,HR,Architect,178474.00,2017-03-28,1058
3390,Ola Baxter,ola.baxter3390@corp.com,HR,Manager,86022.00,2024-07-03,2903
3391,Dewayne Trevino,dewayne.trevino3391@corp.com,Operations,Manager,226753.00,2022-09-23,377
3392,Donald Lewis,donald.lewis3392@corp.com,Customer Success,Director,228478.00,2025-07-03,1596
3393,Juan Matthews,juan.matthews3393@corp.com,Operations,Engineer,56788.00,2022-08-05,3045
3394,Dorian Serrano,dorian.serrano3394@corp.com,Finance,Director,125426.00,2019-09-14,631
3395,Deborah Mitchell,deborah.mitchell3395@corp.com,IT,Analyst,123293.00,2023-08-29,2761
3396,Lowell Gates,lowell.gates3396@corp.com,HR,Senior Engineer,66835.00,2024-10-21,3343
3397,Alan Castillo,alan.castillo3397@corp.com,Sales,Architect,212678.00,2022-03-25,1070
3398,Alan Castillo,alan.castillo3398@corp.com,Customer Success,Engineer,151031.00,2026-04-29,2325
3399,Joanna Floyd,joanna.floyd3399@corp.com,Operations,Specialist,194156.00,2023-05-19,1935
3400,Gloria Jordan,gloria.jordan3400@corp.com,Sales,Director,133620.00,2025-01-07,1867
3401,Dorian Serrano,dorian.serrano3401@corp.com,HR,Coordinator,81710.00,2017-04-21,3188
3402,Judith Bryant,judith.bryant3402@corp.com,Engineering,Coordinator,220239.00,2017-09-05,3300
3403,Martha Dunn,martha.dunn3403@corp.com,HR,Engineer,102960.00,2023-01-26,2123
3404,Loren Solis,loren.solis3404@corp.com,IT,VP,76411.00,2017-12-31,1614
3405,Leonard Wade,leonard.wade3405@corp.com,Engineering,Coordinator,151858.00,2023-12-08,837
3406,Clifford Doyle,clifford.doyle3406@corp.com,Marketing,Engineer,81354.00,2023-08-27,1830
3407,Madeline Mays,madeline.mays3407@corp.com,R&D,Director,200550.00,2020-03-08,401
3408,Kurtis Tate,kurtis.tate3408@corp.com,Finance,Director,131317.00,2021-06-20,1628
3409,Darlene Soto,darlene.soto3409@corp.com,Finance,Director,173539.00,2022-11-04,3117
3410,Marie Watkins,marie.watkins3410@corp.com,Operations,Analyst,112073.00,2019-04-18,976
3411,Lonnie Lindsey,lonnie.lindsey3411@corp.com,IT,Senior Engineer,76009.00,2022-05-26,640
3412,Jerald Strong,jerald.strong3412@corp.com,Legal,Architect,248757.00,2023-04-03,1172
3413,Darlene Soto,darlene.soto3413@corp.com,R&D,Engineer,158889.00,2020-09-28,1971
3414,Deon Madden,deon.madden3414@corp.com,HR,Senior Engineer,53024.00,2023-02-12,1061
3415,Maureen Fields,maureen.fields3415@corp.com,Finance,VP,199159.00,2016-09-09,2064
3416,Brandon Kim,brandon.kim3416@corp.com,Customer Success,Director,219031.00,2021-07-10,2173
3417,Mindy Donovan,mindy.donovan3417@corp.com,R&D,Coordinator,197946.00,2018-08-06,2269
3418,Agnes Farrell,agnes.farrell3418@corp.com,HR,Consultant,224778.00,2022-12-11,554
3419,Brady Conway,brady.conway3419@corp.com,Legal,Consultant,50023.00,2024-11-07,1872
3420,Gary Stewart,gary.stewart3420@corp.com,Sales,Specialist,197743.00,2016-12-26,2688
3421,Yolanda Roth,yolanda.roth3421@corp.com,Operations,VP,115209.00,2023-07-28,1994
3422,Della Mercer,della.mercer3422@corp.com,Marketing,Consultant,141339.00,2025-08-05,2026
3423,Rolland Buck,rolland.buck3423@corp.com,IT,Manager,89707.00,2023-10-31,2226
3424,Charles Taylor,charles.taylor3424@corp.com,Operations,Engineer,207334.00,2025-02-14,1089
3425,Keith Ferguson,keith.ferguson3425@corp.com,Legal,Manager,185046.00,2025-04-15,2139
3426,Arthur Cole,arthur.cole3426@corp.com,Marketing,Engineer,47544.00,2025-02-02,539
3427,Catherine Hughes,catherine.hughes3427@corp.com,Legal,VP,177719.00,2018-04-12,2762
3428,Sally Payne,sally.payne3428@corp.com,Marketing,Manager,53357.00,2024-03-11,2080
3429,Elijah Andrews,elijah.andrews3429@corp.com,HR,Senior Engineer,208401.00,2024-03-12,422
3430,Katherine Brooks,katherine.brooks3430@corp.com,R&D,Manager,100895.00,2023-12-20,1705
3431,Elizabeth Martinez,elizabeth.martinez3431@corp.com,Customer Success,Coordinator,213326.00,2020-04-10,188
3432,Mateo Sherman,mateo.sherman3432@corp.com,R&D,Director,108079.00,2016-09-30,2526
3433,Logan Stephens,logan.stephens3433@corp.com,IT,Senior Engineer,143287.00,2024-02-20,355
3434,Pamela Bailey,pamela.bailey3434@corp.com,Operations,Engineer,246959.00,2023-10-10,581
3435,Marilyn Ferguson,marilyn.ferguson3435@corp.com,Legal,Director,198082.00,2026-03-27,591
3436,Jayden Williamson,jayden.williamson3436@corp.com,Finance,VP,186325.00,2019-08-08,2289
3437,Hector Lambert,hector.lambert3437@corp.com,Engineering,VP,217338.00,2018-12-30,847
3438,Janice West,janice.west3438@corp.com,Legal,Director,54630.00,2021-05-30,1114
3439,Madelyn Wiggins,madelyn.wiggins3439@corp.com,Marketing,Coordinator,45322.00,2025-07-11,2406
3440,Bertha Rivas,bertha.rivas3440@corp.com,Customer Success,Specialist,85221.00,2024-04-02,184
3441,Bobby Cervantes,bobby.cervantes3441@corp.com,Marketing,VP,184773.00,2026-02-21,160
3442,Amber Chavez,amber.chavez3442@corp.com,IT,Analyst,55457.00,2025-05-31,2388
3443,Marlin Fuentes,marlin.fuentes3443@corp.com,Marketing,Senior Engineer,157184.00,2020-07-10,2979
3444,Laurence Pruitt,laurence.pruitt3444@corp.com,IT,Consultant,60835.00,2017-10-26,565
3445,Willie Nichols,willie.nichols3445@corp.com,Engineering,Analyst,193853.00,2021-03-29,335
3446,Lula Charles,lula.charles3446@corp.com,Engineering,Architect,226796.00,2020-01-08,977
3447,Graham Pitts,graham.pitts3447@corp.com,Operations,Engineer,215422.00,2023-05-15,1603
3448,Kevin Green,kevin.green3448@corp.com,Finance,Architect,139711.00,2021-08-08,815
3449,Susie Valencia,susie.valencia3449@corp.com,R&D,Engineer,242678.00,2020-01-30,3268
3450,Tyler Foster,tyler.foster3450@corp.com,Marketing,VP,116182.00,2022-07-11,2728
3451,Ollie Barton,ollie.barton3451@corp.com,Sales,Architect,244044.00,2024-07-01,2394
3452,Jodie Wiggins,jodie.wiggins3452@corp.com,Marketing,Consultant,68927.00,2023-10-20,1285
3453,Jeremy Harrison,jeremy.harrison3453@corp.com,Operations,Director,203332.00,2019-12-08,3169
3454,Sandra Ramirez,sandra.ramirez3454@corp.com,Customer Success,Manager,100487.00,2026-01-28,2478
3455,Teri Valencia,teri.valencia3455@corp.com,Sales,Director,225500.00,2018-11-11,2923
3456,Roslyn Browning,roslyn.browning3456@corp.com,Legal,VP,173918.00,2017-07-20,1118
3457,Stacey Wolf,stacey.wolf3457@corp.com,Sales,Coordinator,185514.00,2024-10-21,1533
3458,Kendrick Glass,kendrick.glass3458@corp.com,Sales,Senior Engineer,218759.00,2023-04-07,2320
3459,Lucia Mclean,lucia.mclean3459@corp.com,R&D,Senior Engineer,235865.00,2022-08-15,1430
3460,Imogene Conley,imogene.conley3460@corp.com,R&D,Senior Engineer,168785.00,2024-10-30,1413
3461,Lamont Velez,lamont.velez3461@corp.com,Sales,Analyst,108513.00,2020-01-10,3202
3462,Lillie Castaneda,lillie.castaneda3462@corp.com,Legal,Coordinator,84209.00,2022-05-11,3456
3463,Calvin Ortega,calvin.ortega3463@corp.com,Legal,Manager,152818.00,2024-10-16,319
3464,Terry Ford,terry.ford3464@corp.com,R&D,Manager,186571.00,2018-02-04,1459
3465,Tommy Oneal,tommy.oneal3465@corp.com,Marketing,Senior Engineer,122513.00,2023-12-14,2163
3466,Thomas Anderson,thomas.anderson3466@corp.com,IT,Coordinator,63487.00,2024-12-05,587
3467,Marci Franco,marci.franco3467@corp.com,Engineering,Engineer,117850.00,2025-09-28,698
3468,Christina Ellis,christina.ellis3468@corp.com,IT,Specialist,223105.00,2017-01-28,462
3469,Wallace Roy,wallace.roy3469@corp.com,Marketing,Specialist,103705.00,2017-07-30,3148
3470,Marci Franco,marci.franco3470@corp.com,Sales,Senior Engineer,139516.00,2018-06-19,2606
3471,Darin Pena,darin.pena3471@corp.com,Customer Success,Senior Engineer,183745.00,2019-01-15,2645
3472,Effie Hale,effie.hale3472@corp.com,IT,Architect,197991.00,2016-10-25,2542
3473,Wallace Roy,wallace.roy3473@corp.com,HR,Specialist,78918.00,2018-11-10,1126
3474,Alfonso Friedman,alfonso.friedman3474@corp.com,Marketing,Consultant,133126.00,2017-06-21,2703
3475,Miriam Berg,miriam.berg3475@corp.com,IT,Architect,243362.00,2017-05-07,2082
3476,Kayla Cunningham,kayla.cunningham3476@corp.com,HR,VP,189424.00,2025-09-17,1634
3477,Inez Conley,inez.conley3477@corp.com,Customer Success,Specialist,77424.00,2019-02-17,1568
3478,Jeffrey Diaz,jeffrey.diaz3478@corp.com,HR,Senior Engineer,139519.00,2022-07-02,534
3479,Rod Gallagher,rod.gallagher3479@corp.com,Customer Success,Consultant,225054.00,2019-12-07,3143
3480,Susan Lopez,susan.lopez3480@corp.com,Sales,Engineer,217933.00,2019-08-20,1101
3481,Janelle Castaneda,janelle.castaneda3481@corp.com,Marketing,VP,207154.00,2022-06-29,1984
3482,Gustavo Pitts,gustavo.pitts3482@corp.com,Sales,Senior Engineer,94638.00,2018-03-06,2214
3483,Socorro Bean,socorro.bean3483@corp.com,R&D,Specialist,69748.00,2019-09-13,642
3484,Stacey Wolf,stacey.wolf3484@corp.com,Customer Success,Manager,165835.00,2020-11-17,612
3485,Doreen Orr,doreen.orr3485@corp.com,Legal,VP,176231.00,2017-04-27,2820
3486,Martin Sharp,martin.sharp3486@corp.com,Legal,Manager,161092.00,2018-10-05,2718
3487,Irma Farrell,irma.farrell3487@corp.com,Customer Success,Director,222225.00,2016-11-16,1591
3488,Carmen Ware,carmen.ware3488@corp.com,Marketing,Coordinator,235001.00,2021-10-20,1028
3489,Laurence Pruitt,laurence.pruitt3489@corp.com,Customer Success,Engineer,226545.00,2024-03-06,656
3490,Dorothy Flores,dorothy.flores3490@corp.com,HR,Engineer,225441.00,2023-11-02,1426
3491,Manuel Klein,manuel.klein3491@corp.com,Customer Success,Manager,106810.00,2022-03-17,1931
3492,Sondra Bean,sondra.bean3492@corp.com,Customer Success,VP,245043.00,2024-01-31,1962
3493,Kerry Donovan,kerry.donovan3493@corp.com,HR,Coordinator,64151.00,2023-08-04,1163
3494,Paul Allen,paul.allen3494@corp.com,R&D,Architect,189203.00,2020-07-10,2893
3495,Ollie Barton,ollie.barton3495@corp.com,R&D,Engineer,230597.00,2016-08-28,573
3496,Douglas Henderson,douglas.henderson3496@corp.com,HR,Coordinator,109765.00,2025-07-11,2156
3497,Mandy Ware,mandy.ware3497@corp.com,IT,Consultant,219403.00,2024-10-05,1075
3498,Lillian Berry,lillian.berry3498@corp.com,Sales,Senior Engineer,59797.00,2026-03-21,1642
3499,Stephanie Roberts,stephanie.roberts3499@corp.com,Engineering,Engineer,64446.00,2020-05-29,37
3500,Antoinette Barrera,antoinette.barrera3500@corp.com,HR,VP,128004.00,2024-05-18,1466
3501,Rolando Hammond,rolando.hammond3501@corp.com,IT,Director,229343.00,2019-10-17,1775
3502,Timothy Gomez,timothy.gomez3502@corp.com,Finance,Senior Engineer,46743.00,2023-05-23,2919
3503,Lonnie Lindsey,lonnie.lindsey3503@corp.com,Finance,Coordinator,104290.00,2016-07-30,1347
3504,Nancy Martin,nancy.martin3504@corp.com,Finance,Analyst,83540.00,2025-07-06,1948
3505,Madonna Wiggins,madonna.wiggins3505@corp.com,IT,Analyst,104997.00,2020-11-09,749
3506,Paula Wheeler,paula.wheeler3506@corp.com,Customer Success,Director,149864.00,2025-05-17,285
3507,Peggy Barrett,peggy.barrett3507@corp.com,Customer Success,Senior Engineer,233985.00,2021-07-08,3133
3508,Terrence Brennan,terrence.brennan3508@corp.com,Operations,Engineer,62631.00,2025-11-15,3401
3509,Betty White,betty.white3509@corp.com,Engineering,VP,158828.00,2025-01-13,1065
3510,Roy Ray,roy.ray3510@corp.com,Legal,Senior Engineer,235516.00,2018-10-27,888
3511,Tommy Oneal,tommy.oneal3511@corp.com,IT,Manager,95338.00,2021-07-24,1888
3512,Lenore Gillespie,lenore.gillespie3512@corp.com,Engineering,VP,240161.00,2026-02-08,3250
3513,Freddie Rubio,freddie.rubio3513@corp.com,Operations,Manager,55758.00,2018-08-30,2253
3514,Samantha Richardson,samantha.richardson3514@corp.com,Finance,Consultant,119658.00,2020-12-02,3511
3515,Etta Rosales,etta.rosales3515@corp.com,Operations,Specialist,244976.00,2020-04-13,2989
3516,Cecilia Brock,cecilia.brock3516@corp.com,Operations,Specialist,199491.00,2019-06-30,304
3517,Lyle Ware,lyle.ware3517@corp.com,Operations,Manager,102491.00,2024-06-08,3409
3518,Rose Lane,rose.lane3518@corp.com,R&D,Manager,73367.00,2020-09-22,401
3519,Neva Bradford,neva.bradford3519@corp.com,Marketing,Director,94053.00,2021-10-30,2743
3520,Jarrod Schneider,jarrod.schneider3520@corp.com,Engineering,Manager,138205.00,2024-11-21,1350
3521,Karen Moore,karen.moore3521@corp.com,HR,Consultant,126034.00,2026-07-02,285
3522,Dennis Patel,dennis.patel3522@corp.com,R&D,Architect,49901.00,2017-05-20,1097
3523,Thaddeus Conway,thaddeus.conway3523@corp.com,Marketing,Consultant,102987.00,2024-09-16,64
3524,Velma Brennan,velma.brennan3524@corp.com,Finance,Coordinator,122038.00,2024-02-21,1743
3525,Verna Krause,verna.krause3525@corp.com,Customer Success,Consultant,47913.00,2025-01-19,1035
3526,Jerry Long,jerry.long3526@corp.com,Customer Success,Senior Engineer,201247.00,2024-05-21,2432
3527,Michael Brown,michael.brown3527@corp.com,HR,Analyst,212679.00,2026-03-30,1100
3528,Jacob Collins,jacob.collins3528@corp.com,Customer Success,Coordinator,217938.00,2023-02-27,43
3529,Seth Ellis,seth.ellis3529@corp.com,Engineering,Engineer,168745.00,2020-10-21,2909
3530,Nina Browning,nina.browning3530@corp.com,Operations,Director,118848.00,2020-12-21,450
3531,Larry Peterson,larry.peterson3531@corp.com,Operations,Architect,201918.00,2025-09-17,3524
3532,James Smith,james.smith3532@corp.com,Operations,VP,229203.00,2023-02-23,154
3533,Cyrus Fuentes,cyrus.fuentes3533@corp.com,HR,Coordinator,67327.00,2025-09-15,3223
3534,Shelby Novak,shelby.novak3534@corp.com,Legal,Specialist,206782.00,2016-08-02,540
3535,Timothy Gomez,timothy.gomez3535@corp.com,Engineering,VP,171608.00,2018-06-24,385
3536,Ellen Carr,ellen.carr3536@corp.com,R&D,Engineer,197258.00,2021-01-12,2161
3537,Grant Sutton,grant.sutton3537@corp.com,Operations,Senior Engineer,90473.00,2019-08-24,128
3538,Earnest Barber,earnest.barber3538@corp.com,R&D,Director,55073.00,2024-03-25,193
3539,Bradford Mcclure,bradford.mcclure3539@corp.com,R&D,Engineer,128969.00,2018-09-21,2976
3540,Joesph Mckinney,joesph.mckinney3540@corp.com,R&D,Architect,216793.00,2026-04-03,1160
3541,Aurora Andersen,aurora.andersen3541@corp.com,Marketing,Senior Engineer,63173.00,2025-11-12,1266
3542,Eleanor Vargas,eleanor.vargas3542@corp.com,Legal,Specialist,155539.00,2021-05-14,2269
3543,Iva Wolf,iva.wolf3543@corp.com,Finance,Manager,194398.00,2026-01-24,3269
3544,Gilbert Doyle,gilbert.doyle3544@corp.com,Marketing,Analyst,63229.00,2025-04-28,1004
3545,Henry Perry,henry.perry3545@corp.com,Sales,Engineer,46356.00,2026-03-01,2087
3546,Ethan Rose,ethan.rose3546@corp.com,Legal,Director,47981.00,2025-12-15,3211
3547,Lottie Duffy,lottie.duffy3547@corp.com,Operations,VP,96557.00,2022-12-08,2989
3548,Javier Solis,javier.solis3548@corp.com,Sales,Engineer,183016.00,2021-08-03,2720
3549,Kevin Green,kevin.green3549@corp.com,Sales,Architect,223170.00,2019-12-13,121
3550,Elena Lyons,elena.lyons3550@corp.com,Sales,VP,197555.00,2025-05-09,1531
3551,Guillermo Gates,guillermo.gates3551@corp.com,Legal,VP,97555.00,2020-07-25,2138
3552,Wayne Wagner,wayne.wagner3552@corp.com,IT,Coordinator,151615.00,2019-04-07,3206
3553,Solomon Wilkins,solomon.wilkins3553@corp.com,Marketing,Specialist,148204.00,2019-06-18,1156
3554,Ronald Carter,ronald.carter3554@corp.com,Sales,Senior Engineer,105851.00,2018-10-05,2209
3555,Mona Bender,mona.bender3555@corp.com,IT,Specialist,246665.00,2019-01-19,1337
3556,Clifford Doyle,clifford.doyle3556@corp.com,Customer Success,Analyst,240093.00,2021-04-17,1555
3557,Jaime Booker,jaime.booker3557@corp.com,HR,Coordinator,202550.00,2026-06-23,49
3558,Marilyn Ferguson,marilyn.ferguson3558@corp.com,Finance,Coordinator,67441.00,2016-09-26,2003
3559,Jane Ryan,jane.ryan3559@corp.com,R&D,Analyst,104602.00,2019-06-24,1766
3560,Teri Valencia,teri.valencia3560@corp.com,Marketing,Senior Engineer,65228.00,2025-12-18,3163
3561,Rocco Parrish,rocco.parrish3561@corp.com,Sales,Architect,52546.00,2021-04-28,2012
3562,Noah Hart,noah.hart3562@corp.com,Legal,Architect,53713.00,2019-11-18,2588
3563,Nicholas Morales,nicholas.morales3563@corp.com,Finance,Architect,149517.00,2018-10-19,2628
3564,Carlos Graves,carlos.graves3564@corp.com,Legal,Specialist,185649.00,2018-04-22,1191
3565,Gretchen Barrera,gretchen.barrera3565@corp.com,Sales,Senior Engineer,97223.00,2022-02-15,1237
3566,Emily King,emily.king3566@corp.com,Marketing,Specialist,100968.00,2024-11-17,2363
3567,Marlin Fuentes,marlin.fuentes3567@corp.com,Operations,Engineer,141182.00,2019-09-25,1545
3568,Eunice Conley,eunice.conley3568@corp.com,IT,Analyst,54580.00,2022-08-18,890
3569,Lena Aguilar,lena.aguilar3569@corp.com,HR,Architect,110923.00,2024-05-06,2830
3570,Ross Stein,ross.stein3570@corp.com,HR,Engineer,85239.00,2019-09-25,1654
3571,Rosie Mora,rosie.mora3571@corp.com,Sales,Director,56640.00,2023-08-16,1169
3572,Effie Hale,effie.hale3572@corp.com,Finance,Architect,75554.00,2021-10-28,2781
3573,Jane Ryan,jane.ryan3573@corp.com,R&D,Director,213272.00,2023-02-03,2421
3574,Alberta York,alberta.york3574@corp.com,IT,Manager,100643.00,2023-10-04,1402
3575,Virginia Russell,virginia.russell3575@corp.com,IT,Director,52583.00,2022-11-01,2251
3576,Devin Burton,devin.burton3576@corp.com,Finance,Engineer,99444.00,2019-05-03,1056
3577,Amy Morris,amy.morris3577@corp.com,R&D,Engineer,78874.00,2024-08-02,1397
3578,Gustavo Pitts,gustavo.pitts3578@corp.com,Finance,Senior Engineer,57624.00,2020-11-01,1766
3579,Nora Andersen,nora.andersen3579@corp.com,Operations,Analyst,161349.00,2020-06-02,962
3580,Betty White,betty.white3580@corp.com,R&D,Engineer,131349.00,2025-06-12,1483
3581,Angelo Nolan,angelo.nolan3581@corp.com,Finance,Consultant,131484.00,2017-11-22,3009
3582,Stephen Morgan,stephen.morgan3582@corp.com,IT,Engineer,65804.00,2022-11-17,2667
3583,Janet Sanders,janet.sanders3583@corp.com,IT,Director,198258.00,2023-03-02,180
3584,Ricardo Tapia,ricardo.tapia3584@corp.com,Customer Success,Architect,79335.00,2018-08-03,977
3585,Hilda Blake,hilda.blake3585@corp.com,IT,Specialist,117910.00,2018-01-04,1163
3586,Nina Browning,nina.browning3586@corp.com,Sales,Architect,164557.00,2021-10-15,539
3587,Doris Ruiz,doris.ruiz3587@corp.com,IT,Specialist,129709.00,2022-04-06,350
3588,Sal Larsen,sal.larsen3588@corp.com,HR,Specialist,164416.00,2022-02-02,3431
3589,Antoinette Brennan,antoinette.brennan3589@corp.com,HR,Architect,56333.00,2017-12-23,195
3590,Inez Conley,inez.conley3590@corp.com,Sales,VP,240201.00,2016-10-05,1767
3591,Leila Roth,leila.roth3591@corp.com,Operations,Engineer,228148.00,2023-03-21,2093
3592,Victoria Willis,victoria.willis3592@corp.com,IT,VP,125029.00,2022-06-18,2798
3593,Tammy Franklin,tammy.franklin3593@corp.com,Sales,Engineer,58439.00,2024-12-14,79
3594,Patsy Glover,patsy.glover3594@corp.com,Engineering,Director,143066.00,2017-07-04,3188
3595,Elvira Salinas,elvira.salinas3595@corp.com,Sales,Director,243873.00,2018-02-27,976
3596,Salvatore Odonnell,salvatore.odonnell3596@corp.com,Finance,Senior Engineer,159252.00,2021-11-08,1554
3597,Leah Costa,leah.costa3597@corp.com,Finance,Specialist,176565.00,2021-07-29,693
3598,Gregory Chavez,gregory.chavez3598@corp.com,Operations,Architect,70311.00,2022-03-25,3412
3599,Dianne Potter,dianne.potter3599@corp.com,Marketing,Architect,86922.00,2018-07-02,3169
3600,Jana Castaneda,jana.castaneda3600@corp.com,Marketing,Consultant,201654.00,2024-12-25,3160
3601,Marcia Jennings,marcia.jennings3601@corp.com,Legal,Director,209616.00,2023-01-26,1441
3602,Noel Parrish,noel.parrish3602@corp.com,Customer Success,Manager,126123.00,2021-04-19,991
3603,Keith Ferguson,keith.ferguson3603@corp.com,Customer Success,Consultant,66961.00,2024-01-13,754
3604,Thomas Anderson,thomas.anderson3604@corp.com,IT,Architect,87968.00,2017-07-22,3379
3605,Claudia Kinney,claudia.kinney3605@corp.com,Customer Success,Director,191759.00,2020-05-10,2396
3606,Stephen Morgan,stephen.morgan3606@corp.com,Sales,VP,217274.00,2018-01-18,2408
3607,Sondra Bean,sondra.bean3607@corp.com,Finance,Manager,220725.00,2016-12-28,887
3608,Selma Pena,selma.pena3608@corp.com,Marketing,Analyst,59419.00,2016-12-06,1568
3609,Angelo Pacheco,angelo.pacheco3609@corp.com,R&D,Analyst,235179.00,2025-10-05,170
3610,Derek Bishop,derek.bishop3610@corp.com,Legal,Specialist,123068.00,2017-06-06,2347
3611,Garrett Huff,garrett.huff3611@corp.com,Operations,Director,183291.00,2022-06-19,3137
3612,Connor Ortiz,connor.ortiz3612@corp.com,Customer Success,Manager,131624.00,2023-04-27,198
3613,Maureen Fields,maureen.fields3613@corp.com,R&D,VP,152228.00,2023-05-31,3074
3614,Agnes Farrell,agnes.farrell3614@corp.com,Customer Success,Senior Engineer,120976.00,2026-06-11,113
3615,Lynnette Donaldson,lynnette.donaldson3615@corp.com,R&D,Coordinator,163140.00,2018-05-04,1559
3616,Samantha Richardson,samantha.richardson3616@corp.com,Operations,Architect,130808.00,2021-11-18,2498
3617,Essie Orr,essie.orr3617@corp.com,HR,VP,245345.00,2022-01-31,2141
3618,Madelyn Wiggins,madelyn.wiggins3618@corp.com,Operations,Analyst,129984.00,2019-01-25,1142
3619,Anthony Harris,anthony.harris3619@corp.com,Finance,Analyst,155533.00,2017-10-19,1067
3620,Hilda Blake,hilda.blake3620@corp.com,Sales,VP,120243.00,2023-12-29,2312
3621,Wilbert Lambert,wilbert.lambert3621@corp.com,Engineering,Coordinator,175989.00,2024-03-20,1432
3622,Adam Coleman,adam.coleman3622@corp.com,HR,Analyst,191159.00,2022-06-06,3564
3623,Solomon Wilkins,solomon.wilkins3623@corp.com,HR,Architect,105830.00,2021-01-01,1402
3624,Marlon Sawyer,marlon.sawyer3624@corp.com,HR,Director,82485.00,2025-08-23,134
3625,Tommy Oneal,tommy.oneal3625@corp.com,Engineering,Engineer,208496.00,2026-06-04,92
3626,Kathy Cole,kathy.cole3626@corp.com,Legal,VP,150485.00,2022-12-27,3059
3627,Amy Morris,amy.morris3627@corp.com,Finance,Coordinator,230321.00,2017-05-07,2206
3628,Roderick Compton,roderick.compton3628@corp.com,Engineering,Specialist,242381.00,2025-12-11,1758
3629,Iris Farrell,iris.farrell3629@corp.com,Engineering,Director,103346.00,2020-05-25,1440
3630,Fannie Hutchinson,fannie.hutchinson3630@corp.com,Engineering,Director,158299.00,2017-06-10,896
3631,Denise Lawrence,denise.lawrence3631@corp.com,Engineering,Manager,234016.00,2023-07-18,1575
3632,Darnell Sharp,darnell.sharp3632@corp.com,Operations,Analyst,86409.00,2016-11-22,3323
3633,Seth Ellis,seth.ellis3633@corp.com,HR,VP,47693.00,2021-11-30,2449
3634,Darlene Simon,darlene.simon3634@corp.com,R&D,VP,139466.00,2021-05-25,2278
3635,Dick Decker,dick.decker3635@corp.com,Marketing,Architect,122719.00,2023-05-31,158
3636,Salvador Larsen,salvador.larsen3636@corp.com,Customer Success,Coordinator,159537.00,2022-12-15,2276
3637,Jarrod Schneider,jarrod.schneider3637@corp.com,HR,VP,55207.00,2016-08-08,2207
3638,Darnell Sharp,darnell.sharp3638@corp.com,IT,Specialist,245355.00,2017-11-28,816
3639,Cesar Parrish,cesar.parrish3639@corp.com,Finance,Engineer,195746.00,2018-11-02,1739
3640,Neil Gallagher,neil.gallagher3640@corp.com,Engineering,Analyst,236403.00,2019-12-22,194
3641,Ramon Velez,ramon.velez3641@corp.com,Sales,Coordinator,247193.00,2017-08-08,674
3642,Manuel Klein,manuel.klein3642@corp.com,Finance,Analyst,170234.00,2023-05-24,3310
3643,Carol Adams,carol.adams3643@corp.com,Engineering,Architect,210127.00,2022-01-03,1029
3644,Erin Meyer,erin.meyer3644@corp.com,Marketing,Manager,80289.00,2025-06-18,553
3645,Dallas Frederick,dallas.frederick3645@corp.com,IT,Consultant,156837.00,2022-01-15,1772
3646,Andre Hampton,andre.hampton3646@corp.com,Sales,Coordinator,138301.00,2018-06-03,2082
3647,Becky Ericksen,becky.ericksen3647@corp.com,Sales,Coordinator,55373.00,2017-06-18,2044
3648,Moshe Stein,moshe.stein3648@corp.com,Operations,Coordinator,152323.00,2018-10-31,3200
3649,Devin Burton,devin.burton3649@corp.com,HR,Senior Engineer,157458.00,2017-08-08,2150
3650,Sadie Leach,sadie.leach3650@corp.com,IT,Engineer,233942.00,2020-08-23,826
3651,Leigh Leach,leigh.leach3651@corp.com,HR,Engineer,247958.00,2024-05-25,2295
3652,Bobbie Mccarty,bobbie.mccarty3652@corp.com,IT,Consultant,219460.00,2020-04-23,1060
3653,Kristen Little,kristen.little3653@corp.com,HR,VP,215096.00,2025-10-24,3230
3654,Angela Murphy,angela.murphy3654@corp.com,Sales,Consultant,199854.00,2017-03-20,1877
3655,Dewayne Trevino,dewayne.trevino3655@corp.com,Finance,Manager,65523.00,2022-11-10,3559
3656,Trevor Greer,trevor.greer3656@corp.com,Sales,Architect,152142.00,2024-10-13,179
3657,Marlin Fuentes,marlin.fuentes3657@corp.com,Legal,Manager,95246.00,2022-12-21,1107
3658,Rolando Herman,rolando.herman3658@corp.com,Legal,Senior Engineer,159547.00,2022-05-07,2028
3659,Shelby Horn,shelby.horn3659@corp.com,Engineering,Consultant,211516.00,2023-07-08,917
3660,Doris Ruiz,doris.ruiz3660@corp.com,Operations,Manager,76095.00,2018-12-01,1926
3661,Lela Montoya,lela.montoya3661@corp.com,Legal,Manager,45119.00,2023-04-01,1607
3662,Ramon Velez,ramon.velez3662@corp.com,HR,Architect,77915.00,2018-07-09,1597
3663,Orlando Herman,orlando.herman3663@corp.com,Legal,Senior Engineer,84837.00,2020-03-26,755
3664,Samantha Richardson,samantha.richardson3664@corp.com,Customer Success,Coordinator,149944.00,2024-03-07,1016
3665,Antoinette Brennan,antoinette.brennan3665@corp.com,Legal,Engineer,56830.00,2016-11-13,1355
3666,Robert Williamson,robert.williamson3666@corp.com,R&D,Manager,173004.00,2023-06-06,1648
3667,Elvira Mclean,elvira.mclean3667@corp.com,IT,Analyst,121603.00,2021-01-08,542
3668,Leland Berg,leland.berg3668@corp.com,Engineering,Coordinator,188941.00,2024-03-26,2584
3669,Pablo Lynn,pablo.lynn3669@corp.com,Sales,Consultant,217783.00,2016-12-07,3018
3670,Sharon Turner,sharon.turner3670@corp.com,Customer Success,Analyst,164892.00,2017-08-12,956
3671,Margaret Sanchez,margaret.sanchez3671@corp.com,R&D,Specialist,197480.00,2021-09-02,2655
3672,Iris Farrell,iris.farrell3672@corp.com,R&D,Specialist,80282.00,2020-06-06,1276
3673,Shelia Horn,shelia.horn3673@corp.com,IT,Consultant,246448.00,2024-01-24,2472
3674,Arthur Cole,arthur.cole3674@corp.com,IT,Senior Engineer,47550.00,2025-01-10,2183
3675,Pamela Bailey,pamela.bailey3675@corp.com,Operations,Senior Engineer,236634.00,2019-01-06,2228
3676,Marie Watkins,marie.watkins3676@corp.com,R&D,Manager,238692.00,2023-09-16,1622
3677,Inez Conley,inez.conley3677@corp.com,IT,VP,219983.00,2024-04-09,425
3678,Joan Barnes,joan.barnes3678@corp.com,IT,Senior Engineer,45720.00,2020-01-15,3553
3679,Dorian Serrano,dorian.serrano3679@corp.com,Operations,Consultant,167449.00,2019-11-14,3138
3680,Omar Booth,omar.booth3680@corp.com,Sales,Manager,161940.00,2023-12-04,2708
3681,Cameron Montgomery,cameron.montgomery3681@corp.com,Finance,Senior Engineer,118749.00,2021-04-29,250
3682,Stuart Sweeney,stuart.sweeney3682@corp.com,HR,Engineer,57974.00,2020-05-18,1977
3683,Effie Hale,effie.hale3683@corp.com,Customer Success,Director,238655.00,2025-08-29,2670
3684,Luther Heath,luther.heath3684@corp.com,Operations,Analyst,199848.00,2017-07-11,3446
3685,Sara Griffin,sara.griffin3685@corp.com,Marketing,Analyst,89176.00,2016-08-03,300
3686,Laura Parker,laura.parker3686@corp.com,R&D,Director,62195.00,2026-04-17,2064
3687,Amber Chavez,amber.chavez3687@corp.com,IT,VP,242525.00,2022-12-17,817
3688,Blake Harvey,blake.harvey3688@corp.com,Engineering,VP,158695.00,2019-08-18,1247
3689,Dorian Serrano,dorian.serrano3689@corp.com,Engineering,Engineer,179049.00,2020-04-28,2100
3690,Abraham Pitts,abraham.pitts3690@corp.com,Legal,Director,97588.00,2024-11-21,3132
3691,Mable Norton,mable.norton3691@corp.com,Legal,Director,52444.00,2024-03-05,3263
3692,Leo Velasquez,leo.velasquez3692@corp.com,Customer Success,Manager,211991.00,2016-09-23,1058
3693,Amy Morris,amy.morris3693@corp.com,Customer Success,Coordinator,101236.00,2017-02-04,700
3694,Tami Mclean,tami.mclean3694@corp.com,HR,Coordinator,115725.00,2016-11-07,2779
3695,Antoinette Brennan,antoinette.brennan3695@corp.com,Marketing,Specialist,66481.00,2022-08-15,614
3696,Clark Doyle,clark.doyle3696@corp.com,HR,Architect,153738.00,2021-04-27,1866
3697,Forrest Brandt,forrest.brandt3697@corp.com,IT,VP,172741.00,2022-05-31,199
3698,Rolando Herman,rolando.herman3698@corp.com,R&D,Specialist,186959.00,2019-07-07,2235
3699,Bennie Duffy,bennie.duffy3699@corp.com,Sales,Manager,121141.00,2017-08-14,2635
3700,Mandy Ware,mandy.ware3700@corp.com,Operations,Coordinator,90927.00,2016-10-30,572
3701,Lora Bender,lora.bender3701@corp.com,Operations,Architect,147038.00,2019-11-09,3450
3702,Donna Scott,donna.scott3702@corp.com,HR,Director,64964.00,2021-01-11,1874
3703,Claude Blackburn,claude.blackburn3703@corp.com,R&D,Senior Engineer,168058.00,2019-10-07,2752
3704,Melinda Bradford,melinda.bradford3704@corp.com,Marketing,VP,160389.00,2017-08-02,2922
3705,Julius Wilkins,julius.wilkins3705@corp.com,Sales,Consultant,82341.00,2025-09-29,2700
3706,Clara Maldonado,clara.maldonado3706@corp.com,IT,Coordinator,167390.00,2019-01-19,403
3707,Anthony Harris,anthony.harris3707@corp.com,Sales,VP,75803.00,2024-06-03,1833
3708,Neil Gallagher,neil.gallagher3708@corp.com,Marketing,Analyst,117513.00,2024-08-03,3617
3709,Rod Gallagher,rod.gallagher3709@corp.com,Legal,Engineer,116587.00,2026-04-28,1689
3710,Timothy Gomez,timothy.gomez3710@corp.com,Engineering,Manager,154738.00,2020-03-01,344
3711,Amber Chavez,amber.chavez3711@corp.com,Finance,Architect,142031.00,2021-02-26,1102
3712,Dewayne Solis,dewayne.solis3712@corp.com,IT,Senior Engineer,214645.00,2017-10-06,1601
3713,Susie Valencia,susie.valencia3713@corp.com,IT,VP,232969.00,2026-07-05,2188
3714,Sergio Mcgee,sergio.mcgee3714@corp.com,Operations,Consultant,140662.00,2021-03-10,2127
3715,Kimberly Young,kimberly.young3715@corp.com,Customer Success,Director,78742.00,2017-08-04,1101
3716,Gabriel Spencer,gabriel.spencer3716@corp.com,Sales,Manager,122743.00,2023-03-01,1007
3717,Olga Mora,olga.mora3717@corp.com,HR,VP,112287.00,2025-07-04,708
3718,Brady Conway,brady.conway3718@corp.com,Customer Success,VP,80527.00,2022-10-23,2315
3719,Ann Marshall,ann.marshall3719@corp.com,HR,Director,145633.00,2019-06-11,2129
3720,Cecelia Becker,cecelia.becker3720@corp.com,Marketing,VP,144865.00,2023-06-07,2573
3721,Jason Sims,jason.sims3721@corp.com,Engineering,Consultant,48400.00,2023-06-16,196
3722,Dora Acosta,dora.acosta3722@corp.com,Marketing,Senior Engineer,87709.00,2019-08-04,1895
3723,Juan Matthews,juan.matthews3723@corp.com,Customer Success,Architect,155044.00,2020-08-06,8
3724,Bret Hays,bret.hays3724@corp.com,Finance,Specialist,212022.00,2018-01-24,2599
3725,Laura Parker,laura.parker3725@corp.com,Engineering,Senior Engineer,110245.00,2026-07-11,142
3726,Darlene Soto,darlene.soto3726@corp.com,Legal,Coordinator,173094.00,2021-05-29,1625
3727,Mae Donovan,mae.donovan3727@corp.com,Legal,Specialist,144378.00,2019-07-24,2784
3728,Mario Strong,mario.strong3728@corp.com,Sales,Engineer,170194.00,2023-12-27,2949
3729,Janet Sanders,janet.sanders3729@corp.com,Legal,Manager,150476.00,2021-03-19,837
3730,Garry Huff,garry.huff3730@corp.com,Legal,Analyst,87291.00,2024-05-31,145
3731,Myrtle Yates,myrtle.yates3731@corp.com,Legal,Senior Engineer,174088.00,2024-04-15,2165
3732,Lynnette Donaldson,lynnette.donaldson3732@corp.com,Customer Success,Consultant,183948.00,2023-06-19,2619
3733,Antoinette Brennan,antoinette.brennan3733@corp.com,HR,Manager,111302.00,2025-04-06,19
3734,Calvin Ortega,calvin.ortega3734@corp.com,Finance,Specialist,70316.00,2026-05-06,1947
3735,Sadie Leach,sadie.leach3735@corp.com,Sales,Engineer,191050.00,2025-10-13,1315
3736,Effie Hale,effie.hale3736@corp.com,Operations,Coordinator,169936.00,2024-11-21,1752
3737,Cesar Parrish,cesar.parrish3737@corp.com,Sales,Specialist,143745.00,2026-07-19,357
3738,Donald Lewis,donald.lewis3738@corp.com,Finance,Consultant,245803.00,2023-04-20,1914
3739,Sally Payne,sally.payne3739@corp.com,Finance,Specialist,118677.00,2021-12-18,2520
3740,Sergio Mcgee,sergio.mcgee3740@corp.com,Operations,Specialist,81912.00,2019-08-20,375
3741,Aaron Powell,aaron.powell3741@corp.com,Marketing,Consultant,239984.00,2023-10-01,1350
3742,Elias Klein,elias.klein3742@corp.com,Finance,Engineer,200594.00,2018-07-10,3384
3743,Lourdes Shepard,lourdes.shepard3743@corp.com,Sales,Director,72497.00,2026-04-19,2640
3744,Dewayne Solis,dewayne.solis3744@corp.com,Customer Success,VP,103713.00,2017-12-04,2446
3745,Wilbur Serrano,wilbur.serrano3745@corp.com,Operations,Coordinator,241015.00,2016-08-21,266
3746,Nicholas Morales,nicholas.morales3746@corp.com,IT,Specialist,63249.00,2021-07-20,1585
3747,Bertha Rivas,bertha.rivas3747@corp.com,HR,Analyst,107633.00,2019-03-01,1950
3748,Cesar Parrish,cesar.parrish3748@corp.com,Legal,Analyst,158373.00,2021-10-19,2922
3749,Elvira Salinas,elvira.salinas3749@corp.com,Legal,VP,59918.00,2020-10-19,2460
3750,Jarrod Schneider,jarrod.schneider3750@corp.com,Finance,VP,85163.00,2018-01-18,2764
3751,Rebecca Phillips,rebecca.phillips3751@corp.com,HR,Engineer,225948.00,2017-01-10,479
3752,Antoinette Barrera,antoinette.barrera3752@corp.com,HR,Engineer,138979.00,2024-04-19,89
3753,Esperanza Middleton,esperanza.middleton3753@corp.com,Finance,Coordinator,234291.00,2023-07-05,2235
3754,Rolando Herman,rolando.herman3754@corp.com,HR,Analyst,217839.00,2022-01-28,2548
3755,Darnell Sharp,darnell.sharp3755@corp.com,Operations,Coordinator,46217.00,2023-08-04,1843
3756,Julie Bell,julie.bell3756@corp.com,Engineering,VP,45900.00,2019-12-07,2322
3757,Alfonso Friedman,alfonso.friedman3757@corp.com,Marketing,Director,230424.00,2017-11-15,1149
3758,Elva Roach,elva.roach3758@corp.com,R&D,Manager,68148.00,2021-10-16,2155
3759,Beverly Weaver,beverly.weaver3759@corp.com,R&D,Architect,91488.00,2025-05-31,3533
3760,Clara Maldonado,clara.maldonado3760@corp.com,Operations,Engineer,127304.00,2017-07-25,888
3761,Clark Doyle,clark.doyle3761@corp.com,Sales,Consultant,241348.00,2024-11-30,2563
3762,Jill McCoy,jill.mccoy3762@corp.com,HR,Senior Engineer,205612.00,2023-10-12,3248
3763,Ellen Carr,ellen.carr3763@corp.com,Legal,Manager,206740.00,2017-12-09,2287
3764,Estelle Hays,estelle.hays3764@corp.com,Finance,Consultant,153110.00,2019-08-16,1565
3765,Aida Lindsey,aida.lindsey3765@corp.com,Marketing,Engineer,176864.00,2024-07-15,3487
3766,Peter Vasquez,peter.vasquez3766@corp.com,Legal,Senior Engineer,118320.00,2026-03-08,2891
3767,Leigh Leach,leigh.leach3767@corp.com,IT,Engineer,234596.00,2023-04-17,2015
3768,Lucille Calderon,lucille.calderon3768@corp.com,IT,Consultant,45919.00,2022-05-19,2431
3769,Elsa Novak,elsa.novak3769@corp.com,Finance,Specialist,70664.00,2020-12-07,2345
3770,Colleen Richards,colleen.richards3770@corp.com,Legal,Coordinator,128922.00,2020-04-11,2012
3771,Rafael Schneider,rafael.schneider3771@corp.com,HR,Senior Engineer,191329.00,2018-12-29,3622
3772,Jaime Booker,jaime.booker3772@corp.com,Customer Success,Senior Engineer,161404.00,2019-04-11,3635
3773,Rebecca Phillips,rebecca.phillips3773@corp.com,Sales,VP,244577.00,2018-09-02,651
3774,Lorenzo Munoz,lorenzo.munoz3774@corp.com,Finance,Director,187124.00,2025-07-24,6
3775,Lori Marshall,lori.marshall3775@corp.com,Engineering,Architect,61067.00,2025-03-20,2014
3776,Cecelia Becker,cecelia.becker3776@corp.com,HR,Engineer,114724.00,2020-05-11,1757
3777,Rex Baird,rex.baird3777@corp.com,IT,Coordinator,159176.00,2019-12-17,2938
3778,Elma Salinas,elma.salinas3778@corp.com,IT,Coordinator,74844.00,2021-11-16,3247
3779,Muriel Glover,muriel.glover3779@corp.com,Sales,Senior Engineer,223130.00,2023-02-03,3443
3780,Essie Orr,essie.orr3780@corp.com,Marketing,Engineer,213649.00,2021-09-23,2428
3781,Robert Williamson,robert.williamson3781@corp.com,Legal,Architect,104807.00,2017-03-21,595
3782,Suzanne Holland,suzanne.holland3782@corp.com,Operations,Architect,118529.00,2022-03-21,1890
3783,Ricardo Buck,ricardo.buck3783@corp.com,Marketing,Consultant,160010.00,2019-04-23,2357
3784,Rufus Sutton,rufus.sutton3784@corp.com,Finance,Manager,81391.00,2022-09-29,1504
3785,Corinne Tyler,corinne.tyler3785@corp.com,R&D,Coordinator,178499.00,2022-10-21,223
3786,Ashley Robinson,ashley.robinson3786@corp.com,Marketing,VP,109766.00,2019-06-10,142
3787,Steven Walker,steven.walker3787@corp.com,Customer Success,Specialist,127639.00,2020-03-06,3722
3788,Earnest Barber,earnest.barber3788@corp.com,Customer Success,Consultant,135333.00,2018-11-09,2740
3789,Rod Gallagher,rod.gallagher3789@corp.com,R&D,Specialist,63287.00,2016-12-07,1321
3790,Marlon Sawyer,marlon.sawyer3790@corp.com,Marketing,Manager,127595.00,2024-06-22,302
3791,James Smith,james.smith3791@corp.com,Marketing,VP,217913.00,2025-09-13,3630
3792,Roger Gibson,roger.gibson3792@corp.com,Sales,Engineer,71181.00,2025-02-16,3123
3793,Madonna Wiggins,madonna.wiggins3793@corp.com,Operations,Senior Engineer,222440.00,2026-05-21,3348
3794,Deborah Mitchell,deborah.mitchell3794@corp.com,R&D,Architect,168308.00,2022-08-27,793
3795,Kyle Hamilton,kyle.hamilton3795@corp.com,R&D,Engineer,153038.00,2024-02-28,466
3796,Clifford Doyle,clifford.doyle3796@corp.com,IT,Engineer,245609.00,2025-08-30,1236
3797,Marcella English,marcella.english3797@corp.com,Sales,Manager,195489.00,2018-07-09,1827
3798,Elvira Salinas,elvira.salinas3798@corp.com,Customer Success,Architect,224250.00,2018-02-06,315
3799,Billy Hawkins,billy.hawkins3799@corp.com,Engineering,Director,227513.00,2017-10-29,1736
3800,Patricia Davis,patricia.davis3800@corp.com,IT,VP,206950.00,2016-11-06,2400
3801,Patrick Price,patrick.price3801@corp.com,Sales,Director,214516.00,2018-05-14,842
3802,Naomi Middleton,naomi.middleton3802@corp.com,Sales,VP,233212.00,2024-10-13,6
3803,Michelle Nguyen,michelle.nguyen3803@corp.com,Marketing,Architect,164868.00,2026-01-10,2609
3804,Erin Meyer,erin.meyer3804@corp.com,Engineering,Senior Engineer,143133.00,2026-04-08,3586
3805,Steven Walker,steven.walker3805@corp.com,Operations,Director,142440.00,2017-05-07,3595
3806,Shelby Horn,shelby.horn3806@corp.com,R&D,Architect,142220.00,2017-11-23,1582
3807,Ronald Carter,ronald.carter3807@corp.com,Operations,Coordinator,102337.00,2018-08-25,514
3808,Salvatore Odonnell,salvatore.odonnell3808@corp.com,Engineering,Director,78242.00,2026-05-06,3383
3809,Ian Morrison,ian.morrison3809@corp.com,Operations,Director,103298.00,2024-11-10,890
3810,Dwayne Conway,dwayne.conway3810@corp.com,Sales,Senior Engineer,169538.00,2025-09-09,3576
3811,Andrea Reyes,andrea.reyes3811@corp.com,Sales,Engineer,108872.00,2020-02-17,1769
3812,Francis Brennan,francis.brennan3812@corp.com,IT,Manager,211553.00,2024-02-28,3454
3813,Shelby Horn,shelby.horn3813@corp.com,HR,Consultant,165917.00,2023-10-16,1853
3814,Luis Gutierrez,luis.gutierrez3814@corp.com,Legal,Manager,123941.00,2021-01-20,415
3815,Forrest Brandt,forrest.brandt3815@corp.com,R&D,Consultant,55263.00,2022-08-12,410
3816,Eunice Conley,eunice.conley3816@corp.com,Engineering,Manager,240186.00,2019-03-29,145
3817,Dorothy Flores,dorothy.flores3817@corp.com,Sales,Senior Engineer,222044.00,2026-01-31,3714
3818,Evan Chapman,evan.chapman3818@corp.com,IT,Manager,97538.00,2018-07-27,111
3819,Mildred Snyder,mildred.snyder3819@corp.com,Finance,Specialist,113143.00,2024-11-21,1032
3820,Darius Bullock,darius.bullock3820@corp.com,Finance,Consultant,236446.00,2017-03-21,3726
3821,Dante Wilcox,dante.wilcox3821@corp.com,Finance,Analyst,162727.00,2021-12-29,1768
3822,Muriel Glover,muriel.glover3822@corp.com,Legal,Specialist,192245.00,2021-10-10,1633
3823,Ollie Barton,ollie.barton3823@corp.com,IT,Analyst,243410.00,2025-01-05,2795
3824,Loretta Mora,loretta.mora3824@corp.com,Marketing,Consultant,157795.00,2018-06-13,1492
3825,Hannah Graham,hannah.graham3825@corp.com,Marketing,Manager,246875.00,2020-10-03,3554
3826,Micheal Mcgee,micheal.mcgee3826@corp.com,IT,Architect,148071.00,2019-04-27,2354
3827,Loretta Mora,loretta.mora3827@corp.com,R&D,Director,63087.00,2024-01-03,2601
3828,Colleen Russell,colleen.russell3828@corp.com,Operations,Analyst,139469.00,2021-11-02,563
3829,Francis Brennan,francis.brennan3829@corp.com,IT,Specialist,200555.00,2026-01-08,2213
3830,Leticia Klein,leticia.klein3830@corp.com,Operations,Senior Engineer,114367.00,2020-03-15,226
3831,Mandy Ware,mandy.ware3831@corp.com,Operations,Manager,48234.00,2018-04-25,2117
3832,Vernon Hood,vernon.hood3832@corp.com,Customer Success,Engineer,50785.00,2018-06-15,3531
3833,Austin Harper,austin.harper3833@corp.com,Engineering,VP,244706.00,2024-06-14,707
3834,Angela Murphy,angela.murphy3834@corp.com,Marketing,Coordinator,122100.00,2020-12-19,224
3835,Lela Montoya,lela.montoya3835@corp.com,Finance,Director,65645.00,2020-07-29,1403
3836,Judith Bryant,judith.bryant3836@corp.com,Finance,Coordinator,240131.00,2022-09-03,2574
3837,Marlin Fuentes,marlin.fuentes3837@corp.com,R&D,Manager,61343.00,2023-11-24,2935
3838,Loren Solis,loren.solis3838@corp.com,Operations,Director,87928.00,2022-05-15,2227
3839,Velma Brennan,velma.brennan3839@corp.com,Engineering,Engineer,75311.00,2020-08-13,764
3840,Sean Harrison,sean.harrison3840@corp.com,Operations,VP,196578.00,2019-11-08,466
3841,Robert Johnson,robert.johnson3841@corp.com,Legal,VP,209205.00,2017-06-15,1914
3842,Aurora Andersen,aurora.andersen3842@corp.com,Finance,Analyst,235717.00,2025-03-19,2612
3843,Janet Sanders,janet.sanders3843@corp.com,Engineering,Architect,247227.00,2022-01-08,3732
3844,Denise Grant,denise.grant3844@corp.com,HR,Specialist,154428.00,2024-03-22,2734
3845,Jayden Williamson,jayden.williamson3845@corp.com,Sales,Coordinator,80857.00,2019-07-28,2092
3846,Kurt Fischer,kurt.fischer3846@corp.com,Legal,Engineer,85948.00,2016-11-14,3367
3847,Evan Chapman,evan.chapman3847@corp.com,Legal,Director,118577.00,2017-01-01,1650
3848,Rashad Villarreal,rashad.villarreal3848@corp.com,Marketing,Senior Engineer,124614.00,2020-12-23,2967
3849,Rachel Mendoza,rachel.mendoza3849@corp.com,Operations,Coordinator,214411.00,2025-07-16,3145
3850,Jeannie Krause,jeannie.krause3850@corp.com,R&D,Manager,90668.00,2022-04-06,2579
3851,Noel Parrish,noel.parrish3851@corp.com,IT,Coordinator,200898.00,2023-12-24,3299
3852,Kathleen Reyes,kathleen.reyes3852@corp.com,Marketing,Architect,199481.00,2022-06-03,2653
3853,Morgan Hansen,morgan.hansen3853@corp.com,Sales,Engineer,194907.00,2020-02-04,2306
3854,Benjamin Ward,benjamin.ward3854@corp.com,Marketing,Specialist,120977.00,2017-11-06,3801
3855,Stacey Wolf,stacey.wolf3855@corp.com,R&D,Architect,207431.00,2020-03-23,3838
3856,Randal Kaufman,randal.kaufman3856@corp.com,Engineering,VP,176142.00,2022-09-13,3356
3857,Loretta Mora,loretta.mora3857@corp.com,Engineering,Engineer,181625.00,2021-04-20,3825
3858,Jesus Alexander,jesus.alexander3858@corp.com,Legal,VP,106503.00,2021-12-23,3686
3859,Mable Norton,mable.norton3859@corp.com,Engineering,Specialist,63233.00,2023-08-17,2878
3860,Elsa Novak,elsa.novak3860@corp.com,Legal,VP,235435.00,2024-11-06,170
3861,Stephanie Roberts,stephanie.roberts3861@corp.com,Sales,Architect,162311.00,2016-11-24,2623
3862,David Rodriguez,david.rodriguez3862@corp.com,HR,Engineer,166975.00,2025-02-28,1114
3863,Fernando Glass,fernando.glass3863@corp.com,Operations,Analyst,121071.00,2018-10-16,116
3864,Ross Stein,ross.stein3864@corp.com,Customer Success,Specialist,65889.00,2023-05-16,264
3865,Neva Bradford,neva.bradford3865@corp.com,Customer Success,Consultant,130092.00,2021-01-21,905
3866,Lula Charles,lula.charles3866@corp.com,HR,Architect,152495.00,2021-01-19,2134
3867,Samuel Watson,samuel.watson3867@corp.com,Customer Success,Senior Engineer,156405.00,2024-12-27,489
3868,Gustavo Pitts,gustavo.pitts3868@corp.com,HR,Architect,226053.00,2021-12-23,3402
3869,Aileen Lindsey,aileen.lindsey3869@corp.com,Finance,Consultant,117338.00,2019-03-02,2382
3870,Laura Parker,laura.parker3870@corp.com,Marketing,Analyst,116222.00,2017-10-05,2056
3871,Jana Castaneda,jana.castaneda3871@corp.com,Operations,Engineer,204274.00,2023-11-22,2512
3872,Noah Hart,noah.hart3872@corp.com,Customer Success,Engineer,45705.00,2020-02-01,3293
3873,Alan Castillo,alan.castillo3873@corp.com,IT,Manager,233596.00,2019-10-18,923
3874,Abraham Pitts,abraham.pitts3874@corp.com,R&D,Coordinator,157485.00,2020-11-22,3753
3875,Alan Castillo,alan.castillo3875@corp.com,Sales,Director,118351.00,2022-04-10,3746
3876,Patricia Davis,patricia.davis3876@corp.com,Legal,Engineer,198745.00,2023-03-23,1844
3877,Jean McDonald,jean.mcdonald3877@corp.com,Marketing,VP,177033.00,2025-08-08,1522
3878,Juan Matthews,juan.matthews3878@corp.com,Marketing,Analyst,248809.00,2021-08-22,3838
3879,Nannie Roth,nannie.roth3879@corp.com,IT,Manager,242310.00,2017-08-27,537
3880,Orlando Herman,orlando.herman3880@corp.com,Customer Success,Manager,202610.00,2024-11-21,2633
3881,Irene Glover,irene.glover3881@corp.com,Customer Success,Coordinator,161546.00,2024-09-06,1533
3882,Lanny Rubio,lanny.rubio3882@corp.com,R&D,Consultant,177110.00,2023-11-02,905
3883,Corey Howell,corey.howell3883@corp.com,Customer Success,Senior Engineer,245529.00,2016-09-21,3780
3884,Henry Perry,henry.perry3884@corp.com,R&D,Director,178026.00,2022-01-30,446
3885,Jason Evans,jason.evans3885@corp.com,IT,Senior Engineer,223026.00,2023-11-19,34
3886,Ronald Carter,ronald.carter3886@corp.com,Legal,Engineer,206938.00,2024-12-29,3787
3887,Irene Glover,irene.glover3887@corp.com,Customer Success,Coordinator,63291.00,2026-07-11,3305
3888,Ollie Paul,ollie.paul3888@corp.com,HR,VP,248464.00,2024-01-02,1206
3889,Irene Glover,irene.glover3889@corp.com,IT,Coordinator,91406.00,2022-04-30,1132
3890,Amanda Baker,amanda.baker3890@corp.com,Marketing,Analyst,176719.00,2025-12-02,1782
3891,Samantha Richardson,samantha.richardson3891@corp.com,Engineering,VP,156016.00,2018-02-17,1820
3892,Pablo Lynn,pablo.lynn3892@corp.com,Operations,VP,131732.00,2017-09-15,896
3893,Doreen Orr,doreen.orr3893@corp.com,Finance,Consultant,123971.00,2020-06-30,503
3894,Forrest Brandt,forrest.brandt3894@corp.com,Operations,Architect,222534.00,2023-03-27,2582
3895,Grant Sutton,grant.sutton3895@corp.com,Sales,Coordinator,133144.00,2018-09-28,148
3896,Cedric Hood,cedric.hood3896@corp.com,HR,Analyst,197563.00,2017-02-05,386
3897,Joann Sullivan,joann.sullivan3897@corp.com,Marketing,Coordinator,192379.00,2026-05-15,1876
3898,Debra Bennett,debra.bennett3898@corp.com,Engineering,Senior Engineer,83808.00,2022-08-06,968
3899,Reid Velasquez,reid.velasquez3899@corp.com,Customer Success,Analyst,152719.00,2024-08-07,374
3900,Jennifer Williams,jennifer.williams3900@corp.com,IT,Director,117441.00,2024-04-10,1640
3901,Carol Adams,carol.adams3901@corp.com,Finance,Director,107293.00,2021-06-10,1829
3902,Brittany Arnold,brittany.arnold3902@corp.com,IT,VP,191046.00,2023-04-28,950
3903,Doris Orr,doris.orr3903@corp.com,IT,Senior Engineer,94960.00,2026-02-07,530
3904,Rosemarie Dickerson,rosemarie.dickerson3904@corp.com,Engineering,Architect,184645.00,2024-04-30,3477
3905,Joesph Mckinney,joesph.mckinney3905@corp.com,Sales,Specialist,197950.00,2024-10-19,54
3906,Colleen Russell,colleen.russell3906@corp.com,IT,Specialist,216936.00,2017-06-11,3106
3907,Socorro Bean,socorro.bean3907@corp.com,Finance,Analyst,158139.00,2023-02-09,2894
3908,Mason Greene,mason.greene3908@corp.com,Sales,Analyst,199506.00,2018-10-14,201
3909,Elizabeth Martinez,elizabeth.martinez3909@corp.com,R&D,Consultant,197953.00,2021-09-21,2233
3910,Brittany Arnold,brittany.arnold3910@corp.com,Operations,Senior Engineer,227826.00,2023-11-11,1806
3911,Nora Andersen,nora.andersen3911@corp.com,Legal,VP,75941.00,2024-11-16,107
3912,Anna Sherman,anna.sherman3912@corp.com,Sales,Analyst,187083.00,2018-06-28,1705
3913,Laura Parker,laura.parker3913@corp.com,Marketing,Coordinator,78377.00,2021-05-31,847
3914,Lyle Ware,lyle.ware3914@corp.com,Operations,Engineer,225285.00,2018-09-18,2088
3915,Dante Herman,dante.herman3915@corp.com,IT,VP,188352.00,2019-08-11,391
3916,Laurence Pruitt,laurence.pruitt3916@corp.com,Legal,Manager,239732.00,2016-09-14,1613
3917,Graham Pitts,graham.pitts3917@corp.com,Customer Success,Analyst,102303.00,2025-07-23,2779
3918,Gilbert Doyle,gilbert.doyle3918@corp.com,Customer Success,Manager,48943.00,2019-09-10,2551
3919,Lanny Rubio,lanny.rubio3919@corp.com,Customer Success,Architect,221446.00,2018-02-15,2870
3920,Claude Blackburn,claude.blackburn3920@corp.com,Engineering,Director,126522.00,2024-05-21,3109
3921,Lyle Ware,lyle.ware3921@corp.com,Sales,Coordinator,132706.00,2018-07-08,2299
3922,Luther Heath,luther.heath3922@corp.com,Operations,Analyst,151785.00,2021-01-29,2734
3923,Deon Madden,deon.madden3923@corp.com,Engineering,VP,78679.00,2026-04-17,2559
3924,Daryl Larsen,daryl.larsen3924@corp.com,Sales,Senior Engineer,209609.00,2025-05-21,2783
3925,Sondra Bean,sondra.bean3925@corp.com,HR,Coordinator,66828.00,2023-03-23,981
3926,Darlene Soto,darlene.soto3926@corp.com,Customer Success,Analyst,94524.00,2026-03-01,3156
3927,Douglas Henderson,douglas.henderson3927@corp.com,Operations,Specialist,242394.00,2022-10-30,1086
3928,Leigh Leach,leigh.leach3928@corp.com,Sales,Consultant,65008.00,2018-11-13,895
3929,Marci Franco,marci.franco3929@corp.com,R&D,VP,108972.00,2021-03-28,686
3930,Chase Fernandez,chase.fernandez3930@corp.com,Operations,Senior Engineer,45822.00,2017-11-28,1176
3931,Peter Vasquez,peter.vasquez3931@corp.com,Operations,Director,240239.00,2016-10-06,1349
3932,Eric Cook,eric.cook3932@corp.com,Finance,Specialist,136864.00,2020-02-18,2460
3933,Ian Morrison,ian.morrison3933@corp.com,Finance,Senior Engineer,118932.00,2025-05-28,3636
3934,Andre Hampton,andre.hampton3934@corp.com,Finance,Coordinator,135819.00,2024-08-07,851
3935,Rachel Mendoza,rachel.mendoza3935@corp.com,Legal,Manager,127629.00,2018-09-03,3724
3936,Bradford Mcclure,bradford.mcclure3936@corp.com,Engineering,VP,206456.00,2026-06-15,3764
3937,Lourdes Shepard,lourdes.shepard3937@corp.com,IT,Manager,152214.00,2025-11-16,1376
3938,Alfonso Friedman,alfonso.friedman3938@corp.com,Legal,Manager,153806.00,2020-09-01,1219
3939,Judith Bryant,judith.bryant3939@corp.com,Marketing,Specialist,129424.00,2024-09-09,2125
3940,Ruth Myers,ruth.myers3940@corp.com,Customer Success,Senior Engineer,167359.00,2016-10-17,522
3941,Ruby Stone,ruby.stone3941@corp.com,HR,Consultant,242250.00,2020-01-31,609
3942,Rudy Black,rudy.black3942@corp.com,Sales,Manager,59622.00,2021-03-15,2933
3943,Lillian Berry,lillian.berry3943@corp.com,IT,Manager,198432.00,2017-10-21,424
3944,Kristine Ashley,kristine.ashley3944@corp.com,Sales,Consultant,227313.00,2024-06-07,2498
3945,Carl Wallace,carl.wallace3945@corp.com,R&D,Specialist,67181.00,2026-01-04,3582
3946,Alberta York,alberta.york3946@corp.com,Engineering,VP,64610.00,2020-07-02,27
3947,Forrest Brandt,forrest.brandt3947@corp.com,Finance,Consultant,94077.00,2017-02-24,880
3948,Rosemarie Dickerson,rosemarie.dickerson3948@corp.com,R&D,Director,183988.00,2022-10-17,2629
3949,Gustavo Pitts,gustavo.pitts3949@corp.com,Engineering,Director,215508.00,2021-06-09,1266
3950,Reba Tyler,reba.tyler3950@corp.com,Sales,Consultant,90662.00,2022-02-25,1503
3951,Rory Sawyer,rory.sawyer3951@corp.com,R&D,Specialist,245579.00,2022-03-01,1576
3952,Elsa Novak,elsa.novak3952@corp.com,Engineering,Coordinator,47932.00,2017-01-11,2356
3953,Lucille Calderon,lucille.calderon3953@corp.com,Customer Success,VP,248075.00,2022-05-26,3874
3954,Bruce Perkins,bruce.perkins3954@corp.com,Sales,Manager,118372.00,2021-03-14,3170
3955,Rex Booker,rex.booker3955@corp.com,Customer Success,Analyst,159138.00,2022-01-06,3605
3956,Roy Ray,roy.ray3956@corp.com,Operations,Analyst,184977.00,2025-08-10,1437
3957,Beatrice Olsen,beatrice.olsen3957@corp.com,Customer Success,Specialist,160572.00,2026-02-19,2119
3958,Rosie Hobbs,rosie.hobbs3958@corp.com,IT,Engineer,106131.00,2019-05-14,920
3959,Alfonso Friedman,alfonso.friedman3959@corp.com,Operations,Senior Engineer,127164.00,2024-06-26,3669
3960,Dora Acosta,dora.acosta3960@corp.com,Sales,Engineer,68664.00,2024-03-23,2702
3961,Tracey Johnston,tracey.johnston3961@corp.com,Customer Success,Senior Engineer,109600.00,2023-04-16,546
3962,Inez Rollins,inez.rollins3962@corp.com,Customer Success,Engineer,222907.00,2023-07-03,1350
3963,Wallace Roy,wallace.roy3963@corp.com,Finance,Architect,206658.00,2021-01-09,3378
3964,Jeri Charles,jeri.charles3964@corp.com,Marketing,Director,52983.00,2025-09-23,3641
3965,Jessica Wilson,jessica.wilson3965@corp.com,Legal,Specialist,65127.00,2025-08-12,899
3966,Kendrick Glass,kendrick.glass3966@corp.com,Engineering,Specialist,109661.00,2024-06-14,436
3967,Rolland Buck,rolland.buck3967@corp.com,Legal,Director,97109.00,2019-01-10,2719
3968,Marcella English,marcella.english3968@corp.com,Customer Success,Analyst,64009.00,2017-06-16,2193
3969,Sandra Ramirez,sandra.ramirez3969@corp.com,Finance,VP,60021.00,2025-06-21,3767
3970,Dolores Pena,dolores.pena3970@corp.com,R&D,Consultant,223352.00,2026-05-14,1446
3971,Deborah Mitchell,deborah.mitchell3971@corp.com,Sales,Specialist,139799.00,2023-01-04,665
3972,Mitchell Santiago,mitchell.santiago3972@corp.com,IT,Specialist,234637.00,2021-01-22,482
3973,Nadine Grimes,nadine.grimes3973@corp.com,HR,Consultant,126154.00,2026-06-11,2338
3974,Thomas Anderson,thomas.anderson3974@corp.com,HR,Senior Engineer,114311.00,2021-07-01,3807
3975,Hector Lambert,hector.lambert3975@corp.com,Customer Success,Coordinator,73254.00,2024-10-24,1693
3976,Morris Koch,morris.koch3976@corp.com,Finance,Director,116937.00,2022-06-04,2928
3977,Lela Montoya,lela.montoya3977@corp.com,Finance,Manager,50535.00,2021-10-22,2706
3978,Mabel Donaldson,mabel.donaldson3978@corp.com,Customer Success,Consultant,60202.00,2025-10-24,1057
3979,Lynne Hobbs,lynne.hobbs3979@corp.com,Legal,Director,215834.00,2018-03-26,3142
3980,Kathryn Hayes,kathryn.hayes3980@corp.com,Finance,Architect,229981.00,2016-11-27,374
3981,Rene Ware,rene.ware3981@corp.com,IT,VP,148347.00,2018-02-03,446
3982,Mariah Jimenez,mariah.jimenez3982@corp.com,R&D,Coordinator,229251.00,2020-04-11,1463
3983,Megan Simmons,megan.simmons3983@corp.com,HR,Consultant,238638.00,2023-08-25,2640
3984,Monica Stanley,monica.stanley3984@corp.com,IT,Engineer,214934.00,2016-09-16,1160
3985,Bret Hays,bret.hays3985@corp.com,HR,Engineer,101139.00,2021-05-19,2643
3986,Arthur Cole,arthur.cole3986@corp.com,R&D,Analyst,132858.00,2021-05-11,2198
3987,Jacob Collins,jacob.collins3987@corp.com,Operations,Senior Engineer,49452.00,2026-06-18,59
3988,Juan Matthews,juan.matthews3988@corp.com,Operations,Consultant,78523.00,2024-05-25,2375
3989,Daron Hess,daron.hess3989@corp.com,Legal,Manager,181363.00,2024-06-09,656
3990,Mattie Potter,mattie.potter3990@corp.com,HR,VP,169807.00,2018-05-13,1529
3991,Elma Salinas,elma.salinas3991@corp.com,Legal,Specialist,84944.00,2018-12-17,76
3992,Toby Kirk,toby.kirk3992@corp.com,Legal,Manager,214588.00,2021-11-14,977
3993,Christina Ellis,christina.ellis3993@corp.com,Customer Success,Analyst,146982.00,2023-09-23,1228
3994,Mabel Donaldson,mabel.donaldson3994@corp.com,Finance,Consultant,232286.00,2021-09-18,3959
3995,Jodie Wiggins,jodie.wiggins3995@corp.com,Operations,Director,134234.00,2026-05-25,634
3996,Nathan Gonzales,nathan.gonzales3996@corp.com,IT,Senior Engineer,98332.00,2021-03-16,1737
3997,Raymond Ruiz,raymond.ruiz3997@corp.com,HR,Coordinator,56198.00,2023-07-05,754
3998,Miriam Berg,miriam.berg3998@corp.com,IT,Engineer,174440.00,2026-05-17,1582
3999,Raul Morse,raul.morse3999@corp.com,Engineering,Director,103532.00,2017-08-14,1714
4000,Ronald Carter,ronald.carter4000@corp.com,Legal,Consultant,234118.00,2018-09-16,2289
4001,Clifton Blackburn,clifton.blackburn4001@corp.com,Finance,Engineer,66872.00,2019-12-17,420
4002,Dorian Serrano,dorian.serrano4002@corp.com,R&D,Consultant,60662.00,2020-10-30,613
4003,Clark Doyle,clark.doyle4003@corp.com,HR,Coordinator,207105.00,2019-12-10,2814
4004,Mark Clark,mark.clark4004@corp.com,HR,Director,118220.00,2019-05-07,1356
4005,Wallace Roy,wallace.roy4005@corp.com,Customer Success,VP,55857.00,2021-04-14,123
4006,Joyce Butler,joyce.butler4006@corp.com,IT,Senior Engineer,93509.00,2022-05-20,3070
4007,Thaddeus Conway,thaddeus.conway4007@corp.com,R&D,VP,151063.00,2017-08-02,2611
4008,Noah Hart,noah.hart4008@corp.com,Operations,Senior Engineer,146107.00,2025-06-01,287
4009,Ollie Paul,ollie.paul4009@corp.com,Sales,Senior Engineer,67129.00,2021-03-15,3920
4010,Harold Reynolds,harold.reynolds4010@corp.com,Operations,Senior Engineer,153893.00,2020-01-10,2939
4011,Don Morse,don.morse4011@corp.com,Finance,Engineer,66872.00,2025-07-13,3918
4012,Cameron Montgomery,cameron.montgomery4012@corp.com,Engineering,Architect,137804.00,2017-10-25,259
4013,Stephen Morgan,stephen.morgan4013@corp.com,Legal,Architect,83515.00,2025-05-27,281
4014,Marsha Fleming,marsha.fleming4014@corp.com,Finance,Manager,197734.00,2020-03-03,932
4015,Dorian Serrano,dorian.serrano4015@corp.com,Engineering,Senior Engineer,239735.00,2020-05-17,3036
4016,Harriet Guthrie,harriet.guthrie4016@corp.com,Operations,Engineer,52183.00,2018-06-06,6
4017,Johnnie Boyer,johnnie.boyer4017@corp.com,Legal,Director,70523.00,2021-01-31,3827
4018,Dolores Pena,dolores.pena4018@corp.com,HR,Consultant,108798.00,2022-12-04,3276
4019,Lyle Ware,lyle.ware4019@corp.com,Engineering,Analyst,173771.00,2020-12-31,1304
4020,Nell Wiley,nell.wiley4020@corp.com,Legal,Senior Engineer,217758.00,2026-02-15,2586
4021,Samuel Watson,samuel.watson4021@corp.com,Finance,Engineer,125959.00,2024-11-18,899
4022,Garry Huff,garry.huff4022@corp.com,R&D,Senior Engineer,99996.00,2021-06-01,188
4023,Lamont Velez,lamont.velez4023@corp.com,Operations,Senior Engineer,167564.00,2017-12-11,3894
4024,Betty White,betty.white4024@corp.com,IT,Senior Engineer,151762.00,2017-09-05,399
4025,Devin Burton,devin.burton4025@corp.com,Legal,Specialist,110002.00,2022-03-11,3561
4026,Alexander Gray,alexander.gray4026@corp.com,Finance,Manager,71052.00,2017-01-11,3090
4027,Katherine Brooks,katherine.brooks4027@corp.com,R&D,Analyst,67945.00,2021-08-26,2697
4028,Ricardo Buck,ricardo.buck4028@corp.com,Operations,VP,131016.00,2025-02-18,261
4029,Claudia Kinney,claudia.kinney4029@corp.com,Operations,VP,123323.00,2017-01-27,1747
4030,Dora Acosta,dora.acosta4030@corp.com,HR,Senior Engineer,186628.00,2025-11-04,1378
4031,Corinne Tyler,corinne.tyler4031@corp.com,Customer Success,Manager,199382.00,2017-04-22,2314
4032,Derek Bishop,derek.bishop4032@corp.com,Legal,Consultant,238077.00,2023-10-21,864
4033,Byron Madden,byron.madden4033@corp.com,Customer Success,Consultant,151570.00,2019-03-24,407
4034,Mable Norton,mable.norton4034@corp.com,HR,Consultant,246103.00,2018-09-15,1055
4035,Inez Conley,inez.conley4035@corp.com,Finance,Senior Engineer,149927.00,2026-07-07,435
4036,Effie Hale,effie.hale4036@corp.com,HR,Engineer,231075.00,2019-11-02,962
4037,Fannie Hutchinson,fannie.hutchinson4037@corp.com,IT,Analyst,223477.00,2026-01-04,1101
4038,Annie Carroll,annie.carroll4038@corp.com,Engineering,Coordinator,154802.00,2022-06-14,2271
4039,Jose Sullivan,jose.sullivan4039@corp.com,R&D,Director,122125.00,2017-03-02,3229
4040,Alfonso Friedman,alfonso.friedman4040@corp.com,Customer Success,Engineer,77487.00,2021-03-25,480
4041,Keith Ferguson,keith.ferguson4041@corp.com,Operations,Specialist,124425.00,2024-09-07,1204
4042,Antoinette Barrera,antoinette.barrera4042@corp.com,Marketing,Coordinator,60839.00,2023-12-17,3431
4043,Esperanza Middleton,esperanza.middleton4043@corp.com,HR,Analyst,133142.00,2018-04-16,1498
4044,Colleen Russell,colleen.russell4044@corp.com,Engineering,Coordinator,93292.00,2024-10-22,2821
4045,Pat Moran,pat.moran4045@corp.com,R&D,Analyst,127150.00,2020-12-18,227
4046,Christian Woods,christian.woods4046@corp.com,Marketing,Engineer,195754.00,2016-08-10,2807
4047,Billy Hawkins,billy.hawkins4047@corp.com,Customer Success,Specialist,71605.00,2017-09-14,2769
4048,Rusty Berg,rusty.berg4048@corp.com,Operations,Manager,225791.00,2022-07-03,3342
4049,Antoinette Barrera,antoinette.barrera4049@corp.com,Sales,Engineer,246886.00,2020-01-09,3088
4050,Joe Kim,joe.kim4050@corp.com,Finance,Engineer,214823.00,2025-10-21,3256
4051,Denise Grant,denise.grant4051@corp.com,Customer Success,Consultant,195751.00,2019-05-20,660
4052,Daren Booth,daren.booth4052@corp.com,HR,Director,150725.00,2020-12-20,1953
4053,Arthur Cole,arthur.cole4053@corp.com,Customer Success,Engineer,103048.00,2017-10-21,1000
4054,Jesus Alexander,jesus.alexander4054@corp.com,R&D,Analyst,139875.00,2026-01-11,3893
4055,Candy Wolf,candy.wolf4055@corp.com,Legal,Manager,180316.00,2018-09-09,2920
4056,Dante Wilcox,dante.wilcox4056@corp.com,R&D,Senior Engineer,227666.00,2022-12-13,1307
4057,Emily King,emily.king4057@corp.com,HR,Senior Engineer,164477.00,2022-10-19,3826
4058,Jenny Hardin,jenny.hardin4058@corp.com,Legal,Engineer,201955.00,2020-12-26,1593
4059,Guadalupe Stanley,guadalupe.stanley4059@corp.com,Engineering,Specialist,233469.00,2023-08-01,3690
4060,Frances Mills,frances.mills4060@corp.com,R&D,Specialist,235108.00,2019-09-02,2750
4061,Carroll Bullock,carroll.bullock4061@corp.com,Sales,Director,142692.00,2021-08-28,1792
4062,Ricardo Tapia,ricardo.tapia4062@corp.com,HR,Architect,132330.00,2022-07-29,1388
4063,Kayla Cunningham,kayla.cunningham4063@corp.com,Engineering,Manager,79971.00,2017-03-20,3752
4064,Annie Carroll,annie.carroll4064@corp.com,Sales,Engineer,141341.00,2019-04-06,2496
4065,Jewel Rivas,jewel.rivas4065@corp.com,Engineering,Architect,86108.00,2023-01-16,395
4066,Jerry Acosta,jerry.acosta4066@corp.com,Legal,Analyst,159634.00,2019-12-22,2490
4067,Angelo Nolan,angelo.nolan4067@corp.com,Operations,Analyst,248651.00,2018-03-24,1129
4068,Martin Sharp,martin.sharp4068@corp.com,Customer Success,Consultant,89582.00,2022-04-25,3182
4069,Garrett Huff,garrett.huff4069@corp.com,Legal,Manager,61170.00,2025-06-03,76
4070,Nina Browning,nina.browning4070@corp.com,R&D,Director,84352.00,2024-07-01,311
4071,Rufus Sutton,rufus.sutton4071@corp.com,Finance,Analyst,169381.00,2026-04-12,3169
4072,Jesus Alexander,jesus.alexander4072@corp.com,R&D,Coordinator,121409.00,2023-07-12,3711
4073,Cathy Hobbs,cathy.hobbs4073@corp.com,Finance,Engineer,163191.00,2022-06-10,741
4074,Calvin Ortega,calvin.ortega4074@corp.com,IT,Consultant,219050.00,2023-01-31,2293
4075,Jenny Hardin,jenny.hardin4075@corp.com,IT,Coordinator,117041.00,2022-02-22,2972
4076,Christine Wood,christine.wood4076@corp.com,R&D,Analyst,235738.00,2021-02-15,3608
4077,Teri Valencia,teri.valencia4077@corp.com,Legal,Coordinator,179158.00,2023-03-20,1083
4078,Jerry Long,jerry.long4078@corp.com,Sales,Coordinator,204123.00,2017-09-11,3522
4079,Kayla Cunningham,kayla.cunningham4079@corp.com,IT,Manager,244725.00,2024-05-05,1266
4080,Rudy Sutton,rudy.sutton4080@corp.com,R&D,Director,65156.00,2024-08-25,1274
4081,Myra Horne,myra.horne4081@corp.com,Sales,Coordinator,114071.00,2020-06-23,3294
4082,Joyce Butler,joyce.butler4082@corp.com,HR,Consultant,69113.00,2026-05-14,3265
4083,Angelo Pacheco,angelo.pacheco4083@corp.com,Customer Success,Engineer,128536.00,2021-06-06,3965
4084,Nancy Martin,nancy.martin4084@corp.com,Finance,VP,58070.00,2017-04-24,963
4085,Grant Sutton,grant.sutton4085@corp.com,IT,VP,220617.00,2020-05-18,3616
4086,Matthew Thompson,matthew.thompson4086@corp.com,Engineering,Specialist,122614.00,2018-05-12,3636
4087,Leo Velasquez,leo.velasquez4087@corp.com,Operations,Manager,55870.00,2022-07-13,2454
4088,Rene Ware,rene.ware4088@corp.com,Finance,Director,94991.00,2023-08-29,1377
4089,Lynne Hale,lynne.hale4089@corp.com,R&D,Director,200601.00,2026-04-04,912
4090,Johnnie Hobbs,johnnie.hobbs4090@corp.com,Finance,Engineer,201987.00,2016-09-30,2522
4091,Teri Valencia,teri.valencia4091@corp.com,Marketing,Senior Engineer,124250.00,2016-08-30,3396
4092,Rosemarie Dickerson,rosemarie.dickerson4092@corp.com,HR,Senior Engineer,110907.00,2020-11-17,1528
4093,Aurora Andersen,aurora.andersen4093@corp.com,Legal,Specialist,227064.00,2022-03-27,3283
4094,Juanita Krueger,juanita.krueger4094@corp.com,Customer Success,Specialist,66762.00,2020-01-01,1959
4095,Raul Morse,raul.morse4095@corp.com,Finance,Architect,189167.00,2025-10-31,802
4096,Roslyn Browning,roslyn.browning4096@corp.com,Marketing,Architect,125574.00,2016-08-03,3329
4097,Arlene Moon,arlene.moon4097@corp.com,IT,Manager,76785.00,2016-12-25,2550
4098,Ramon Velez,ramon.velez4098@corp.com,Sales,Director,202065.00,2024-11-10,2837
4099,George Hall,george.hall4099@corp.com,Legal,Director,122637.00,2025-04-02,2334
4100,Dennis Patel,dennis.patel4100@corp.com,Marketing,VP,180839.00,2026-02-21,4049
4101,Erik Mclaughlin,erik.mclaughlin4101@corp.com,Operations,Analyst,223321.00,2018-11-08,3138
4102,Marlon Sawyer,marlon.sawyer4102@corp.com,Engineering,Specialist,136066.00,2020-08-30,1797
4103,Cathy Hobbs,cathy.hobbs4103@corp.com,Marketing,VP,102053.00,2023-11-25,539
4104,Beatrice Olsen,beatrice.olsen4104@corp.com,R&D,Architect,164572.00,2022-09-10,2241
4105,Rusty Berg,rusty.berg4105@corp.com,Finance,Coordinator,95281.00,2018-10-22,3758
4106,Larry Peterson,larry.peterson4106@corp.com,R&D,Specialist,67049.00,2025-08-21,2975
4107,Timothy Gomez,timothy.gomez4107@corp.com,R&D,Engineer,165706.00,2021-06-06,2876
4108,Michelle Nguyen,michelle.nguyen4108@corp.com,Finance,Coordinator,169420.00,2023-10-11,1391
4109,Susie Valencia,susie.valencia4109@corp.com,Finance,Engineer,168107.00,2021-01-15,27
4110,Reba Tyler,reba.tyler4110@corp.com,Operations,Architect,203431.00,2017-04-23,462
4111,Sara Griffin,sara.griffin4111@corp.com,Customer Success,Specialist,236464.00,2019-06-11,3179
4112,James Smith,james.smith4112@corp.com,Legal,Architect,87022.00,2017-05-13,3505
4113,Juan Matthews,juan.matthews4113@corp.com,Customer Success,Analyst,85723.00,2024-07-26,266
4114,Inez Rollins,inez.rollins4114@corp.com,IT,Manager,150852.00,2019-09-11,156
4115,Dave Quinn,dave.quinn4115@corp.com,Customer Success,Consultant,210839.00,2026-07-15,3766
4116,Nancy Martin,nancy.martin4116@corp.com,R&D,Senior Engineer,66293.00,2023-08-28,352
4117,Lela Montoya,lela.montoya4117@corp.com,Customer Success,Director,236364.00,2017-06-24,1587
4118,Marilyn Ferguson,marilyn.ferguson4118@corp.com,Customer Success,Manager,145941.00,2022-08-31,3629
4119,Nina Browning,nina.browning4119@corp.com,Legal,Analyst,83575.00,2026-07-03,1677
4120,Colin Bowers,colin.bowers4120@corp.com,Finance,Manager,241841.00,2024-09-12,2904
4121,Alma Hutchinson,alma.hutchinson4121@corp.com,R&D,Architect,229739.00,2019-10-26,1903
4122,Darnell Sharp,darnell.sharp4122@corp.com,Legal,Coordinator,228388.00,2023-07-25,2171
4123,Jesus Alexander,jesus.alexander4123@corp.com,Finance,Specialist,145866.00,2024-07-09,1016
4124,Genevieve Horn,genevieve.horn4124@corp.com,Customer Success,Engineer,157165.00,2019-10-20,2908
4125,Betty White,betty.white4125@corp.com,Engineering,Analyst,196247.00,2023-12-03,3278
4126,Sal Larsen,sal.larsen4126@corp.com,Customer Success,VP,101543.00,2021-06-27,2742
4127,Helen Cox,helen.cox4127@corp.com,Sales,VP,211062.00,2022-08-03,1563
4128,Donald Lewis,donald.lewis4128@corp.com,Engineering,Specialist,133543.00,2026-05-11,433
4129,Lynette Donaldson,lynette.donaldson4129@corp.com,Operations,Engineer,76349.00,2016-09-06,521
4130,David Rodriguez,david.rodriguez4130@corp.com,HR,Senior Engineer,191416.00,2019-09-10,1547
4131,Harriet Guthrie,harriet.guthrie4131@corp.com,Engineering,Engineer,248156.00,2019-12-30,495
4132,Curt Macdonald,curt.macdonald4132@corp.com,Sales,Coordinator,106114.00,2017-12-05,159
4133,Christopher Jackson,christopher.jackson4133@corp.com,HR,Architect,183174.00,2021-10-27,4035
4134,Jonathan Gutierrez,jonathan.gutierrez4134@corp.com,Engineering,Director,103991.00,2021-04-16,916
4135,Patsy Glover,patsy.glover4135@corp.com,Customer Success,Specialist,119535.00,2024-03-31,2156
4136,Jeremy Harrison,jeremy.harrison4136@corp.com,Operations,VP,120936.00,2026-03-07,3266
4137,Solomon Wilkins,solomon.wilkins4137@corp.com,HR,Director,178016.00,2020-12-11,253
4138,Kimberly Young,kimberly.young4138@corp.com,IT,Engineer,226025.00,2022-02-11,968
4139,Harold Reynolds,harold.reynolds4139@corp.com,Operations,Director,165795.00,2024-02-15,3565
4140,Juanita Krueger,juanita.krueger4140@corp.com,HR,Senior Engineer,249388.00,2019-10-01,1588
4141,Sally Payne,sally.payne4141@corp.com,Legal,Manager,187262.00,2018-06-28,1714
4142,Cedric Hood,cedric.hood4142@corp.com,Marketing,Director,100165.00,2024-07-19,779
4143,Tyson Oneal,tyson.oneal4143@corp.com,R&D,Engineer,110321.00,2018-09-01,1607
4144,Elvira Mclean,elvira.mclean4144@corp.com,Legal,Specialist,112696.00,2022-05-19,2499
4145,Micheal Mcgee,micheal.mcgee4145@corp.com,Sales,Consultant,119521.00,2024-08-31,150
4146,Nettie Buckner,nettie.buckner4146@corp.com,Legal,Specialist,235749.00,2020-01-11,3628
4147,Leticia Klein,leticia.klein4147@corp.com,Finance,Specialist,121899.00,2021-01-02,853
4148,Harold Reynolds,harold.reynolds4148@corp.com,Customer Success,Engineer,239798.00,2024-02-05,2991
4149,Jason Sims,jason.sims4149@corp.com,Finance,Engineer,215029.00,2019-06-09,4039
4150,Kurt Fischer,kurt.fischer4150@corp.com,Legal,Coordinator,173212.00,2020-10-04,1278
4151,Bobby Cervantes,bobby.cervantes4151@corp.com,R&D,Director,91055.00,2020-07-30,624
4152,Lela Montoya,lela.montoya4152@corp.com,Operations,Engineer,145340.00,2019-01-08,1507
4153,Caleb Riley,caleb.riley4153@corp.com,IT,Senior Engineer,142955.00,2023-05-18,2153
4154,Merle Hahn,merle.hahn4154@corp.com,Engineering,Specialist,245457.00,2026-04-22,1556
4155,Margaret Sanchez,margaret.sanchez4155@corp.com,IT,Director,133295.00,2026-06-27,3709
4156,Nola Rosales,nola.rosales4156@corp.com,Finance,Analyst,152301.00,2021-10-17,26
4157,Bertha Rivas,bertha.rivas4157@corp.com,HR,Director,192909.00,2019-09-14,3151
4158,Pat Moran,pat.moran4158@corp.com,Legal,Director,203713.00,2025-05-14,1380
4159,Michelle Nguyen,michelle.nguyen4159@corp.com,IT,Specialist,62161.00,2017-01-23,1160
4160,Rosie Hahn,rosie.hahn4160@corp.com,Sales,Architect,111430.00,2022-10-08,3639
4161,Salvador Larsen,salvador.larsen4161@corp.com,Marketing,Manager,66434.00,2023-08-29,274
4162,Myrtle Yates,myrtle.yates4162@corp.com,Sales,Director,179212.00,2021-03-17,3280
4163,Maria Garcia,maria.garcia4163@corp.com,IT,VP,151910.00,2016-10-18,2662
4164,Madonna Wiggins,madonna.wiggins4164@corp.com,Sales,Senior Engineer,236828.00,2019-10-29,2387
4165,Morgan Hansen,morgan.hansen4165@corp.com,HR,VP,180756.00,2026-03-07,154
4166,Calvin Ortega,calvin.ortega4166@corp.com,Engineering,Architect,201335.00,2018-05-11,1593
4167,Raul Morse,raul.morse4167@corp.com,Marketing,Senior Engineer,156502.00,2025-01-01,488
4168,Mona Bender,mona.bender4168@corp.com,Legal,Analyst,207544.00,2025-05-19,52
4169,Monte Strong,monte.strong4169@corp.com,HR,Architect,221168.00,2021-08-11,3926
4170,Lyle Ware,lyle.ware4170@corp.com,R&D,Director,66058.00,2021-03-31,2730
4171,Alice Murray,alice.murray4171@corp.com,Finance,Senior Engineer,201505.00,2024-05-11,3351
4172,Amy Morris,amy.morris4172@corp.com,IT,Architect,244196.00,2018-05-05,3311
4173,Dante Herman,dante.herman4173@corp.com,HR,Specialist,108894.00,2023-08-24,4034
4174,Bobbie Mccarty,bobbie.mccarty4174@corp.com,Operations,VP,121453.00,2023-02-07,1757
4175,Rachel Mendoza,rachel.mendoza4175@corp.com,Finance,Analyst,115134.00,2019-10-27,1492
4176,Leah Costa,leah.costa4176@corp.com,Engineering,Coordinator,239773.00,2023-04-23,4145
4177,Garrett Huff,garrett.huff4177@corp.com,Engineering,Director,91784.00,2019-09-11,469
4178,Kirk Hurst,kirk.hurst4178@corp.com,IT,Analyst,136400.00,2019-05-12,2666
4179,Morgan Hansen,morgan.hansen4179@corp.com,Sales,Architect,213843.00,2022-08-09,3801
4180,Roslyn Browning,roslyn.browning4180@corp.com,HR,Consultant,91685.00,2022-10-23,530
4181,Freddie Rubio,freddie.rubio4181@corp.com,Engineering,Engineer,103556.00,2018-02-06,2038
4182,Janice West,janice.west4182@corp.com,Finance,Engineer,193552.00,2019-02-24,3569
4183,Lynne Hobbs,lynne.hobbs4183@corp.com,Marketing,Senior Engineer,240039.00,2017-04-23,177
4184,Lionel Bass,lionel.bass4184@corp.com,Customer Success,Specialist,67749.00,2017-10-20,343
4185,Jean McDonald,jean.mcdonald4185@corp.com,Legal,Engineer,157605.00,2017-04-07,1448
4186,Antoinette Barrera,antoinette.barrera4186@corp.com,Engineering,Analyst,210891.00,2024-08-09,567
4187,Alma Hutchinson,alma.hutchinson4187@corp.com,IT,Consultant,65846.00,2022-11-15,629
4188,Noah Hart,noah.hart4188@corp.com,IT,Consultant,77014.00,2025-01-08,3389
4189,Helen Cox,helen.cox4189@corp.com,Engineering,VP,180330.00,2018-11-21,3713
4190,Claude Blackburn,claude.blackburn4190@corp.com,Marketing,Senior Engineer,57037.00,2021-03-09,3878
4191,Alan Pierce,alan.pierce4191@corp.com,Finance,Consultant,94687.00,2023-11-17,1481
4192,Garry Huff,garry.huff4192@corp.com,Engineering,Director,75972.00,2020-08-12,2273
4193,Myra Horne,myra.horne4193@corp.com,Finance,Senior Engineer,232017.00,2022-01-02,832
4194,Jaime Booker,jaime.booker4194@corp.com,Marketing,Specialist,81368.00,2021-01-16,1430
4195,Nora Andersen,nora.andersen4195@corp.com,Customer Success,Coordinator,154987.00,2024-09-05,3765
4196,Rocco Parrish,rocco.parrish4196@corp.com,Customer Success,Architect,234798.00,2024-06-06,570
4197,Dante Wilcox,dante.wilcox4197@corp.com,Operations,Director,109245.00,2019-05-09,390
4198,Tyson Oneal,tyson.oneal4198@corp.com,Marketing,Director,160048.00,2026-06-05,1083
4199,Julia Ruiz,julia.ruiz4199@corp.com,IT,Senior Engineer,146288.00,2026-03-07,2761
4200,Lynnette Donaldson,lynnette.donaldson4200@corp.com,Finance,Senior Engineer,207455.00,2020-08-07,3343
4201,Nora Andersen,nora.andersen4201@corp.com,Engineering,Consultant,212342.00,2024-02-17,241
4202,Ronald Carter,ronald.carter4202@corp.com,Operations,Manager,245606.00,2022-03-29,3041
4203,Nannie Roth,nannie.roth4203@corp.com,Operations,Architect,50365.00,2019-04-30,2862
4204,Thaddeus Conway,thaddeus.conway4204@corp.com,Customer Success,Senior Engineer,204251.00,2024-04-27,1071
4205,Joan Barnes,joan.barnes4205@corp.com,IT,Coordinator,167951.00,2021-10-20,3564
4206,Pedro Espinoza,pedro.espinoza4206@corp.com,Customer Success,Coordinator,209655.00,2018-08-04,1571
4207,Tammy Franklin,tammy.franklin4207@corp.com,Legal,Senior Engineer,56925.00,2019-05-23,2516
4208,Aiden Schmidt,aiden.schmidt4208@corp.com,Marketing,Analyst,67903.00,2022-12-02,4066
4209,Joshua Torres,joshua.torres4209@corp.com,IT,Engineer,189722.00,2022-09-09,4176
4210,Juanita Krueger,juanita.krueger4210@corp.com,Operations,VP,46509.00,2019-02-07,2908
4211,Mandy Ware,mandy.ware4211@corp.com,Customer Success,Director,196039.00,2016-11-11,1844
4212,Nadine Grimes,nadine.grimes4212@corp.com,Legal,Analyst,182366.00,2018-04-26,3680
4213,Carmen Ware,carmen.ware4213@corp.com,Marketing,VP,137659.00,2024-04-25,175
4214,Dolores Pena,dolores.pena4214@corp.com,Sales,Specialist,67541.00,2020-02-11,2370
4215,Gretchen Barrera,gretchen.barrera4215@corp.com,Sales,Analyst,63364.00,2025-12-01,1521
4216,Doreen Orr,doreen.orr4216@corp.com,HR,Architect,230355.00,2017-02-26,3949
4217,Mildred Snyder,mildred.snyder4217@corp.com,Operations,Architect,91368.00,2024-08-06,2150
4218,Deborah Mitchell,deborah.mitchell4218@corp.com,Operations,Manager,203724.00,2022-11-13,1818
4219,Ricardo Buck,ricardo.buck4219@corp.com,Operations,Architect,84358.00,2022-09-29,811
4220,Nola Rosales,nola.rosales4220@corp.com,IT,VP,89642.00,2025-08-10,1694
4221,Lula Charles,lula.charles4221@corp.com,Operations,Director,127277.00,2022-07-10,359
4222,Beverly Weaver,beverly.weaver4222@corp.com,Finance,Director,241629.00,2018-10-14,3701
4223,Lourdes Shepard,lourdes.shepard4223@corp.com,Sales,Architect,134132.00,2016-09-14,1853
4224,Byron Madden,byron.madden4224@corp.com,HR,Director,213557.00,2017-02-23,1500
4225,Darnell Sharp,darnell.sharp4225@corp.com,Engineering,Engineer,231788.00,2016-11-28,961
4226,Jeannette Norton,jeannette.norton4226@corp.com,Operations,Engineer,62400.00,2021-11-09,2207
4227,Kyle Hamilton,kyle.hamilton4227@corp.com,Engineering,Architect,236690.00,2016-07-31,1258
4228,Sean Harrison,sean.harrison4228@corp.com,Operations,Coordinator,184419.00,2022-02-21,184
4229,Elizabeth Martinez,elizabeth.martinez4229@corp.com,IT,Engineer,212102.00,2022-02-17,137
4230,Deon Madden,deon.madden4230@corp.com,Sales,Engineer,207212.00,2025-07-09,3606
4231,Bobby Cervantes,bobby.cervantes4231@corp.com,Engineering,VP,205515.00,2021-05-24,1024
4232,Ashley Robinson,ashley.robinson4232@corp.com,Engineering,Architect,174994.00,2021-07-17,931
4233,Deon Madden,deon.madden4233@corp.com,Engineering,Manager,158367.00,2021-01-24,3787
4234,Virginia Russell,virginia.russell4234@corp.com,Sales,Consultant,53134.00,2017-11-17,3365
4235,Eleanor Vargas,eleanor.vargas4235@corp.com,R&D,Architect,181184.00,2021-08-26,1037
4236,Dolores Pena,dolores.pena4236@corp.com,Finance,Director,174536.00,2026-02-12,432
4237,Juanita Krueger,juanita.krueger4237@corp.com,HR,Manager,236712.00,2022-12-08,3709
4238,Rosie Mora,rosie.mora4238@corp.com,Engineering,Analyst,158213.00,2017-05-05,3973
4239,Brenda Cooper,brenda.cooper4239@corp.com,IT,Engineer,200858.00,2023-08-23,1044
4240,Rusty Berg,rusty.berg4240@corp.com,Customer Success,Architect,129757.00,2025-08-29,1008
4241,Alan Pierce,alan.pierce4241@corp.com,IT,Engineer,179148.00,2025-10-02,1804
4242,Debra Bennett,debra.bennett4242@corp.com,Legal,Engineer,143010.00,2021-03-09,569
4243,Rocco Parrish,rocco.parrish4243@corp.com,Sales,Specialist,138116.00,2026-02-04,1432
4244,Rory Sawyer,rory.sawyer4244@corp.com,Marketing,VP,190638.00,2020-05-10,1623
4245,Leland Berg,leland.berg4245@corp.com,Engineering,Coordinator,187277.00,2018-11-13,2161
4246,Aurora Andersen,aurora.andersen4246@corp.com,IT,Analyst,206212.00,2019-11-25,26
4247,Troy Joseph,troy.joseph4247@corp.com,HR,Engineer,128771.00,2018-05-04,4037
4248,Lula Charles,lula.charles4248@corp.com,Customer Success,Director,63289.00,2021-02-14,1065
4249,Dorian Serrano,dorian.serrano4249@corp.com,R&D,Consultant,187549.00,2026-01-25,4113
4250,Hector Lambert,hector.lambert4250@corp.com,Customer Success,Consultant,162049.00,2017-03-22,3381
4251,Rene Booker,rene.booker4251@corp.com,Sales,Analyst,195334.00,2020-05-30,3807
4252,Kurtis Tate,kurtis.tate4252@corp.com,Customer Success,Consultant,81069.00,2024-03-10,2095
4253,Lana Middleton,lana.middleton4253@corp.com,Legal,Architect,83736.00,2017-01-22,3977
4254,Frances Mills,frances.mills4254@corp.com,Legal,Specialist,164284.00,2016-08-01,2053
4255,Esperanza Middleton,esperanza.middleton4255@corp.com,Customer Success,Specialist,91783.00,2018-04-17,1086
4256,Essie Orr,essie.orr4256@corp.com,IT,Director,85742.00,2016-07-31,3734
4257,Douglas Henderson,douglas.henderson4257@corp.com,Marketing,Engineer,110837.00,2022-06-18,237
4258,Patsy Glover,patsy.glover4258@corp.com,Marketing,Specialist,79972.00,2023-07-09,1498
4259,Kurtis Tate,kurtis.tate4259@corp.com,Legal,Manager,75847.00,2023-06-16,3686
4260,Mabel Donaldson,mabel.donaldson4260@corp.com,Finance,Director,249842.00,2021-12-08,384
4261,Marcella English,marcella.english4261@corp.com,Finance,Engineer,137117.00,2017-07-26,1029
4262,Nannie Roth,nannie.roth4262@corp.com,Engineering,VP,194190.00,2022-03-27,2252
4263,Morgan Hansen,morgan.hansen4263@corp.com,Customer Success,Architect,138057.00,2017-10-05,2112
4264,Faye Higgins,faye.higgins4264@corp.com,Operations,Architect,178811.00,2021-01-07,1693
4265,Bobbie Mccarty,bobbie.mccarty4265@corp.com,Finance,Specialist,90420.00,2022-12-25,2975
4266,Naomi Middleton,naomi.middleton4266@corp.com,IT,Engineer,67228.00,2024-02-06,3760
4267,Shirley Rogers,shirley.rogers4267@corp.com,Engineering,Architect,128176.00,2018-06-16,3706
4268,Leticia Klein,leticia.klein4268@corp.com,Legal,Engineer,146482.00,2025-03-31,2547
4269,David Rodriguez,david.rodriguez4269@corp.com,Finance,Manager,126971.00,2017-10-06,3653
4270,Alma Hutchinson,alma.hutchinson4270@corp.com,Legal,Manager,215908.00,2020-12-14,1779
4271,Donnie Sharp,donnie.sharp4271@corp.com,Operations,Specialist,193443.00,2023-02-04,658
4272,Marie Watkins,marie.watkins4272@corp.com,Sales,Director,202758.00,2020-05-30,354
4273,Gregory Chavez,gregory.chavez4273@corp.com,Customer Success,Director,110620.00,2023-02-07,2645
4274,Lana Middleton,lana.middleton4274@corp.com,HR,Manager,232483.00,2025-05-13,2927
4275,Neil Gallagher,neil.gallagher4275@corp.com,Legal,Specialist,122296.00,2019-04-13,1539
4276,Monica Stanley,monica.stanley4276@corp.com,HR,Director,135504.00,2018-10-28,405
4277,Earnest Barber,earnest.barber4277@corp.com,Engineering,Engineer,146164.00,2021-11-15,4005
4278,Tammy Franklin,tammy.franklin4278@corp.com,HR,Senior Engineer,61467.00,2025-03-29,1220
4279,Johnnie Valencia,johnnie.valencia4279@corp.com,Operations,Senior Engineer,50586.00,2018-09-14,1724
4280,Luther Heath,luther.heath4280@corp.com,Engineering,Coordinator,229448.00,2023-10-10,403
4281,Andrew Wright,andrew.wright4281@corp.com,Sales,Senior Engineer,185431.00,2016-09-01,4049
4282,Curt Macdonald,curt.macdonald4282@corp.com,Legal,VP,134605.00,2025-01-31,4263
4283,Rosie Hobbs,rosie.hobbs4283@corp.com,Finance,Director,202752.00,2025-01-29,3485
4284,Deborah Mitchell,deborah.mitchell4284@corp.com,IT,Consultant,197489.00,2021-06-19,3970
4285,Dewayne Solis,dewayne.solis4285@corp.com,R&D,Senior Engineer,123772.00,2018-12-23,288
4286,Bobbie Mccarty,bobbie.mccarty4286@corp.com,R&D,Analyst,147043.00,2022-03-24,3064
4287,Evelyn Fisher,evelyn.fisher4287@corp.com,IT,Analyst,66631.00,2019-03-13,2731
4288,Andrea Reyes,andrea.reyes4288@corp.com,Legal,Consultant,56438.00,2026-04-13,3678
4289,Roy Ray,roy.ray4289@corp.com,Customer Success,Specialist,161943.00,2020-09-23,563
4290,Dante Wilcox,dante.wilcox4290@corp.com,HR,Analyst,176421.00,2017-01-22,2979
4291,Nathan Gonzales,nathan.gonzales4291@corp.com,Legal,Coordinator,168052.00,2016-08-27,654
4292,Darin Pena,darin.pena4292@corp.com,Operations,Senior Engineer,216241.00,2019-03-10,1694
4293,Lenore Gillespie,lenore.gillespie4293@corp.com,Engineering,Analyst,60179.00,2024-11-18,2896
4294,Rashad Velez,rashad.velez4294@corp.com,R&D,Director,90367.00,2022-06-15,2658
4295,Lenore Gillespie,lenore.gillespie4295@corp.com,IT,Director,164442.00,2026-04-22,1423
4296,Evan Chapman,evan.chapman4296@corp.com,Finance,VP,162261.00,2024-12-27,3308
4297,Randal Kaufman,randal.kaufman4297@corp.com,Engineering,Specialist,184017.00,2017-08-13,864
4298,Karen Moore,karen.moore4298@corp.com,R&D,Director,248024.00,2019-08-15,3855
4299,Jeannine Krause,jeannine.krause4299@corp.com,Sales,Director,188827.00,2018-01-17,1416
4300,Rosie Mora,rosie.mora4300@corp.com,Marketing,Architect,194775.00,2017-09-04,2145
4301,Jerald Strong,jerald.strong4301@corp.com,Sales,VP,125727.00,2017-12-11,4047
4302,Darius Nicholson,darius.nicholson4302@corp.com,HR,Coordinator,122753.00,2016-08-07,3017
4303,Susan Lopez,susan.lopez4303@corp.com,Marketing,Director,193709.00,2018-11-09,4109
4304,Daryl Larsen,daryl.larsen4304@corp.com,R&D,Analyst,197406.00,2026-02-16,2325
4305,Wilbur Serrano,wilbur.serrano4305@corp.com,Legal,Architect,224260.00,2018-08-30,2195
4306,Noah Hart,noah.hart4306@corp.com,IT,Consultant,174380.00,2024-10-23,1085
4307,Joan Barnes,joan.barnes4307@corp.com,Engineering,Specialist,84183.00,2021-01-26,554
4308,Roger Gibson,roger.gibson4308@corp.com,Customer Success,Consultant,178027.00,2020-07-09,2320
4309,Teresa Alexander,teresa.alexander4309@corp.com,Marketing,Coordinator,78771.00,2023-12-12,1456
4310,Victoria Willis,victoria.willis4310@corp.com,HR,Analyst,219933.00,2019-11-10,1367
4311,Dora Acosta,dora.acosta4311@corp.com,Operations,Director,83616.00,2022-04-13,222
4312,Olivia Ross,olivia.ross4312@corp.com,Legal,Manager,47005.00,2025-04-07,2594
4313,Nicole Ramos,nicole.ramos4313@corp.com,Engineering,Senior Engineer,112819.00,2020-07-27,123
4314,Katherine Brooks,katherine.brooks4314@corp.com,Operations,Specialist,199842.00,2025-02-20,1448
4315,Micheal Mcgee,micheal.mcgee4315@corp.com,R&D,Manager,202401.00,2026-04-21,1450
4316,Dolores Pena,dolores.pena4316@corp.com,Engineering,Analyst,243243.00,2018-09-16,4054
4317,Emma Kelly,emma.kelly4317@corp.com,Customer Success,Coordinator,101540.00,2018-11-17,4017
4318,Erik Mclaughlin,erik.mclaughlin4318@corp.com,Marketing,VP,87569.00,2022-10-02,1466
4319,Olivia Ross,olivia.ross4319@corp.com,Operations,Director,200123.00,2023-11-27,1430
4320,Ollie Paul,ollie.paul4320@corp.com,Legal,Analyst,148757.00,2018-05-18,3217
4321,Paula Wheeler,paula.wheeler4321@corp.com,Engineering,Senior Engineer,170416.00,2020-04-27,3056
4322,Susie Valencia,susie.valencia4322@corp.com,Marketing,Architect,149110.00,2022-06-13,301
4323,Michelle Nguyen,michelle.nguyen4323@corp.com,Engineering,Architect,196207.00,2020-02-07,650
4324,Leonard Wade,leonard.wade4324@corp.com,Legal,Analyst,118552.00,2020-10-22,1183
4325,Anna Ortiz,anna.ortiz4325@corp.com,Engineering,Manager,48554.00,2025-01-26,4043
4326,Ian Morrison,ian.morrison4326@corp.com,Operations,Manager,204827.00,2024-05-25,2354
4327,Kathy Cole,kathy.cole4327@corp.com,Engineering,Coordinator,122449.00,2021-09-01,2461
4328,Christine Wood,christine.wood4328@corp.com,Engineering,Architect,233346.00,2024-03-04,1828
4329,Lamont Velez,lamont.velez4329@corp.com,Engineering,Senior Engineer,193391.00,2022-09-14,2816
4330,Dewayne Trevino,dewayne.trevino4330@corp.com,Finance,Analyst,145407.00,2019-05-15,2359
4331,Johnnie Valencia,johnnie.valencia4331@corp.com,Legal,Analyst,198963.00,2025-02-06,3326
4332,Essie Orr,essie.orr4332@corp.com,Marketing,Architect,58997.00,2024-09-24,1864
4333,Ian Morrison,ian.morrison4333@corp.com,Sales,Analyst,68090.00,2017-05-06,3918
4334,Diana Watkins,diana.watkins4334@corp.com,Sales,VP,101151.00,2021-07-23,4117
4335,Emmett Barber,emmett.barber4335@corp.com,Marketing,VP,61270.00,2017-08-07,1472
4336,Angela Murphy,angela.murphy4336@corp.com,IT,Analyst,173480.00,2017-10-13,1368
4337,Evelyn Fisher,evelyn.fisher4337@corp.com,HR,Coordinator,240860.00,2022-04-26,2861
4338,Jeannette Norton,jeannette.norton4338@corp.com,HR,Coordinator,193420.00,2021-03-24,1056
4339,Mariah Jimenez,mariah.jimenez4339@corp.com,R&D,Architect,150900.00,2018-06-15,3233
4340,Jesus Alexander,jesus.alexander4340@corp.com,Engineering,Coordinator,161446.00,2024-12-17,1900
4341,Nelson Huff,nelson.huff4341@corp.com,Marketing,Architect,238394.00,2021-04-20,3025
4342,Dewey Villarreal,dewey.villarreal4342@corp.com,IT,VP,150208.00,2019-09-26,2109
4343,Lamont Velez,lamont.velez4343@corp.com,Finance,Specialist,45789.00,2019-08-30,1469
4344,Theresa Austin,theresa.austin4344@corp.com,HR,VP,168492.00,2018-03-02,3260
4345,Jonathan Gutierrez,jonathan.gutierrez4345@corp.com,IT,Specialist,169999.00,2025-02-18,3227
4346,Becky Ericksen,becky.ericksen4346@corp.com,Marketing,Manager,45473.00,2023-02-07,269
4347,Merle Hahn,merle.hahn4347@corp.com,Sales,Senior Engineer,205464.00,2017-09-12,3211
4348,Elva Roach,elva.roach4348@corp.com,IT,Engineer,121876.00,2018-01-24,1345
4349,Nicholas Morales,nicholas.morales4349@corp.com,Legal,Analyst,210331.00,2025-07-16,3144
4350,Jeannine Krause,jeannine.krause4350@corp.com,HR,Director,131467.00,2018-02-12,121
4351,Joe Kim,joe.kim4351@corp.com,HR,Engineer,216729.00,2018-11-15,2227
4352,Stacey Wolf,stacey.wolf4352@corp.com,R&D,Director,182274.00,2021-07-06,348
4353,Shelia Horn,shelia.horn4353@corp.com,Customer Success,Director,194925.00,2020-05-28,3691
4354,Donna Scott,donna.scott4354@corp.com,HR,Director,213402.00,2025-02-09,786
4355,Frank James,frank.james4355@corp.com,R&D,Architect,120442.00,2019-09-27,2863
4356,Naomi Middleton,naomi.middleton4356@corp.com,HR,Architect,172664.00,2018-08-19,3966
4357,Nathan Gonzales,nathan.gonzales4357@corp.com,Finance,Coordinator,83496.00,2026-01-08,565
4358,Mario Strong,mario.strong4358@corp.com,IT,Director,76619.00,2019-07-21,1887
4359,Elma Salinas,elma.salinas4359@corp.com,Operations,Analyst,127160.00,2022-12-31,3132
4360,Bertha Rivas,bertha.rivas4360@corp.com,Sales,Consultant,108480.00,2018-06-08,2150
4361,Beverly Weaver,beverly.weaver4361@corp.com,HR,Engineer,159660.00,2022-05-08,1133
4362,Karen Moore,karen.moore4362@corp.com,Engineering,VP,184960.00,2018-11-17,1159
4363,Tracey Johnston,tracey.johnston4363@corp.com,Operations,Senior Engineer,151041.00,2020-06-05,2403
4364,Patrick Price,patrick.price4364@corp.com,Finance,Consultant,176657.00,2019-06-05,2516
4365,Dewayne Solis,dewayne.solis4365@corp.com,Marketing,Manager,239888.00,2022-05-03,1109
4366,Alan Castillo,alan.castillo4366@corp.com,IT,Analyst,136135.00,2016-09-15,308
4367,Lena Aguilar,lena.aguilar4367@corp.com,Legal,Senior Engineer,186375.00,2025-01-26,3612
4368,Fabian Joseph,fabian.joseph4368@corp.com,Engineering,Analyst,172262.00,2024-01-10,752
4369,Jason Sims,jason.sims4369@corp.com,Operations,Consultant,198654.00,2024-09-21,1259
4370,Marlin Fuentes,marlin.fuentes4370@corp.com,Marketing,Manager,241466.00,2020-01-04,652
4371,Elma Salinas,elma.salinas4371@corp.com,HR,Consultant,150457.00,2018-05-25,3940
4372,Rolando Herman,rolando.herman4372@corp.com,R&D,Analyst,128100.00,2022-06-13,351
4373,Micheal Mcgee,micheal.mcgee4373@corp.com,IT,VP,87228.00,2020-07-08,1029
4374,Myra Horne,myra.horne4374@corp.com,HR,Consultant,199714.00,2020-05-21,765
4375,Faith Bender,faith.bender4375@corp.com,HR,Coordinator,143992.00,2024-09-24,2314
4376,Jackie Higgins,jackie.higgins4376@corp.com,Sales,VP,180656.00,2023-05-25,3934
4377,Leigh Leach,leigh.leach4377@corp.com,Engineering,Consultant,156820.00,2017-02-13,2810
4378,Denise Grant,denise.grant4378@corp.com,R&D,Specialist,180760.00,2017-10-16,1214
4379,Iris Farrell,iris.farrell4379@corp.com,Legal,VP,62454.00,2026-07-19,661
4380,Dora Acosta,dora.acosta4380@corp.com,Customer Success,Director,223895.00,2017-04-08,4081
4381,Celia Franco,celia.franco4381@corp.com,HR,Consultant,91883.00,2025-12-30,1042
4382,Eula Lindsey,eula.lindsey4382@corp.com,Sales,Senior Engineer,93871.00,2025-02-26,22
4383,Lula Charles,lula.charles4383@corp.com,IT,Architect,108086.00,2018-09-16,2239
4384,Carmen Ware,carmen.ware4384@corp.com,R&D,Senior Engineer,204509.00,2023-01-24,113
4385,Brittany Arnold,brittany.arnold4385@corp.com,Marketing,Senior Engineer,159661.00,2018-03-24,975
4386,Iva Wolf,iva.wolf4386@corp.com,Legal,Analyst,120786.00,2020-07-30,1421
4387,Gabriel Spencer,gabriel.spencer4387@corp.com,Operations,Director,68692.00,2021-04-29,3379
4388,Wesley Todd,wesley.todd4388@corp.com,Finance,Analyst,66152.00,2018-08-02,2044
4389,Tyler Foster,tyler.foster4389@corp.com,R&D,Consultant,151606.00,2019-04-01,2636
4390,Tammy Franklin,tammy.franklin4390@corp.com,Customer Success,Analyst,171402.00,2018-10-14,2374
4391,Paula Wheeler,paula.wheeler4391@corp.com,HR,Coordinator,72558.00,2023-03-31,674
4392,Donovan Morse,donovan.morse4392@corp.com,R&D,VP,148264.00,2020-06-03,1631
4393,Rachel Mendoza,rachel.mendoza4393@corp.com,R&D,Director,206772.00,2017-09-10,4085
4394,Marshall Barton,marshall.barton4394@corp.com,Legal,Architect,184385.00,2025-11-29,2439
4395,Rene Booker,rene.booker4395@corp.com,Customer Success,Director,66195.00,2019-10-09,3613
4396,Gregory Chavez,gregory.chavez4396@corp.com,Legal,Manager,193866.00,2021-08-31,2240
4397,Genevieve Horn,genevieve.horn4397@corp.com,HR,Architect,131191.00,2022-03-26,359
4398,Jeremy Harrison,jeremy.harrison4398@corp.com,Legal,Director,166830.00,2018-05-22,3467
4399,Lowell Gates,lowell.gates4399@corp.com,Customer Success,Senior Engineer,205085.00,2024-05-18,1663
4400,Brian Nelson,brian.nelson4400@corp.com,IT,Engineer,65364.00,2025-02-06,1319
4401,Beatrice Olsen,beatrice.olsen4401@corp.com,R&D,VP,158596.00,2018-03-22,3838
4402,Ruby Stone,ruby.stone4402@corp.com,Marketing,Engineer,46553.00,2024-12-17,144
4403,Ann Marshall,ann.marshall4403@corp.com,Operations,Coordinator,136419.00,2018-10-14,390
4404,Terry Ford,terry.ford4404@corp.com,Customer Success,Director,62523.00,2022-06-08,4345
4405,Wallace Roy,wallace.roy4405@corp.com,HR,Director,91525.00,2020-01-25,1767
4406,Leonard Wade,leonard.wade4406@corp.com,HR,Architect,196002.00,2024-01-30,3350
4407,Juan Matthews,juan.matthews4407@corp.com,Legal,VP,172362.00,2018-02-14,1727
4408,Dante Herman,dante.herman4408@corp.com,R&D,Consultant,152741.00,2018-07-15,2700
4409,Rod Gallagher,rod.gallagher4409@corp.com,Engineering,VP,81823.00,2020-07-20,2369
4410,Claude Blackburn,claude.blackburn4410@corp.com,Marketing,Coordinator,142847.00,2020-08-26,1292
4411,Clifton Blackburn,clifton.blackburn4411@corp.com,Finance,Director,242782.00,2023-06-04,3364
4412,Cody Parsons,cody.parsons4412@corp.com,R&D,Director,101212.00,2021-05-24,2191
4413,Noah Hart,noah.hart4413@corp.com,Engineering,Analyst,144437.00,2017-02-28,2421
4414,Winifred Bender,winifred.bender4414@corp.com,Marketing,Consultant,170151.00,2020-02-26,2359
4415,Leigh Leach,leigh.leach4415@corp.com,Operations,Coordinator,216526.00,2024-03-12,172
4416,Teresa Alexander,teresa.alexander4416@corp.com,Engineering,Analyst,53819.00,2018-07-22,3660
4417,Cameron Montgomery,cameron.montgomery4417@corp.com,Sales,Manager,216920.00,2021-04-13,171
4418,Lourdes Shepard,lourdes.shepard4418@corp.com,Engineering,Coordinator,226963.00,2021-06-30,1875
4419,Lena Aguilar,lena.aguilar4419@corp.com,Operations,Analyst,200359.00,2024-07-28,1020
4420,Inez Conley,inez.conley4420@corp.com,Sales,Coordinator,104964.00,2022-12-02,2145
4421,Guillermo Gates,guillermo.gates4421@corp.com,Engineering,Senior Engineer,100789.00,2024-01-19,4325
4422,Etta Rosales,etta.rosales4422@corp.com,Customer Success,Architect,82820.00,2024-08-17,1321
4423,Jeannine Krause,jeannine.krause4423@corp.com,HR,Engineer,74429.00,2019-04-21,361
4424,Keith Ferguson,keith.ferguson4424@corp.com,Finance,Architect,211742.00,2018-09-22,1641
4425,Nola Rosales,nola.rosales4425@corp.com,Customer Success,Manager,79320.00,2022-03-05,3526
4426,Jayden Williamson,jayden.williamson4426@corp.com,R&D,VP,133134.00,2020-01-23,3163
4427,Felix Whitehead,felix.whitehead4427@corp.com,Operations,VP,170212.00,2017-08-18,95
4428,Lorene Vaughan,lorene.vaughan4428@corp.com,IT,Specialist,138372.00,2017-07-13,4114
4429,Tyler Foster,tyler.foster4429@corp.com,Customer Success,Coordinator,231596.00,2018-11-20,2899
4430,Chase Fernandez,chase.fernandez4430@corp.com,Engineering,Specialist,194732.00,2025-06-22,274
4431,Lamont Velez,lamont.velez4431@corp.com,Marketing,Manager,210493.00,2025-10-28,1077
4432,Rashawn Villarreal,rashawn.villarreal4432@corp.com,Engineering,Director,239784.00,2022-05-03,3388
4433,Marshall Barton,marshall.barton4433@corp.com,Legal,Coordinator,196319.00,2021-06-05,2562
4434,Bret Hays,bret.hays4434@corp.com,Operations,Analyst,200882.00,2019-05-27,2037
4435,Inez Rollins,inez.rollins4435@corp.com,R&D,Director,192218.00,2022-04-20,3446
4436,Dewayne Buck,dewayne.buck4436@corp.com,R&D,Architect,194805.00,2019-11-08,905
4437,Billie Wiggins,billie.wiggins4437@corp.com,Legal,Analyst,81284.00,2018-05-16,4162
4438,Alma Hutchinson,alma.hutchinson4438@corp.com,IT,Manager,133950.00,2023-01-27,3576
4439,Judy Armstrong,judy.armstrong4439@corp.com,Customer Success,Consultant,240351.00,2025-06-03,2249
4440,Evelyn Fisher,evelyn.fisher4440@corp.com,R&D,Coordinator,209596.00,2019-06-08,534
4441,Dick Decker,dick.decker4441@corp.com,Engineering,Senior Engineer,199663.00,2021-11-07,613
4442,Fannie Hutchinson,fannie.hutchinson4442@corp.com,Engineering,Analyst,49017.00,2026-03-23,441
4443,Calvin Ortega,calvin.ortega4443@corp.com,Engineering,Director,68628.00,2022-08-06,1956
4444,Clint Duran,clint.duran4444@corp.com,Legal,Consultant,220956.00,2026-04-28,2389
4445,Ina Savage,ina.savage4445@corp.com,Finance,Director,155318.00,2023-03-16,430
4446,Nicole Ramos,nicole.ramos4446@corp.com,Engineering,VP,85985.00,2018-03-01,3850
4447,Paul Allen,paul.allen4447@corp.com,Sales,Manager,190474.00,2018-08-31,1932
4448,Daryl Larsen,daryl.larsen4448@corp.com,Customer Success,Architect,153498.00,2017-10-27,1986
4449,Abraham Pitts,abraham.pitts4449@corp.com,HR,Consultant,243977.00,2021-11-12,761
4450,Lana Middleton,lana.middleton4450@corp.com,Operations,Consultant,226899.00,2022-03-10,275
4451,Iris Farrell,iris.farrell4451@corp.com,IT,Director,221056.00,2020-10-08,2116
4452,Carroll Bullock,carroll.bullock4452@corp.com,HR,Specialist,108128.00,2017-06-07,222
4453,Christopher Jackson,christopher.jackson4453@corp.com,IT,Coordinator,84829.00,2021-01-02,1683
4454,Pat Moran,pat.moran4454@corp.com,HR,Senior Engineer,129491.00,2024-10-05,1012
4455,Noah Hart,noah.hart4455@corp.com,HR,Specialist,151030.00,2024-11-02,842
4456,Jacob Collins,jacob.collins4456@corp.com,Operations,Senior Engineer,104792.00,2026-01-23,61
4457,Lamont Velez,lamont.velez4457@corp.com,Operations,Analyst,162183.00,2017-07-01,2847
4458,Jenny Hardin,jenny.hardin4458@corp.com,IT,Consultant,175499.00,2021-08-24,1041
4459,Oscar George,oscar.george4459@corp.com,Customer Success,Coordinator,62511.00,2026-06-24,915
4460,Lucile Sheppard,lucile.sheppard4460@corp.com,Marketing,Coordinator,141402.00,2018-01-21,4315
4461,Zachary Romero,zachary.romero4461@corp.com,HR,Senior Engineer,148209.00,2019-06-03,4366
4462,Javier Solis,javier.solis4462@corp.com,HR,Coordinator,120412.00,2017-10-04,4331
4463,Sean Harrison,sean.harrison4463@corp.com,IT,VP,223280.00,2022-10-16,3347
4464,Megan Simmons,megan.simmons4464@corp.com,Engineering,Consultant,92298.00,2023-03-26,3873
4465,Jewel Rivas,jewel.rivas4465@corp.com,Engineering,Director,246997.00,2022-01-21,4430
4466,Faye Higgins,faye.higgins4466@corp.com,HR,Senior Engineer,105356.00,2019-12-17,1196
4467,Mattie Potter,mattie.potter4467@corp.com,HR,VP,74123.00,2019-01-12,3317
4468,Claude Blackburn,claude.blackburn4468@corp.com,HR,Consultant,203128.00,2018-01-26,338
4469,Lillian Berry,lillian.berry4469@corp.com,Marketing,Manager,170743.00,2024-02-17,1965
4470,Solomon Wilkins,solomon.wilkins4470@corp.com,Marketing,Director,99816.00,2023-01-15,612
4471,Joe Kim,joe.kim4471@corp.com,Finance,Analyst,135303.00,2018-10-20,4043
4472,Douglas Henderson,douglas.henderson4472@corp.com,Engineering,Engineer,94539.00,2019-05-26,1421
4473,Lynne Hobbs,lynne.hobbs4473@corp.com,R&D,Engineer,234286.00,2022-10-17,1086
4474,Reba Tyler,reba.tyler4474@corp.com,Legal,Manager,220919.00,2023-08-27,2998
4475,Denise Lawrence,denise.lawrence4475@corp.com,Sales,Manager,127878.00,2017-09-14,985
4476,Blake Harvey,blake.harvey4476@corp.com,IT,Coordinator,152818.00,2019-04-04,1824
4477,Darnell Sharp,darnell.sharp4477@corp.com,Engineering,Coordinator,57718.00,2016-10-14,4267
4478,Joanna Floyd,joanna.floyd4478@corp.com,R&D,Specialist,158581.00,2018-07-27,3044
4479,Marcie Franco,marcie.franco4479@corp.com,R&D,Manager,126973.00,2018-05-23,1033
4480,Stuart Sweeney,stuart.sweeney4480@corp.com,Marketing,VP,133305.00,2020-11-24,4275
4481,Sal Larsen,sal.larsen4481@corp.com,HR,Specialist,146078.00,2025-10-28,4351
4482,Dianne Potter,dianne.potter4482@corp.com,R&D,Coordinator,161508.00,2021-10-16,3327
4483,Lyle Ware,lyle.ware4483@corp.com,Customer Success,Engineer,200831.00,2018-02-27,1713
4484,Brittany Arnold,brittany.arnold4484@corp.com,Engineering,Director,58976.00,2022-10-02,1757
4485,Kenneth Hill,kenneth.hill4485@corp.com,Operations,Manager,102051.00,2025-06-07,463
4486,Naomi Middleton,naomi.middleton4486@corp.com,Sales,VP,217235.00,2022-11-27,2235
4487,Guillermo Gates,guillermo.gates4487@corp.com,IT,Specialist,75064.00,2021-02-26,2677
4488,Linda Jones,linda.jones4488@corp.com,R&D,Engineer,88331.00,2024-12-21,725
4489,Maureen Fields,maureen.fields4489@corp.com,IT,Engineer,45942.00,2017-10-19,2666
4490,Francisca Ware,francisca.ware4490@corp.com,Operations,Specialist,55827.00,2022-06-28,999
4491,Christine Wood,christine.wood4491@corp.com,Finance,Specialist,242536.00,2022-05-23,1003
4492,Bennie Duffy,bennie.duffy4492@corp.com,Customer Success,Director,211774.00,2021-05-14,1856
4493,Roger Gibson,roger.gibson4493@corp.com,IT,Engineer,94903.00,2022-03-31,4023
4494,Michael Brown,michael.brown4494@corp.com,Engineering,Manager,192844.00,2017-06-09,1823
4495,Julius Wilkins,julius.wilkins4495@corp.com,Sales,VP,78831.00,2024-09-27,4472
4496,Aaron Powell,aaron.powell4496@corp.com,Customer Success,Consultant,211213.00,2022-06-26,2010
4497,Clifford Doyle,clifford.doyle4497@corp.com,R&D,Director,73243.00,2023-11-20,3368
4498,Wallace Roy,wallace.roy4498@corp.com,Engineering,Manager,73379.00,2020-06-02,1566
4499,Kenneth Hill,kenneth.hill4499@corp.com,IT,Consultant,157585.00,2020-07-21,1470
4500,Rudy Black,rudy.black4500@corp.com,IT,Senior Engineer,54728.00,2016-11-01,216
4501,Ruby Stone,ruby.stone4501@corp.com,HR,Engineer,75199.00,2023-12-02,2431
4502,Lorenzo Munoz,lorenzo.munoz4502@corp.com,Sales,Consultant,152980.00,2025-12-15,1972
4503,Sharon Turner,sharon.turner4503@corp.com,Operations,Analyst,177337.00,2025-04-28,3998
4504,Cyrus Fuentes,cyrus.fuentes4504@corp.com,IT,Analyst,231021.00,2016-08-12,1985
4505,Gregory Chavez,gregory.chavez4505@corp.com,Legal,Consultant,151270.00,2024-02-29,3663
4506,Mark Clark,mark.clark4506@corp.com,Customer Success,Senior Engineer,84233.00,2024-05-16,2867
4507,Dennis Patel,dennis.patel4507@corp.com,Marketing,Consultant,227172.00,2020-01-21,2737
4508,Alberta York,alberta.york4508@corp.com,IT,Senior Engineer,170732.00,2025-12-21,420
4509,Chase Fernandez,chase.fernandez4509@corp.com,Sales,Specialist,46139.00,2020-07-20,2687
4510,Stuart Sweeney,stuart.sweeney4510@corp.com,Finance,Architect,209295.00,2019-07-17,3569
4511,Mason Greene,mason.greene4511@corp.com,Marketing,Consultant,241034.00,2025-02-18,3264
4512,Marlon Sawyer,marlon.sawyer4512@corp.com,IT,Consultant,203990.00,2020-11-24,1015
4513,Sara Griffin,sara.griffin4513@corp.com,R&D,Senior Engineer,100342.00,2017-11-08,4185
4514,Jessica Wilson,jessica.wilson4514@corp.com,Operations,Specialist,73781.00,2017-01-24,3501
4515,Shirley Rogers,shirley.rogers4515@corp.com,Sales,Director,140317.00,2026-02-11,3360
4516,Scott Howard,scott.howard4516@corp.com,Legal,Analyst,194427.00,2018-08-28,1479
4517,Joann Sullivan,joann.sullivan4517@corp.com,Sales,Director,235857.00,2017-09-30,2443
4518,Linda Jones,linda.jones4518@corp.com,Engineering,VP,119630.00,2023-06-24,3387
4519,Shawn Tate,shawn.tate4519@corp.com,Marketing,Manager,182168.00,2026-02-25,359
4520,Marie Watkins,marie.watkins4520@corp.com,Finance,Senior Engineer,182440.00,2025-01-02,310
4521,Dorian Serrano,dorian.serrano4521@corp.com,IT,Specialist,101645.00,2023-03-31,4511
4522,Evelyn Fisher,evelyn.fisher4522@corp.com,Operations,Director,246624.00,2019-05-26,327
4523,Diana Watkins,diana.watkins4523@corp.com,HR,Director,51202.00,2024-03-15,1443
4524,Cesar Parrish,cesar.parrish4524@corp.com,Customer Success,Architect,77479.00,2025-09-23,2048
4525,Amber Chavez,amber.chavez4525@corp.com,Engineering,Architect,239116.00,2020-08-24,3628
4526,Harold Reynolds,harold.reynolds4526@corp.com,IT,Director,97800.00,2024-01-09,482
4527,Hope Barrera,hope.barrera4527@corp.com,Operations,Senior Engineer,129604.00,2017-05-11,2287
4528,Rashad Villarreal,rashad.villarreal4528@corp.com,Engineering,Manager,104945.00,2016-10-24,611
4529,Troy Joseph,troy.joseph4529@corp.com,Engineering,Engineer,71454.00,2020-10-14,1485
4530,Nicholas Morales,nicholas.morales4530@corp.com,Customer Success,Architect,113024.00,2021-04-21,612
4531,Corey Howell,corey.howell4531@corp.com,Marketing,Specialist,73301.00,2017-08-20,196
4532,Dolores Pena,dolores.pena4532@corp.com,Sales,VP,65306.00,2020-10-14,394
4533,Lori Marshall,lori.marshall4533@corp.com,Marketing,Analyst,54717.00,2022-06-15,1115
4534,Deborah Mitchell,deborah.mitchell4534@corp.com,IT,Architect,187505.00,2024-05-27,1491
4535,Hector Fuentes,hector.fuentes4535@corp.com,Finance,Consultant,132736.00,2022-12-20,3744
4536,Peter Vasquez,peter.vasquez4536@corp.com,Sales,Analyst,242377.00,2019-06-13,452
4537,James Smith,james.smith4537@corp.com,Finance,Analyst,116206.00,2017-03-24,2773
4538,Noel Parrish,noel.parrish4538@corp.com,R&D,Director,88859.00,2025-09-28,3385
4539,Della Mercer,della.mercer4539@corp.com,Engineering,Coordinator,242242.00,2025-10-01,1442
4540,Cora Mcmahon,cora.mcmahon4540@corp.com,HR,Consultant,158039.00,2017-03-09,3246
4541,Rex Booker,rex.booker4541@corp.com,Customer Success,Architect,235284.00,2022-05-24,3396
4542,Ricardo Tapia,ricardo.tapia4542@corp.com,Marketing,Architect,127035.00,2020-01-08,674
4543,Lourdes Shepard,lourdes.shepard4543@corp.com,HR,Director,125487.00,2019-04-09,2145
4544,Toby Kirk,toby.kirk4544@corp.com,IT,Consultant,234701.00,2021-12-30,265
4545,Mabel Donaldson,mabel.donaldson4545@corp.com,Customer Success,Senior Engineer,73335.00,2020-10-23,949
4546,Ashley Robinson,ashley.robinson4546@corp.com,R&D,Engineer,167371.00,2021-07-05,3948
4547,Elias Klein,elias.klein4547@corp.com,Legal,Consultant,138617.00,2021-01-17,4280
4548,Fernando Glass,fernando.glass4548@corp.com,Legal,Coordinator,221987.00,2020-08-10,1741
4549,Cathy Hobbs,cathy.hobbs4549@corp.com,HR,Engineer,233636.00,2026-07-19,2653
4550,Mandy Ware,mandy.ware4550@corp.com,Finance,VP,220416.00,2023-08-25,1424
4551,Jackie Higgins,jackie.higgins4551@corp.com,Engineering,Architect,222617.00,2018-06-06,636
4552,Mae Donovan,mae.donovan4552@corp.com,Operations,Director,136835.00,2023-10-14,2587
4553,Gary Stewart,gary.stewart4553@corp.com,Engineering,Manager,88825.00,2024-02-13,2117
4554,Ryan Cruz,ryan.cruz4554@corp.com,Marketing,Analyst,70198.00,2017-07-05,2310
4555,Ina Savage,ina.savage4555@corp.com,R&D,Analyst,167889.00,2023-02-09,3002
4556,Julia Ruiz,julia.ruiz4556@corp.com,Customer Success,Analyst,197173.00,2022-03-06,335
4557,Gavin Peters,gavin.peters4557@corp.com,Operations,Analyst,200583.00,2018-09-15,2441
4558,Pat Moran,pat.moran4558@corp.com,HR,Specialist,174806.00,2016-08-29,2920
4559,Vernon Hood,vernon.hood4559@corp.com,Customer Success,Consultant,196158.00,2023-05-26,2499
4560,Kerry Donovan,kerry.donovan4560@corp.com,Marketing,Coordinator,176564.00,2021-07-31,3762
4561,Joanne Wheeler,joanne.wheeler4561@corp.com,HR,Manager,45003.00,2019-04-25,2901
4562,Matthew Thompson,matthew.thompson4562@corp.com,Engineering,Engineer,191052.00,2024-07-27,776
4563,Leonard Wade,leonard.wade4563@corp.com,IT,Coordinator,127239.00,2022-06-10,685
4564,Rory Sawyer,rory.sawyer4564@corp.com,IT,Engineer,227239.00,2024-05-28,3059
4565,Antonia Brennan,antonia.brennan4565@corp.com,Legal,Architect,140064.00,2022-12-21,3948
4566,Miles Wong,miles.wong4566@corp.com,R&D,Architect,127887.00,2022-04-13,588
4567,Elijah Andrews,elijah.andrews4567@corp.com,IT,Specialist,58456.00,2026-02-09,3213
4568,Dewey Villarreal,dewey.villarreal4568@corp.com,Operations,Coordinator,166868.00,2023-04-04,582
4569,Rusty Berg,rusty.berg4569@corp.com,IT,Director,178308.00,2023-03-15,3197
4570,Mae Donovan,mae.donovan4570@corp.com,Marketing,Analyst,108250.00,2019-09-11,4509
4571,Rafael Schneider,rafael.schneider4571@corp.com,R&D,Specialist,179545.00,2018-04-25,3358
4572,Lillie Castaneda,lillie.castaneda4572@corp.com,Customer Success,Consultant,112734.00,2021-08-05,1192
4573,Luther Heath,luther.heath4573@corp.com,IT,Specialist,64936.00,2017-11-26,3246
4574,Randal Kaufman,randal.kaufman4574@corp.com,Customer Success,Engineer,215944.00,2025-06-02,4256
4575,Morris Koch,morris.koch4575@corp.com,HR,Analyst,234580.00,2023-05-27,3720
4576,Kayla Cunningham,kayla.cunningham4576@corp.com,Operations,Consultant,169956.00,2025-02-20,3636
4577,Bertha Rivas,bertha.rivas4577@corp.com,Marketing,Coordinator,99105.00,2024-07-12,2964
4578,Angela Murphy,angela.murphy4578@corp.com,Operations,Architect,95895.00,2022-01-15,4127
4579,Joanna Floyd,joanna.floyd4579@corp.com,Finance,Engineer,74381.00,2018-08-03,2271
4580,Lenora Gillespie,lenora.gillespie4580@corp.com,R&D,Engineer,66444.00,2025-05-06,649
4581,Aileen Lindsey,aileen.lindsey4581@corp.com,Legal,Engineer,100909.00,2019-12-24,2383
4582,Reid Velasquez,reid.velasquez4582@corp.com,Engineering,Specialist,195781.00,2024-11-23,2913
4583,Mario Strong,mario.strong4583@corp.com,IT,Analyst,232167.00,2026-07-16,4466
4584,Terrence Brennan,terrence.brennan4584@corp.com,Operations,Consultant,121105.00,2017-10-11,687
4585,Jayden Williamson,jayden.williamson4585@corp.com,Marketing,VP,233347.00,2023-09-27,459
4586,Bradford Mcclure,bradford.mcclure4586@corp.com,IT,Director,170095.00,2024-06-13,4038
4587,Jana Castaneda,jana.castaneda4587@corp.com,IT,Coordinator,127376.00,2026-02-26,83
4588,Marie Watkins,marie.watkins4588@corp.com,HR,Coordinator,90831.00,2026-02-02,3286
4589,Ashley Robinson,ashley.robinson4589@corp.com,R&D,Analyst,112313.00,2026-01-05,3656
4590,Rocco Brennan,rocco.brennan4590@corp.com,Legal,Analyst,150782.00,2023-10-27,3811
4591,Cameron Montgomery,cameron.montgomery4591@corp.com,IT,Coordinator,204292.00,2020-07-23,2398
4592,Ryan Cruz,ryan.cruz4592@corp.com,Operations,VP,85695.00,2016-08-12,2431
4593,Morgan Hansen,morgan.hansen4593@corp.com,Finance,Specialist,124511.00,2023-02-28,1067
4594,Carl Wallace,carl.wallace4594@corp.com,Marketing,Consultant,171792.00,2025-01-29,2638
4595,Kathleen Reyes,kathleen.reyes4595@corp.com,Marketing,Director,223673.00,2026-07-12,2700
4596,Jayden Williamson,jayden.williamson4596@corp.com,Marketing,Director,145581.00,2016-11-19,2161
4597,Betty White,betty.white4597@corp.com,Operations,Manager,61782.00,2019-03-24,3825
4598,Bennie Duffy,bennie.duffy4598@corp.com,Operations,Consultant,103629.00,2021-08-03,1322
4599,Donovan Morse,donovan.morse4599@corp.com,IT,VP,188413.00,2018-02-04,218
4600,Harriet Guthrie,harriet.guthrie4600@corp.com,Customer Success,Coordinator,225161.00,2023-10-20,876
4601,Anna Sherman,anna.sherman4601@corp.com,Customer Success,Specialist,133564.00,2017-11-14,2452
4602,Lenora Gillespie,lenora.gillespie4602@corp.com,IT,Specialist,60921.00,2026-05-12,4492
4603,Wilbur Serrano,wilbur.serrano4603@corp.com,Sales,Manager,183025.00,2022-04-07,47
4604,Rocco Parrish,rocco.parrish4604@corp.com,Marketing,Analyst,75120.00,2016-10-14,3721
4605,Dorian Serrano,dorian.serrano4605@corp.com,Sales,Specialist,153651.00,2023-01-20,1918
4606,Jason Evans,jason.evans4606@corp.com,HR,Specialist,200220.00,2019-02-08,2658
4607,Lynette Donaldson,lynette.donaldson4607@corp.com,Marketing,Manager,132640.00,2017-11-12,526
4608,Judith Bryant,judith.bryant4608@corp.com,R&D,Senior Engineer,83654.00,2018-04-22,2774
4609,Giovanni Koch,giovanni.koch4609@corp.com,Legal,Architect,79301.00,2024-11-04,1130
4610,Mario Strong,mario.strong4610@corp.com,R&D,Director,188842.00,2021-05-03,2215
4611,Jeff Bass,jeff.bass4611@corp.com,Sales,Senior Engineer,101906.00,2021-07-28,1460
4612,Omar Barton,omar.barton4612@corp.com,IT,Consultant,193342.00,2020-06-07,2866
4613,Margaret Sanchez,margaret.sanchez4613@corp.com,Sales,VP,68289.00,2022-05-22,1264
4614,Dewey Villarreal,dewey.villarreal4614@corp.com,Operations,VP,58036.00,2016-12-26,3383
4615,Cyrus Fuentes,cyrus.fuentes4615@corp.com,Marketing,Analyst,235391.00,2018-02-26,2229
4616,Marshall Barton,marshall.barton4616@corp.com,Legal,Coordinator,143835.00,2019-10-10,4060
4617,Clifford Doyle,clifford.doyle4617@corp.com,R&D,Engineer,113316.00,2025-04-03,4299
4618,Daniel Lee,daniel.lee4618@corp.com,Operations,Analyst,239921.00,2022-04-01,1834
4619,Andre Hampton,andre.hampton4619@corp.com,Operations,Director,93020.00,2017-06-03,1129
4620,Patrick Price,patrick.price4620@corp.com,Marketing,Senior Engineer,83354.00,2023-12-17,2258
4621,Aida Lindsey,aida.lindsey4621@corp.com,Sales,Specialist,101628.00,2017-04-15,3155
4622,Jack Castillo,jack.castillo4622@corp.com,Engineering,VP,245193.00,2026-04-23,2607
4623,Billy Hawkins,billy.hawkins4623@corp.com,Marketing,Coordinator,124392.00,2018-07-25,4436
4624,Chelsea Oliver,chelsea.oliver4624@corp.com,IT,VP,76015.00,2023-09-30,3509
4625,Reynaldo Heath,reynaldo.heath4625@corp.com,HR,Coordinator,216125.00,2019-11-08,3351
4626,Opal Gould,opal.gould4626@corp.com,Customer Success,Director,138028.00,2021-08-31,2704
4627,Rocco Brennan,rocco.brennan4627@corp.com,Finance,VP,86570.00,2021-11-10,3576
4628,Moses Stein,moses.stein4628@corp.com,Marketing,Analyst,112523.00,2019-12-31,4480
4629,Virginia Russell,virginia.russell4629@corp.com,Legal,Coordinator,139219.00,2024-05-03,1401
4630,Zachary Romero,zachary.romero4630@corp.com,Legal,Engineer,109987.00,2017-04-17,395
4631,Sondra Bean,sondra.bean4631@corp.com,Marketing,Manager,208783.00,2022-03-08,1363
4632,Dorothy Flores,dorothy.flores4632@corp.com,R&D,Engineer,95918.00,2022-02-23,3580
4633,Nannie Roth,nannie.roth4633@corp.com,Engineering,Senior Engineer,186778.00,2018-11-09,1606
4634,Lana Middleton,lana.middleton4634@corp.com,IT,VP,182800.00,2024-09-16,3888
4635,Calvin Ortega,calvin.ortega4635@corp.com,Customer Success,Engineer,144751.00,2019-01-05,3377
4636,Lenora Gillespie,lenora.gillespie4636@corp.com,Customer Success,Manager,200785.00,2016-09-04,4404
4637,Mario Strong,mario.strong4637@corp.com,Finance,Specialist,159775.00,2023-07-30,3151
4638,Pat Moran,pat.moran4638@corp.com,Customer Success,VP,152475.00,2024-03-09,1802
4639,Rodolfo Gallagher,rodolfo.gallagher4639@corp.com,Legal,Coordinator,127271.00,2023-03-28,2181
4640,Martin Sharp,martin.sharp4640@corp.com,Finance,Architect,142135.00,2025-12-31,4111
4641,Moses Stein,moses.stein4641@corp.com,Customer Success,Consultant,209762.00,2026-07-09,2007
4642,Jeannie Krause,jeannie.krause4642@corp.com,IT,Architect,156062.00,2017-01-08,321
4643,Julia Ruiz,julia.ruiz4643@corp.com,Finance,Engineer,50254.00,2018-05-20,2997
4644,Roosevelt Sawyer,roosevelt.sawyer4644@corp.com,Marketing,Architect,111419.00,2023-07-07,1543
4645,Leo Velasquez,leo.velasquez4645@corp.com,Marketing,Director,102397.00,2021-09-24,1494
4646,Juanita Krueger,juanita.krueger4646@corp.com,Legal,VP,83099.00,2022-09-02,2441
4647,Wallace Roy,wallace.roy4647@corp.com,R&D,Architect,139657.00,2019-08-01,3666
4648,Myrtle Yates,myrtle.yates4648@corp.com,Engineering,Architect,209273.00,2021-04-22,4306
4649,Leona Olsen,leona.olsen4649@corp.com,Legal,Consultant,180336.00,2022-09-11,2862
4650,Kurt Fischer,kurt.fischer4650@corp.com,Engineering,Analyst,207280.00,2019-09-13,2487
4651,Jack Castillo,jack.castillo4651@corp.com,IT,Senior Engineer,130099.00,2021-05-11,4243
4652,Mattie Potter,mattie.potter4652@corp.com,Engineering,Manager,50074.00,2020-10-17,3785
4653,Harriet Guthrie,harriet.guthrie4653@corp.com,Customer Success,Engineer,134918.00,2017-04-17,30
4654,Agnes Farrell,agnes.farrell4654@corp.com,Engineering,Senior Engineer,186138.00,2024-01-23,2315
4655,Nannie Roth,nannie.roth4655@corp.com,Legal,Senior Engineer,146722.00,2016-11-10,940
4656,Gavin Peters,gavin.peters4656@corp.com,Operations,Director,140599.00,2021-06-07,4611
4657,Stephanie Roberts,stephanie.roberts4657@corp.com,Sales,Manager,212686.00,2020-09-08,2089
4658,Kurtis Tate,kurtis.tate4658@corp.com,HR,Engineer,100936.00,2022-10-06,304
4659,Darius Nicholson,darius.nicholson4659@corp.com,Operations,VP,183457.00,2017-11-02,1721
4660,Brenda Cooper,brenda.cooper4660@corp.com,Legal,Analyst,170925.00,2019-06-21,1054
4661,Becky Ericksen,becky.ericksen4661@corp.com,Finance,Specialist,134077.00,2020-06-30,2727
4662,Michael Brown,michael.brown4662@corp.com,Operations,Manager,114944.00,2025-12-30,444
4663,Cathy Hobbs,cathy.hobbs4663@corp.com,Legal,Director,156556.00,2022-02-03,3861
4664,Lenora Gillespie,lenora.gillespie4664@corp.com,Engineering,Engineer,234913.00,2018-05-14,2144
4665,Stuart Sweeney,stuart.sweeney4665@corp.com,Marketing,Senior Engineer,61918.00,2019-12-25,112
4666,Madonna Wiggins,madonna.wiggins4666@corp.com,R&D,Manager,175499.00,2024-02-22,1196
4667,Erik Mclaughlin,erik.mclaughlin4667@corp.com,Finance,Specialist,130057.00,2017-04-21,3271
4668,Olga Mora,olga.mora4668@corp.com,Customer Success,Specialist,223773.00,2020-09-08,2137
4669,Shirley Rogers,shirley.rogers4669@corp.com,Finance,Coordinator,139179.00,2024-01-24,1250
4670,Jeff Bass,jeff.bass4670@corp.com,Customer Success,Analyst,189406.00,2025-10-26,1205
4671,Mildred Snyder,mildred.snyder4671@corp.com,R&D,Coordinator,174466.00,2021-09-30,1013
4672,Benjamin Ward,benjamin.ward4672@corp.com,Sales,VP,170895.00,2018-01-25,2164
4673,Pamela Bailey,pamela.bailey4673@corp.com,R&D,Manager,195288.00,2023-04-07,2640
4674,Steven Walker,steven.walker4674@corp.com,HR,Engineer,175709.00,2016-08-22,3058
4675,Antoinette Barrera,antoinette.barrera4675@corp.com,HR,Manager,150174.00,2023-04-14,497
4676,Rex Baird,rex.baird4676@corp.com,Legal,Consultant,154283.00,2018-04-29,2584
4677,Tyson Oneal,tyson.oneal4677@corp.com,Sales,Specialist,147914.00,2020-06-08,1833
4678,Aiden Schmidt,aiden.schmidt4678@corp.com,IT,Architect,203397.00,2018-12-11,4546
4679,Henry Perry,henry.perry4679@corp.com,Finance,Manager,106371.00,2025-05-31,1773
4680,Billie Wiggins,billie.wiggins4680@corp.com,Engineering,Director,231674.00,2020-01-18,3329
4681,Daniel Lee,daniel.lee4681@corp.com,R&D,Specialist,139967.00,2023-06-20,1676
4682,Estelle Hays,estelle.hays4682@corp.com,Finance,Architect,70199.00,2018-06-11,2398
4683,Omar Barton,omar.barton4683@corp.com,HR,Coordinator,172098.00,2019-01-21,1688
4684,Chase Fernandez,chase.fernandez4684@corp.com,Operations,Consultant,230682.00,2020-10-22,1059
4685,Bennie Duffy,bennie.duffy4685@corp.com,Finance,Architect,107076.00,2021-07-18,1134
4686,Chase Fernandez,chase.fernandez4686@corp.com,Sales,Specialist,51830.00,2023-07-01,2234
4687,Clark Doyle,clark.doyle4687@corp.com,Operations,Coordinator,87611.00,2026-02-15,354
4688,Rodolfo Gallagher,rodolfo.gallagher4688@corp.com,Operations,Engineer,222708.00,2019-12-03,2495
4689,Angelo Pacheco,angelo.pacheco4689@corp.com,R&D,Director,154900.00,2023-03-11,1763
4690,Marcella English,marcella.english4690@corp.com,Legal,Specialist,205140.00,2016-12-31,2740
4691,Faith Bender,faith.bender4691@corp.com,IT,Manager,149855.00,2020-01-24,3822
4692,Alan Pierce,alan.pierce4692@corp.com,Sales,Consultant,84381.00,2023-06-22,2259
4693,Helen Cox,helen.cox4693@corp.com,Engineering,Senior Engineer,78703.00,2022-04-21,2448
4694,Janice West,janice.west4694@corp.com,Customer Success,Director,69552.00,2026-07-17,97
4695,Dolores Pena,dolores.pena4695@corp.com,Customer Success,Director,167669.00,2018-10-08,4518
4696,Ola Baxter,ola.baxter4696@corp.com,Sales,Senior Engineer,160290.00,2022-03-04,2530
4697,Earnest Barber,earnest.barber4697@corp.com,Operations,Manager,228587.00,2019-02-02,121
4698,Gregory Chavez,gregory.chavez4698@corp.com,Legal,Senior Engineer,177020.00,2025-11-27,1575
4699,Rashad Villarreal,rashad.villarreal4699@corp.com,Engineering,Director,141206.00,2021-06-27,1845
4700,Opal Gould,opal.gould4700@corp.com,Finance,Consultant,188558.00,2022-12-05,3717
4701,Eric Cook,eric.cook4701@corp.com,IT,VP,80530.00,2022-04-08,3080
4702,Cora Mcmahon,cora.mcmahon4702@corp.com,HR,Senior Engineer,104368.00,2022-02-14,1270
4703,Francis Brennan,francis.brennan4703@corp.com,Legal,Engineer,148544.00,2022-01-16,356
4704,Earnest Barber,earnest.barber4704@corp.com,Sales,VP,194706.00,2026-07-15,1882
4705,Shelby Novak,shelby.novak4705@corp.com,Operations,Senior Engineer,87791.00,2021-02-28,477
4706,Dave Quinn,dave.quinn4706@corp.com,Sales,VP,55958.00,2022-10-08,1341
4707,Donald Lewis,donald.lewis4707@corp.com,Sales,Architect,88827.00,2024-06-05,2541
4708,Ina Savage,ina.savage4708@corp.com,Marketing,Director,86498.00,2019-11-18,4603
4709,Jeri Charles,jeri.charles4709@corp.com,Marketing,Engineer,132027.00,2017-06-19,1370
4710,Joann Sullivan,joann.sullivan4710@corp.com,Sales,Engineer,173332.00,2023-09-19,1010
4711,Blake Harvey,blake.harvey4711@corp.com,HR,Engineer,175094.00,2017-01-13,1888
4712,Nora Andersen,nora.andersen4712@corp.com,Finance,Consultant,241578.00,2024-01-26,4420
4713,Ellen Carr,ellen.carr4713@corp.com,Operations,Architect,68667.00,2023-02-01,3011
4714,Larry Peterson,larry.peterson4714@corp.com,Marketing,VP,206494.00,2022-11-07,4336
4715,Sergio Mcgee,sergio.mcgee4715@corp.com,Operations,Specialist,220361.00,2020-02-02,1024
4716,Lenore Gillespie,lenore.gillespie4716@corp.com,Marketing,Architect,233110.00,2021-02-24,757
4717,Brandon Kim,brandon.kim4717@corp.com,HR,Engineer,178784.00,2025-08-18,4309
4718,Lucy Nash,lucy.nash4718@corp.com,Operations,Director,88426.00,2025-03-06,2338
4719,Matthew Thompson,matthew.thompson4719@corp.com,HR,Consultant,101933.00,2022-05-14,3398
4720,Kristen Little,kristen.little4720@corp.com,IT,Specialist,75746.00,2019-07-19,2993
4721,Nathan Gonzales,nathan.gonzales4721@corp.com,IT,Specialist,217246.00,2025-07-09,439
4722,Jose Sullivan,jose.sullivan4722@corp.com,Finance,Consultant,184634.00,2018-12-25,2553
4723,Clifton Blackburn,clifton.blackburn4723@corp.com,R&D,Consultant,238842.00,2016-11-14,2133
4724,Theresa Austin,theresa.austin4724@corp.com,Operations,Consultant,136547.00,2017-10-22,183
4725,Henry Perry,henry.perry4725@corp.com,R&D,Manager,232848.00,2026-06-16,4155
4726,Carl Wallace,carl.wallace4726@corp.com,Customer Success,Specialist,212645.00,2023-12-20,3892
4727,Ronald Carter,ronald.carter4727@corp.com,HR,VP,243160.00,2023-11-22,2615
4728,Stella Delgado,stella.delgado4728@corp.com,IT,Consultant,185743.00,2019-06-02,1965
4729,Daryl Larsen,daryl.larsen4729@corp.com,HR,Director,113663.00,2026-01-06,1580
4730,Judith Bryant,judith.bryant4730@corp.com,HR,Architect,228582.00,2017-05-31,3496
4731,Lyman Ware,lyman.ware4731@corp.com,R&D,Specialist,197594.00,2016-12-28,4619
4732,Joseph Gonzalez,joseph.gonzalez4732@corp.com,Engineering,Director,129489.00,2023-10-28,3476
4733,Steven Walker,steven.walker4733@corp.com,Engineering,Engineer,110336.00,2026-06-12,363
4734,Katherine Brooks,katherine.brooks4734@corp.com,IT,Coordinator,170917.00,2024-06-13,1526
4735,Rolland Buck,rolland.buck4735@corp.com,Finance,Senior Engineer,202143.00,2018-06-10,3836
4736,Robin Winters,robin.winters4736@corp.com,R&D,Senior Engineer,240452.00,2022-04-17,354
4737,Johnnie Boyer,johnnie.boyer4737@corp.com,R&D,Consultant,152747.00,2019-04-11,2963
4738,Albert West,albert.west4738@corp.com,Finance,Analyst,90542.00,2019-09-27,1796
4739,Cecelia Becker,cecelia.becker4739@corp.com,Legal,Analyst,67196.00,2026-04-12,613
4740,Raul Morse,raul.morse4740@corp.com,IT,Engineer,71691.00,2020-07-07,3187
4741,Rebecca Phillips,rebecca.phillips4741@corp.com,R&D,Engineer,220841.00,2018-02-05,880
4742,Dave Quinn,dave.quinn4742@corp.com,Customer Success,Consultant,157863.00,2025-06-21,2463
4743,Albert West,albert.west4743@corp.com,Customer Success,Director,248235.00,2026-03-05,4562
4744,Cora Mcmahon,cora.mcmahon4744@corp.com,Legal,Engineer,84342.00,2018-11-22,1280
4745,Garry Huff,garry.huff4745@corp.com,R&D,Specialist,53791.00,2024-02-14,2843
4746,Ellen Carr,ellen.carr4746@corp.com,Finance,Architect,205281.00,2023-07-04,214
4747,Dolly Lambert,dolly.lambert4747@corp.com,Legal,Senior Engineer,169999.00,2020-06-20,2192
4748,Helen Cox,helen.cox4748@corp.com,Marketing,Engineer,226929.00,2025-06-15,4455
4749,Monte Strong,monte.strong4749@corp.com,Marketing,VP,219579.00,2024-03-30,3447
4750,Melinda Bradford,melinda.bradford4750@corp.com,Engineering,Architect,156992.00,2025-11-11,1983
4751,Dino Decker,dino.decker4751@corp.com,Marketing,Senior Engineer,122532.00,2017-08-07,2497
4752,Brian Nelson,brian.nelson4752@corp.com,Sales,Senior Engineer,117385.00,2018-02-17,2593
4753,Darius Bullock,darius.bullock4753@corp.com,Finance,Consultant,101910.00,2018-12-27,3046
4754,Patrick Price,patrick.price4754@corp.com,Engineering,Analyst,208541.00,2023-09-25,2427
4755,Marshall Barton,marshall.barton4755@corp.com,Finance,Senior Engineer,109782.00,2019-10-21,2990
4756,Carolyn Alvarez,carolyn.alvarez4756@corp.com,Sales,Senior Engineer,151587.00,2021-02-07,3689
4757,Lillian Berry,lillian.berry4757@corp.com,Customer Success,Senior Engineer,152835.00,2017-11-30,2034
4758,Mable Norton,mable.norton4758@corp.com,Operations,Engineer,98967.00,2024-06-30,286
4759,Stephen Morgan,stephen.morgan4759@corp.com,Legal,Senior Engineer,121522.00,2017-04-04,2719
4760,Omar Booth,omar.booth4760@corp.com,Engineering,Specialist,245508.00,2021-07-11,2233
4761,Rocco Parrish,rocco.parrish4761@corp.com,R&D,Architect,130331.00,2022-08-28,1458
4762,Nina Browning,nina.browning4762@corp.com,Finance,Coordinator,225102.00,2019-11-04,2014
4763,Judy Armstrong,judy.armstrong4763@corp.com,Legal,Consultant,135279.00,2025-10-23,2181
4764,Lonnie Lindsey,lonnie.lindsey4764@corp.com,Marketing,Specialist,235642.00,2020-03-20,1733
4765,Lucile Sheppard,lucile.sheppard4765@corp.com,Marketing,VP,199837.00,2019-10-24,4632
4766,Mable Norton,mable.norton4766@corp.com,R&D,Manager,232520.00,2025-07-01,4279
4767,Lowell Gates,lowell.gates4767@corp.com,Finance,Consultant,216296.00,2017-07-30,1259
4768,Merle Hahn,merle.hahn4768@corp.com,R&D,Specialist,107098.00,2018-08-15,2899
4769,Mark Clark,mark.clark4769@corp.com,Operations,Manager,155918.00,2022-03-16,2933
4770,Ian Morrison,ian.morrison4770@corp.com,IT,Manager,76830.00,2022-04-08,2573
4771,Lenore Gillespie,lenore.gillespie4771@corp.com,Finance,Analyst,199666.00,2023-12-14,3446
4772,Nicholas Morales,nicholas.morales4772@corp.com,Sales,Consultant,49525.00,2022-07-28,2736
4773,Francis Brennan,francis.brennan4773@corp.com,Engineering,Director,65077.00,2026-05-05,3344
4774,Alexander Gray,alexander.gray4774@corp.com,R&D,Senior Engineer,174853.00,2025-01-08,3921
4775,Eula Lindsey,eula.lindsey4775@corp.com,HR,Consultant,168455.00,2022-01-03,1913
4776,Ricardo Tapia,ricardo.tapia4776@corp.com,Sales,Architect,182578.00,2023-08-30,3254
4777,Stella Delgado,stella.delgado4777@corp.com,IT,Senior Engineer,179897.00,2016-07-25,1071
4778,Daren Booth,daren.booth4778@corp.com,Marketing,VP,55738.00,2024-08-19,1477
4779,Terry Ford,terry.ford4779@corp.com,Customer Success,Coordinator,62247.00,2026-05-24,2636
4780,Troy Joseph,troy.joseph4780@corp.com,Marketing,Architect,163409.00,2023-10-07,310
4781,Bryan Palmer,bryan.palmer4781@corp.com,R&D,VP,155835.00,2025-01-12,2970
4782,Stella Delgado,stella.delgado4782@corp.com,Engineering,Senior Engineer,186880.00,2025-04-19,1553
4783,Joe Kim,joe.kim4783@corp.com,HR,Engineer,108845.00,2025-01-02,326
4784,Bertha Rivas,bertha.rivas4784@corp.com,Operations,Senior Engineer,145712.00,2025-05-07,1399
4785,Marcie Franco,marcie.franco4785@corp.com,IT,Architect,105189.00,2018-11-06,363
4786,Clara Maldonado,clara.maldonado4786@corp.com,Sales,Coordinator,108919.00,2019-06-18,3830
4787,Gloria Jordan,gloria.jordan4787@corp.com,Legal,Architect,175731.00,2019-05-05,4290
4788,Doris Orr,doris.orr4788@corp.com,R&D,Director,195040.00,2024-05-03,4449
4789,Martin Sharp,martin.sharp4789@corp.com,HR,Specialist,244046.00,2025-07-22,3516
4790,Rex Baird,rex.baird4790@corp.com,Marketing,VP,194202.00,2021-11-07,4471
4791,Bryan Palmer,bryan.palmer4791@corp.com,Legal,VP,188056.00,2019-01-22,2615
4792,Tommy Oneal,tommy.oneal4792@corp.com,Operations,Consultant,110750.00,2022-03-17,2845
4793,Naomi Middleton,naomi.middleton4793@corp.com,IT,Consultant,56718.00,2024-07-14,4243
4794,Samantha Richardson,samantha.richardson4794@corp.com,Sales,Engineer,99821.00,2022-04-01,2391
4795,Colin Bowers,colin.bowers4795@corp.com,R&D,Engineer,212209.00,2022-11-04,4285
4796,Nellie Norton,nellie.norton4796@corp.com,Sales,Senior Engineer,121889.00,2022-08-28,2578
4797,Debra Bennett,debra.bennett4797@corp.com,IT,Engineer,149715.00,2020-11-12,2835
4798,Theresa Austin,theresa.austin4798@corp.com,Engineering,Senior Engineer,92031.00,2019-03-05,4741
4799,Corinne Tyler,corinne.tyler4799@corp.com,Marketing,VP,204741.00,2022-04-06,2802
4800,Marcus Kirk,marcus.kirk4800@corp.com,Legal,Director,189041.00,2022-07-25,2006
4801,Cecilia Brock,cecilia.brock4801@corp.com,Customer Success,Specialist,103066.00,2017-02-01,1823
4802,Kimberly Young,kimberly.young4802@corp.com,Operations,Consultant,145365.00,2016-10-13,3648
4803,Dave Quinn,dave.quinn4803@corp.com,Legal,VP,91896.00,2016-09-19,79
4804,Dwayne Conway,dwayne.conway4804@corp.com,Sales,Specialist,199461.00,2020-05-17,566
4805,Ernestine Gillespie,ernestine.gillespie4805@corp.com,Sales,Consultant,152469.00,2023-07-24,4676
4806,Cesar Parrish,cesar.parrish4806@corp.com,Engineering,Architect,61222.00,2021-06-17,2914
4807,Carroll Bullock,carroll.bullock4807@corp.com,Operations,Engineer,119184.00,2020-10-14,336
4808,Omar Booth,omar.booth4808@corp.com,Finance,Specialist,123544.00,2018-11-06,2849
4809,Sterling Glass,sterling.glass4809@corp.com,Sales,VP,176215.00,2023-12-23,281
4810,Doreen Orr,doreen.orr4810@corp.com,Sales,Coordinator,87541.00,2024-04-06,158
4811,Ina Savage,ina.savage4811@corp.com,Operations,VP,179429.00,2021-03-07,1913
4812,Yolanda Roth,yolanda.roth4812@corp.com,Finance,Coordinator,104844.00,2016-08-17,1490
4813,Rose Lane,rose.lane4813@corp.com,Marketing,Manager,138724.00,2022-12-17,2092
4814,Willard Vinson,willard.vinson4814@corp.com,Operations,Coordinator,157612.00,2024-12-17,2687
4815,Alan Castillo,alan.castillo4815@corp.com,Customer Success,Director,165195.00,2024-10-03,539
4816,Ricardo Tapia,ricardo.tapia4816@corp.com,Finance,Specialist,118937.00,2018-05-26,3755
4817,Doreen Orr,doreen.orr4817@corp.com,Legal,Architect,189736.00,2023-08-21,2198
4818,Stephen Morgan,stephen.morgan4818@corp.com,Sales,Engineer,47427.00,2019-11-07,1346
4819,Mona Bender,mona.bender4819@corp.com,R&D,Coordinator,133299.00,2026-06-16,3458
4820,Logan Stephens,logan.stephens4820@corp.com,Legal,Analyst,64921.00,2017-09-17,3759
4821,Freddie Rubio,freddie.rubio4821@corp.com,Operations,Director,177460.00,2020-02-14,3725
4822,Rex Booker,rex.booker4822@corp.com,Sales,Coordinator,241187.00,2019-08-30,2070
4823,Kurtis Tate,kurtis.tate4823@corp.com,Marketing,VP,249429.00,2018-01-07,3448
4824,Harold Reynolds,harold.reynolds4824@corp.com,Finance,Consultant,202580.00,2026-03-22,1458
4825,Harold Reynolds,harold.reynolds4825@corp.com,Finance,Coordinator,120999.00,2019-04-21,1356
4826,Kayla Cunningham,kayla.cunningham4826@corp.com,HR,Director,131554.00,2018-12-03,1499
4827,Mabel Donaldson,mabel.donaldson4827@corp.com,Customer Success,Coordinator,178331.00,2025-06-21,923
4828,Lori Marshall,lori.marshall4828@corp.com,HR,Engineer,183321.00,2019-04-15,4449
4829,Shelby Novak,shelby.novak4829@corp.com,Legal,Coordinator,104408.00,2025-10-11,573
4830,Pablo Lynn,pablo.lynn4830@corp.com,Marketing,Director,141382.00,2021-04-24,4279
4831,Jesus Alexander,jesus.alexander4831@corp.com,HR,Manager,138006.00,2019-03-25,1783
4832,Clifton Blackburn,clifton.blackburn4832@corp.com,Legal,Senior Engineer,47887.00,2017-05-08,4530
4833,Jewel Rivas,jewel.rivas4833@corp.com,Marketing,VP,248903.00,2023-01-30,4505
4834,Jason Evans,jason.evans4834@corp.com,Operations,Director,237777.00,2017-09-07,1532
4835,Forrest Brandt,forrest.brandt4835@corp.com,Engineering,VP,233028.00,2019-02-10,4109
4836,Jason Evans,jason.evans4836@corp.com,Operations,Coordinator,232264.00,2023-03-24,4576
4837,Roslyn Browning,roslyn.browning4837@corp.com,Customer Success,VP,108120.00,2023-09-10,2168
4838,Lena Aguilar,lena.aguilar4838@corp.com,Finance,Engineer,205096.00,2020-10-13,2564
4839,Lamar Rubio,lamar.rubio4839@corp.com,Marketing,Consultant,229321.00,2026-02-18,3509
4840,Gertrude Shepard,gertrude.shepard4840@corp.com,Sales,Director,205252.00,2023-12-24,3941
4841,Lenore Gillespie,lenore.gillespie4841@corp.com,Customer Success,Director,236614.00,2023-04-14,2550
4842,Dana Garza,dana.garza4842@corp.com,Finance,VP,125575.00,2023-06-27,666
4843,Dewayne Trevino,dewayne.trevino4843@corp.com,Sales,Architect,93657.00,2024-03-23,4730
4844,Emmett Barber,emmett.barber4844@corp.com,Marketing,Manager,185277.00,2022-02-21,1317
4845,Alfonso Friedman,alfonso.friedman4845@corp.com,Finance,Senior Engineer,232440.00,2025-01-07,1583
4846,Lela Montoya,lela.montoya4846@corp.com,Engineering,VP,94955.00,2018-10-17,2997
4847,Kerry Donovan,kerry.donovan4847@corp.com,Marketing,Engineer,109220.00,2023-01-26,454
4848,Leo Velasquez,leo.velasquez4848@corp.com,Finance,Architect,206105.00,2022-08-19,4736
4849,Theresa Austin,theresa.austin4849@corp.com,R&D,Architect,223511.00,2018-05-12,3813
4850,Omar Barton,omar.barton4850@corp.com,IT,Director,113169.00,2024-09-17,2907
4851,Olivia Ross,olivia.ross4851@corp.com,R&D,Manager,203613.00,2018-08-09,1160
4852,Frances Mills,frances.mills4852@corp.com,HR,Director,87943.00,2023-09-21,3958
4853,Clement Hood,clement.hood4853@corp.com,Legal,Senior Engineer,97271.00,2024-05-19,2064
4854,Orlando Herman,orlando.herman4854@corp.com,IT,Specialist,115599.00,2023-03-30,3564
4855,Christian Woods,christian.woods4855@corp.com,IT,Coordinator,188635.00,2023-07-28,2016
4856,Michelle Nguyen,michelle.nguyen4856@corp.com,Finance,Consultant,134868.00,2016-10-27,2382
4857,Jeremy Harrison,jeremy.harrison4857@corp.com,Legal,Manager,244213.00,2017-12-11,3382
4858,Mabel Donaldson,mabel.donaldson4858@corp.com,Marketing,Manager,101305.00,2024-02-20,1743
4859,Velma Brennan,velma.brennan4859@corp.com,Customer Success,Manager,81136.00,2025-03-24,993
4860,Mark Clark,mark.clark4860@corp.com,Customer Success,Senior Engineer,195625.00,2022-07-21,2786
4861,Darlene Simon,darlene.simon4861@corp.com,HR,Engineer,67585.00,2018-04-05,2971
4862,Ross Stein,ross.stein4862@corp.com,Finance,Specialist,121113.00,2016-11-28,4316
4863,Erin Meyer,erin.meyer4863@corp.com,Customer Success,Analyst,237829.00,2017-09-13,3249
4864,Curt Macdonald,curt.macdonald4864@corp.com,Legal,VP,175212.00,2023-11-28,2323
4865,Jarrod Schneider,jarrod.schneider4865@corp.com,Sales,Manager,111321.00,2022-05-10,3666
4866,Javier Solis,javier.solis4866@corp.com,HR,Specialist,57174.00,2024-10-31,3911
4867,Emma Kelly,emma.kelly4867@corp.com,Sales,Director,112140.00,2018-02-28,3123
4868,Glenda Reid,glenda.reid4868@corp.com,Customer Success,Coordinator,182141.00,2023-12-14,1113
4869,Kendrick Glass,kendrick.glass4869@corp.com,HR,Analyst,83402.00,2017-06-11,1799
4870,Dwayne Conway,dwayne.conway4870@corp.com,Engineering,Analyst,120736.00,2023-09-11,4723
4871,Jeannette Norton,jeannette.norton4871@corp.com,Marketing,VP,146545.00,2020-09-20,2856
4872,Pamela Bailey,pamela.bailey4872@corp.com,Customer Success,Manager,135903.00,2017-08-10,3284
4873,Toby Kirk,toby.kirk4873@corp.com,R&D,VP,217373.00,2018-08-28,2687
4874,Dante Herman,dante.herman4874@corp.com,Customer Success,Engineer,132581.00,2022-04-22,237
4875,Dwayne Conway,dwayne.conway4875@corp.com,Customer Success,VP,124475.00,2016-11-07,1783
4876,Angela Murphy,angela.murphy4876@corp.com,IT,Consultant,209833.00,2017-11-26,3356
4877,Ruth Myers,ruth.myers4877@corp.com,Sales,Specialist,187183.00,2024-04-15,3744
4878,Lynette Donaldson,lynette.donaldson4878@corp.com,Customer Success,Coordinator,146783.00,2024-02-14,347
4879,Jackie Higgins,jackie.higgins4879@corp.com,Legal,VP,162695.00,2024-02-14,1965
4880,Debra Bennett,debra.bennett4880@corp.com,Customer Success,Specialist,153897.00,2021-11-14,2466
4881,Clark Doyle,clark.doyle4881@corp.com,IT,Coordinator,232506.00,2021-05-01,3846
4882,Candy Wolf,candy.wolf4882@corp.com,Engineering,Analyst,65975.00,2019-02-07,3643
4883,Diane Jenkins,diane.jenkins4883@corp.com,Legal,Coordinator,150036.00,2019-07-02,4319
4884,Anna Ortiz,anna.ortiz4884@corp.com,IT,VP,237015.00,2019-09-13,708
4885,Mindy Donovan,mindy.donovan4885@corp.com,Customer Success,Director,206052.00,2018-04-09,3653
4886,Minnie Cisneros,minnie.cisneros4886@corp.com,Marketing,Coordinator,51716.00,2025-11-23,1245
4887,Max Castro,max.castro4887@corp.com,Marketing,Manager,45082.00,2023-08-02,1649
4888,Russell Duncan,russell.duncan4888@corp.com,Finance,Consultant,104364.00,2022-02-25,1471
4889,Ollie Paul,ollie.paul4889@corp.com,Customer Success,Analyst,97120.00,2023-04-22,863
4890,Connor Ortiz,connor.ortiz4890@corp.com,Engineering,Manager,91381.00,2024-11-02,326
4891,Marcie Franco,marcie.franco4891@corp.com,Engineering,Specialist,47802.00,2021-12-15,339
4892,Willie Nichols,willie.nichols4892@corp.com,IT,VP,156878.00,2020-01-11,4857
4893,Darius Nicholson,darius.nicholson4893@corp.com,HR,Manager,195922.00,2025-02-09,1168
4894,Fabian Joseph,fabian.joseph4894@corp.com,Legal,Director,205374.00,2020-03-19,2508
4895,Christina Ellis,christina.ellis4895@corp.com,Customer Success,Manager,201394.00,2025-04-14,1252
4896,Rene Ware,rene.ware4896@corp.com,R&D,Engineer,216071.00,2017-03-11,3343
4897,Carol Adams,carol.adams4897@corp.com,Engineering,Senior Engineer,185561.00,2022-09-28,2603
4898,Lillie Castaneda,lillie.castaneda4898@corp.com,Legal,Consultant,244265.00,2025-04-06,1904
4899,Cyrus Fuentes,cyrus.fuentes4899@corp.com,Operations,Coordinator,234216.00,2020-01-23,2012
4900,Elias Klein,elias.klein4900@corp.com,Customer Success,Architect,86230.00,2016-08-04,4800
4901,Giovanni Koch,giovanni.koch4901@corp.com,Customer Success,Manager,46530.00,2019-06-08,4008
4902,Eula Lindsey,eula.lindsey4902@corp.com,Legal,Engineer,157827.00,2024-12-03,1814
4903,Ross Stein,ross.stein4903@corp.com,R&D,Director,144384.00,2023-11-24,1564
4904,Pat Moran,pat.moran4904@corp.com,R&D,Consultant,88174.00,2024-05-31,4894
4905,Graham Pitts,graham.pitts4905@corp.com,Finance,Director,150078.00,2021-02-23,1280
4906,Susie Valencia,susie.valencia4906@corp.com,R&D,Senior Engineer,184094.00,2017-11-09,3787
4907,Cedric Hood,cedric.hood4907@corp.com,Operations,Manager,180313.00,2024-03-28,293
4908,Earnest Barber,earnest.barber4908@corp.com,Engineering,Coordinator,76892.00,2023-07-24,3539
4909,Elma Salinas,elma.salinas4909@corp.com,Finance,Architect,102063.00,2024-06-26,4596
4910,Lisa Perez,lisa.perez4910@corp.com,R&D,Consultant,112719.00,2018-08-02,1818
4911,Lamar Rubio,lamar.rubio4911@corp.com,HR,Senior Engineer,141508.00,2020-09-12,4688
4912,Shawn Tate,shawn.tate4912@corp.com,IT,VP,166757.00,2026-05-11,2976
4913,Billy Hawkins,billy.hawkins4913@corp.com,HR,Engineer,104130.00,2026-01-30,2086
4914,Christian Woods,christian.woods4914@corp.com,Marketing,Director,85791.00,2021-11-30,1289
4915,Sergio Mcgee,sergio.mcgee4915@corp.com,Marketing,Director,83159.00,2017-01-27,1708
4916,Willard Vinson,willard.vinson4916@corp.com,HR,Specialist,175703.00,2018-03-07,2598
4917,Nannie Roth,nannie.roth4917@corp.com,Finance,Engineer,249023.00,2017-07-09,1232
4918,Caleb Riley,caleb.riley4918@corp.com,Finance,Architect,237501.00,2019-03-06,2818
4919,Jerald Strong,jerald.strong4919@corp.com,Customer Success,Senior Engineer,221644.00,2019-06-09,1562
4920,Miriam Berg,miriam.berg4920@corp.com,Legal,Specialist,233300.00,2022-09-30,3111
4921,Marcella English,marcella.english4921@corp.com,Finance,Senior Engineer,156912.00,2023-09-01,4847
4922,Eric Cook,eric.cook4922@corp.com,IT,Specialist,138782.00,2017-12-15,3022
4923,Theresa Austin,theresa.austin4923@corp.com,Customer Success,Coordinator,58545.00,2019-11-28,2549
4924,Bret Hays,bret.hays4924@corp.com,Sales,Engineer,168079.00,2023-02-12,1832
4925,Miriam Berg,miriam.berg4925@corp.com,Customer Success,Consultant,78419.00,2022-04-06,2248
4926,Rosalyn Browning,rosalyn.browning4926@corp.com,Legal,Manager,89203.00,2022-07-09,1289
4927,Tammy Franklin,tammy.franklin4927@corp.com,IT,Senior Engineer,103264.00,2018-09-19,349
4928,Dante Wilcox,dante.wilcox4928@corp.com,Legal,VP,48502.00,2022-06-15,2686
4929,Nancy Martin,nancy.martin4929@corp.com,Customer Success,Consultant,179768.00,2016-07-31,1677
4930,Dick Decker,dick.decker4930@corp.com,Sales,Architect,136314.00,2018-06-03,2110
4931,Jacob Collins,jacob.collins4931@corp.com,R&D,Senior Engineer,207000.00,2024-11-13,4630
4932,Tami Mclean,tami.mclean4932@corp.com,Marketing,Senior Engineer,245298.00,2022-10-24,4851
4933,Ricardo Tapia,ricardo.tapia4933@corp.com,Operations,Engineer,121460.00,2024-08-21,3235
4934,Rosemarie Dickerson,rosemarie.dickerson4934@corp.com,R&D,Manager,117089.00,2025-04-21,3556
4935,Christine Wood,christine.wood4935@corp.com,Engineering,Specialist,89370.00,2020-07-29,4080
4936,Keith Ferguson,keith.ferguson4936@corp.com,Engineering,Engineer,125831.00,2017-01-17,447
4937,Evelyn Fisher,evelyn.fisher4937@corp.com,Sales,VP,144694.00,2019-02-02,4365
4938,Essie Orr,essie.orr4938@corp.com,Marketing,VP,140375.00,2025-07-23,1916
4939,Carroll Bullock,carroll.bullock4939@corp.com,Customer Success,Engineer,221106.00,2022-01-15,3189
4940,Lorene Vaughan,lorene.vaughan4940@corp.com,R&D,Analyst,169306.00,2020-08-19,3338
4941,Lucille Calderon,lucille.calderon4941@corp.com,Legal,Architect,158252.00,2023-04-26,3243
4942,Marcie Franco,marcie.franco4942@corp.com,IT,VP,151887.00,2018-01-01,1206
4943,Olivia Ross,olivia.ross4943@corp.com,Finance,VP,55900.00,2026-06-20,660
4944,Mamie Rollins,mamie.rollins4944@corp.com,Marketing,Specialist,49339.00,2017-04-17,4896
4945,Lana Middleton,lana.middleton4945@corp.com,R&D,Director,191691.00,2026-04-20,4636
4946,Tracy Alvarez,tracy.alvarez4946@corp.com,Legal,Coordinator,56790.00,2019-04-18,4687
4947,Lottie Duffy,lottie.duffy4947@corp.com,Operations,Engineer,120757.00,2018-07-25,1150
4948,Timothy Gomez,timothy.gomez4948@corp.com,Legal,Senior Engineer,202326.00,2024-07-16,1108
4949,Emmett Barber,emmett.barber4949@corp.com,Legal,Analyst,180807.00,2024-10-06,157
4950,Arthur Cole,arthur.cole4950@corp.com,Operations,Coordinator,160999.00,2018-09-04,1724
4951,Dana Garza,dana.garza4951@corp.com,Finance,Senior Engineer,115434.00,2020-06-10,3993
4952,Edward Campbell,edward.campbell4952@corp.com,HR,Analyst,175860.00,2024-01-29,3228
4953,Nora Andersen,nora.andersen4953@corp.com,Engineering,VP,74659.00,2020-06-25,74
4954,Jesus Alexander,jesus.alexander4954@corp.com,Operations,Specialist,206399.00,2025-02-23,3707
4955,Cora Mcmahon,cora.mcmahon4955@corp.com,R&D,Director,239121.00,2021-05-02,4919
4956,Rashawn Villarreal,rashawn.villarreal4956@corp.com,Engineering,Specialist,207683.00,2017-09-24,4389
4957,Jean McDonald,jean.mcdonald4957@corp.com,HR,Specialist,80042.00,2020-03-25,2708
4958,Neva Bradford,neva.bradford4958@corp.com,Legal,Architect,93824.00,2019-05-15,2225
4959,Harriet Guthrie,harriet.guthrie4959@corp.com,Operations,Analyst,169707.00,2017-08-29,2015
4960,Oscar George,oscar.george4960@corp.com,Operations,Architect,238195.00,2021-05-02,296
4961,Kayla Cunningham,kayla.cunningham4961@corp.com,Engineering,Engineer,177212.00,2023-08-30,4188
4962,Diana Watkins,diana.watkins4962@corp.com,Operations,Engineer,165672.00,2019-04-07,4891
4963,Rashad Velez,rashad.velez4963@corp.com,R&D,Coordinator,216737.00,2022-11-11,3380
4964,Wesley Todd,wesley.todd4964@corp.com,R&D,Analyst,135114.00,2025-02-20,4745
4965,Freddie Rubio,freddie.rubio4965@corp.com,Legal,Senior Engineer,79061.00,2017-03-17,3376
4966,Cecelia Becker,cecelia.becker4966@corp.com,Customer Success,Engineer,94435.00,2019-05-11,2749
4967,Isaiah Lawson,isaiah.lawson4967@corp.com,R&D,Architect,121719.00,2023-10-29,1228
4968,Beverly Weaver,beverly.weaver4968@corp.com,Marketing,Coordinator,46131.00,2026-05-28,4527
4969,Marilyn Ferguson,marilyn.ferguson4969@corp.com,Customer Success,Specialist,173498.00,2021-08-07,391
4970,Mario Strong,mario.strong4970@corp.com,Marketing,Specialist,192406.00,2026-07-17,3350
4971,Ronald Carter,ronald.carter4971@corp.com,Operations,Architect,125943.00,2017-05-16,3415
4972,Shelby Horn,shelby.horn4972@corp.com,Operations,VP,228263.00,2020-07-28,577
4973,Della Mercer,della.mercer4973@corp.com,Operations,Senior Engineer,203002.00,2016-09-27,2473
4974,Grant Sutton,grant.sutton4974@corp.com,HR,Manager,150671.00,2016-08-08,2320
4975,Colin Bowers,colin.bowers4975@corp.com,Customer Success,Analyst,181259.00,2021-08-07,50
4976,Morris Koch,morris.koch4976@corp.com,Finance,Engineer,202901.00,2024-03-07,4521
4977,Alma Hutchinson,alma.hutchinson4977@corp.com,Legal,Senior Engineer,213574.00,2016-09-16,1628
4978,Adam Coleman,adam.coleman4978@corp.com,Legal,Specialist,57333.00,2022-11-02,1031
4979,Gretchen Barrera,gretchen.barrera4979@corp.com,Finance,VP,125849.00,2022-04-09,3762
4980,Francis Brennan,francis.brennan4980@corp.com,Finance,Director,103111.00,2020-10-15,2919
4981,Rosie Mora,rosie.mora4981@corp.com,Legal,Analyst,237585.00,2024-08-19,2291
4982,Arthur Cole,arthur.cole4982@corp.com,IT,Engineer,172694.00,2019-01-18,2505
4983,Lizzie Vance,lizzie.vance4983@corp.com,Customer Success,VP,68598.00,2019-01-30,1635
4984,Lonnie Lindsey,lonnie.lindsey4984@corp.com,IT,Coordinator,103765.00,2022-07-06,433
4985,Stephanie Roberts,stephanie.roberts4985@corp.com,Finance,VP,110834.00,2020-09-07,764
4986,Myra Horne,myra.horne4986@corp.com,Customer Success,Senior Engineer,91398.00,2025-09-22,4606
4987,Lillian Berry,lillian.berry4987@corp.com,IT,Architect,224633.00,2023-03-24,2342
4988,Kristine Ashley,kristine.ashley4988@corp.com,Legal,Engineer,75604.00,2017-04-25,3475
4989,Bobby Cervantes,bobby.cervantes4989@corp.com,Sales,Consultant,122581.00,2017-02-18,377
4990,Janice West,janice.west4990@corp.com,HR,VP,155362.00,2026-01-03,4652
4991,Mateo Sherman,mateo.sherman4991@corp.com,IT,Specialist,140957.00,2016-09-22,302
4992,Wilbur Serrano,wilbur.serrano4992@corp.com,Legal,Senior Engineer,235867.00,2022-07-12,4621
4993,Calvin Ortega,calvin.ortega4993@corp.com,IT,Analyst,243901.00,2022-04-10,879
4994,Darnell Sharp,darnell.sharp4994@corp.com,Finance,Coordinator,207669.00,2025-12-05,3254
4995,Betty White,betty.white4995@corp.com,HR,Director,127263.00,2023-09-27,2029
4996,Kirk Hurst,kirk.hurst4996@corp.com,IT,Specialist,56459.00,2017-05-28,736
4997,Teresa Alexander,teresa.alexander4997@corp.com,Sales,Specialist,109016.00,2017-07-07,2107
4998,Ross Stein,ross.stein4998@corp.com,Finance,Senior Engineer,240945.00,2020-04-22,378
4999,Anna Sherman,anna.sherman4999@corp.com,Marketing,Engineer,173688.00,2022-11-10,2589
5000,Jeff Bass,jeff.bass5000@corp.com,Engineering,Consultant,238907.00,2022-06-16,2038
