2566,Customer 1566 Inc,contact1566@customer.com,LATAM,2025-12-03 00:00:00,229756.00,351
2571,Customer 1571 LLC,contact1571@customer.com,APAC,2026-03-30 00:00:00,542589.00,337
2572,Customer 1572 GmbH,contact1572@customer.com,APAC,2026-05-13 00:00:00,490675.00,21
2577,Customer 1577 Corp,contact1577@customer.com,LATAM,2026-01-26 00:00:00,494448.00,80
2580,Customer 1580 GmbH,contact1580@customer.com,MEA,2025-08-13 00:00:00,697799.00,75
2581,Customer 1581 Ltd,contact1581@customer.com,APAC,2026-04-16 00:00:00,480188.00,269
2584,Customer 1584 Ltd,contact1584@customer.com,APAC,2025-09-27 00:00:00,667368.00,178
2588,Customer 1588 GmbH,contact1588@customer.com,APAC,2026-02-23 00:00:00,507039.00,415
2589,Customer 1589 Corp,contact1589@customer.com,LATAM,2026-04-27 00:00:00,989054.00,242
2590,Customer 1590 LLC,contact1590@customer.com,LATAM,2026-01-31 00:00:00,206899.00,391
2591,Customer 1591 Ltd,contact1591@customer.com,APAC,2025-09-11 00:00:00,916345.00,131
2592,Customer 1592 Corp,contact1592@customer.com,MEA,2026-06-02 00:00:00,325308.00,397
2593,Customer 1593 LLC,contact1593@customer.com,APAC,2026-04-06 00:00:00,912152.00,150
2594,Customer 1594 LLC,contact1594@customer.com,APAC,2025-09-04 00:00:00,937587.00,43
2596,Customer 1596 Corp,contact1596@customer.com,MEA,2025-08-15 00:00:00,810504.00,225
2599,Customer 1599 LLC,contact1599@customer.com,APAC,2026-01-03 00:00:00,126462.00,440
2602,Customer 1602 Corp,contact1602@customer.com,MEA,2026-05-15 00:00:00,929896.00,401
2605,Customer 1605 GmbH,contact1605@customer.com,APAC,2025-09-11 00:00:00,264463.00,86
2607,Customer 1607 Inc,contact1607@customer.com,APAC,2025-11-29 00:00:00,467772.00,126
2608,Customer 1608 LLC,contact1608@customer.com,LATAM,2026-02-01 00:00:00,427869.00,482
2609,Customer 1609 LLC,contact1609@customer.com,LATAM,2026-01-31 00:00:00,124479.00,293
2612,Customer 1612 Corp,contact1612@customer.com,LATAM,2026-06-03 00:00:00,971318.00,324
2613,Customer 1613 Corp,contact1613@customer.com,LATAM,2026-02-01 00:00:00,976611.00,91
2615,Customer 1615 Corp,contact1615@customer.com,APAC,2025-12-13 00:00:00,420293.00,348
2616,Customer 1616 GmbH,contact1616@customer.com,MEA,2026-06-04 00:00:00,194943.00,139
2618,Customer 1618 GmbH,contact1618@customer.com,LATAM,2026-03-11 00:00:00,793995.00,381
2619,Customer 1619 GmbH,contact1619@customer.com,LATAM,2025-09-25 00:00:00,866342.00,296
2625,Customer 1625 Inc,contact1625@customer.com,APAC,2026-06-10 00:00:00,356447.00,51
2629,Customer 1629 Inc,contact1629@customer.com,APAC,2026-02-18 00:00:00,465443.00,186
2633,Customer 1633 Inc,contact1633@customer.com,LATAM,2026-01-15 00:00:00,468737.00,333
2634,Customer 1634 GmbH,contact1634@customer.com,LATAM,2025-10-14 00:00:00,445012.00,170
2636,Customer 1636 Corp,contact1636@customer.com,LATAM,2025-10-14 00:00:00,211936.00,348
2637,Customer 1637 GmbH,contact1637@customer.com,APAC,2026-05-03 00:00:00,445210.00,333
2638,Customer 1638 Inc,contact1638@customer.com,APAC,2025-09-26 00:00:00,583777.00,251
2640,Customer 1640 GmbH,contact1640@customer.com,APAC,2025-11-01 00:00:00,981469.00,217
2641,Customer 1641 GmbH,contact1641@customer.com,LATAM,2025-11-12 00:00:00,238733.00,371
2644,Customer 1644 Corp,contact1644@customer.com,MEA,2025-08-15 00:00:00,263822.00,102
2645,Customer 1645 GmbH,contact1645@customer.com,APAC,2026-02-21 00:00:00,490656.00,54
2647,Customer 1647 GmbH,contact1647@customer.com,APAC,2025-10-04 00:00:00,531596.00,210
2648,Customer 1648 Corp,contact1648@customer.com,APAC,2025-09-06 00:00:00,607836.00,435
2649,Customer 1649 Ltd,contact1649@customer.com,APAC,2025-10-30 00:00:00,147637.00,82
2651,Customer 1651 Inc,contact1651@customer.com,LATAM,2026-02-20 00:00:00,758118.00,272
2653,Customer 1653 Ltd,contact1653@customer.com,LATAM,2026-07-16 00:00:00,655916.00,250
2657,Customer 1657 GmbH,contact1657@customer.com,MEA,2026-01-14 00:00:00,63164.00,388
2658,Customer 1658 LLC,contact1658@customer.com,LATAM,2026-05-06 00:00:00,866539.00,134
2659,Customer 1659 Corp,contact1659@customer.com,APAC,2025-12-15 00:00:00,702452.00,434
2662,Customer 1662 Corp,contact1662@customer.com,MEA,2026-03-15 00:00:00,47557.00,313
2664,Customer 1664 Corp,contact1664@customer.com,MEA,2026-07-01 00:00:00,998658.00,44
2667,Customer 1667 Corp,contact1667@customer.com,LATAM,2026-01-16 00:00:00,144204.00,497
2668,Customer 1668 GmbH,contact1668@customer.com,APAC,2026-07-13 00:00:00,144441.00,399
2672,Customer 1672 Inc,contact1672@customer.com,APAC,2025-09-27 00:00:00,482262.00,12
2673,Customer 1673 GmbH,contact1673@customer.com,LATAM,2026-05-30 00:00:00,74466.00,37
2674,Customer 1674 Inc,contact1674@customer.com,LATAM,2025-10-18 00:00:00,924320.00,179
2676,Customer 1676 LLC,contact1676@customer.com,LATAM,2026-04-07 00:00:00,426748.00,475
2678,Customer 1678 LLC,contact1678@customer.com,LATAM,2025-12-27 00:00:00,790156.00,4
2679,Customer 1679 LLC,contact1679@customer.com,APAC,2026-04-02 00:00:00,302250.00,225
2680,Customer 1680 Inc,contact1680@customer.com,APAC,2026-07-18 00:00:00,731352.00,457
2681,Customer 1681 GmbH,contact1681@customer.com,MEA,2026-06-30 00:00:00,849112.00,410
2686,Customer 1686 Corp,contact1686@customer.com,APAC,2025-09-05 00:00:00,946819.00,180
2687,Customer 1687 Corp,contact1687@customer.com,MEA,2025-11-30 00:00:00,558731.00,98
2689,Customer 1689 Inc,contact1689@customer.com,APAC,2025-10-28 00:00:00,800328.00,392
2691,Customer 1691 Corp,contact1691@customer.com,LATAM,2025-12-30 00:00:00,978711.00,21
2692,Customer 1692 GmbH,contact1692@customer.com,LATAM,2026-01-26 00:00:00,981656.00,228
2695,Customer 1695 GmbH,contact1695@customer.com,APAC,2025-11-03 00:00:00,402335.00,258
2697,Customer 1697 GmbH,contact1697@customer.com,LATAM,2025-10-09 00:00:00,702486.00,149
2704,Customer 1704 Inc,contact1704@customer.com,LATAM,2025-10-28 00:00:00,199699.00,99
2706,Customer 1706 Ltd,contact1706@customer.com,LATAM,2026-01-29 00:00:00,578761.00,308
2710,Customer 1710 Inc,contact1710@customer.com,LATAM,2025-08-17 00:00:00,934160.00,275
2713,Customer 1713 Inc,contact1713@customer.com,LATAM,2026-07-16 00:00:00,620526.00,171
2714,Customer 1714 Corp,contact1714@customer.com,LATAM,2025-10-11 00:00:00,741416.00,359
2717,Customer 1717 Inc,contact1717@customer.com,LATAM,2025-11-27 00:00:00,825722.00,483
2718,Customer 1718 Corp,contact1718@customer.com,APAC,2025-07-30 00:00:00,79993.00,179
2719,Customer 1719 Ltd,contact1719@customer.com,LATAM,2026-07-02 00:00:00,364608.00,437
2722,Customer 1722 Corp,contact1722@customer.com,APAC,2025-08-19 00:00:00,86204.00,174
2723,Customer 1723 GmbH,contact1723@customer.com,APAC,2025-08-21 00:00:00,431469.00,405
2727,Customer 1727 Corp,contact1727@customer.com,APAC,2026-01-14 00:00:00,851411.00,107
2729,Customer 1729 Corp,contact1729@customer.com,LATAM,2026-01-28 00:00:00,534189.00,464
2732,Customer 1732 GmbH,contact1732@customer.com,APAC,2025-08-06 00:00:00,630594.00,480
2733,Customer 1733 Corp,contact1733@customer.com,APAC,2026-04-23 00:00:00,408898.00,423
2734,Customer 1734 Inc,contact1734@customer.com,APAC,2025-11-16 00:00:00,326299.00,383
2735,Customer 1735 GmbH,contact1735@customer.com,LATAM,2026-03-17 00:00:00,644891.00,345
2736,Customer 1736 LLC,contact1736@customer.com,APAC,2025-10-18 00:00:00,747834.00,29
2738,Customer 1738 Corp,contact1738@customer.com,LATAM,2026-03-04 00:00:00,93874.00,426
2739,Customer 1739 Ltd,contact1739@customer.com,LATAM,2026-03-14 00:00:00,643431.00,220
2740,Customer 1740 GmbH,contact1740@customer.com,LATAM,2026-01-11 00:00:00,521492.00,231
2744,Customer 1744 Ltd,contact1744@customer.com,APAC,2026-01-07 00:00:00,759463.00,40
2746,Customer 1746 Corp,contact1746@customer.com,LATAM,2025-10-15 00:00:00,453937.00,253
2747,Customer 1747 Inc,contact1747@customer.com,APAC,2026-07-16 00:00:00,297611.00,368
2748,Customer 1748 Ltd,contact1748@customer.com,APAC,2026-06-21 00:00:00,333748.00,148
2750,Customer 1750 Ltd,contact1750@customer.com,APAC,2026-06-17 00:00:00,351541.00,410
2752,Customer 1752 LLC,contact1752@customer.com,APAC,2025-10-13 00:00:00,880930.00,13
2754,Customer 1754 Inc,contact1754@customer.com,LATAM,2026-03-11 00:00:00,23730.00,314
2756,Customer 1756 LLC,contact1756@customer.com,APAC,2026-06-21 00:00:00,659231.00,39
2758,Customer 1758 Inc,contact1758@customer.com,APAC,2026-05-20 00:00:00,762460.00,153
2763,Customer 1763 GmbH,contact1763@customer.com,MEA,2025-08-17 00:00:00,351566.00,11
2765,Customer 1765 Inc,contact1765@customer.com,APAC,2026-01-03 00:00:00,833774.00,411
2766,Customer 1766 Inc,contact1766@customer.com,APAC,2025-08-05 00:00:00,483618.00,100
2767,Customer 1767 Corp,contact1767@customer.com,MEA,2026-05-23 00:00:00,599324.00,313
2768,Customer 1768 Corp,contact1768@customer.com,APAC,2025-12-13 00:00:00,285611.00,263
2769,Customer 1769 Ltd,contact1769@customer.com,APAC,2026-01-26 00:00:00,394975.00,434
2777,Customer 1777 Inc,contact1777@customer.com,APAC,2026-02-02 00:00:00,26560.00,372
2778,Customer 1778 LLC,contact1778@customer.com,APAC,2026-02-07 00:00:00,305103.00,13
2779,Customer 1779 GmbH,contact1779@customer.com,LATAM,2026-03-27 00:00:00,279917.00,380
2781,Customer 1781 Corp,contact1781@customer.com,MEA,2025-11-20 00:00:00,871902.00,35
2783,Customer 1783 Ltd,contact1783@customer.com,APAC,2026-06-01 00:00:00,588329.00,228
2785,Customer 1785 GmbH,contact1785@customer.com,MEA,2026-05-05 00:00:00,395465.00,440
2786,Customer 1786 Inc,contact1786@customer.com,LATAM,2026-04-14 00:00:00,874003.00,339
2787,Customer 1787 GmbH,contact1787@customer.com,MEA,2025-10-16 00:00:00,519003.00,123
2793,Customer 1793 Corp,contact1793@customer.com,MEA,2025-12-29 00:00:00,852595.00,314
2795,Customer 1795 LLC,contact1795@customer.com,APAC,2025-12-05 00:00:00,45084.00,412
2796,Customer 1796 LLC,contact1796@customer.com,LATAM,2025-12-07 00:00:00,793168.00,219
2798,Customer 1798 GmbH,contact1798@customer.com,MEA,2025-08-28 00:00:00,742530.00,86
2806,Customer 1806 LLC,contact1806@customer.com,APAC,2026-01-22 00:00:00,442623.00,310
2808,Customer 1808 GmbH,contact1808@customer.com,LATAM,2025-08-28 00:00:00,917907.00,204
2809,Customer 1809 Ltd,contact1809@customer.com,APAC,2026-06-06 00:00:00,507793.00,328
2810,Customer 1810 Inc,contact1810@customer.com,LATAM,2026-07-03 00:00:00,606551.00,430
2811,Customer 1811 LLC,contact1811@customer.com,LATAM,2025-12-03 00:00:00,635330.00,76
2815,Customer 1815 GmbH,contact1815@customer.com,APAC,2026-05-12 00:00:00,652602.00,182
2817,Customer 1817 Corp,contact1817@customer.com,LATAM,2026-06-27 00:00:00,287040.00,494
2818,Customer 1818 GmbH,contact1818@customer.com,APAC,2025-12-21 00:00:00,120825.00,6
2820,Customer 1820 Inc,contact1820@customer.com,APAC,2025-09-10 00:00:00,424151.00,317
2823,Customer 1823 Corp,contact1823@customer.com,APAC,2025-12-16 00:00:00,464496.00,69
2826,Customer 1826 Corp,contact1826@customer.com,APAC,2026-06-02 00:00:00,231562.00,481
2827,Customer 1827 Inc,contact1827@customer.com,APAC,2026-02-08 00:00:00,864683.00,193
2831,Customer 1831 GmbH,contact1831@customer.com,MEA,2026-02-16 00:00:00,832019.00,397
2832,Customer 1832 GmbH,contact1832@customer.com,LATAM,2025-10-18 00:00:00,168883.00,188
2833,Customer 1833 Corp,contact1833@customer.com,MEA,2025-11-04 00:00:00,153239.00,451
2834,Customer 1834 GmbH,contact1834@customer.com,MEA,2026-06-26 00:00:00,920067.00,35
2835,Customer 1835 Ltd,contact1835@customer.com,LATAM,2025-07-24 00:00:00,184196.00,332
2837,Customer 1837 Corp,contact1837@customer.com,APAC,2026-01-10 00:00:00,476020.00,131
2840,Customer 1840 GmbH,contact1840@customer.com,APAC,2026-06-21 00:00:00,299345.00,437
2841,Customer 1841 Inc,contact1841@customer.com,APAC,2026-03-21 00:00:00,106071.00,98
2843,Customer 1843 GmbH,contact1843@customer.com,MEA,2025-11-18 00:00:00,645298.00,242
2844,Customer 1844 GmbH,contact1844@customer.com,APAC,2026-06-16 00:00:00,338449.00,144
2846,Customer 1846 GmbH,contact1846@customer.com,LATAM,2025-09-06 00:00:00,12983.00,49
2849,Customer 1849 LLC,contact1849@customer.com,LATAM,2026-01-19 00:00:00,943786.00,466
2850,Customer 1850 GmbH,contact1850@customer.com,MEA,2026-04-22 00:00:00,502156.00,170
2851,Customer 1851 LLC,contact1851@customer.com,APAC,2026-06-20 00:00:00,238738.00,111
2853,Customer 1853 Corp,contact1853@customer.com,LATAM,2026-03-25 00:00:00,497805.00,24
2856,Customer 1856 GmbH,contact1856@customer.com,LATAM,2026-07-11 00:00:00,375580.00,80
2859,Customer 1859 Corp,contact1859@customer.com,LATAM,2026-03-23 00:00:00,39194.00,200
2860,Customer 1860 GmbH,contact1860@customer.com,LATAM,2025-10-09 00:00:00,101655.00,240
2863,Customer 1863 LLC,contact1863@customer.com,LATAM,2025-11-04 00:00:00,68455.00,470
2865,Customer 1865 Inc,contact1865@customer.com,LATAM,2026-01-23 00:00:00,14545.00,181
2866,Customer 1866 Corp,contact1866@customer.com,APAC,2025-10-29 00:00:00,649191.00,298
2868,Customer 1868 Corp,contact1868@customer.com,LATAM,2026-01-14 00:00:00,249457.00,115
2875,Customer 1875 Ltd,contact1875@customer.com,LATAM,2026-06-18 00:00:00,869801.00,363
2877,Customer 1877 GmbH,contact1877@customer.com,MEA,2026-04-21 00:00:00,14767.00,28
2878,Customer 1878 Corp,contact1878@customer.com,MEA,2025-12-05 00:00:00,872605.00,288
2879,Customer 1879 Corp,contact1879@customer.com,MEA,2026-04-17 00:00:00,363030.00,349
2883,Customer 1883 Ltd,contact1883@customer.com,LATAM,2026-02-08 00:00:00,573911.00,202
2884,Customer 1884 Corp,contact1884@customer.com,LATAM,2026-06-26 00:00:00,179849.00,489
2885,Customer 1885 Inc,contact1885@customer.com,APAC,2026-02-22 00:00:00,156704.00,267
2887,Customer 1887 Corp,contact1887@customer.com,LATAM,2026-07-14 00:00:00,553959.00,124
2889,Customer 1889 LLC,contact1889@customer.com,APAC,2025-12-11 00:00:00,663351.00,301
2894,Customer 1894 Ltd,contact1894@customer.com,APAC,2025-11-05 00:00:00,840584.00,264
2895,Customer 1895 Inc,contact1895@customer.com,LATAM,2026-07-19 00:00:00,986288.00,470
2896,Customer 1896 GmbH,contact1896@customer.com,APAC,2026-05-28 00:00:00,453755.00,456
2897,Customer 1897 Inc,contact1897@customer.com,LATAM,2026-05-17 00:00:00,819947.00,271
2899,Customer 1899 Ltd,contact1899@customer.com,APAC,2026-03-18 00:00:00,731531.00,78
2901,Customer 1901 Ltd,contact1901@customer.com,LATAM,2025-08-05 00:00:00,388763.00,389
2902,Customer 1902 GmbH,contact1902@customer.com,LATAM,2025-08-28 00:00:00,793906.00,402
2904,Customer 1904 Ltd,contact1904@customer.com,LATAM,2025-10-24 00:00:00,132153.00,467
2908,Customer 1908 Inc,contact1908@customer.com,LATAM,2025-08-25 00:00:00,876798.00,127
2909,Customer 1909 GmbH,contact1909@customer.com,LATAM,2026-06-11 00:00:00,496414.00,280
2913,Customer 1913 LLC,contact1913@customer.com,LATAM,2025-08-01 00:00:00,329049.00,441
2914,Customer 1914 LLC,contact1914@customer.com,APAC,2026-02-03 00:00:00,353016.00,248
2915,Customer 1915 Corp,contact1915@customer.com,LATAM,2026-05-24 00:00:00,603293.00,261
2916,Customer 1916 Corp,contact1916@customer.com,APAC,2026-07-05 00:00:00,679752.00,141
2917,Customer 1917 Inc,contact1917@customer.com,LATAM,2025-11-17 00:00:00,662087.00,207
2918,Customer 1918 Ltd,contact1918@customer.com,LATAM,2025-11-03 00:00:00,579837.00,226
2919,Customer 1919 Inc,contact1919@customer.com,APAC,2026-05-06 00:00:00,329630.00,408
2921,Customer 1921 LLC,contact1921@customer.com,LATAM,2026-06-09 00:00:00,39067.00,47
2922,Customer 1922 Corp,contact1922@customer.com,APAC,2026-05-21 00:00:00,861858.00,478
2923,Customer 1923 Corp,contact1923@customer.com,MEA,2025-08-06 00:00:00,521233.00,70
2924,Customer 1924 Inc,contact1924@customer.com,APAC,2025-11-08 00:00:00,874001.00,83
2925,Customer 1925 Corp,contact1925@customer.com,APAC,2025-08-23 00:00:00,50711.00,221
2926,Customer 1926 GmbH,contact1926@customer.com,APAC,2026-05-29 00:00:00,619339.00,248
2929,Customer 1929 Inc,contact1929@customer.com,APAC,2026-02-16 00:00:00,171531.00,124
2932,Customer 1932 GmbH,contact1932@customer.com,LATAM,2025-12-14 00:00:00,390229.00,87
2933,Customer 1933 GmbH,contact1933@customer.com,MEA,2025-10-27 00:00:00,70333.00,176
2934,Customer 1934 Ltd,contact1934@customer.com,APAC,2026-01-11 00:00:00,533345.00,403
2939,Customer 1939 GmbH,contact1939@customer.com,MEA,2026-05-20 00:00:00,750266.00,330
2940,Customer 1940 Corp,contact1940@customer.com,MEA,2025-12-11 00:00:00,443867.00,330
2941,Customer 1941 LLC,contact1941@customer.com,LATAM,2026-01-23 00:00:00,579121.00,320
2942,Customer 1942 LLC,contact1942@customer.com,APAC,2025-10-20 00:00:00,15069.00,179
2945,Customer 1945 GmbH,contact1945@customer.com,APAC,2025-12-21 00:00:00,46554.00,327
2946,Customer 1946 Ltd,contact1946@customer.com,APAC,2026-04-15 00:00:00,128216.00,178
2947,Customer 1947 LLC,contact1947@customer.com,LATAM,2025-12-12 00:00:00,687345.00,84
2949,Customer 1949 Ltd,contact1949@customer.com,APAC,2026-01-15 00:00:00,493887.00,318
2950,Customer 1950 Ltd,contact1950@customer.com,APAC,2026-06-03 00:00:00,546386.00,450
2952,Customer 1952 Corp,contact1952@customer.com,LATAM,2025-07-28 00:00:00,896472.00,492
2953,Customer 1953 LLC,contact1953@customer.com,LATAM,2025-10-16 00:00:00,935655.00,75
2960,Customer 1960 GmbH,contact1960@customer.com,APAC,2025-09-21 00:00:00,362818.00,235
2963,Customer 1963 Corp,contact1963@customer.com,MEA,2025-12-20 00:00:00,836329.00,344
2965,Customer 1965 GmbH,contact1965@customer.com,MEA,2025-12-28 00:00:00,167335.00,214
2967,Customer 1967 Inc,contact1967@customer.com,LATAM,2025-11-16 00:00:00,50019.00,315
2971,Customer 1971 Inc,contact1971@customer.com,APAC,2026-07-13 00:00:00,348648.00,162
2972,Customer 1972 LLC,contact1972@customer.com,LATAM,2026-06-02 00:00:00,564508.00,103
2974,Customer 1974 Ltd,contact1974@customer.com,APAC,2026-04-10 00:00:00,672537.00,435
2975,Customer 1975 GmbH,contact1975@customer.com,MEA,2026-03-24 00:00:00,192579.00,66
2976,Customer 1976 LLC,contact1976@customer.com,APAC,2026-02-27 00:00:00,547567.00,373
2977,Customer 1977 Corp,contact1977@customer.com,LATAM,2026-07-16 00:00:00,99755.00,267
2981,Customer 1981 Corp,contact1981@customer.com,MEA,2025-09-09 00:00:00,614554.00,371
2983,Customer 1983 GmbH,contact1983@customer.com,MEA,2026-07-11 00:00:00,870732.00,268
2984,Customer 1984 GmbH,contact1984@customer.com,LATAM,2025-11-25 00:00:00,198958.00,306
2985,Customer 1985 GmbH,contact1985@customer.com,LATAM,2026-02-17 00:00:00,617430.00,420
2987,Customer 1987 Corp,contact1987@customer.com,APAC,2026-01-05 00:00:00,124253.00,257
2988,Customer 1988 Corp,contact1988@customer.com,APAC,2025-08-17 00:00:00,583174.00,457
2997,Customer 1997 Inc,contact1997@customer.com,LATAM,2026-05-07 00:00:00,295030.00,57
2999,Customer 1999 GmbH,contact1999@customer.com,APAC,2025-11-30 00:00:00,851050.00,159
3000,Customer 2000 Corp,contact2000@customer.com,LATAM,2026-06-26 00:00:00,486502.00,392
2339,Customer 1339 GmbH,contact1339@customer.com,EU,2026-01-31 00:00:00,955470.00,319
2344,Customer 1344 Inc,contact1344@customer.com,EU,2025-12-22 00:00:00,134010.00,312
2349,Customer 1349 Ltd,contact1349@customer.com,EU,2026-07-15 00:00:00,397730.00,477
2350,Customer 1350 Inc,contact1350@customer.com,NA,2026-05-30 00:00:00,731257.00,162
2352,Customer 1352 LLC,contact1352@customer.com,MEA,2025-12-14 00:00:00,121936.00,165
2354,Customer 1354 GmbH,contact1354@customer.com,NA,2026-06-12 00:00:00,744531.00,237
2355,Customer 1355 Inc,contact1355@customer.com,NA,2026-04-11 00:00:00,55564.00,18
2358,Customer 1358 LLC,contact1358@customer.com,EU,2025-10-12 00:00:00,682013.00,479
2359,Customer 1359 Ltd,contact1359@customer.com,MEA,2026-07-22 00:00:00,426770.00,224
2360,Customer 1360 Ltd,contact1360@customer.com,MEA,2025-07-28 00:00:00,861575.00,317
2361,Customer 1361 LLC,contact1361@customer.com,EU,2025-09-12 00:00:00,850783.00,261
2363,Customer 1363 GmbH,contact1363@customer.com,EU,2026-06-19 00:00:00,141680.00,62
2364,Customer 1364 LLC,contact1364@customer.com,NA,2026-05-31 00:00:00,147822.00,293
2365,Customer 1365 Corp,contact1365@customer.com,EU,2025-11-20 00:00:00,671591.00,247
2366,Customer 1366 LLC,contact1366@customer.com,EU,2025-12-31 00:00:00,562671.00,272
2367,Customer 1367 Inc,contact1367@customer.com,MEA,2025-11-11 00:00:00,249354.00,28
2373,Customer 1373 GmbH,contact1373@customer.com,NA,2026-07-04 00:00:00,927954.00,233
2374,Customer 1374 LLC,contact1374@customer.com,MEA,2026-04-06 00:00:00,546475.00,222
2375,Customer 1375 Inc,contact1375@customer.com,EU,2026-02-21 00:00:00,723710.00,27
2376,Customer 1376 Inc,contact1376@customer.com,EU,2026-01-08 00:00:00,69913.00,471
2377,Customer 1377 Inc,contact1377@customer.com,NA,2025-08-05 00:00:00,759506.00,17
2379,Customer 1379 Ltd,contact1379@customer.com,MEA,2026-07-12 00:00:00,591385.00,290
2380,Customer 1380 LLC,contact1380@customer.com,MEA,2026-04-23 00:00:00,630372.00,115
2381,Customer 1381 Ltd,contact1381@customer.com,MEA,2026-06-11 00:00:00,259480.00,152
2382,Customer 1382 Ltd,contact1382@customer.com,EU,2026-07-04 00:00:00,109455.00,103
2384,Customer 1384 Corp,contact1384@customer.com,EU,2025-12-21 00:00:00,116866.00,131
2387,Customer 1387 Corp,contact1387@customer.com,NA,2026-05-28 00:00:00,334775.00,260
2390,Customer 1390 LLC,contact1390@customer.com,MEA,2025-09-01 00:00:00,195855.00,17
2391,Customer 1391 Ltd,contact1391@customer.com,NA,2025-11-07 00:00:00,734869.00,113
2394,Customer 1394 LLC,contact1394@customer.com,EU,2025-10-04 00:00:00,479184.00,222
2395,Customer 1395 Inc,contact1395@customer.com,NA,2026-06-19 00:00:00,105046.00,27
2396,Customer 1396 Inc,contact1396@customer.com,EU,2025-12-18 00:00:00,238870.00,307
2400,Customer 1400 Ltd,contact1400@customer.com,EU,2026-01-25 00:00:00,384792.00,47
2402,Customer 1402 LLC,contact1402@customer.com,NA,2025-11-14 00:00:00,215713.00,165
2404,Customer 1404 Inc,contact1404@customer.com,EU,2025-10-25 00:00:00,342388.00,445
2405,Customer 1405 Inc,contact1405@customer.com,NA,2026-06-05 00:00:00,950313.00,487
2407,Customer 1407 GmbH,contact1407@customer.com,NA,2025-10-18 00:00:00,324830.00,68
2408,Customer 1408 LLC,contact1408@customer.com,NA,2026-01-26 00:00:00,530285.00,5
2410,Customer 1410 Corp,contact1410@customer.com,EU,2026-06-22 00:00:00,230200.00,133
2413,Customer 1413 Ltd,contact1413@customer.com,NA,2026-07-21 00:00:00,65639.00,334
2416,Customer 1416 Ltd,contact1416@customer.com,NA,2026-03-05 00:00:00,315139.00,463
2418,Customer 1418 Ltd,contact1418@customer.com,NA,2025-10-19 00:00:00,362017.00,122
2420,Customer 1420 Inc,contact1420@customer.com,NA,2025-08-06 00:00:00,731426.00,86
2422,Customer 1422 Inc,contact1422@customer.com,MEA,2026-05-11 00:00:00,466127.00,472
2423,Customer 1423 LLC,contact1423@customer.com,NA,2026-01-16 00:00:00,253195.00,201
2424,Customer 1424 Ltd,contact1424@customer.com,NA,2025-09-29 00:00:00,618151.00,212
2425,Customer 1425 GmbH,contact1425@customer.com,EU,2026-01-20 00:00:00,162208.00,12
2426,Customer 1426 Inc,contact1426@customer.com,NA,2026-06-12 00:00:00,994036.00,201
2427,Customer 1427 Inc,contact1427@customer.com,NA,2025-09-19 00:00:00,648494.00,480
2429,Customer 1429 LLC,contact1429@customer.com,MEA,2025-07-27 00:00:00,760803.00,444
2430,Customer 1430 Inc,contact1430@customer.com,EU,2025-11-04 00:00:00,823010.00,280
2431,Customer 1431 LLC,contact1431@customer.com,NA,2025-10-27 00:00:00,672285.00,166
2432,Customer 1432 Ltd,contact1432@customer.com,NA,2026-06-26 00:00:00,465033.00,30
2438,Customer 1438 Ltd,contact1438@customer.com,EU,2025-12-21 00:00:00,36196.00,224
2439,Customer 1439 Corp,contact1439@customer.com,NA,2025-11-15 00:00:00,694419.00,400
2440,Customer 1440 Ltd,contact1440@customer.com,EU,2026-07-22 00:00:00,240574.00,117
2441,Customer 1441 Inc,contact1441@customer.com,NA,2026-03-25 00:00:00,201031.00,58
2447,Customer 1447 Corp,contact1447@customer.com,EU,2026-03-28 00:00:00,209357.00,224
2449,Customer 1449 GmbH,contact1449@customer.com,EU,2025-08-19 00:00:00,590639.00,255
2450,Customer 1450 Inc,contact1450@customer.com,NA,2026-06-25 00:00:00,363564.00,231
2451,Customer 1451 Ltd,contact1451@customer.com,NA,2025-12-03 00:00:00,951213.00,307
2452,Customer 1452 Inc,contact1452@customer.com,MEA,2026-03-01 00:00:00,54742.00,212
2454,Customer 1454 LLC,contact1454@customer.com,NA,2025-09-23 00:00:00,506245.00,396
2457,Customer 1457 Inc,contact1457@customer.com,NA,2025-08-07 00:00:00,142472.00,351
2458,Customer 1458 Corp,contact1458@customer.com,EU,2025-12-30 00:00:00,409874.00,332
2463,Customer 1463 Corp,contact1463@customer.com,EU,2025-11-02 00:00:00,411117.00,175
2464,Customer 1464 LLC,contact1464@customer.com,MEA,2025-09-11 00:00:00,167867.00,280
2465,Customer 1465 Corp,contact1465@customer.com,NA,2025-09-20 00:00:00,707882.00,236
2466,Customer 1466 Inc,contact1466@customer.com,EU,2026-07-05 00:00:00,943250.00,309
2469,Customer 1469 GmbH,contact1469@customer.com,NA,2025-11-03 00:00:00,860355.00,31
2470,Customer 1470 Inc,contact1470@customer.com,MEA,2026-02-24 00:00:00,597854.00,271
2471,Customer 1471 LLC,contact1471@customer.com,NA,2025-07-29 00:00:00,947541.00,286
2472,Customer 1472 Inc,contact1472@customer.com,EU,2025-08-25 00:00:00,475086.00,3
2474,Customer 1474 Corp,contact1474@customer.com,EU,2026-06-15 00:00:00,489924.00,448
2476,Customer 1476 Ltd,contact1476@customer.com,NA,2025-09-25 00:00:00,603733.00,71
2479,Customer 1479 LLC,contact1479@customer.com,MEA,2026-06-02 00:00:00,385138.00,49
2481,Customer 1481 LLC,contact1481@customer.com,EU,2026-07-02 00:00:00,396473.00,429
2485,Customer 1485 Ltd,contact1485@customer.com,NA,2025-08-02 00:00:00,940236.00,188
2486,Customer 1486 Corp,contact1486@customer.com,EU,2026-01-09 00:00:00,233658.00,337
2491,Customer 1491 Corp,contact1491@customer.com,EU,2025-10-16 00:00:00,609837.00,413
2492,Customer 1492 Inc,contact1492@customer.com,NA,2026-06-17 00:00:00,920057.00,60
2494,Customer 1494 Inc,contact1494@customer.com,NA,2025-08-11 00:00:00,139528.00,142
2496,Customer 1496 Corp,contact1496@customer.com,NA,2026-05-31 00:00:00,336827.00,62
2497,Customer 1497 Inc,contact1497@customer.com,EU,2026-07-22 00:00:00,20311.00,204
2502,Customer 1502 LLC,contact1502@customer.com,EU,2026-05-07 00:00:00,260418.00,400
2504,Customer 1504 Ltd,contact1504@customer.com,NA,2026-05-29 00:00:00,728973.00,68
2505,Customer 1505 Inc,contact1505@customer.com,EU,2025-11-16 00:00:00,982861.00,114
2506,Customer 1506 GmbH,contact1506@customer.com,EU,2025-10-27 00:00:00,623903.00,13
2513,Customer 1513 Ltd,contact1513@customer.com,MEA,2025-12-22 00:00:00,207800.00,368
2515,Customer 1515 Ltd,contact1515@customer.com,MEA,2025-09-14 00:00:00,932655.00,278
2516,Customer 1516 GmbH,contact1516@customer.com,EU,2025-12-01 00:00:00,229261.00,444
2519,Customer 1519 GmbH,contact1519@customer.com,EU,2025-10-17 00:00:00,730669.00,167
2520,Customer 1520 Corp,contact1520@customer.com,NA,2026-02-02 00:00:00,36490.00,94
2524,Customer 1524 GmbH,contact1524@customer.com,NA,2025-08-01 00:00:00,640136.00,95
2526,Customer 1526 Corp,contact1526@customer.com,NA,2026-06-08 00:00:00,669103.00,156
2529,Customer 1529 Ltd,contact1529@customer.com,NA,2025-10-30 00:00:00,482404.00,5
2530,Customer 1530 Inc,contact1530@customer.com,EU,2025-08-24 00:00:00,321937.00,252
2531,Customer 1531 Ltd,contact1531@customer.com,MEA,2026-01-26 00:00:00,976367.00,453
2532,Customer 1532 Corp,contact1532@customer.com,EU,2025-12-07 00:00:00,910155.00,415
2533,Customer 1533 Inc,contact1533@customer.com,MEA,2026-04-20 00:00:00,452031.00,431
2534,Customer 1534 Inc,contact1534@customer.com,EU,2026-01-18 00:00:00,789633.00,130
2537,Customer 1537 LLC,contact1537@customer.com,EU,2025-12-25 00:00:00,250689.00,393
2539,Customer 1539 Corp,contact1539@customer.com,NA,2026-02-03 00:00:00,86760.00,498
2542,Customer 1542 Ltd,contact1542@customer.com,MEA,2025-09-12 00:00:00,65057.00,16
2544,Customer 1544 Inc,contact1544@customer.com,NA,2026-01-31 00:00:00,399587.00,14
2545,Customer 1545 Ltd,contact1545@customer.com,EU,2026-01-28 00:00:00,639459.00,161
2547,Customer 1547 LLC,contact1547@customer.com,NA,2025-11-21 00:00:00,319772.00,0
2550,Customer 1550 LLC,contact1550@customer.com,NA,2025-09-18 00:00:00,219769.00,211
2553,Customer 1553 Inc,contact1553@customer.com,EU,2025-10-04 00:00:00,990434.00,129
2554,Customer 1554 Corp,contact1554@customer.com,NA,2026-04-26 00:00:00,382612.00,145
2557,Customer 1557 GmbH,contact1557@customer.com,EU,2025-10-19 00:00:00,484380.00,353
2558,Customer 1558 LLC,contact1558@customer.com,NA,2025-12-29 00:00:00,656102.00,372
2559,Customer 1559 Inc,contact1559@customer.com,EU,2026-01-31 00:00:00,218002.00,259
2564,Customer 1564 Inc,contact1564@customer.com,MEA,2025-08-10 00:00:00,648877.00,411
2565,Customer 1565 Corp,contact1565@customer.com,EU,2026-03-24 00:00:00,215761.00,222
2567,Customer 1567 LLC,contact1567@customer.com,EU,2026-04-09 00:00:00,827602.00,362
2568,Customer 1568 Inc,contact1568@customer.com,MEA,2025-12-24 00:00:00,636086.00,42
2569,Customer 1569 Inc,contact1569@customer.com,MEA,2025-12-09 00:00:00,339418.00,318
2570,Customer 1570 Ltd,contact1570@customer.com,NA,2026-05-18 00:00:00,969439.00,193
2573,Customer 1573 LLC,contact1573@customer.com,EU,2025-10-21 00:00:00,326826.00,30
2574,Customer 1574 Ltd,contact1574@customer.com,NA,2025-08-08 00:00:00,199938.00,493
2575,Customer 1575 GmbH,contact1575@customer.com,NA,2026-05-30 00:00:00,877949.00,71
2576,Customer 1576 Inc,contact1576@customer.com,NA,2025-08-09 00:00:00,980673.00,320
2578,Customer 1578 LLC,contact1578@customer.com,MEA,2025-11-03 00:00:00,279805.00,271
2579,Customer 1579 LLC,contact1579@customer.com,EU,2026-03-26 00:00:00,618041.00,42
2582,Customer 1582 Inc,contact1582@customer.com,MEA,2025-08-22 00:00:00,549404.00,165
2583,Customer 1583 Inc,contact1583@customer.com,EU,2026-01-31 00:00:00,204209.00,288
2585,Customer 1585 LLC,contact1585@customer.com,EU,2025-12-08 00:00:00,803236.00,59
2586,Customer 1586 GmbH,contact1586@customer.com,EU,2025-08-07 00:00:00,931250.00,207
2587,Customer 1587 Ltd,contact1587@customer.com,MEA,2026-05-17 00:00:00,601386.00,73
2595,Customer 1595 Inc,contact1595@customer.com,NA,2025-12-21 00:00:00,436899.00,165
2597,Customer 1597 Inc,contact1597@customer.com,NA,2026-06-05 00:00:00,885257.00,461
2598,Customer 1598 Ltd,contact1598@customer.com,MEA,2025-10-05 00:00:00,982526.00,325
2600,Customer 1600 Ltd,contact1600@customer.com,MEA,2025-11-28 00:00:00,370727.00,64
2601,Customer 1601 Ltd,contact1601@customer.com,NA,2026-07-14 00:00:00,674725.00,242
2603,Customer 1603 Inc,contact1603@customer.com,MEA,2026-01-12 00:00:00,102893.00,330
2604,Customer 1604 Inc,contact1604@customer.com,NA,2025-12-15 00:00:00,257150.00,98
2606,Customer 1606 Ltd,contact1606@customer.com,EU,2025-07-30 00:00:00,720587.00,468
2610,Customer 1610 Ltd,contact1610@customer.com,MEA,2026-05-17 00:00:00,153852.00,150
2611,Customer 1611 Ltd,contact1611@customer.com,EU,2025-12-13 00:00:00,334847.00,154
2614,Customer 1614 Ltd,contact1614@customer.com,NA,2026-05-04 00:00:00,711797.00,281
2617,Customer 1617 Ltd,contact1617@customer.com,NA,2025-08-25 00:00:00,580296.00,19
2620,Customer 1620 LLC,contact1620@customer.com,EU,2026-07-13 00:00:00,424050.00,452
2621,Customer 1621 Ltd,contact1621@customer.com,EU,2026-04-27 00:00:00,583605.00,302
2622,Customer 1622 Inc,contact1622@customer.com,EU,2025-10-19 00:00:00,552436.00,238
2623,Customer 1623 Ltd,contact1623@customer.com,MEA,2026-05-03 00:00:00,452531.00,230
2624,Customer 1624 LLC,contact1624@customer.com,MEA,2025-12-15 00:00:00,548177.00,468
2626,Customer 1626 LLC,contact1626@customer.com,EU,2025-10-29 00:00:00,996146.00,44
2627,Customer 1627 Ltd,contact1627@customer.com,MEA,2026-06-09 00:00:00,891373.00,73
2628,Customer 1628 Inc,contact1628@customer.com,MEA,2026-02-20 00:00:00,281155.00,183
2630,Customer 1630 Ltd,contact1630@customer.com,MEA,2026-02-24 00:00:00,912811.00,225
2631,Customer 1631 LLC,contact1631@customer.com,EU,2026-01-10 00:00:00,233856.00,72
2632,Customer 1632 GmbH,contact1632@customer.com,EU,2026-06-16 00:00:00,407967.00,164
2635,Customer 1635 Inc,contact1635@customer.com,EU,2026-02-11 00:00:00,12722.00,179
2639,Customer 1639 GmbH,contact1639@customer.com,NA,2025-09-17 00:00:00,843439.00,352
2642,Customer 1642 Corp,contact1642@customer.com,EU,2026-01-05 00:00:00,712732.00,204
2643,Customer 1643 Ltd,contact1643@customer.com,MEA,2025-11-08 00:00:00,190816.00,332
2646,Customer 1646 Inc,contact1646@customer.com,NA,2026-01-26 00:00:00,182097.00,137
2650,Customer 1650 LLC,contact1650@customer.com,MEA,2026-01-21 00:00:00,73514.00,71
2652,Customer 1652 Ltd,contact1652@customer.com,MEA,2026-01-30 00:00:00,427987.00,327
2654,Customer 1654 GmbH,contact1654@customer.com,EU,2026-05-01 00:00:00,861664.00,443
2655,Customer 1655 LLC,contact1655@customer.com,NA,2026-02-26 00:00:00,672958.00,459
2656,Customer 1656 Inc,contact1656@customer.com,NA,2026-06-29 00:00:00,664300.00,303
2660,Customer 1660 Ltd,contact1660@customer.com,MEA,2025-10-30 00:00:00,712807.00,263
2661,Customer 1661 LLC,contact1661@customer.com,MEA,2025-10-23 00:00:00,944423.00,317
2663,Customer 1663 Corp,contact1663@customer.com,NA,2026-04-21 00:00:00,872134.00,150
2665,Customer 1665 Inc,contact1665@customer.com,NA,2025-10-27 00:00:00,552676.00,368
2666,Customer 1666 Ltd,contact1666@customer.com,EU,2026-02-04 00:00:00,575142.00,170
2669,Customer 1669 GmbH,contact1669@customer.com,EU,2025-11-11 00:00:00,944707.00,223
2670,Customer 1670 GmbH,contact1670@customer.com,NA,2026-04-30 00:00:00,539392.00,256
2671,Customer 1671 Corp,contact1671@customer.com,EU,2025-12-26 00:00:00,432809.00,327
2675,Customer 1675 Ltd,contact1675@customer.com,MEA,2025-08-01 00:00:00,594037.00,241
2677,Customer 1677 Ltd,contact1677@customer.com,MEA,2025-11-28 00:00:00,74993.00,81
2682,Customer 1682 GmbH,contact1682@customer.com,EU,2026-06-13 00:00:00,681338.00,68
2683,Customer 1683 LLC,contact1683@customer.com,NA,2025-11-13 00:00:00,982523.00,228
2684,Customer 1684 LLC,contact1684@customer.com,MEA,2026-07-07 00:00:00,859090.00,48
2685,Customer 1685 GmbH,contact1685@customer.com,EU,2026-01-09 00:00:00,534100.00,250
2688,Customer 1688 Inc,contact1688@customer.com,MEA,2026-04-02 00:00:00,656437.00,206
2690,Customer 1690 Ltd,contact1690@customer.com,NA,2025-08-14 00:00:00,913056.00,332
2693,Customer 1693 Ltd,contact1693@customer.com,EU,2026-07-22 00:00:00,56848.00,392
2694,Customer 1694 Ltd,contact1694@customer.com,NA,2025-12-06 00:00:00,707044.00,246
2696,Customer 1696 GmbH,contact1696@customer.com,EU,2025-11-22 00:00:00,429565.00,65
2698,Customer 1698 Inc,contact1698@customer.com,EU,2026-04-03 00:00:00,386673.00,418
2699,Customer 1699 Corp,contact1699@customer.com,NA,2026-06-14 00:00:00,331710.00,271
2700,Customer 1700 Ltd,contact1700@customer.com,EU,2025-10-12 00:00:00,304575.00,488
2701,Customer 1701 Ltd,contact1701@customer.com,EU,2025-10-29 00:00:00,813465.00,159
2702,Customer 1702 GmbH,contact1702@customer.com,EU,2026-01-28 00:00:00,344287.00,297
2703,Customer 1703 Ltd,contact1703@customer.com,NA,2026-02-09 00:00:00,161844.00,417
2705,Customer 1705 Inc,contact1705@customer.com,EU,2025-10-28 00:00:00,45118.00,19
2707,Customer 1707 Inc,contact1707@customer.com,MEA,2025-11-29 00:00:00,998096.00,408
2708,Customer 1708 Ltd,contact1708@customer.com,MEA,2025-11-17 00:00:00,190470.00,216
2709,Customer 1709 GmbH,contact1709@customer.com,EU,2025-08-17 00:00:00,469744.00,44
2711,Customer 1711 GmbH,contact1711@customer.com,EU,2025-07-23 00:00:00,745829.00,403
2712,Customer 1712 Inc,contact1712@customer.com,EU,2026-03-21 00:00:00,170557.00,78
2715,Customer 1715 LLC,contact1715@customer.com,NA,2026-01-01 00:00:00,102712.00,310
2716,Customer 1716 LLC,contact1716@customer.com,MEA,2025-11-18 00:00:00,653616.00,247
2720,Customer 1720 LLC,contact1720@customer.com,MEA,2026-05-22 00:00:00,345801.00,435
2721,Customer 1721 LLC,contact1721@customer.com,EU,2026-03-25 00:00:00,428923.00,252
2724,Customer 1724 Inc,contact1724@customer.com,MEA,2026-07-05 00:00:00,44705.00,401
2725,Customer 1725 Inc,contact1725@customer.com,NA,2025-09-15 00:00:00,496624.00,475
2726,Customer 1726 LLC,contact1726@customer.com,NA,2025-12-11 00:00:00,70169.00,438
2728,Customer 1728 Ltd,contact1728@customer.com,EU,2026-07-06 00:00:00,181892.00,297
2730,Customer 1730 LLC,contact1730@customer.com,EU,2025-09-16 00:00:00,457030.00,408
2731,Customer 1731 Ltd,contact1731@customer.com,EU,2026-02-03 00:00:00,843181.00,4
2737,Customer 1737 LLC,contact1737@customer.com,NA,2026-02-12 00:00:00,889244.00,384
2741,Customer 1741 Inc,contact1741@customer.com,MEA,2025-10-17 00:00:00,211642.00,97
2742,Customer 1742 GmbH,contact1742@customer.com,EU,2026-06-28 00:00:00,101608.00,84
2743,Customer 1743 Ltd,contact1743@customer.com,MEA,2025-12-26 00:00:00,878284.00,310
2745,Customer 1745 LLC,contact1745@customer.com,NA,2026-02-04 00:00:00,727221.00,398
2749,Customer 1749 Corp,contact1749@customer.com,NA,2025-10-03 00:00:00,737940.00,474
2751,Customer 1751 LLC,contact1751@customer.com,NA,2025-08-21 00:00:00,978920.00,53
2753,Customer 1753 Inc,contact1753@customer.com,EU,2026-06-04 00:00:00,279976.00,47
2755,Customer 1755 GmbH,contact1755@customer.com,NA,2026-03-13 00:00:00,340805.00,150
2757,Customer 1757 Ltd,contact1757@customer.com,NA,2025-08-14 00:00:00,795633.00,243
2759,Customer 1759 Inc,contact1759@customer.com,NA,2026-06-15 00:00:00,494169.00,18
2760,Customer 1760 Ltd,contact1760@customer.com,MEA,2026-04-09 00:00:00,335920.00,94
2761,Customer 1761 LLC,contact1761@customer.com,MEA,2025-12-16 00:00:00,181276.00,81
2762,Customer 1762 GmbH,contact1762@customer.com,NA,2026-03-22 00:00:00,970229.00,99
2764,Customer 1764 Inc,contact1764@customer.com,MEA,2026-07-20 00:00:00,183380.00,274
2770,Customer 1770 Corp,contact1770@customer.com,NA,2025-12-27 00:00:00,10432.00,48
2771,Customer 1771 Inc,contact1771@customer.com,EU,2025-09-18 00:00:00,120302.00,318
2772,Customer 1772 Ltd,contact1772@customer.com,MEA,2026-04-26 00:00:00,444650.00,132
2773,Customer 1773 Ltd,contact1773@customer.com,NA,2026-01-22 00:00:00,733199.00,37
2774,Customer 1774 LLC,contact1774@customer.com,NA,2025-12-28 00:00:00,961123.00,451
2775,Customer 1775 LLC,contact1775@customer.com,MEA,2026-06-05 00:00:00,757974.00,98
2776,Customer 1776 Ltd,contact1776@customer.com,MEA,2026-03-14 00:00:00,771552.00,180
2780,Customer 1780 Ltd,contact1780@customer.com,NA,2026-04-25 00:00:00,208038.00,115
2782,Customer 1782 Inc,contact1782@customer.com,EU,2025-07-30 00:00:00,590102.00,269
2784,Customer 1784 LLC,contact1784@customer.com,MEA,2025-07-31 00:00:00,930272.00,290
2788,Customer 1788 Inc,contact1788@customer.com,EU,2025-10-14 00:00:00,742314.00,327
2789,Customer 1789 Inc,contact1789@customer.com,EU,2026-02-13 00:00:00,848462.00,33
2790,Customer 1790 LLC,contact1790@customer.com,MEA,2026-06-09 00:00:00,842336.00,179
2791,Customer 1791 Ltd,contact1791@customer.com,NA,2025-11-21 00:00:00,961865.00,299
2792,Customer 1792 Inc,contact1792@customer.com,NA,2025-09-09 00:00:00,398735.00,105
2794,Customer 1794 Inc,contact1794@customer.com,NA,2025-08-16 00:00:00,722714.00,493
2797,Customer 1797 Ltd,contact1797@customer.com,MEA,2025-09-08 00:00:00,755263.00,350
2799,Customer 1799 Inc,contact1799@customer.com,NA,2026-04-06 00:00:00,769742.00,28
2800,Customer 1800 GmbH,contact1800@customer.com,EU,2026-07-02 00:00:00,731112.00,313
2801,Customer 1801 LLC,contact1801@customer.com,MEA,2026-04-10 00:00:00,607776.00,301
2802,Customer 1802 Corp,contact1802@customer.com,EU,2025-09-16 00:00:00,610805.00,121
2803,Customer 1803 Ltd,contact1803@customer.com,NA,2025-11-14 00:00:00,899762.00,265
2804,Customer 1804 GmbH,contact1804@customer.com,NA,2025-09-18 00:00:00,404081.00,210
2805,Customer 1805 Inc,contact1805@customer.com,NA,2026-01-27 00:00:00,318807.00,44
2807,Customer 1807 LLC,contact1807@customer.com,NA,2026-05-07 00:00:00,447485.00,358
2812,Customer 1812 GmbH,contact1812@customer.com,NA,2026-05-05 00:00:00,851444.00,490
2813,Customer 1813 GmbH,contact1813@customer.com,NA,2025-09-03 00:00:00,480460.00,97
2814,Customer 1814 Ltd,contact1814@customer.com,NA,2025-11-24 00:00:00,609223.00,425
2816,Customer 1816 GmbH,contact1816@customer.com,EU,2025-08-15 00:00:00,864728.00,108
2819,Customer 1819 LLC,contact1819@customer.com,NA,2026-03-19 00:00:00,567025.00,191
2821,Customer 1821 LLC,contact1821@customer.com,MEA,2026-05-19 00:00:00,855560.00,357
2822,Customer 1822 Corp,contact1822@customer.com,EU,2025-07-27 00:00:00,982350.00,122
2824,Customer 1824 Ltd,contact1824@customer.com,NA,2026-07-15 00:00:00,16323.00,88
2825,Customer 1825 LLC,contact1825@customer.com,MEA,2025-10-05 00:00:00,269542.00,223
2828,Customer 1828 Ltd,contact1828@customer.com,NA,2026-03-03 00:00:00,921226.00,125
2829,Customer 1829 LLC,contact1829@customer.com,MEA,2026-01-03 00:00:00,754252.00,164
2830,Customer 1830 Ltd,contact1830@customer.com,EU,2025-09-14 00:00:00,829142.00,236
2836,Customer 1836 Corp,contact1836@customer.com,NA,2026-06-21 00:00:00,584910.00,125
2838,Customer 1838 GmbH,contact1838@customer.com,NA,2025-08-20 00:00:00,48053.00,61
2839,Customer 1839 LLC,contact1839@customer.com,MEA,2025-09-08 00:00:00,747066.00,497
2842,Customer 1842 Ltd,contact1842@customer.com,NA,2026-02-16 00:00:00,830741.00,421
2845,Customer 1845 Corp,contact1845@customer.com,EU,2025-11-04 00:00:00,912321.00,391
2847,Customer 1847 Ltd,contact1847@customer.com,NA,2026-05-11 00:00:00,606997.00,252
2848,Customer 1848 Ltd,contact1848@customer.com,EU,2025-08-20 00:00:00,209485.00,463
2852,Customer 1852 Corp,contact1852@customer.com,EU,2026-02-15 00:00:00,135091.00,276
2854,Customer 1854 Ltd,contact1854@customer.com,NA,2025-09-22 00:00:00,195832.00,177
2855,Customer 1855 Inc,contact1855@customer.com,MEA,2026-05-22 00:00:00,668269.00,405
2857,Customer 1857 Inc,contact1857@customer.com,MEA,2025-12-21 00:00:00,468171.00,31
2858,Customer 1858 Ltd,contact1858@customer.com,EU,2025-12-18 00:00:00,145304.00,495
2861,Customer 1861 GmbH,contact1861@customer.com,NA,2025-08-26 00:00:00,39788.00,336
2862,Customer 1862 GmbH,contact1862@customer.com,EU,2026-03-13 00:00:00,839148.00,106
2864,Customer 1864 Corp,contact1864@customer.com,EU,2025-09-22 00:00:00,774934.00,152
2867,Customer 1867 LLC,contact1867@customer.com,EU,2025-08-04 00:00:00,200053.00,238
2869,Customer 1869 Corp,contact1869@customer.com,EU,2026-04-01 00:00:00,48068.00,446
2870,Customer 1870 LLC,contact1870@customer.com,MEA,2026-04-16 00:00:00,160629.00,312
2871,Customer 1871 Inc,contact1871@customer.com,EU,2026-07-04 00:00:00,840032.00,315
2872,Customer 1872 LLC,contact1872@customer.com,EU,2026-07-17 00:00:00,864602.00,119
2873,Customer 1873 LLC,contact1873@customer.com,NA,2025-08-29 00:00:00,73997.00,356
2874,Customer 1874 Corp,contact1874@customer.com,NA,2025-11-16 00:00:00,111891.00,223
2876,Customer 1876 Corp,contact1876@customer.com,EU,2026-05-11 00:00:00,887721.00,324
2880,Customer 1880 Corp,contact1880@customer.com,EU,2025-11-15 00:00:00,57581.00,411
2881,Customer 1881 Ltd,contact1881@customer.com,EU,2026-01-02 00:00:00,934077.00,393
2882,Customer 1882 GmbH,contact1882@customer.com,EU,2026-02-12 00:00:00,814030.00,290
2886,Customer 1886 Inc,contact1886@customer.com,NA,2025-07-25 00:00:00,85672.00,449
2888,Customer 1888 Inc,contact1888@customer.com,MEA,2026-03-17 00:00:00,832232.00,290
2890,Customer 1890 GmbH,contact1890@customer.com,NA,2026-03-24 00:00:00,135344.00,385
2891,Customer 1891 GmbH,contact1891@customer.com,EU,2025-11-20 00:00:00,849175.00,22
2892,Customer 1892 Ltd,contact1892@customer.com,MEA,2025-12-06 00:00:00,943230.00,166
2893,Customer 1893 Inc,contact1893@customer.com,NA,2025-10-06 00:00:00,730027.00,264
2898,Customer 1898 LLC,contact1898@customer.com,MEA,2025-07-31 00:00:00,921867.00,214
2900,Customer 1900 Ltd,contact1900@customer.com,MEA,2026-01-14 00:00:00,318739.00,473
2903,Customer 1903 Ltd,contact1903@customer.com,MEA,2025-11-24 00:00:00,998224.00,242
2905,Customer 1905 GmbH,contact1905@customer.com,EU,2025-09-19 00:00:00,538411.00,257
2906,Customer 1906 Ltd,contact1906@customer.com,NA,2026-03-08 00:00:00,502005.00,160
2907,Customer 1907 Ltd,contact1907@customer.com,MEA,2025-10-25 00:00:00,527914.00,377
2910,Customer 1910 LLC,contact1910@customer.com,NA,2025-07-24 00:00:00,654000.00,348
2911,Customer 1911 Corp,contact1911@customer.com,NA,2026-05-26 00:00:00,678135.00,421
2912,Customer 1912 Corp,contact1912@customer.com,NA,2026-03-25 00:00:00,518344.00,431
2920,Customer 1920 Ltd,contact1920@customer.com,EU,2025-12-12 00:00:00,430047.00,38
2927,Customer 1927 Corp,contact1927@customer.com,EU,2026-07-11 00:00:00,74502.00,386
2928,Customer 1928 Ltd,contact1928@customer.com,EU,2025-10-20 00:00:00,539431.00,8
2930,Customer 1930 Ltd,contact1930@customer.com,EU,2026-07-15 00:00:00,653000.00,60
2931,Customer 1931 LLC,contact1931@customer.com,EU,2026-03-21 00:00:00,588954.00,48
2935,Customer 1935 GmbH,contact1935@customer.com,EU,2026-03-13 00:00:00,557533.00,189
2936,Customer 1936 Corp,contact1936@customer.com,EU,2026-06-24 00:00:00,433522.00,447
2937,Customer 1937 Inc,contact1937@customer.com,MEA,2026-07-07 00:00:00,299011.00,69
2938,Customer 1938 Corp,contact1938@customer.com,NA,2026-04-20 00:00:00,722985.00,432
2943,Customer 1943 Corp,contact1943@customer.com,NA,2026-03-14 00:00:00,105784.00,379
2944,Customer 1944 Inc,contact1944@customer.com,EU,2025-08-29 00:00:00,214722.00,182
2948,Customer 1948 Corp,contact1948@customer.com,EU,2025-12-17 00:00:00,213665.00,203
2951,Customer 1951 LLC,contact1951@customer.com,NA,2025-10-08 00:00:00,984634.00,224
2954,Customer 1954 LLC,contact1954@customer.com,NA,2026-03-02 00:00:00,584045.00,105
2955,Customer 1955 GmbH,contact1955@customer.com,NA,2025-12-18 00:00:00,486863.00,68
2956,Customer 1956 Inc,contact1956@customer.com,NA,2026-04-11 00:00:00,748106.00,473
2957,Customer 1957 Inc,contact1957@customer.com,EU,2026-02-10 00:00:00,206874.00,68
2958,Customer 1958 Ltd,contact1958@customer.com,MEA,2026-01-29 00:00:00,22085.00,481
2959,Customer 1959 LLC,contact1959@customer.com,MEA,2026-01-16 00:00:00,735379.00,115
2961,Customer 1961 Ltd,contact1961@customer.com,NA,2025-10-01 00:00:00,302242.00,151
2962,Customer 1962 GmbH,contact1962@customer.com,NA,2026-05-03 00:00:00,195574.00,421
2964,Customer 1964 LLC,contact1964@customer.com,NA,2026-01-08 00:00:00,548653.00,216
2966,Customer 1966 LLC,contact1966@customer.com,EU,2025-08-17 00:00:00,518567.00,413
2968,Customer 1968 Corp,contact1968@customer.com,EU,2026-02-24 00:00:00,885729.00,396
2969,Customer 1969 LLC,contact1969@customer.com,MEA,2026-05-25 00:00:00,496551.00,45
2970,Customer 1970 LLC,contact1970@customer.com,MEA,2026-05-22 00:00:00,627247.00,219
2973,Customer 1973 Inc,contact1973@customer.com,EU,2026-02-22 00:00:00,807787.00,283
2978,Customer 1978 LLC,contact1978@customer.com,EU,2026-02-07 00:00:00,400326.00,254
2979,Customer 1979 LLC,contact1979@customer.com,EU,2026-01-04 00:00:00,335043.00,246
2980,Customer 1980 Corp,contact1980@customer.com,NA,2025-08-08 00:00:00,844843.00,144
2982,Customer 1982 Inc,contact1982@customer.com,NA,2025-12-27 00:00:00,393841.00,414
2986,Customer 1986 LLC,contact1986@customer.com,MEA,2026-04-27 00:00:00,81864.00,396
2989,Customer 1989 LLC,contact1989@customer.com,EU,2025-08-28 00:00:00,446773.00,336
2990,Customer 1990 Ltd,contact1990@customer.com,EU,2025-10-18 00:00:00,723410.00,299
2991,Customer 1991 Ltd,contact1991@customer.com,EU,2025-12-20 00:00:00,619498.00,489
2992,Customer 1992 LLC,contact1992@customer.com,EU,2026-05-25 00:00:00,541934.00,97
2993,Customer 1993 Ltd,contact1993@customer.com,MEA,2026-02-03 00:00:00,857498.00,3
2994,Customer 1994 Ltd,contact1994@customer.com,NA,2026-06-04 00:00:00,46930.00,26
2995,Customer 1995 Corp,contact1995@customer.com,EU,2026-06-15 00:00:00,604041.00,313
2996,Customer 1996 LLC,contact1996@customer.com,NA,2026-07-03 00:00:00,589336.00,357
2998,Customer 1998 Ltd,contact1998@customer.com,MEA,2026-05-17 00:00:00,558129.00,208
1799,Customer 799 GmbH,contact799@customer.com,MEA,2026-04-07 00:00:00,193561.00,438
1800,Customer 800 Inc,contact800@customer.com,EU,2025-10-27 00:00:00,354963.00,350
1801,Customer 801 GmbH,contact801@customer.com,MEA,2025-12-31 00:00:00,998574.00,376
1803,Customer 803 Ltd,contact803@customer.com,LATAM,2026-07-11 00:00:00,552701.00,377
1804,Customer 804 Corp,contact804@customer.com,APAC,2026-07-15 00:00:00,192719.00,92
1805,Customer 805 LLC,contact805@customer.com,LATAM,2025-09-02 00:00:00,762304.00,312
1806,Customer 806 Inc,contact806@customer.com,APAC,2026-01-30 00:00:00,649694.00,59
1807,Customer 807 Ltd,contact807@customer.com,MEA,2026-07-07 00:00:00,242565.00,79
1808,Customer 808 Inc,contact808@customer.com,LATAM,2025-08-28 00:00:00,492269.00,138
1809,Customer 809 LLC,contact809@customer.com,EU,2026-02-07 00:00:00,925704.00,310
1810,Customer 810 Corp,contact810@customer.com,APAC,2025-08-07 00:00:00,819267.00,16
1811,Customer 811 Inc,contact811@customer.com,APAC,2026-05-20 00:00:00,204153.00,497
1812,Customer 812 Inc,contact812@customer.com,LATAM,2026-01-08 00:00:00,4170.00,334
1813,Customer 813 Ltd,contact813@customer.com,MEA,2026-06-20 00:00:00,183541.00,307
1814,Customer 814 Ltd,contact814@customer.com,LATAM,2026-06-28 00:00:00,544868.00,68
1815,Customer 815 Ltd,contact815@customer.com,MEA,2025-10-14 00:00:00,863757.00,76
1816,Customer 816 Corp,contact816@customer.com,APAC,2026-06-20 00:00:00,847602.00,265
1817,Customer 817 GmbH,contact817@customer.com,EU,2025-10-03 00:00:00,522268.00,378
1818,Customer 818 GmbH,contact818@customer.com,APAC,2025-07-24 00:00:00,870898.00,108
1819,Customer 819 GmbH,contact819@customer.com,APAC,2025-09-24 00:00:00,726814.00,337
1820,Customer 820 GmbH,contact820@customer.com,NA,2026-03-11 00:00:00,254469.00,468
1821,Customer 821 GmbH,contact821@customer.com,EU,2026-06-08 00:00:00,893786.00,37
1822,Customer 822 Ltd,contact822@customer.com,APAC,2026-04-12 00:00:00,501330.00,192
1823,Customer 823 GmbH,contact823@customer.com,MEA,2026-06-23 00:00:00,717650.00,404
1824,Customer 824 Ltd,contact824@customer.com,APAC,2026-06-09 00:00:00,46196.00,382
1825,Customer 825 Inc,contact825@customer.com,APAC,2026-02-05 00:00:00,176029.00,94
1826,Customer 826 Inc,contact826@customer.com,APAC,2026-01-10 00:00:00,5816.00,190
1827,Customer 827 GmbH,contact827@customer.com,APAC,2026-04-16 00:00:00,814720.00,26
1828,Customer 828 Inc,contact828@customer.com,MEA,2026-01-21 00:00:00,929180.00,129
1829,Customer 829 LLC,contact829@customer.com,APAC,2026-04-10 00:00:00,430269.00,411
1830,Customer 830 LLC,contact830@customer.com,NA,2025-07-29 00:00:00,223101.00,461
1831,Customer 831 LLC,contact831@customer.com,LATAM,2026-07-20 00:00:00,881874.00,353
1832,Customer 832 LLC,contact832@customer.com,APAC,2026-04-27 00:00:00,160132.00,331
1833,Customer 833 LLC,contact833@customer.com,MEA,2026-07-19 00:00:00,292210.00,17
1834,Customer 834 Ltd,contact834@customer.com,LATAM,2025-12-06 00:00:00,371650.00,2
1835,Customer 835 GmbH,contact835@customer.com,NA,2025-11-25 00:00:00,705735.00,458
1836,Customer 836 LLC,contact836@customer.com,APAC,2026-02-19 00:00:00,326885.00,186
1838,Customer 838 Ltd,contact838@customer.com,NA,2026-02-02 00:00:00,81969.00,234
1839,Customer 839 Corp,contact839@customer.com,NA,2025-12-13 00:00:00,283784.00,223
1840,Customer 840 GmbH,contact840@customer.com,NA,2026-06-12 00:00:00,880328.00,452
1841,Customer 841 Inc,contact841@customer.com,EU,2025-10-02 00:00:00,693988.00,69
1842,Customer 842 Inc,contact842@customer.com,LATAM,2026-01-01 00:00:00,738582.00,415
1843,Customer 843 Inc,contact843@customer.com,MEA,2025-12-28 00:00:00,963365.00,365
1844,Customer 844 GmbH,contact844@customer.com,APAC,2026-01-10 00:00:00,170155.00,288
1845,Customer 845 Inc,contact845@customer.com,EU,2025-11-09 00:00:00,737657.00,281
1846,Customer 846 Corp,contact846@customer.com,MEA,2026-01-22 00:00:00,37935.00,123
1847,Customer 847 GmbH,contact847@customer.com,MEA,2025-09-04 00:00:00,285676.00,348
1848,Customer 848 LLC,contact848@customer.com,NA,2025-12-11 00:00:00,359238.00,243
1850,Customer 850 Ltd,contact850@customer.com,EU,2026-03-27 00:00:00,890843.00,36
1851,Customer 851 Inc,contact851@customer.com,EU,2025-10-30 00:00:00,255790.00,115
1852,Customer 852 LLC,contact852@customer.com,NA,2026-03-16 00:00:00,351022.00,479
1853,Customer 853 GmbH,contact853@customer.com,APAC,2026-06-29 00:00:00,270497.00,239
1854,Customer 854 GmbH,contact854@customer.com,EU,2026-06-01 00:00:00,781070.00,100
1855,Customer 855 Corp,contact855@customer.com,EU,2026-07-14 00:00:00,870940.00,102
1856,Customer 856 LLC,contact856@customer.com,APAC,2025-11-04 00:00:00,197185.00,238
1857,Customer 857 Ltd,contact857@customer.com,NA,2026-01-28 00:00:00,507726.00,216
1858,Customer 858 Ltd,contact858@customer.com,APAC,2026-05-27 00:00:00,136736.00,304
1859,Customer 859 Inc,contact859@customer.com,LATAM,2026-05-23 00:00:00,340977.00,63
1860,Customer 860 LLC,contact860@customer.com,NA,2025-10-19 00:00:00,263597.00,221
1861,Customer 861 GmbH,contact861@customer.com,MEA,2025-11-27 00:00:00,571239.00,202
1862,Customer 862 LLC,contact862@customer.com,APAC,2026-03-17 00:00:00,276396.00,154
1863,Customer 863 Inc,contact863@customer.com,APAC,2026-05-23 00:00:00,801075.00,279
1864,Customer 864 Ltd,contact864@customer.com,EU,2025-09-26 00:00:00,363769.00,392
1865,Customer 865 Ltd,contact865@customer.com,LATAM,2026-05-06 00:00:00,113090.00,407
1866,Customer 866 Inc,contact866@customer.com,MEA,2025-12-10 00:00:00,148768.00,111
1867,Customer 867 Ltd,contact867@customer.com,EU,2026-06-03 00:00:00,955093.00,323
1868,Customer 868 LLC,contact868@customer.com,NA,2025-08-11 00:00:00,135906.00,8
1869,Customer 869 Ltd,contact869@customer.com,NA,2025-11-02 00:00:00,816065.00,14
1870,Customer 870 Inc,contact870@customer.com,EU,2026-06-24 00:00:00,556527.00,255
1871,Customer 871 Inc,contact871@customer.com,LATAM,2026-01-23 00:00:00,620303.00,191
1872,Customer 872 LLC,contact872@customer.com,MEA,2025-10-07 00:00:00,578660.00,385
1873,Customer 873 Corp,contact873@customer.com,EU,2026-04-22 00:00:00,985989.00,245
1874,Customer 874 Inc,contact874@customer.com,MEA,2025-08-28 00:00:00,133622.00,348
1875,Customer 875 Inc,contact875@customer.com,APAC,2025-11-25 00:00:00,496414.00,72
1876,Customer 876 Inc,contact876@customer.com,EU,2025-08-07 00:00:00,541293.00,189
1877,Customer 877 Ltd,contact877@customer.com,MEA,2026-02-17 00:00:00,440163.00,419
1878,Customer 878 LLC,contact878@customer.com,APAC,2025-09-26 00:00:00,466240.00,254
1879,Customer 879 GmbH,contact879@customer.com,APAC,2025-09-06 00:00:00,405388.00,378
1880,Customer 880 Ltd,contact880@customer.com,LATAM,2025-10-10 00:00:00,858233.00,335
1881,Customer 881 LLC,contact881@customer.com,NA,2025-08-19 00:00:00,915456.00,173
1882,Customer 882 Inc,contact882@customer.com,APAC,2025-08-23 00:00:00,775326.00,244
1883,Customer 883 Inc,contact883@customer.com,MEA,2026-01-08 00:00:00,926221.00,373
1884,Customer 884 Ltd,contact884@customer.com,MEA,2026-05-07 00:00:00,55541.00,330
1886,Customer 886 GmbH,contact886@customer.com,APAC,2025-08-25 00:00:00,276527.00,61
1887,Customer 887 Inc,contact887@customer.com,LATAM,2026-07-09 00:00:00,727877.00,266
1888,Customer 888 Inc,contact888@customer.com,EU,2025-08-04 00:00:00,472402.00,437
1889,Customer 889 LLC,contact889@customer.com,APAC,2026-05-17 00:00:00,575670.00,224
1890,Customer 890 Corp,contact890@customer.com,MEA,2025-08-26 00:00:00,567847.00,370
1892,Customer 892 LLC,contact892@customer.com,LATAM,2025-12-19 00:00:00,705098.00,393
1893,Customer 893 Corp,contact893@customer.com,MEA,2026-04-17 00:00:00,806565.00,220
1894,Customer 894 Corp,contact894@customer.com,APAC,2026-07-19 00:00:00,698735.00,445
1895,Customer 895 GmbH,contact895@customer.com,EU,2026-06-03 00:00:00,483024.00,22
1896,Customer 896 GmbH,contact896@customer.com,NA,2025-08-11 00:00:00,777523.00,325
1897,Customer 897 Inc,contact897@customer.com,EU,2026-07-04 00:00:00,519769.00,326
1898,Customer 898 Corp,contact898@customer.com,MEA,2025-08-10 00:00:00,837305.00,473
1899,Customer 899 GmbH,contact899@customer.com,APAC,2026-01-31 00:00:00,171374.00,126
1900,Customer 900 GmbH,contact900@customer.com,EU,2026-02-19 00:00:00,65739.00,354
1901,Customer 901 GmbH,contact901@customer.com,MEA,2025-08-24 00:00:00,211001.00,229
1902,Customer 902 Inc,contact902@customer.com,LATAM,2026-03-08 00:00:00,138841.00,8
1903,Customer 903 LLC,contact903@customer.com,NA,2026-01-06 00:00:00,683162.00,351
1904,Customer 904 GmbH,contact904@customer.com,MEA,2026-07-18 00:00:00,402414.00,446
1905,Customer 905 GmbH,contact905@customer.com,APAC,2026-03-07 00:00:00,388222.00,171
1906,Customer 906 Inc,contact906@customer.com,EU,2026-07-03 00:00:00,966698.00,153
1907,Customer 907 Inc,contact907@customer.com,MEA,2025-10-26 00:00:00,770677.00,178
1908,Customer 908 LLC,contact908@customer.com,EU,2026-06-08 00:00:00,351560.00,441
1909,Customer 909 Inc,contact909@customer.com,APAC,2025-11-19 00:00:00,757768.00,413
1910,Customer 910 Corp,contact910@customer.com,EU,2026-06-14 00:00:00,342271.00,421
1911,Customer 911 Inc,contact911@customer.com,LATAM,2025-10-23 00:00:00,619942.00,303
1912,Customer 912 Corp,contact912@customer.com,NA,2026-03-23 00:00:00,655888.00,1
1913,Customer 913 LLC,contact913@customer.com,NA,2025-12-24 00:00:00,375395.00,311
1914,Customer 914 LLC,contact914@customer.com,EU,2025-07-28 00:00:00,544930.00,475
1916,Customer 916 Corp,contact916@customer.com,MEA,2026-05-14 00:00:00,218917.00,89
1917,Customer 917 Corp,contact917@customer.com,MEA,2025-08-03 00:00:00,47476.00,121
1918,Customer 918 LLC,contact918@customer.com,NA,2026-01-15 00:00:00,107245.00,131
1919,Customer 919 LLC,contact919@customer.com,LATAM,2026-07-12 00:00:00,260102.00,396
1920,Customer 920 LLC,contact920@customer.com,NA,2026-05-19 00:00:00,57634.00,462
1921,Customer 921 GmbH,contact921@customer.com,EU,2025-08-31 00:00:00,641357.00,60
1922,Customer 922 Corp,contact922@customer.com,APAC,2026-05-27 00:00:00,910467.00,48
1923,Customer 923 GmbH,contact923@customer.com,NA,2026-03-10 00:00:00,630477.00,245
1924,Customer 924 LLC,contact924@customer.com,NA,2026-02-11 00:00:00,747737.00,241
1925,Customer 925 Ltd,contact925@customer.com,APAC,2026-01-23 00:00:00,139224.00,305
1926,Customer 926 Corp,contact926@customer.com,NA,2025-11-14 00:00:00,90583.00,390
1927,Customer 927 GmbH,contact927@customer.com,APAC,2026-05-27 00:00:00,926436.00,239
1928,Customer 928 Ltd,contact928@customer.com,NA,2025-12-04 00:00:00,642177.00,427
1929,Customer 929 GmbH,contact929@customer.com,MEA,2026-03-14 00:00:00,632725.00,356
1930,Customer 930 Corp,contact930@customer.com,APAC,2025-08-07 00:00:00,60421.00,4
1931,Customer 931 GmbH,contact931@customer.com,EU,2026-03-07 00:00:00,795095.00,367
1932,Customer 932 Ltd,contact932@customer.com,LATAM,2026-03-06 00:00:00,6088.00,332
1933,Customer 933 GmbH,contact933@customer.com,APAC,2026-01-22 00:00:00,793309.00,102
1934,Customer 934 Ltd,contact934@customer.com,NA,2026-03-29 00:00:00,387385.00,412
1935,Customer 935 Inc,contact935@customer.com,MEA,2025-12-01 00:00:00,819049.00,125
1936,Customer 936 Inc,contact936@customer.com,MEA,2026-05-22 00:00:00,355264.00,359
1937,Customer 937 Corp,contact937@customer.com,EU,2025-12-31 00:00:00,425219.00,330
1938,Customer 938 LLC,contact938@customer.com,NA,2026-01-31 00:00:00,410386.00,135
1939,Customer 939 Inc,contact939@customer.com,NA,2025-11-20 00:00:00,757505.00,455
1940,Customer 940 Corp,contact940@customer.com,MEA,2026-05-24 00:00:00,85940.00,247
1941,Customer 941 Corp,contact941@customer.com,NA,2025-12-11 00:00:00,666379.00,364
1942,Customer 942 Corp,contact942@customer.com,NA,2025-10-22 00:00:00,52913.00,439
1943,Customer 943 Corp,contact943@customer.com,NA,2025-12-13 00:00:00,87865.00,53
1944,Customer 944 Corp,contact944@customer.com,EU,2026-01-04 00:00:00,358722.00,99
1945,Customer 945 Corp,contact945@customer.com,APAC,2025-11-05 00:00:00,422809.00,390
1946,Customer 946 Corp,contact946@customer.com,APAC,2026-07-10 00:00:00,30292.00,20
1947,Customer 947 Ltd,contact947@customer.com,MEA,2025-08-24 00:00:00,117687.00,421
1948,Customer 948 LLC,contact948@customer.com,APAC,2025-11-24 00:00:00,19929.00,239
1949,Customer 949 LLC,contact949@customer.com,NA,2026-04-25 00:00:00,931563.00,168
1950,Customer 950 GmbH,contact950@customer.com,NA,2026-05-31 00:00:00,788386.00,349
1951,Customer 951 LLC,contact951@customer.com,LATAM,2026-04-07 00:00:00,286388.00,410
1952,Customer 952 GmbH,contact952@customer.com,EU,2025-08-22 00:00:00,198587.00,304
1954,Customer 954 GmbH,contact954@customer.com,EU,2025-12-16 00:00:00,469671.00,437
1955,Customer 955 Inc,contact955@customer.com,APAC,2026-06-05 00:00:00,671397.00,315
1956,Customer 956 LLC,contact956@customer.com,EU,2025-10-26 00:00:00,710346.00,313
1957,Customer 957 Corp,contact957@customer.com,EU,2026-05-15 00:00:00,726293.00,18
1958,Customer 958 Corp,contact958@customer.com,APAC,2026-05-23 00:00:00,953883.00,301
1959,Customer 959 GmbH,contact959@customer.com,EU,2026-07-02 00:00:00,241241.00,215
1960,Customer 960 Inc,contact960@customer.com,APAC,2026-07-01 00:00:00,407117.00,75
1961,Customer 961 Ltd,contact961@customer.com,MEA,2026-03-10 00:00:00,220093.00,378
1962,Customer 962 Inc,contact962@customer.com,LATAM,2025-11-13 00:00:00,498534.00,71
1963,Customer 963 Corp,contact963@customer.com,NA,2026-02-04 00:00:00,251846.00,270
1964,Customer 964 Inc,contact964@customer.com,APAC,2026-06-08 00:00:00,818928.00,342
1965,Customer 965 Corp,contact965@customer.com,MEA,2025-12-25 00:00:00,381451.00,410
1966,Customer 966 Inc,contact966@customer.com,MEA,2026-05-04 00:00:00,340038.00,107
1967,Customer 967 GmbH,contact967@customer.com,NA,2026-01-23 00:00:00,437448.00,189
1968,Customer 968 Corp,contact968@customer.com,APAC,2025-10-25 00:00:00,377165.00,256
1969,Customer 969 Ltd,contact969@customer.com,MEA,2025-07-27 00:00:00,879723.00,478
1970,Customer 970 Ltd,contact970@customer.com,APAC,2026-02-22 00:00:00,168813.00,6
1971,Customer 971 Corp,contact971@customer.com,EU,2026-05-11 00:00:00,726062.00,461
1972,Customer 972 Inc,contact972@customer.com,LATAM,2026-06-28 00:00:00,694980.00,285
1973,Customer 973 Corp,contact973@customer.com,MEA,2026-07-21 00:00:00,376155.00,238
1974,Customer 974 Inc,contact974@customer.com,LATAM,2025-08-01 00:00:00,788946.00,311
1975,Customer 975 LLC,contact975@customer.com,MEA,2026-04-03 00:00:00,725972.00,121
1976,Customer 976 Inc,contact976@customer.com,MEA,2026-05-15 00:00:00,129941.00,56
1977,Customer 977 GmbH,contact977@customer.com,APAC,2026-03-09 00:00:00,204977.00,253
1978,Customer 978 Inc,contact978@customer.com,LATAM,2026-03-11 00:00:00,252623.00,243
1979,Customer 979 LLC,contact979@customer.com,EU,2026-06-03 00:00:00,985825.00,396
1980,Customer 980 LLC,contact980@customer.com,MEA,2026-03-29 00:00:00,602345.00,207
1981,Customer 981 GmbH,contact981@customer.com,NA,2026-03-04 00:00:00,23016.00,77
1982,Customer 982 Ltd,contact982@customer.com,APAC,2026-06-29 00:00:00,344662.00,304
1983,Customer 983 LLC,contact983@customer.com,EU,2026-07-02 00:00:00,613211.00,138
1984,Customer 984 Ltd,contact984@customer.com,APAC,2025-11-06 00:00:00,554346.00,259
1985,Customer 985 LLC,contact985@customer.com,MEA,2026-03-14 00:00:00,339396.00,442
1986,Customer 986 Corp,contact986@customer.com,NA,2026-04-02 00:00:00,632108.00,22
1987,Customer 987 Corp,contact987@customer.com,EU,2026-01-02 00:00:00,273643.00,73
1988,Customer 988 Corp,contact988@customer.com,EU,2025-09-13 00:00:00,193228.00,239
1989,Customer 989 Corp,contact989@customer.com,APAC,2026-04-04 00:00:00,960511.00,425
1990,Customer 990 Corp,contact990@customer.com,MEA,2026-04-10 00:00:00,454009.00,405
1991,Customer 991 LLC,contact991@customer.com,EU,2026-03-12 00:00:00,781597.00,441
1992,Customer 992 Ltd,contact992@customer.com,NA,2026-02-06 00:00:00,586570.00,408
1993,Customer 993 GmbH,contact993@customer.com,MEA,2026-03-15 00:00:00,586404.00,490
1994,Customer 994 LLC,contact994@customer.com,EU,2026-06-14 00:00:00,715503.00,309
1995,Customer 995 Corp,contact995@customer.com,EU,2026-05-12 00:00:00,318866.00,250
1996,Customer 996 Corp,contact996@customer.com,EU,2026-05-01 00:00:00,881979.00,365
1997,Customer 997 LLC,contact997@customer.com,NA,2026-01-18 00:00:00,360482.00,122
1998,Customer 998 Ltd,contact998@customer.com,EU,2026-07-07 00:00:00,859326.00,455
1999,Customer 999 Corp,contact999@customer.com,APAC,2025-12-15 00:00:00,137674.00,95
2000,Customer 1000 Inc,contact1000@customer.com,NA,2026-03-28 00:00:00,644048.00,255
2001,Customer 1001 Ltd,contact1001@customer.com,MEA,2026-07-02 00:00:00,610611.00,460
2005,Customer 1005 LLC,contact1005@customer.com,NA,2026-04-29 00:00:00,614458.00,369
2006,Customer 1006 LLC,contact1006@customer.com,MEA,2026-02-11 00:00:00,163289.00,154
2007,Customer 1007 GmbH,contact1007@customer.com,NA,2026-05-17 00:00:00,926256.00,296
2008,Customer 1008 LLC,contact1008@customer.com,MEA,2025-10-25 00:00:00,244456.00,338
2009,Customer 1009 GmbH,contact1009@customer.com,EU,2026-01-24 00:00:00,753526.00,481
2010,Customer 1010 GmbH,contact1010@customer.com,EU,2026-05-06 00:00:00,204339.00,445
2019,Customer 1019 LLC,contact1019@customer.com,EU,2026-06-10 00:00:00,284674.00,137
2021,Customer 1021 GmbH,contact1021@customer.com,NA,2025-12-24 00:00:00,18366.00,38
2022,Customer 1022 LLC,contact1022@customer.com,MEA,2025-09-26 00:00:00,136910.00,187
2024,Customer 1024 Corp,contact1024@customer.com,NA,2025-10-21 00:00:00,139247.00,294
2026,Customer 1026 Inc,contact1026@customer.com,EU,2026-06-02 00:00:00,384380.00,126
2030,Customer 1030 Inc,contact1030@customer.com,MEA,2025-11-04 00:00:00,566658.00,77
2033,Customer 1033 Ltd,contact1033@customer.com,EU,2025-09-01 00:00:00,489871.00,83
2034,Customer 1034 GmbH,contact1034@customer.com,NA,2025-08-07 00:00:00,222104.00,98
2036,Customer 1036 Ltd,contact1036@customer.com,NA,2026-06-21 00:00:00,751424.00,37
2038,Customer 1038 LLC,contact1038@customer.com,EU,2026-01-29 00:00:00,968265.00,238
2039,Customer 1039 Inc,contact1039@customer.com,NA,2026-01-22 00:00:00,638140.00,367
2042,Customer 1042 Ltd,contact1042@customer.com,EU,2025-11-29 00:00:00,242459.00,66
2043,Customer 1043 Ltd,contact1043@customer.com,EU,2026-06-03 00:00:00,508754.00,420
2044,Customer 1044 Ltd,contact1044@customer.com,MEA,2025-11-08 00:00:00,731556.00,188
2047,Customer 1047 Inc,contact1047@customer.com,EU,2026-03-29 00:00:00,354520.00,492
2048,Customer 1048 Corp,contact1048@customer.com,NA,2026-03-04 00:00:00,185055.00,209
2049,Customer 1049 Inc,contact1049@customer.com,MEA,2025-08-26 00:00:00,336813.00,384
2050,Customer 1050 LLC,contact1050@customer.com,NA,2026-05-31 00:00:00,460166.00,5
2051,Customer 1051 LLC,contact1051@customer.com,MEA,2025-09-02 00:00:00,397669.00,187
2052,Customer 1052 LLC,contact1052@customer.com,MEA,2025-12-13 00:00:00,308303.00,312
2053,Customer 1053 Inc,contact1053@customer.com,NA,2026-04-18 00:00:00,782467.00,192
2054,Customer 1054 LLC,contact1054@customer.com,NA,2025-11-25 00:00:00,226965.00,152
2056,Customer 1056 Ltd,contact1056@customer.com,NA,2025-12-24 00:00:00,394542.00,378
2058,Customer 1058 LLC,contact1058@customer.com,NA,2025-08-07 00:00:00,31068.00,302
2060,Customer 1060 GmbH,contact1060@customer.com,EU,2025-10-28 00:00:00,309532.00,10
2063,Customer 1063 Ltd,contact1063@customer.com,MEA,2026-07-12 00:00:00,238900.00,251
2066,Customer 1066 Inc,contact1066@customer.com,EU,2026-05-27 00:00:00,867282.00,75
2067,Customer 1067 Inc,contact1067@customer.com,EU,2025-11-16 00:00:00,560113.00,472
2068,Customer 1068 LLC,contact1068@customer.com,EU,2026-05-20 00:00:00,515949.00,456
2069,Customer 1069 LLC,contact1069@customer.com,NA,2026-02-16 00:00:00,172741.00,403
2070,Customer 1070 LLC,contact1070@customer.com,MEA,2026-06-12 00:00:00,587299.00,27
2074,Customer 1074 Inc,contact1074@customer.com,MEA,2025-08-29 00:00:00,507558.00,98
2076,Customer 1076 Ltd,contact1076@customer.com,NA,2025-10-24 00:00:00,410154.00,79
2077,Customer 1077 Corp,contact1077@customer.com,EU,2026-02-01 00:00:00,675280.00,61
2079,Customer 1079 Inc,contact1079@customer.com,EU,2025-11-08 00:00:00,517282.00,103
2080,Customer 1080 GmbH,contact1080@customer.com,NA,2025-11-21 00:00:00,241495.00,472
2083,Customer 1083 GmbH,contact1083@customer.com,EU,2026-06-25 00:00:00,35760.00,262
2084,Customer 1084 Inc,contact1084@customer.com,EU,2026-04-08 00:00:00,424693.00,249
2085,Customer 1085 Inc,contact1085@customer.com,MEA,2026-03-11 00:00:00,858502.00,360
2087,Customer 1087 Ltd,contact1087@customer.com,EU,2026-06-30 00:00:00,479789.00,293
2088,Customer 1088 LLC,contact1088@customer.com,MEA,2025-10-06 00:00:00,927211.00,366
2089,Customer 1089 Corp,contact1089@customer.com,NA,2025-12-01 00:00:00,348580.00,336
2091,Customer 1091 Ltd,contact1091@customer.com,MEA,2026-06-04 00:00:00,849785.00,0
2092,Customer 1092 Ltd,contact1092@customer.com,EU,2026-01-25 00:00:00,388989.00,401
2093,Customer 1093 Corp,contact1093@customer.com,EU,2025-09-03 00:00:00,64618.00,497
2095,Customer 1095 Corp,contact1095@customer.com,NA,2026-02-06 00:00:00,897692.00,494
2096,Customer 1096 Inc,contact1096@customer.com,EU,2026-03-16 00:00:00,175972.00,180
2097,Customer 1097 GmbH,contact1097@customer.com,EU,2026-03-15 00:00:00,638773.00,417
2098,Customer 1098 Ltd,contact1098@customer.com,NA,2025-07-27 00:00:00,432958.00,319
2100,Customer 1100 Inc,contact1100@customer.com,NA,2026-02-08 00:00:00,685171.00,64
2105,Customer 1105 Inc,contact1105@customer.com,EU,2026-03-31 00:00:00,278290.00,337
2108,Customer 1108 LLC,contact1108@customer.com,EU,2026-05-14 00:00:00,561578.00,193
2110,Customer 1110 Ltd,contact1110@customer.com,NA,2026-05-15 00:00:00,867914.00,141
2111,Customer 1111 LLC,contact1111@customer.com,NA,2026-07-06 00:00:00,786502.00,356
2112,Customer 1112 Corp,contact1112@customer.com,NA,2025-12-31 00:00:00,191532.00,399
2114,Customer 1114 Inc,contact1114@customer.com,EU,2025-10-14 00:00:00,348506.00,39
2117,Customer 1117 LLC,contact1117@customer.com,MEA,2025-09-03 00:00:00,503741.00,448
2119,Customer 1119 GmbH,contact1119@customer.com,EU,2026-05-20 00:00:00,319117.00,161
2121,Customer 1121 Inc,contact1121@customer.com,EU,2026-03-22 00:00:00,673663.00,423
2122,Customer 1122 Corp,contact1122@customer.com,NA,2026-03-29 00:00:00,731490.00,294
2125,Customer 1125 Inc,contact1125@customer.com,NA,2026-06-19 00:00:00,62210.00,315
2128,Customer 1128 Inc,contact1128@customer.com,EU,2025-08-13 00:00:00,948281.00,39
2129,Customer 1129 Inc,contact1129@customer.com,NA,2025-11-29 00:00:00,550502.00,282
2131,Customer 1131 Inc,contact1131@customer.com,EU,2026-01-11 00:00:00,279153.00,206
2132,Customer 1132 Ltd,contact1132@customer.com,MEA,2026-06-01 00:00:00,505560.00,323
2134,Customer 1134 LLC,contact1134@customer.com,NA,2025-10-03 00:00:00,707279.00,156
2135,Customer 1135 Inc,contact1135@customer.com,MEA,2026-04-22 00:00:00,659924.00,211
2136,Customer 1136 Corp,contact1136@customer.com,NA,2026-02-06 00:00:00,617660.00,205
2138,Customer 1138 LLC,contact1138@customer.com,MEA,2026-07-16 00:00:00,503921.00,65
2140,Customer 1140 Ltd,contact1140@customer.com,NA,2026-02-04 00:00:00,719530.00,410
2141,Customer 1141 Corp,contact1141@customer.com,NA,2026-06-06 00:00:00,784240.00,97
2143,Customer 1143 Corp,contact1143@customer.com,EU,2025-10-23 00:00:00,8681.00,358
2145,Customer 1145 Ltd,contact1145@customer.com,EU,2026-02-07 00:00:00,890982.00,431
2158,Customer 1158 Inc,contact1158@customer.com,NA,2025-10-04 00:00:00,386351.00,8
2161,Customer 1161 Ltd,contact1161@customer.com,NA,2026-04-13 00:00:00,985286.00,234
2162,Customer 1162 Ltd,contact1162@customer.com,NA,2026-04-05 00:00:00,693005.00,385
2163,Customer 1163 GmbH,contact1163@customer.com,EU,2025-11-23 00:00:00,990653.00,244
2164,Customer 1164 Ltd,contact1164@customer.com,EU,2025-11-19 00:00:00,728276.00,127
2165,Customer 1165 LLC,contact1165@customer.com,NA,2025-10-30 00:00:00,939707.00,313
2166,Customer 1166 GmbH,contact1166@customer.com,NA,2026-02-20 00:00:00,5800.00,95
2167,Customer 1167 Corp,contact1167@customer.com,NA,2026-04-02 00:00:00,425444.00,488
2170,Customer 1170 LLC,contact1170@customer.com,EU,2025-11-10 00:00:00,362089.00,139
2171,Customer 1171 LLC,contact1171@customer.com,MEA,2025-12-09 00:00:00,619261.00,22
2174,Customer 1174 Inc,contact1174@customer.com,NA,2025-08-18 00:00:00,975629.00,17
2175,Customer 1175 Ltd,contact1175@customer.com,EU,2026-05-17 00:00:00,588046.00,400
2181,Customer 1181 Corp,contact1181@customer.com,EU,2026-02-04 00:00:00,344450.00,304
2182,Customer 1182 LLC,contact1182@customer.com,EU,2026-06-08 00:00:00,334998.00,162
2184,Customer 1184 LLC,contact1184@customer.com,MEA,2026-07-04 00:00:00,975514.00,146
2187,Customer 1187 LLC,contact1187@customer.com,MEA,2026-04-19 00:00:00,968083.00,264
2188,Customer 1188 Corp,contact1188@customer.com,NA,2026-02-19 00:00:00,626887.00,230
2190,Customer 1190 GmbH,contact1190@customer.com,EU,2025-07-31 00:00:00,754401.00,395
2193,Customer 1193 Ltd,contact1193@customer.com,NA,2026-02-05 00:00:00,936960.00,408
2194,Customer 1194 Inc,contact1194@customer.com,EU,2025-08-05 00:00:00,307273.00,238
2195,Customer 1195 LLC,contact1195@customer.com,MEA,2025-10-16 00:00:00,998030.00,76
2196,Customer 1196 LLC,contact1196@customer.com,EU,2025-12-01 00:00:00,344329.00,427
2204,Customer 1204 LLC,contact1204@customer.com,EU,2025-08-08 00:00:00,980935.00,181
2206,Customer 1206 LLC,contact1206@customer.com,EU,2026-01-13 00:00:00,492286.00,278
2209,Customer 1209 Inc,contact1209@customer.com,NA,2025-10-29 00:00:00,215832.00,323
2210,Customer 1210 Corp,contact1210@customer.com,NA,2026-01-28 00:00:00,926441.00,418
2212,Customer 1212 GmbH,contact1212@customer.com,EU,2026-05-26 00:00:00,534016.00,248
2214,Customer 1214 Corp,contact1214@customer.com,NA,2026-06-19 00:00:00,629005.00,90
2215,Customer 1215 Inc,contact1215@customer.com,MEA,2026-01-21 00:00:00,20623.00,342
2216,Customer 1216 LLC,contact1216@customer.com,EU,2025-11-10 00:00:00,843953.00,308
2220,Customer 1220 Inc,contact1220@customer.com,MEA,2026-01-18 00:00:00,322901.00,496
2221,Customer 1221 Corp,contact1221@customer.com,NA,2026-04-06 00:00:00,451620.00,96
2226,Customer 1226 Ltd,contact1226@customer.com,MEA,2026-07-15 00:00:00,132653.00,311
2227,Customer 1227 GmbH,contact1227@customer.com,NA,2026-03-03 00:00:00,105493.00,195
2228,Customer 1228 Inc,contact1228@customer.com,MEA,2025-09-22 00:00:00,481022.00,67
2229,Customer 1229 Corp,contact1229@customer.com,EU,2026-06-24 00:00:00,301949.00,457
2231,Customer 1231 Inc,contact1231@customer.com,NA,2025-09-14 00:00:00,127569.00,191
2232,Customer 1232 LLC,contact1232@customer.com,EU,2025-12-30 00:00:00,18881.00,110
2234,Customer 1234 Ltd,contact1234@customer.com,MEA,2026-03-26 00:00:00,258637.00,90
2236,Customer 1236 Inc,contact1236@customer.com,MEA,2026-01-11 00:00:00,925640.00,319
2237,Customer 1237 Ltd,contact1237@customer.com,NA,2026-02-15 00:00:00,964278.00,171
2238,Customer 1238 LLC,contact1238@customer.com,NA,2026-04-16 00:00:00,489409.00,152
2239,Customer 1239 LLC,contact1239@customer.com,MEA,2025-11-10 00:00:00,902862.00,275
2242,Customer 1242 LLC,contact1242@customer.com,MEA,2025-10-29 00:00:00,56111.00,318
2243,Customer 1243 Inc,contact1243@customer.com,EU,2025-11-17 00:00:00,26239.00,142
2244,Customer 1244 GmbH,contact1244@customer.com,NA,2025-07-27 00:00:00,870739.00,364
2247,Customer 1247 LLC,contact1247@customer.com,MEA,2025-10-13 00:00:00,888584.00,186
2249,Customer 1249 Inc,contact1249@customer.com,NA,2026-04-21 00:00:00,414788.00,263
2251,Customer 1251 Corp,contact1251@customer.com,EU,2026-07-17 00:00:00,752134.00,199
2253,Customer 1253 Ltd,contact1253@customer.com,EU,2026-03-16 00:00:00,743712.00,136
2255,Customer 1255 GmbH,contact1255@customer.com,NA,2025-08-26 00:00:00,28430.00,181
2258,Customer 1258 Corp,contact1258@customer.com,NA,2026-02-10 00:00:00,38143.00,167
2259,Customer 1259 Corp,contact1259@customer.com,EU,2026-07-18 00:00:00,818636.00,83
2260,Customer 1260 LLC,contact1260@customer.com,NA,2025-11-19 00:00:00,312784.00,420
2263,Customer 1263 Ltd,contact1263@customer.com,EU,2025-11-28 00:00:00,827957.00,376
2265,Customer 1265 GmbH,contact1265@customer.com,EU,2025-10-09 00:00:00,443120.00,63
2266,Customer 1266 Inc,contact1266@customer.com,EU,2026-06-17 00:00:00,768069.00,54
2267,Customer 1267 LLC,contact1267@customer.com,MEA,2026-01-17 00:00:00,692976.00,201
2268,Customer 1268 Ltd,contact1268@customer.com,EU,2025-08-26 00:00:00,539389.00,304
2273,Customer 1273 Inc,contact1273@customer.com,NA,2025-12-08 00:00:00,992449.00,114
2275,Customer 1275 GmbH,contact1275@customer.com,NA,2026-05-30 00:00:00,176472.00,448
2278,Customer 1278 LLC,contact1278@customer.com,NA,2025-12-11 00:00:00,690231.00,298
2279,Customer 1279 Corp,contact1279@customer.com,EU,2025-08-12 00:00:00,320573.00,418
2280,Customer 1280 LLC,contact1280@customer.com,EU,2026-03-10 00:00:00,589626.00,87
2284,Customer 1284 Inc,contact1284@customer.com,NA,2025-09-26 00:00:00,150162.00,18
2285,Customer 1285 Inc,contact1285@customer.com,EU,2025-08-26 00:00:00,230179.00,77
2287,Customer 1287 Inc,contact1287@customer.com,NA,2025-07-24 00:00:00,190973.00,25
2294,Customer 1294 LLC,contact1294@customer.com,EU,2026-04-18 00:00:00,417674.00,12
2295,Customer 1295 GmbH,contact1295@customer.com,NA,2026-07-11 00:00:00,280092.00,257
2296,Customer 1296 Corp,contact1296@customer.com,EU,2025-11-18 00:00:00,682886.00,64
2298,Customer 1298 LLC,contact1298@customer.com,MEA,2026-07-15 00:00:00,175543.00,466
2301,Customer 1301 LLC,contact1301@customer.com,MEA,2025-10-16 00:00:00,701887.00,66
2302,Customer 1302 Inc,contact1302@customer.com,MEA,2026-06-21 00:00:00,238644.00,110
2304,Customer 1304 Ltd,contact1304@customer.com,NA,2026-06-20 00:00:00,816683.00,386
2305,Customer 1305 Inc,contact1305@customer.com,NA,2026-04-11 00:00:00,597295.00,230
2310,Customer 1310 Ltd,contact1310@customer.com,MEA,2025-11-28 00:00:00,74332.00,480
2311,Customer 1311 Inc,contact1311@customer.com,NA,2025-10-14 00:00:00,569592.00,231
2312,Customer 1312 LLC,contact1312@customer.com,MEA,2026-01-07 00:00:00,250851.00,237
2313,Customer 1313 GmbH,contact1313@customer.com,NA,2026-02-06 00:00:00,97245.00,294
2314,Customer 1314 Inc,contact1314@customer.com,NA,2025-11-04 00:00:00,432243.00,8
2315,Customer 1315 Ltd,contact1315@customer.com,MEA,2026-03-23 00:00:00,387683.00,463
2316,Customer 1316 GmbH,contact1316@customer.com,EU,2026-05-11 00:00:00,160502.00,275
2317,Customer 1317 GmbH,contact1317@customer.com,EU,2026-07-20 00:00:00,968437.00,315
2318,Customer 1318 GmbH,contact1318@customer.com,NA,2025-08-09 00:00:00,465430.00,93
2320,Customer 1320 GmbH,contact1320@customer.com,NA,2025-09-21 00:00:00,122492.00,118
2321,Customer 1321 LLC,contact1321@customer.com,EU,2025-12-31 00:00:00,934193.00,94
2322,Customer 1322 LLC,contact1322@customer.com,EU,2026-04-18 00:00:00,589661.00,181
2324,Customer 1324 GmbH,contact1324@customer.com,EU,2026-01-16 00:00:00,238809.00,28
2326,Customer 1326 Inc,contact1326@customer.com,NA,2025-10-02 00:00:00,171248.00,117
2327,Customer 1327 LLC,contact1327@customer.com,MEA,2025-08-12 00:00:00,40996.00,449
2328,Customer 1328 Inc,contact1328@customer.com,EU,2026-03-14 00:00:00,437486.00,19
2329,Customer 1329 GmbH,contact1329@customer.com,NA,2025-10-13 00:00:00,551299.00,72
2330,Customer 1330 Inc,contact1330@customer.com,MEA,2025-08-15 00:00:00,273993.00,273
2332,Customer 1332 Ltd,contact1332@customer.com,MEA,2026-04-26 00:00:00,894892.00,187
2333,Customer 1333 Inc,contact1333@customer.com,NA,2026-07-19 00:00:00,613653.00,309
1392,Customer 392 Inc,contact392@customer.com,APAC,2025-09-05 00:00:00,654199.00,232
1393,Customer 393 GmbH,contact393@customer.com,APAC,2025-08-01 00:00:00,754802.00,178
1394,Customer 394 GmbH,contact394@customer.com,MEA,2026-05-27 00:00:00,634055.00,141
1395,Customer 395 GmbH,contact395@customer.com,MEA,2025-10-01 00:00:00,662955.00,125
1396,Customer 396 Inc,contact396@customer.com,EU,2026-06-01 00:00:00,523799.00,225
1397,Customer 397 LLC,contact397@customer.com,LATAM,2025-08-03 00:00:00,178674.00,120
1398,Customer 398 Inc,contact398@customer.com,EU,2026-06-02 00:00:00,964044.00,0
1399,Customer 399 Inc,contact399@customer.com,LATAM,2026-02-27 00:00:00,846699.00,423
1400,Customer 400 Ltd,contact400@customer.com,MEA,2026-05-01 00:00:00,257492.00,440
1402,Customer 402 LLC,contact402@customer.com,MEA,2025-12-06 00:00:00,864106.00,138
1403,Customer 403 LLC,contact403@customer.com,EU,2026-03-14 00:00:00,887980.00,325
1404,Customer 404 Ltd,contact404@customer.com,NA,2026-01-17 00:00:00,989737.00,237
1405,Customer 405 LLC,contact405@customer.com,LATAM,2025-09-24 00:00:00,298458.00,481
1406,Customer 406 Corp,contact406@customer.com,EU,2026-02-09 00:00:00,686946.00,323
1407,Customer 407 Inc,contact407@customer.com,LATAM,2026-05-27 00:00:00,196495.00,152
1408,Customer 408 GmbH,contact408@customer.com,MEA,2026-03-29 00:00:00,391754.00,287
1409,Customer 409 Ltd,contact409@customer.com,EU,2026-05-25 00:00:00,681011.00,106
1410,Customer 410 GmbH,contact410@customer.com,APAC,2026-05-25 00:00:00,258324.00,353
1411,Customer 411 GmbH,contact411@customer.com,APAC,2026-03-10 00:00:00,661346.00,16
1412,Customer 412 Corp,contact412@customer.com,EU,2026-03-30 00:00:00,624837.00,169
1413,Customer 413 GmbH,contact413@customer.com,NA,2025-09-09 00:00:00,314544.00,55
1414,Customer 414 Ltd,contact414@customer.com,NA,2025-10-10 00:00:00,497694.00,455
1415,Customer 415 LLC,contact415@customer.com,NA,2026-03-20 00:00:00,331056.00,228
1416,Customer 416 Inc,contact416@customer.com,NA,2026-02-22 00:00:00,825426.00,286
1417,Customer 417 Inc,contact417@customer.com,APAC,2025-08-09 00:00:00,760324.00,260
1418,Customer 418 Inc,contact418@customer.com,APAC,2026-01-17 00:00:00,383184.00,356
1419,Customer 419 Corp,contact419@customer.com,EU,2025-09-12 00:00:00,770888.00,477
1420,Customer 420 GmbH,contact420@customer.com,APAC,2026-05-17 00:00:00,40343.00,10
1421,Customer 421 GmbH,contact421@customer.com,APAC,2026-07-14 00:00:00,759222.00,147
1422,Customer 422 Ltd,contact422@customer.com,NA,2026-05-15 00:00:00,483026.00,25
1423,Customer 423 Corp,contact423@customer.com,EU,2025-10-11 00:00:00,948213.00,100
1424,Customer 424 LLC,contact424@customer.com,APAC,2026-05-13 00:00:00,526094.00,320
1425,Customer 425 GmbH,contact425@customer.com,MEA,2026-01-17 00:00:00,363038.00,171
1426,Customer 426 Corp,contact426@customer.com,EU,2026-02-13 00:00:00,133756.00,497
1427,Customer 427 LLC,contact427@customer.com,APAC,2026-02-23 00:00:00,851434.00,148
1428,Customer 428 Corp,contact428@customer.com,EU,2026-03-02 00:00:00,833351.00,396
1429,Customer 429 LLC,contact429@customer.com,NA,2026-02-09 00:00:00,626839.00,406
1430,Customer 430 Ltd,contact430@customer.com,EU,2026-01-02 00:00:00,598949.00,133
1431,Customer 431 Inc,contact431@customer.com,MEA,2026-01-15 00:00:00,804643.00,368
1432,Customer 432 LLC,contact432@customer.com,LATAM,2026-02-05 00:00:00,479122.00,189
1433,Customer 433 Ltd,contact433@customer.com,MEA,2025-09-07 00:00:00,655981.00,57
1434,Customer 434 Ltd,contact434@customer.com,EU,2026-04-28 00:00:00,959406.00,79
1435,Customer 435 GmbH,contact435@customer.com,EU,2026-01-26 00:00:00,715061.00,214
1436,Customer 436 LLC,contact436@customer.com,APAC,2025-10-18 00:00:00,484366.00,142
1437,Customer 437 Inc,contact437@customer.com,NA,2026-01-29 00:00:00,365118.00,241
1438,Customer 438 Corp,contact438@customer.com,NA,2025-11-04 00:00:00,96958.00,168
1439,Customer 439 LLC,contact439@customer.com,MEA,2025-12-29 00:00:00,698657.00,47
1440,Customer 440 LLC,contact440@customer.com,MEA,2026-05-02 00:00:00,401857.00,499
1441,Customer 441 Inc,contact441@customer.com,APAC,2026-06-08 00:00:00,296331.00,485
1442,Customer 442 LLC,contact442@customer.com,APAC,2025-09-12 00:00:00,189405.00,304
1443,Customer 443 LLC,contact443@customer.com,NA,2026-07-07 00:00:00,877038.00,348
1445,Customer 445 Ltd,contact445@customer.com,EU,2025-09-02 00:00:00,802406.00,120
1446,Customer 446 Inc,contact446@customer.com,LATAM,2026-04-10 00:00:00,352717.00,149
1447,Customer 447 LLC,contact447@customer.com,EU,2026-02-22 00:00:00,233580.00,415
1448,Customer 448 Inc,contact448@customer.com,NA,2026-05-03 00:00:00,827285.00,417
1449,Customer 449 Ltd,contact449@customer.com,LATAM,2025-09-24 00:00:00,903165.00,377
1450,Customer 450 GmbH,contact450@customer.com,APAC,2025-10-20 00:00:00,239630.00,6
1451,Customer 451 Inc,contact451@customer.com,APAC,2025-08-09 00:00:00,288792.00,378
1452,Customer 452 Inc,contact452@customer.com,NA,2026-06-25 00:00:00,516714.00,75
1453,Customer 453 Ltd,contact453@customer.com,EU,2026-01-30 00:00:00,371485.00,31
1454,Customer 454 Corp,contact454@customer.com,MEA,2026-04-19 00:00:00,626709.00,454
1455,Customer 455 Inc,contact455@customer.com,APAC,2026-04-18 00:00:00,960800.00,325
1456,Customer 456 Ltd,contact456@customer.com,MEA,2025-07-29 00:00:00,113156.00,239
1457,Customer 457 Corp,contact457@customer.com,APAC,2025-12-23 00:00:00,962858.00,361
1458,Customer 458 Inc,contact458@customer.com,MEA,2026-06-08 00:00:00,256352.00,222
1459,Customer 459 Inc,contact459@customer.com,MEA,2025-09-13 00:00:00,108294.00,217
1461,Customer 461 Inc,contact461@customer.com,LATAM,2026-04-21 00:00:00,537013.00,107
1462,Customer 462 LLC,contact462@customer.com,MEA,2026-07-21 00:00:00,421906.00,266
1463,Customer 463 Ltd,contact463@customer.com,MEA,2026-03-15 00:00:00,804858.00,17
1465,Customer 465 GmbH,contact465@customer.com,EU,2026-07-17 00:00:00,215582.00,465
1466,Customer 466 LLC,contact466@customer.com,LATAM,2026-07-08 00:00:00,913507.00,98
1468,Customer 468 LLC,contact468@customer.com,APAC,2025-11-09 00:00:00,212564.00,1
1469,Customer 469 Inc,contact469@customer.com,EU,2026-05-19 00:00:00,123237.00,429
1470,Customer 470 Corp,contact470@customer.com,EU,2026-07-06 00:00:00,456218.00,30
1471,Customer 471 GmbH,contact471@customer.com,EU,2026-06-13 00:00:00,748550.00,9
1472,Customer 472 Ltd,contact472@customer.com,EU,2026-01-28 00:00:00,366213.00,451
1473,Customer 473 LLC,contact473@customer.com,LATAM,2025-10-16 00:00:00,8856.00,189
1474,Customer 474 LLC,contact474@customer.com,APAC,2025-11-10 00:00:00,254474.00,342
1475,Customer 475 LLC,contact475@customer.com,LATAM,2025-11-20 00:00:00,596608.00,331
1477,Customer 477 Ltd,contact477@customer.com,NA,2026-04-12 00:00:00,655287.00,404
1478,Customer 478 Inc,contact478@customer.com,LATAM,2025-11-04 00:00:00,82984.00,372
1479,Customer 479 GmbH,contact479@customer.com,EU,2026-04-04 00:00:00,763775.00,467
1480,Customer 480 Inc,contact480@customer.com,LATAM,2025-11-30 00:00:00,365726.00,262
1481,Customer 481 Inc,contact481@customer.com,MEA,2025-09-06 00:00:00,291097.00,183
1482,Customer 482 Ltd,contact482@customer.com,EU,2026-06-30 00:00:00,235059.00,71
1484,Customer 484 Ltd,contact484@customer.com,NA,2025-08-12 00:00:00,897111.00,282
1485,Customer 485 LLC,contact485@customer.com,NA,2026-05-01 00:00:00,998944.00,351
1486,Customer 486 LLC,contact486@customer.com,NA,2026-05-14 00:00:00,363103.00,478
1487,Customer 487 GmbH,contact487@customer.com,APAC,2025-08-15 00:00:00,977030.00,214
1491,Customer 491 LLC,contact491@customer.com,EU,2025-11-30 00:00:00,242198.00,140
1492,Customer 492 Corp,contact492@customer.com,EU,2026-01-09 00:00:00,719622.00,347
1494,Customer 494 Corp,contact494@customer.com,APAC,2025-10-15 00:00:00,412293.00,263
1495,Customer 495 Ltd,contact495@customer.com,MEA,2026-07-02 00:00:00,195549.00,300
1496,Customer 496 GmbH,contact496@customer.com,MEA,2025-10-30 00:00:00,307275.00,390
1497,Customer 497 Inc,contact497@customer.com,NA,2025-08-20 00:00:00,450919.00,76
1498,Customer 498 LLC,contact498@customer.com,EU,2026-03-21 00:00:00,217688.00,334
1499,Customer 499 LLC,contact499@customer.com,APAC,2025-09-26 00:00:00,805096.00,200
1500,Customer 500 GmbH,contact500@customer.com,EU,2026-01-27 00:00:00,551529.00,112
1501,Customer 501 Inc,contact501@customer.com,MEA,2026-01-02 00:00:00,380863.00,345
1502,Customer 502 Inc,contact502@customer.com,MEA,2025-10-29 00:00:00,413561.00,491
1503,Customer 503 GmbH,contact503@customer.com,EU,2026-01-08 00:00:00,94486.00,409
1504,Customer 504 GmbH,contact504@customer.com,EU,2026-01-26 00:00:00,272976.00,223
1505,Customer 505 Ltd,contact505@customer.com,NA,2025-07-26 00:00:00,834105.00,76
1506,Customer 506 Corp,contact506@customer.com,EU,2025-12-11 00:00:00,267954.00,494
1507,Customer 507 Inc,contact507@customer.com,MEA,2026-04-25 00:00:00,404529.00,270
1509,Customer 509 Ltd,contact509@customer.com,LATAM,2026-01-18 00:00:00,467420.00,145
1510,Customer 510 Ltd,contact510@customer.com,EU,2026-07-20 00:00:00,962765.00,67
1511,Customer 511 Corp,contact511@customer.com,EU,2025-11-12 00:00:00,96398.00,211
1512,Customer 512 Ltd,contact512@customer.com,NA,2025-08-11 00:00:00,541550.00,209
1513,Customer 513 Corp,contact513@customer.com,EU,2025-07-29 00:00:00,67833.00,187
1514,Customer 514 LLC,contact514@customer.com,LATAM,2025-07-30 00:00:00,727384.00,179
1515,Customer 515 LLC,contact515@customer.com,LATAM,2026-06-02 00:00:00,465115.00,489
1516,Customer 516 LLC,contact516@customer.com,MEA,2025-08-08 00:00:00,893642.00,460
1517,Customer 517 Inc,contact517@customer.com,EU,2026-01-28 00:00:00,24080.00,223
1518,Customer 518 Corp,contact518@customer.com,MEA,2026-06-30 00:00:00,922998.00,149
1519,Customer 519 LLC,contact519@customer.com,APAC,2026-06-26 00:00:00,461911.00,182
1520,Customer 520 Inc,contact520@customer.com,NA,2025-12-26 00:00:00,574846.00,188
1522,Customer 522 Ltd,contact522@customer.com,NA,2026-01-12 00:00:00,491672.00,307
1523,Customer 523 Ltd,contact523@customer.com,APAC,2025-09-19 00:00:00,843704.00,368
1524,Customer 524 GmbH,contact524@customer.com,NA,2026-05-10 00:00:00,164247.00,481
1525,Customer 525 Ltd,contact525@customer.com,LATAM,2025-12-26 00:00:00,934337.00,113
1526,Customer 526 Corp,contact526@customer.com,EU,2026-01-13 00:00:00,492126.00,240
1527,Customer 527 LLC,contact527@customer.com,APAC,2026-04-14 00:00:00,104944.00,442
1528,Customer 528 GmbH,contact528@customer.com,APAC,2026-04-29 00:00:00,108486.00,498
1529,Customer 529 LLC,contact529@customer.com,NA,2026-03-09 00:00:00,525582.00,218
1530,Customer 530 Ltd,contact530@customer.com,APAC,2026-03-15 00:00:00,436132.00,34
1532,Customer 532 Inc,contact532@customer.com,NA,2025-11-25 00:00:00,743666.00,300
1533,Customer 533 Inc,contact533@customer.com,MEA,2026-02-18 00:00:00,111394.00,47
1534,Customer 534 Corp,contact534@customer.com,EU,2026-04-01 00:00:00,768269.00,489
1535,Customer 535 Inc,contact535@customer.com,APAC,2026-01-23 00:00:00,235205.00,228
1536,Customer 536 Ltd,contact536@customer.com,EU,2025-08-12 00:00:00,113577.00,460
1537,Customer 537 Corp,contact537@customer.com,MEA,2026-05-07 00:00:00,966271.00,237
1538,Customer 538 GmbH,contact538@customer.com,EU,2025-08-08 00:00:00,93728.00,61
1539,Customer 539 Ltd,contact539@customer.com,APAC,2025-08-07 00:00:00,965469.00,103
1540,Customer 540 LLC,contact540@customer.com,EU,2025-09-26 00:00:00,81882.00,442
1541,Customer 541 Ltd,contact541@customer.com,EU,2026-07-12 00:00:00,39360.00,95
1542,Customer 542 Ltd,contact542@customer.com,LATAM,2026-06-21 00:00:00,876459.00,200
1544,Customer 544 Corp,contact544@customer.com,NA,2026-06-24 00:00:00,589338.00,223
1546,Customer 546 Ltd,contact546@customer.com,NA,2025-12-03 00:00:00,771136.00,149
1547,Customer 547 Inc,contact547@customer.com,MEA,2026-04-07 00:00:00,116657.00,161
1548,Customer 548 Ltd,contact548@customer.com,APAC,2026-07-11 00:00:00,678233.00,15
1549,Customer 549 LLC,contact549@customer.com,MEA,2026-01-12 00:00:00,237130.00,350
1550,Customer 550 Ltd,contact550@customer.com,MEA,2025-11-23 00:00:00,366711.00,251
1551,Customer 551 Ltd,contact551@customer.com,APAC,2026-06-11 00:00:00,55071.00,125
1552,Customer 552 Inc,contact552@customer.com,APAC,2026-05-09 00:00:00,257952.00,492
1553,Customer 553 Ltd,contact553@customer.com,NA,2026-05-01 00:00:00,446880.00,366
1554,Customer 554 Corp,contact554@customer.com,APAC,2025-12-06 00:00:00,564575.00,198
1555,Customer 555 LLC,contact555@customer.com,NA,2025-09-14 00:00:00,764743.00,306
1556,Customer 556 Corp,contact556@customer.com,MEA,2025-12-02 00:00:00,236395.00,104
1557,Customer 557 Ltd,contact557@customer.com,LATAM,2025-12-08 00:00:00,22455.00,86
1558,Customer 558 Ltd,contact558@customer.com,MEA,2025-08-09 00:00:00,961684.00,129
1559,Customer 559 Corp,contact559@customer.com,APAC,2026-03-10 00:00:00,816100.00,398
1560,Customer 560 GmbH,contact560@customer.com,EU,2025-08-23 00:00:00,437044.00,238
1561,Customer 561 LLC,contact561@customer.com,LATAM,2026-07-04 00:00:00,662591.00,88
1562,Customer 562 Inc,contact562@customer.com,NA,2026-03-03 00:00:00,859971.00,305
1563,Customer 563 Corp,contact563@customer.com,EU,2026-05-25 00:00:00,59536.00,249
1564,Customer 564 Corp,contact564@customer.com,EU,2025-08-25 00:00:00,333524.00,408
1565,Customer 565 Inc,contact565@customer.com,EU,2026-04-29 00:00:00,494175.00,395
1566,Customer 566 Inc,contact566@customer.com,APAC,2025-07-28 00:00:00,567532.00,445
1567,Customer 567 Inc,contact567@customer.com,MEA,2025-11-10 00:00:00,930955.00,468
1568,Customer 568 LLC,contact568@customer.com,NA,2026-04-01 00:00:00,889002.00,129
1569,Customer 569 Ltd,contact569@customer.com,LATAM,2025-10-29 00:00:00,368634.00,214
1570,Customer 570 Corp,contact570@customer.com,APAC,2025-08-26 00:00:00,35493.00,188
1571,Customer 571 GmbH,contact571@customer.com,APAC,2025-12-07 00:00:00,901403.00,64
1572,Customer 572 GmbH,contact572@customer.com,APAC,2025-09-25 00:00:00,372562.00,77
1573,Customer 573 GmbH,contact573@customer.com,EU,2025-11-08 00:00:00,63734.00,76
1574,Customer 574 LLC,contact574@customer.com,MEA,2025-07-23 00:00:00,171554.00,348
1575,Customer 575 GmbH,contact575@customer.com,EU,2026-06-16 00:00:00,227897.00,219
1576,Customer 576 Ltd,contact576@customer.com,LATAM,2026-03-24 00:00:00,973223.00,172
1577,Customer 577 GmbH,contact577@customer.com,NA,2025-11-06 00:00:00,427273.00,466
1578,Customer 578 Ltd,contact578@customer.com,LATAM,2026-05-24 00:00:00,691246.00,70
1579,Customer 579 Inc,contact579@customer.com,EU,2025-12-13 00:00:00,577763.00,117
1580,Customer 580 Ltd,contact580@customer.com,APAC,2026-02-19 00:00:00,74075.00,448
1581,Customer 581 LLC,contact581@customer.com,NA,2025-10-01 00:00:00,215619.00,62
1582,Customer 582 Ltd,contact582@customer.com,EU,2026-06-15 00:00:00,956316.00,451
1583,Customer 583 LLC,contact583@customer.com,LATAM,2025-11-12 00:00:00,444280.00,18
1584,Customer 584 Corp,contact584@customer.com,EU,2025-08-21 00:00:00,150498.00,290
1585,Customer 585 GmbH,contact585@customer.com,MEA,2026-06-11 00:00:00,754892.00,54
1586,Customer 586 Corp,contact586@customer.com,EU,2025-11-18 00:00:00,756166.00,446
1587,Customer 587 Corp,contact587@customer.com,NA,2025-12-17 00:00:00,726063.00,2
1588,Customer 588 Inc,contact588@customer.com,MEA,2026-01-16 00:00:00,273230.00,280
1589,Customer 589 LLC,contact589@customer.com,LATAM,2026-06-23 00:00:00,379265.00,304
1590,Customer 590 Corp,contact590@customer.com,EU,2026-07-05 00:00:00,13888.00,107
1592,Customer 592 LLC,contact592@customer.com,NA,2025-08-01 00:00:00,106554.00,266
1593,Customer 593 Corp,contact593@customer.com,NA,2026-05-05 00:00:00,314119.00,356
1594,Customer 594 Inc,contact594@customer.com,EU,2025-12-04 00:00:00,213933.00,264
1595,Customer 595 Inc,contact595@customer.com,LATAM,2025-10-19 00:00:00,204367.00,148
1596,Customer 596 Ltd,contact596@customer.com,LATAM,2026-04-24 00:00:00,131454.00,249
1597,Customer 597 Inc,contact597@customer.com,LATAM,2026-05-24 00:00:00,830405.00,407
1598,Customer 598 Inc,contact598@customer.com,NA,2026-05-01 00:00:00,920622.00,101
1599,Customer 599 Inc,contact599@customer.com,MEA,2026-02-20 00:00:00,160800.00,469
1600,Customer 600 Ltd,contact600@customer.com,MEA,2026-03-28 00:00:00,530433.00,468
1601,Customer 601 GmbH,contact601@customer.com,MEA,2025-11-19 00:00:00,471324.00,95
1602,Customer 602 Ltd,contact602@customer.com,NA,2025-12-01 00:00:00,700092.00,450
1603,Customer 603 Inc,contact603@customer.com,APAC,2025-08-01 00:00:00,353446.00,343
1604,Customer 604 Ltd,contact604@customer.com,LATAM,2025-09-30 00:00:00,565193.00,394
1605,Customer 605 GmbH,contact605@customer.com,APAC,2026-01-16 00:00:00,231438.00,146
1606,Customer 606 GmbH,contact606@customer.com,MEA,2026-01-12 00:00:00,120385.00,170
1607,Customer 607 Ltd,contact607@customer.com,MEA,2026-03-21 00:00:00,40927.00,485
1608,Customer 608 Ltd,contact608@customer.com,NA,2026-05-24 00:00:00,833415.00,326
1610,Customer 610 Inc,contact610@customer.com,EU,2026-06-28 00:00:00,344494.00,112
1611,Customer 611 Corp,contact611@customer.com,APAC,2026-01-23 00:00:00,396458.00,60
1612,Customer 612 LLC,contact612@customer.com,LATAM,2026-01-11 00:00:00,709527.00,354
1614,Customer 614 Inc,contact614@customer.com,MEA,2025-12-31 00:00:00,120619.00,292
1616,Customer 616 GmbH,contact616@customer.com,EU,2026-05-24 00:00:00,119801.00,344
1617,Customer 617 GmbH,contact617@customer.com,EU,2026-07-02 00:00:00,806794.00,91
1618,Customer 618 Ltd,contact618@customer.com,EU,2026-04-12 00:00:00,864424.00,97
1620,Customer 620 Corp,contact620@customer.com,EU,2025-09-06 00:00:00,394098.00,380
1621,Customer 621 LLC,contact621@customer.com,APAC,2026-03-15 00:00:00,305538.00,83
1623,Customer 623 LLC,contact623@customer.com,LATAM,2026-05-01 00:00:00,973337.00,77
1624,Customer 624 Inc,contact624@customer.com,MEA,2026-06-20 00:00:00,615649.00,15
1625,Customer 625 GmbH,contact625@customer.com,EU,2026-01-13 00:00:00,944097.00,20
1627,Customer 627 Corp,contact627@customer.com,MEA,2025-08-27 00:00:00,515353.00,410
1628,Customer 628 Ltd,contact628@customer.com,LATAM,2025-09-07 00:00:00,914823.00,118
1629,Customer 629 Ltd,contact629@customer.com,EU,2026-02-06 00:00:00,718950.00,107
1630,Customer 630 Corp,contact630@customer.com,MEA,2025-11-19 00:00:00,348583.00,178
1631,Customer 631 LLC,contact631@customer.com,NA,2026-04-07 00:00:00,855552.00,112
1632,Customer 632 Ltd,contact632@customer.com,LATAM,2026-06-25 00:00:00,398918.00,172
1633,Customer 633 Inc,contact633@customer.com,EU,2026-01-14 00:00:00,230517.00,245
1634,Customer 634 Inc,contact634@customer.com,EU,2026-03-09 00:00:00,779469.00,231
1636,Customer 636 GmbH,contact636@customer.com,APAC,2026-05-13 00:00:00,541173.00,458
1637,Customer 637 GmbH,contact637@customer.com,NA,2026-03-09 00:00:00,443146.00,239
1638,Customer 638 LLC,contact638@customer.com,APAC,2025-11-03 00:00:00,224046.00,474
1639,Customer 639 Corp,contact639@customer.com,APAC,2026-04-17 00:00:00,811771.00,303
1640,Customer 640 LLC,contact640@customer.com,MEA,2025-09-09 00:00:00,307743.00,250
1641,Customer 641 Ltd,contact641@customer.com,LATAM,2026-03-18 00:00:00,191292.00,83
1642,Customer 642 GmbH,contact642@customer.com,APAC,2025-08-12 00:00:00,867263.00,226
1643,Customer 643 LLC,contact643@customer.com,APAC,2025-11-22 00:00:00,153670.00,494
1644,Customer 644 Corp,contact644@customer.com,APAC,2025-07-24 00:00:00,373327.00,449
1645,Customer 645 Corp,contact645@customer.com,EU,2026-06-08 00:00:00,447466.00,344
1646,Customer 646 Inc,contact646@customer.com,APAC,2026-06-17 00:00:00,526941.00,194
1647,Customer 647 Inc,contact647@customer.com,NA,2025-10-14 00:00:00,310756.00,402
1648,Customer 648 LLC,contact648@customer.com,LATAM,2025-12-07 00:00:00,99037.00,326
1649,Customer 649 GmbH,contact649@customer.com,APAC,2026-03-31 00:00:00,195574.00,402
1650,Customer 650 LLC,contact650@customer.com,MEA,2025-07-29 00:00:00,803579.00,397
1651,Customer 651 Inc,contact651@customer.com,LATAM,2025-11-10 00:00:00,703215.00,256
1652,Customer 652 GmbH,contact652@customer.com,APAC,2026-02-19 00:00:00,640433.00,35
1653,Customer 653 LLC,contact653@customer.com,EU,2025-09-08 00:00:00,610115.00,80
1654,Customer 654 Corp,contact654@customer.com,MEA,2025-12-26 00:00:00,256113.00,260
1655,Customer 655 LLC,contact655@customer.com,NA,2025-07-29 00:00:00,461234.00,425
1656,Customer 656 Corp,contact656@customer.com,MEA,2025-09-22 00:00:00,432224.00,162
1657,Customer 657 LLC,contact657@customer.com,NA,2025-09-21 00:00:00,547065.00,160
1658,Customer 658 GmbH,contact658@customer.com,APAC,2025-12-02 00:00:00,76521.00,1
1659,Customer 659 GmbH,contact659@customer.com,NA,2025-08-23 00:00:00,373948.00,203
1660,Customer 660 Ltd,contact660@customer.com,MEA,2025-11-07 00:00:00,235716.00,448
1661,Customer 661 Ltd,contact661@customer.com,MEA,2026-03-14 00:00:00,667537.00,114
1662,Customer 662 Inc,contact662@customer.com,NA,2026-02-01 00:00:00,789625.00,31
1663,Customer 663 Inc,contact663@customer.com,APAC,2026-02-11 00:00:00,869386.00,443
1664,Customer 664 Corp,contact664@customer.com,APAC,2026-06-14 00:00:00,106885.00,146
1666,Customer 666 LLC,contact666@customer.com,NA,2025-09-12 00:00:00,531294.00,273
1667,Customer 667 Corp,contact667@customer.com,APAC,2026-04-12 00:00:00,804640.00,106
1668,Customer 668 GmbH,contact668@customer.com,APAC,2026-01-26 00:00:00,993869.00,497
1669,Customer 669 GmbH,contact669@customer.com,NA,2026-03-08 00:00:00,137793.00,2
1670,Customer 670 Inc,contact670@customer.com,LATAM,2026-02-20 00:00:00,887610.00,315
1671,Customer 671 Inc,contact671@customer.com,NA,2026-03-05 00:00:00,682965.00,163
1672,Customer 672 Corp,contact672@customer.com,MEA,2025-08-08 00:00:00,151683.00,425
1673,Customer 673 LLC,contact673@customer.com,EU,2026-03-03 00:00:00,28766.00,51
1674,Customer 674 LLC,contact674@customer.com,EU,2025-12-19 00:00:00,684075.00,187
1675,Customer 675 Ltd,contact675@customer.com,NA,2026-01-07 00:00:00,27516.00,321
1676,Customer 676 Ltd,contact676@customer.com,LATAM,2025-10-01 00:00:00,349769.00,231
1677,Customer 677 Ltd,contact677@customer.com,NA,2026-02-07 00:00:00,150961.00,442
1678,Customer 678 GmbH,contact678@customer.com,APAC,2026-01-08 00:00:00,162372.00,80
1679,Customer 679 Ltd,contact679@customer.com,MEA,2025-09-03 00:00:00,582070.00,180
1680,Customer 680 LLC,contact680@customer.com,LATAM,2025-09-06 00:00:00,140371.00,309
1681,Customer 681 LLC,contact681@customer.com,APAC,2025-07-28 00:00:00,918831.00,247
1682,Customer 682 Ltd,contact682@customer.com,APAC,2025-10-23 00:00:00,921187.00,131
1683,Customer 683 LLC,contact683@customer.com,NA,2026-04-18 00:00:00,851946.00,263
1684,Customer 684 GmbH,contact684@customer.com,EU,2026-01-25 00:00:00,577049.00,350
1685,Customer 685 GmbH,contact685@customer.com,APAC,2025-11-20 00:00:00,650532.00,198
1687,Customer 687 Ltd,contact687@customer.com,NA,2026-07-15 00:00:00,779985.00,33
1688,Customer 688 Inc,contact688@customer.com,APAC,2025-08-27 00:00:00,253922.00,89
1689,Customer 689 Inc,contact689@customer.com,NA,2025-08-25 00:00:00,548365.00,437
1690,Customer 690 GmbH,contact690@customer.com,MEA,2026-01-15 00:00:00,943741.00,377
1691,Customer 691 LLC,contact691@customer.com,LATAM,2026-02-05 00:00:00,938070.00,232
1692,Customer 692 Ltd,contact692@customer.com,APAC,2025-10-31 00:00:00,101306.00,61
1694,Customer 694 Inc,contact694@customer.com,NA,2025-12-14 00:00:00,661238.00,248
1695,Customer 695 LLC,contact695@customer.com,LATAM,2025-08-03 00:00:00,499472.00,160
1696,Customer 696 Ltd,contact696@customer.com,NA,2025-12-19 00:00:00,891623.00,9
1697,Customer 697 Ltd,contact697@customer.com,NA,2026-01-14 00:00:00,532760.00,449
1698,Customer 698 GmbH,contact698@customer.com,EU,2025-12-01 00:00:00,306719.00,271
1699,Customer 699 Inc,contact699@customer.com,NA,2025-09-07 00:00:00,928322.00,421
1700,Customer 700 Inc,contact700@customer.com,APAC,2026-03-26 00:00:00,630588.00,369
1701,Customer 701 LLC,contact701@customer.com,MEA,2025-12-11 00:00:00,884301.00,195
1702,Customer 702 Inc,contact702@customer.com,MEA,2025-12-06 00:00:00,745465.00,122
1703,Customer 703 Inc,contact703@customer.com,LATAM,2025-12-01 00:00:00,869589.00,91
1704,Customer 704 Inc,contact704@customer.com,EU,2025-12-27 00:00:00,981957.00,380
1706,Customer 706 Corp,contact706@customer.com,EU,2025-11-10 00:00:00,295475.00,471
1707,Customer 707 LLC,contact707@customer.com,LATAM,2025-11-27 00:00:00,925918.00,47
1708,Customer 708 Corp,contact708@customer.com,MEA,2026-03-22 00:00:00,937243.00,56
1709,Customer 709 GmbH,contact709@customer.com,EU,2026-05-11 00:00:00,656537.00,291
1710,Customer 710 Inc,contact710@customer.com,NA,2026-06-30 00:00:00,417801.00,295
1712,Customer 712 Inc,contact712@customer.com,LATAM,2025-08-28 00:00:00,175627.00,357
1714,Customer 714 Corp,contact714@customer.com,NA,2026-05-07 00:00:00,853797.00,330
1715,Customer 715 LLC,contact715@customer.com,MEA,2025-12-05 00:00:00,552187.00,306
1716,Customer 716 Ltd,contact716@customer.com,LATAM,2025-10-03 00:00:00,989839.00,212
1717,Customer 717 LLC,contact717@customer.com,EU,2025-09-21 00:00:00,403878.00,185
1718,Customer 718 Ltd,contact718@customer.com,EU,2025-11-02 00:00:00,588657.00,44
1719,Customer 719 GmbH,contact719@customer.com,MEA,2025-08-11 00:00:00,784840.00,453
1720,Customer 720 Inc,contact720@customer.com,NA,2025-10-24 00:00:00,469693.00,21
1721,Customer 721 Corp,contact721@customer.com,EU,2025-11-14 00:00:00,260203.00,95
1722,Customer 722 Ltd,contact722@customer.com,NA,2026-02-14 00:00:00,199771.00,123
1723,Customer 723 Inc,contact723@customer.com,APAC,2025-11-07 00:00:00,613866.00,52
1724,Customer 724 LLC,contact724@customer.com,LATAM,2026-01-07 00:00:00,355679.00,49
1725,Customer 725 Ltd,contact725@customer.com,NA,2026-05-09 00:00:00,963079.00,390
1726,Customer 726 Corp,contact726@customer.com,NA,2026-04-28 00:00:00,147363.00,198
1727,Customer 727 LLC,contact727@customer.com,NA,2025-12-29 00:00:00,978295.00,331
1728,Customer 728 LLC,contact728@customer.com,EU,2025-11-22 00:00:00,153372.00,299
1729,Customer 729 Ltd,contact729@customer.com,EU,2026-02-15 00:00:00,455771.00,327
1731,Customer 731 GmbH,contact731@customer.com,EU,2025-12-12 00:00:00,640080.00,379
1732,Customer 732 Ltd,contact732@customer.com,LATAM,2026-02-28 00:00:00,639527.00,223
1733,Customer 733 Ltd,contact733@customer.com,LATAM,2025-10-21 00:00:00,745546.00,437
1734,Customer 734 LLC,contact734@customer.com,EU,2026-02-16 00:00:00,760986.00,233
1735,Customer 735 GmbH,contact735@customer.com,NA,2026-02-02 00:00:00,739547.00,420
1736,Customer 736 Corp,contact736@customer.com,NA,2026-01-08 00:00:00,47912.00,280
1737,Customer 737 Inc,contact737@customer.com,EU,2026-02-19 00:00:00,861612.00,472
1738,Customer 738 Corp,contact738@customer.com,EU,2025-12-08 00:00:00,163680.00,256
1740,Customer 740 Corp,contact740@customer.com,APAC,2025-12-26 00:00:00,495239.00,266
1741,Customer 741 LLC,contact741@customer.com,EU,2025-11-01 00:00:00,468864.00,68
1742,Customer 742 GmbH,contact742@customer.com,EU,2025-10-26 00:00:00,26388.00,325
1743,Customer 743 LLC,contact743@customer.com,LATAM,2026-01-31 00:00:00,759239.00,258
1744,Customer 744 Ltd,contact744@customer.com,EU,2025-09-24 00:00:00,325213.00,466
1745,Customer 745 Inc,contact745@customer.com,LATAM,2025-12-04 00:00:00,565249.00,87
1746,Customer 746 Inc,contact746@customer.com,MEA,2025-08-15 00:00:00,217893.00,226
1747,Customer 747 Corp,contact747@customer.com,EU,2026-05-21 00:00:00,497194.00,292
1748,Customer 748 LLC,contact748@customer.com,NA,2025-11-23 00:00:00,307204.00,110
1749,Customer 749 Inc,contact749@customer.com,NA,2025-12-26 00:00:00,557229.00,472
1750,Customer 750 Corp,contact750@customer.com,MEA,2026-01-12 00:00:00,794254.00,33
1751,Customer 751 Corp,contact751@customer.com,NA,2026-05-19 00:00:00,841128.00,455
1752,Customer 752 Ltd,contact752@customer.com,MEA,2026-03-24 00:00:00,746001.00,78
1753,Customer 753 Ltd,contact753@customer.com,EU,2026-06-14 00:00:00,732824.00,131
1754,Customer 754 Ltd,contact754@customer.com,MEA,2025-07-31 00:00:00,789963.00,250
1756,Customer 756 Inc,contact756@customer.com,NA,2026-06-08 00:00:00,730788.00,201
1757,Customer 757 Ltd,contact757@customer.com,EU,2025-09-25 00:00:00,854949.00,113
1758,Customer 758 Corp,contact758@customer.com,NA,2026-05-08 00:00:00,481415.00,43
1759,Customer 759 Ltd,contact759@customer.com,APAC,2026-02-21 00:00:00,785279.00,401
1760,Customer 760 Ltd,contact760@customer.com,MEA,2026-06-18 00:00:00,91350.00,174
1761,Customer 761 LLC,contact761@customer.com,MEA,2025-12-06 00:00:00,360777.00,216
1762,Customer 762 GmbH,contact762@customer.com,NA,2025-11-11 00:00:00,586649.00,486
1763,Customer 763 Inc,contact763@customer.com,NA,2025-09-05 00:00:00,269536.00,323
1764,Customer 764 LLC,contact764@customer.com,NA,2026-05-11 00:00:00,925676.00,310
1765,Customer 765 Corp,contact765@customer.com,NA,2026-06-12 00:00:00,928921.00,107
1766,Customer 766 LLC,contact766@customer.com,MEA,2025-11-01 00:00:00,764927.00,265
1768,Customer 768 Inc,contact768@customer.com,LATAM,2026-04-10 00:00:00,277515.00,373
1769,Customer 769 Corp,contact769@customer.com,MEA,2026-03-03 00:00:00,261141.00,72
1770,Customer 770 LLC,contact770@customer.com,APAC,2025-12-02 00:00:00,612879.00,436
1771,Customer 771 Corp,contact771@customer.com,NA,2025-07-28 00:00:00,425917.00,392
1772,Customer 772 GmbH,contact772@customer.com,MEA,2025-08-16 00:00:00,907816.00,77
1773,Customer 773 GmbH,contact773@customer.com,MEA,2025-12-29 00:00:00,146689.00,156
1774,Customer 774 GmbH,contact774@customer.com,EU,2025-10-13 00:00:00,118354.00,382
1775,Customer 775 Corp,contact775@customer.com,MEA,2025-07-24 00:00:00,284681.00,454
1778,Customer 778 Inc,contact778@customer.com,APAC,2026-06-19 00:00:00,65864.00,492
1779,Customer 779 GmbH,contact779@customer.com,EU,2025-08-25 00:00:00,621138.00,376
1780,Customer 780 GmbH,contact780@customer.com,EU,2025-11-16 00:00:00,855976.00,190
1781,Customer 781 Corp,contact781@customer.com,EU,2026-01-19 00:00:00,784897.00,264
1782,Customer 782 Ltd,contact782@customer.com,MEA,2025-11-01 00:00:00,791259.00,346
1783,Customer 783 LLC,contact783@customer.com,LATAM,2026-01-17 00:00:00,518536.00,166
1784,Customer 784 Corp,contact784@customer.com,APAC,2025-09-05 00:00:00,991846.00,341
1785,Customer 785 Ltd,contact785@customer.com,MEA,2026-03-16 00:00:00,600692.00,393
1786,Customer 786 GmbH,contact786@customer.com,EU,2025-09-13 00:00:00,998746.00,416
1787,Customer 787 Inc,contact787@customer.com,MEA,2025-12-13 00:00:00,351798.00,105
1789,Customer 789 Corp,contact789@customer.com,MEA,2026-05-20 00:00:00,671789.00,286
1790,Customer 790 GmbH,contact790@customer.com,EU,2025-12-27 00:00:00,443972.00,398
1791,Customer 791 Corp,contact791@customer.com,NA,2025-12-15 00:00:00,549636.00,106
1792,Customer 792 GmbH,contact792@customer.com,APAC,2026-07-10 00:00:00,279493.00,427
1793,Customer 793 LLC,contact793@customer.com,MEA,2025-09-24 00:00:00,40233.00,491
1794,Customer 794 Corp,contact794@customer.com,EU,2025-08-29 00:00:00,151157.00,267
1795,Customer 795 LLC,contact795@customer.com,NA,2025-12-05 00:00:00,235772.00,479
1796,Customer 796 LLC,contact796@customer.com,LATAM,2026-05-27 00:00:00,697975.00,221
1797,Customer 797 LLC,contact797@customer.com,MEA,2025-08-20 00:00:00,818934.00,187
1798,Customer 798 Ltd,contact798@customer.com,NA,2026-07-01 00:00:00,117076.00,384
1117,Customer 117 Corp,contact117@customer.com,LATAM,2026-07-18 00:00:00,702862.00,329
1120,Customer 120 Corp,contact120@customer.com,LATAM,2026-03-11 00:00:00,946331.00,132
1124,Customer 124 Corp,contact124@customer.com,LATAM,2026-01-17 00:00:00,902681.00,356
1132,Customer 132 Corp,contact132@customer.com,LATAM,2026-04-13 00:00:00,380447.00,162
1155,Customer 155 Corp,contact155@customer.com,LATAM,2025-12-06 00:00:00,865142.00,219
1157,Customer 157 GmbH,contact157@customer.com,LATAM,2026-03-18 00:00:00,218309.00,107
1161,Customer 161 GmbH,contact161@customer.com,LATAM,2026-03-03 00:00:00,235885.00,425
1177,Customer 177 Corp,contact177@customer.com,LATAM,2026-03-30 00:00:00,587594.00,475
1179,Customer 179 GmbH,contact179@customer.com,LATAM,2025-11-06 00:00:00,609127.00,203
1182,Customer 182 Corp,contact182@customer.com,LATAM,2025-08-07 00:00:00,705324.00,268
1183,Customer 183 GmbH,contact183@customer.com,LATAM,2026-04-27 00:00:00,304357.00,11
1186,Customer 186 GmbH,contact186@customer.com,LATAM,2026-06-11 00:00:00,233659.00,274
1196,Customer 196 Corp,contact196@customer.com,LATAM,2025-10-28 00:00:00,76425.00,9
1255,Customer 255 GmbH,contact255@customer.com,LATAM,2026-03-07 00:00:00,116540.00,361
1259,Customer 259 Corp,contact259@customer.com,LATAM,2025-11-25 00:00:00,159121.00,392
1279,Customer 279 GmbH,contact279@customer.com,LATAM,2026-07-02 00:00:00,767060.00,419
1295,Customer 295 GmbH,contact295@customer.com,LATAM,2026-01-04 00:00:00,365906.00,157
1313,Customer 313 Corp,contact313@customer.com,LATAM,2025-11-23 00:00:00,711531.00,366
1329,Customer 329 Corp,contact329@customer.com,LATAM,2025-10-25 00:00:00,997028.00,106
1334,Customer 334 GmbH,contact334@customer.com,LATAM,2026-07-16 00:00:00,850607.00,264
1373,Customer 373 Corp,contact373@customer.com,LATAM,2025-11-03 00:00:00,332941.00,211
1401,Customer 401 GmbH,contact401@customer.com,LATAM,2025-12-13 00:00:00,448038.00,402
1444,Customer 444 GmbH,contact444@customer.com,LATAM,2025-09-06 00:00:00,745265.00,299
1460,Customer 460 GmbH,contact460@customer.com,LATAM,2026-06-13 00:00:00,594750.00,376
1464,Customer 464 Corp,contact464@customer.com,LATAM,2026-02-03 00:00:00,999256.00,371
1467,Customer 467 GmbH,contact467@customer.com,LATAM,2025-09-21 00:00:00,489192.00,270
1476,Customer 476 Corp,contact476@customer.com,LATAM,2025-12-03 00:00:00,975113.00,447
1483,Customer 483 GmbH,contact483@customer.com,LATAM,2026-05-22 00:00:00,742476.00,168
1488,Customer 488 GmbH,contact488@customer.com,LATAM,2026-04-12 00:00:00,517181.00,43
1489,Customer 489 GmbH,contact489@customer.com,LATAM,2025-09-10 00:00:00,355907.00,1
1490,Customer 490 GmbH,contact490@customer.com,LATAM,2026-04-17 00:00:00,746336.00,46
1493,Customer 493 GmbH,contact493@customer.com,LATAM,2026-06-07 00:00:00,394937.00,327
1508,Customer 508 Corp,contact508@customer.com,LATAM,2025-11-24 00:00:00,220427.00,25
1521,Customer 521 GmbH,contact521@customer.com,LATAM,2026-01-27 00:00:00,655880.00,444
1531,Customer 531 Corp,contact531@customer.com,LATAM,2025-11-26 00:00:00,180051.00,84
1543,Customer 543 GmbH,contact543@customer.com,LATAM,2025-10-04 00:00:00,271671.00,373
1545,Customer 545 Corp,contact545@customer.com,LATAM,2025-08-06 00:00:00,525860.00,319
1591,Customer 591 Corp,contact591@customer.com,LATAM,2026-05-01 00:00:00,948499.00,243
1609,Customer 609 Corp,contact609@customer.com,LATAM,2025-12-03 00:00:00,622566.00,263
1613,Customer 613 Corp,contact613@customer.com,LATAM,2025-12-04 00:00:00,545302.00,484
1615,Customer 615 Corp,contact615@customer.com,LATAM,2026-01-13 00:00:00,452641.00,376
1619,Customer 619 Corp,contact619@customer.com,LATAM,2026-05-27 00:00:00,751060.00,199
1622,Customer 622 Corp,contact622@customer.com,LATAM,2026-01-16 00:00:00,867952.00,473
1626,Customer 626 GmbH,contact626@customer.com,LATAM,2025-11-02 00:00:00,726727.00,81
1635,Customer 635 GmbH,contact635@customer.com,LATAM,2025-09-22 00:00:00,164041.00,210
1665,Customer 665 GmbH,contact665@customer.com,LATAM,2026-01-02 00:00:00,955338.00,25
1686,Customer 686 Corp,contact686@customer.com,LATAM,2026-05-13 00:00:00,126083.00,3
1693,Customer 693 Corp,contact693@customer.com,LATAM,2026-01-31 00:00:00,280357.00,434
1705,Customer 705 Corp,contact705@customer.com,LATAM,2026-07-11 00:00:00,350263.00,106
1711,Customer 711 Corp,contact711@customer.com,LATAM,2025-10-04 00:00:00,633134.00,68
1713,Customer 713 Corp,contact713@customer.com,LATAM,2025-08-17 00:00:00,337532.00,318
1730,Customer 730 GmbH,contact730@customer.com,LATAM,2026-07-14 00:00:00,421833.00,73
1739,Customer 739 Corp,contact739@customer.com,LATAM,2025-09-29 00:00:00,184814.00,52
1755,Customer 755 GmbH,contact755@customer.com,LATAM,2025-07-24 00:00:00,468548.00,238
1767,Customer 767 Corp,contact767@customer.com,LATAM,2026-03-12 00:00:00,287598.00,330
1776,Customer 776 Corp,contact776@customer.com,LATAM,2026-01-18 00:00:00,961158.00,418
1777,Customer 777 GmbH,contact777@customer.com,LATAM,2026-03-21 00:00:00,312322.00,211
1788,Customer 788 GmbH,contact788@customer.com,LATAM,2026-07-18 00:00:00,850595.00,132
1802,Customer 802 Corp,contact802@customer.com,LATAM,2025-12-14 00:00:00,824135.00,18
1837,Customer 837 Corp,contact837@customer.com,LATAM,2025-11-09 00:00:00,680911.00,223
1849,Customer 849 Corp,contact849@customer.com,LATAM,2026-04-28 00:00:00,23495.00,458
1885,Customer 885 Corp,contact885@customer.com,LATAM,2025-10-17 00:00:00,594234.00,253
1891,Customer 891 GmbH,contact891@customer.com,LATAM,2026-02-16 00:00:00,455216.00,17
1915,Customer 915 Corp,contact915@customer.com,LATAM,2026-02-24 00:00:00,881294.00,428
1953,Customer 953 Corp,contact953@customer.com,LATAM,2025-11-13 00:00:00,909467.00,126
2002,Customer 1002 Ltd,contact1002@customer.com,APAC,2025-09-07 00:00:00,890732.00,287
2003,Customer 1003 Inc,contact1003@customer.com,LATAM,2025-12-22 00:00:00,115912.00,195
2004,Customer 1004 LLC,contact1004@customer.com,LATAM,2025-09-24 00:00:00,985355.00,37
2011,Customer 1011 LLC,contact1011@customer.com,APAC,2026-04-04 00:00:00,309841.00,254
2012,Customer 1012 Corp,contact1012@customer.com,APAC,2026-04-06 00:00:00,207128.00,180
2013,Customer 1013 LLC,contact1013@customer.com,LATAM,2026-03-09 00:00:00,365889.00,385
2014,Customer 1014 Corp,contact1014@customer.com,MEA,2025-11-05 00:00:00,142507.00,464
2015,Customer 1015 GmbH,contact1015@customer.com,APAC,2025-08-18 00:00:00,320307.00,264
2016,Customer 1016 Corp,contact1016@customer.com,LATAM,2026-01-15 00:00:00,979807.00,389
2017,Customer 1017 Corp,contact1017@customer.com,APAC,2026-01-14 00:00:00,115112.00,336
2018,Customer 1018 GmbH,contact1018@customer.com,MEA,2026-05-09 00:00:00,459319.00,422
2020,Customer 1020 GmbH,contact1020@customer.com,LATAM,2026-02-05 00:00:00,719102.00,223
2023,Customer 1023 GmbH,contact1023@customer.com,APAC,2026-02-11 00:00:00,141690.00,402
2025,Customer 1025 GmbH,contact1025@customer.com,MEA,2026-02-28 00:00:00,669094.00,290
2027,Customer 1027 Corp,contact1027@customer.com,LATAM,2026-07-03 00:00:00,691182.00,312
2028,Customer 1028 Ltd,contact1028@customer.com,LATAM,2025-12-22 00:00:00,754112.00,341
2029,Customer 1029 Ltd,contact1029@customer.com,LATAM,2026-04-19 00:00:00,690654.00,337
2031,Customer 1031 Inc,contact1031@customer.com,LATAM,2026-05-13 00:00:00,2023.00,335
2032,Customer 1032 Corp,contact1032@customer.com,MEA,2026-06-13 00:00:00,890896.00,236
2035,Customer 1035 GmbH,contact1035@customer.com,MEA,2025-08-11 00:00:00,924681.00,226
2037,Customer 1037 LLC,contact1037@customer.com,LATAM,2026-07-10 00:00:00,446509.00,209
2040,Customer 1040 Corp,contact1040@customer.com,APAC,2026-03-16 00:00:00,679350.00,211
2041,Customer 1041 LLC,contact1041@customer.com,APAC,2025-09-16 00:00:00,403674.00,91
2045,Customer 1045 GmbH,contact1045@customer.com,MEA,2025-12-07 00:00:00,324128.00,231
2046,Customer 1046 LLC,contact1046@customer.com,APAC,2025-12-11 00:00:00,475338.00,108
2055,Customer 1055 LLC,contact1055@customer.com,APAC,2026-06-27 00:00:00,330122.00,195
2057,Customer 1057 Corp,contact1057@customer.com,LATAM,2025-07-31 00:00:00,47718.00,455
2059,Customer 1059 GmbH,contact1059@customer.com,MEA,2026-02-10 00:00:00,435920.00,271
2061,Customer 1061 Ltd,contact1061@customer.com,LATAM,2025-12-01 00:00:00,420439.00,54
2062,Customer 1062 Corp,contact1062@customer.com,LATAM,2026-01-12 00:00:00,883809.00,192
2064,Customer 1064 Corp,contact1064@customer.com,APAC,2026-06-03 00:00:00,358215.00,484
2065,Customer 1065 LLC,contact1065@customer.com,LATAM,2025-07-27 00:00:00,526628.00,220
2071,Customer 1071 GmbH,contact1071@customer.com,APAC,2025-09-24 00:00:00,485136.00,38
2072,Customer 1072 Inc,contact1072@customer.com,LATAM,2025-09-30 00:00:00,368218.00,496
2073,Customer 1073 GmbH,contact1073@customer.com,APAC,2025-09-22 00:00:00,845759.00,345
2075,Customer 1075 Corp,contact1075@customer.com,MEA,2025-07-28 00:00:00,128056.00,360
2078,Customer 1078 Inc,contact1078@customer.com,APAC,2026-01-11 00:00:00,87732.00,93
2081,Customer 1081 Corp,contact1081@customer.com,APAC,2026-06-03 00:00:00,685952.00,363
2082,Customer 1082 Corp,contact1082@customer.com,APAC,2026-03-19 00:00:00,272460.00,178
2086,Customer 1086 Ltd,contact1086@customer.com,APAC,2026-07-16 00:00:00,987919.00,477
2090,Customer 1090 Inc,contact1090@customer.com,APAC,2025-10-08 00:00:00,799492.00,386
2094,Customer 1094 Corp,contact1094@customer.com,MEA,2026-01-16 00:00:00,316863.00,20
2099,Customer 1099 Ltd,contact1099@customer.com,LATAM,2026-03-08 00:00:00,318117.00,438
2101,Customer 1101 LLC,contact1101@customer.com,APAC,2025-09-03 00:00:00,323035.00,419
2102,Customer 1102 Inc,contact1102@customer.com,APAC,2025-07-29 00:00:00,684856.00,176
2103,Customer 1103 GmbH,contact1103@customer.com,APAC,2026-03-17 00:00:00,777163.00,245
2104,Customer 1104 Inc,contact1104@customer.com,LATAM,2025-11-01 00:00:00,797969.00,470
2106,Customer 1106 Corp,contact1106@customer.com,MEA,2026-01-17 00:00:00,736790.00,50
2107,Customer 1107 Corp,contact1107@customer.com,APAC,2026-02-09 00:00:00,221145.00,496
2109,Customer 1109 LLC,contact1109@customer.com,LATAM,2026-05-01 00:00:00,688602.00,309
2113,Customer 1113 Corp,contact1113@customer.com,MEA,2026-04-12 00:00:00,374622.00,432
2115,Customer 1115 Corp,contact1115@customer.com,MEA,2026-06-28 00:00:00,271204.00,475
2116,Customer 1116 Ltd,contact1116@customer.com,APAC,2025-10-25 00:00:00,120209.00,112
2118,Customer 1118 GmbH,contact1118@customer.com,LATAM,2025-12-13 00:00:00,232722.00,262
2120,Customer 1120 Inc,contact1120@customer.com,APAC,2026-07-09 00:00:00,457845.00,203
2123,Customer 1123 Inc,contact1123@customer.com,APAC,2025-10-26 00:00:00,392832.00,433
2124,Customer 1124 Corp,contact1124@customer.com,MEA,2025-10-13 00:00:00,673926.00,396
2126,Customer 1126 GmbH,contact1126@customer.com,APAC,2025-08-15 00:00:00,495796.00,386
2127,Customer 1127 LLC,contact1127@customer.com,LATAM,2026-01-09 00:00:00,52025.00,332
2130,Customer 1130 Ltd,contact1130@customer.com,APAC,2026-01-27 00:00:00,30482.00,337
2133,Customer 1133 LLC,contact1133@customer.com,APAC,2026-03-06 00:00:00,580499.00,332
2137,Customer 1137 Corp,contact1137@customer.com,MEA,2025-10-09 00:00:00,524323.00,415
2139,Customer 1139 Ltd,contact1139@customer.com,APAC,2025-10-30 00:00:00,332384.00,342
2142,Customer 1142 Ltd,contact1142@customer.com,LATAM,2025-10-17 00:00:00,802984.00,256
2144,Customer 1144 GmbH,contact1144@customer.com,LATAM,2025-07-27 00:00:00,775561.00,485
2146,Customer 1146 Ltd,contact1146@customer.com,APAC,2026-01-28 00:00:00,429136.00,342
2147,Customer 1147 Inc,contact1147@customer.com,APAC,2026-04-15 00:00:00,982764.00,196
2148,Customer 1148 Corp,contact1148@customer.com,APAC,2025-12-18 00:00:00,926829.00,191
2149,Customer 1149 GmbH,contact1149@customer.com,APAC,2026-03-22 00:00:00,552597.00,454
2150,Customer 1150 Inc,contact1150@customer.com,LATAM,2026-07-07 00:00:00,6439.00,193
2151,Customer 1151 Corp,contact1151@customer.com,LATAM,2025-07-31 00:00:00,786675.00,89
2152,Customer 1152 GmbH,contact1152@customer.com,APAC,2025-09-14 00:00:00,418214.00,117
2153,Customer 1153 GmbH,contact1153@customer.com,APAC,2025-11-15 00:00:00,428716.00,419
2154,Customer 1154 Inc,contact1154@customer.com,APAC,2025-09-28 00:00:00,450560.00,483
2155,Customer 1155 GmbH,contact1155@customer.com,APAC,2025-10-03 00:00:00,725440.00,96
2156,Customer 1156 GmbH,contact1156@customer.com,MEA,2026-06-06 00:00:00,669622.00,119
2157,Customer 1157 Corp,contact1157@customer.com,MEA,2025-11-05 00:00:00,642335.00,209
2159,Customer 1159 LLC,contact1159@customer.com,LATAM,2026-05-19 00:00:00,490791.00,46
2160,Customer 1160 GmbH,contact1160@customer.com,LATAM,2025-11-10 00:00:00,836072.00,197
2168,Customer 1168 Ltd,contact1168@customer.com,LATAM,2025-11-02 00:00:00,851390.00,444
2169,Customer 1169 Corp,contact1169@customer.com,APAC,2026-04-26 00:00:00,667817.00,132
2172,Customer 1172 Corp,contact1172@customer.com,MEA,2026-03-16 00:00:00,156567.00,39
2173,Customer 1173 GmbH,contact1173@customer.com,MEA,2026-04-23 00:00:00,822889.00,291
2176,Customer 1176 GmbH,contact1176@customer.com,MEA,2025-10-06 00:00:00,396509.00,247
2177,Customer 1177 GmbH,contact1177@customer.com,MEA,2026-03-06 00:00:00,912652.00,89
2178,Customer 1178 Ltd,contact1178@customer.com,LATAM,2026-06-23 00:00:00,225414.00,83
2179,Customer 1179 Ltd,contact1179@customer.com,LATAM,2025-11-09 00:00:00,560791.00,306
2180,Customer 1180 Corp,contact1180@customer.com,APAC,2025-10-25 00:00:00,767034.00,95
2183,Customer 1183 GmbH,contact1183@customer.com,LATAM,2025-10-08 00:00:00,493479.00,401
2185,Customer 1185 Corp,contact1185@customer.com,LATAM,2025-08-24 00:00:00,501754.00,411
2186,Customer 1186 GmbH,contact1186@customer.com,MEA,2025-11-04 00:00:00,401947.00,381
2189,Customer 1189 Ltd,contact1189@customer.com,LATAM,2026-01-01 00:00:00,16914.00,283
2191,Customer 1191 GmbH,contact1191@customer.com,MEA,2025-07-29 00:00:00,82754.00,201
2192,Customer 1192 GmbH,contact1192@customer.com,MEA,2025-11-14 00:00:00,454969.00,251
2197,Customer 1197 Inc,contact1197@customer.com,APAC,2025-09-04 00:00:00,496219.00,335
2198,Customer 1198 Corp,contact1198@customer.com,APAC,2026-07-03 00:00:00,540406.00,239
2199,Customer 1199 Inc,contact1199@customer.com,APAC,2025-11-15 00:00:00,113853.00,147
2200,Customer 1200 GmbH,contact1200@customer.com,APAC,2026-05-07 00:00:00,134165.00,14
2201,Customer 1201 Corp,contact1201@customer.com,APAC,2026-05-28 00:00:00,835332.00,368
2202,Customer 1202 Inc,contact1202@customer.com,LATAM,2026-07-10 00:00:00,88924.00,309
2203,Customer 1203 GmbH,contact1203@customer.com,LATAM,2026-06-16 00:00:00,778654.00,213
2205,Customer 1205 GmbH,contact1205@customer.com,LATAM,2025-11-02 00:00:00,869177.00,473
2207,Customer 1207 Corp,contact1207@customer.com,LATAM,2026-07-14 00:00:00,661162.00,408
2208,Customer 1208 GmbH,contact1208@customer.com,APAC,2025-08-02 00:00:00,926533.00,30
2211,Customer 1211 Corp,contact1211@customer.com,MEA,2026-02-11 00:00:00,901250.00,148
2213,Customer 1213 GmbH,contact1213@customer.com,LATAM,2025-08-13 00:00:00,142348.00,70
2217,Customer 1217 Ltd,contact1217@customer.com,APAC,2025-09-04 00:00:00,157975.00,384
2218,Customer 1218 GmbH,contact1218@customer.com,APAC,2025-08-07 00:00:00,845193.00,243
2219,Customer 1219 Corp,contact1219@customer.com,MEA,2025-10-18 00:00:00,356815.00,385
2222,Customer 1222 Corp,contact1222@customer.com,MEA,2026-03-09 00:00:00,710564.00,47
2223,Customer 1223 Ltd,contact1223@customer.com,APAC,2026-04-22 00:00:00,403300.00,445
2224,Customer 1224 Corp,contact1224@customer.com,APAC,2025-12-08 00:00:00,496410.00,355
2225,Customer 1225 Inc,contact1225@customer.com,APAC,2026-05-28 00:00:00,144403.00,446
2230,Customer 1230 Corp,contact1230@customer.com,MEA,2025-08-25 00:00:00,304600.00,102
2233,Customer 1233 Ltd,contact1233@customer.com,LATAM,2026-05-28 00:00:00,265299.00,99
2235,Customer 1235 Inc,contact1235@customer.com,LATAM,2025-12-17 00:00:00,633833.00,478
2240,Customer 1240 Ltd,contact1240@customer.com,LATAM,2026-02-23 00:00:00,807083.00,248
2241,Customer 1241 LLC,contact1241@customer.com,LATAM,2026-05-04 00:00:00,437332.00,230
2245,Customer 1245 Corp,contact1245@customer.com,APAC,2025-12-09 00:00:00,167965.00,249
2246,Customer 1246 GmbH,contact1246@customer.com,MEA,2025-08-22 00:00:00,816569.00,162
2248,Customer 1248 Ltd,contact1248@customer.com,LATAM,2026-07-01 00:00:00,903623.00,425
2250,Customer 1250 GmbH,contact1250@customer.com,APAC,2026-01-24 00:00:00,404831.00,420
2252,Customer 1252 GmbH,contact1252@customer.com,LATAM,2025-11-23 00:00:00,117449.00,417
2254,Customer 1254 LLC,contact1254@customer.com,APAC,2025-12-10 00:00:00,913080.00,249
2256,Customer 1256 GmbH,contact1256@customer.com,LATAM,2026-02-20 00:00:00,201660.00,258
2257,Customer 1257 Corp,contact1257@customer.com,APAC,2026-05-01 00:00:00,538252.00,368
2261,Customer 1261 LLC,contact1261@customer.com,APAC,2026-04-30 00:00:00,723954.00,270
2262,Customer 1262 Corp,contact1262@customer.com,APAC,2026-07-04 00:00:00,119236.00,28
2264,Customer 1264 GmbH,contact1264@customer.com,APAC,2025-08-04 00:00:00,707352.00,484
2269,Customer 1269 Inc,contact1269@customer.com,LATAM,2025-08-07 00:00:00,328882.00,187
2270,Customer 1270 Inc,contact1270@customer.com,APAC,2025-09-03 00:00:00,33810.00,198
2271,Customer 1271 Corp,contact1271@customer.com,MEA,2026-01-22 00:00:00,212983.00,401
2272,Customer 1272 Inc,contact1272@customer.com,LATAM,2026-01-05 00:00:00,6095.00,421
2274,Customer 1274 Corp,contact1274@customer.com,LATAM,2026-03-28 00:00:00,624395.00,419
2276,Customer 1276 GmbH,contact1276@customer.com,MEA,2026-04-12 00:00:00,16617.00,332
2277,Customer 1277 LLC,contact1277@customer.com,LATAM,2025-11-09 00:00:00,813470.00,153
2281,Customer 1281 Inc,contact1281@customer.com,APAC,2025-08-07 00:00:00,53314.00,24
2282,Customer 1282 Ltd,contact1282@customer.com,LATAM,2025-10-29 00:00:00,708315.00,432
2283,Customer 1283 LLC,contact1283@customer.com,LATAM,2026-07-16 00:00:00,972452.00,248
2286,Customer 1286 GmbH,contact1286@customer.com,LATAM,2026-04-08 00:00:00,664726.00,233
2288,Customer 1288 Ltd,contact1288@customer.com,LATAM,2026-01-11 00:00:00,712696.00,354
2289,Customer 1289 Inc,contact1289@customer.com,APAC,2026-03-02 00:00:00,699498.00,125
2290,Customer 1290 Corp,contact1290@customer.com,LATAM,2025-08-24 00:00:00,605486.00,127
2291,Customer 1291 LLC,contact1291@customer.com,LATAM,2025-11-13 00:00:00,1210.00,497
2292,Customer 1292 Ltd,contact1292@customer.com,LATAM,2026-06-20 00:00:00,250752.00,63
2293,Customer 1293 Ltd,contact1293@customer.com,LATAM,2026-04-23 00:00:00,803834.00,172
2297,Customer 1297 Inc,contact1297@customer.com,LATAM,2025-12-19 00:00:00,977104.00,15
2299,Customer 1299 LLC,contact1299@customer.com,APAC,2025-08-18 00:00:00,298150.00,252
2300,Customer 1300 Inc,contact1300@customer.com,LATAM,2025-12-12 00:00:00,675720.00,136
2303,Customer 1303 Inc,contact1303@customer.com,LATAM,2026-01-03 00:00:00,82978.00,303
2306,Customer 1306 Corp,contact1306@customer.com,APAC,2026-03-06 00:00:00,120093.00,277
2307,Customer 1307 GmbH,contact1307@customer.com,APAC,2026-05-27 00:00:00,795859.00,389
2308,Customer 1308 Inc,contact1308@customer.com,APAC,2025-12-07 00:00:00,492240.00,452
2309,Customer 1309 Inc,contact1309@customer.com,LATAM,2025-10-05 00:00:00,592704.00,472
2319,Customer 1319 GmbH,contact1319@customer.com,MEA,2026-01-13 00:00:00,204190.00,475
2323,Customer 1323 GmbH,contact1323@customer.com,APAC,2026-05-30 00:00:00,733826.00,210
2325,Customer 1325 Corp,contact1325@customer.com,APAC,2026-03-08 00:00:00,447610.00,22
2331,Customer 1331 GmbH,contact1331@customer.com,APAC,2025-09-11 00:00:00,806027.00,328
2334,Customer 1334 Inc,contact1334@customer.com,LATAM,2025-12-21 00:00:00,592571.00,395
2335,Customer 1335 LLC,contact1335@customer.com,APAC,2026-01-24 00:00:00,215020.00,270
2336,Customer 1336 Ltd,contact1336@customer.com,LATAM,2025-09-25 00:00:00,408201.00,234
2337,Customer 1337 GmbH,contact1337@customer.com,APAC,2026-06-04 00:00:00,327440.00,145
2338,Customer 1338 GmbH,contact1338@customer.com,LATAM,2025-09-10 00:00:00,926034.00,133
2340,Customer 1340 LLC,contact1340@customer.com,APAC,2025-10-04 00:00:00,9256.00,76
2341,Customer 1341 Corp,contact1341@customer.com,LATAM,2026-05-20 00:00:00,723912.00,277
2342,Customer 1342 LLC,contact1342@customer.com,LATAM,2025-09-04 00:00:00,824739.00,172
2343,Customer 1343 GmbH,contact1343@customer.com,LATAM,2026-02-25 00:00:00,907618.00,160
2345,Customer 1345 LLC,contact1345@customer.com,APAC,2026-05-18 00:00:00,724858.00,85
2346,Customer 1346 LLC,contact1346@customer.com,APAC,2025-08-14 00:00:00,750308.00,313
2347,Customer 1347 Inc,contact1347@customer.com,APAC,2026-01-15 00:00:00,239094.00,401
2348,Customer 1348 Ltd,contact1348@customer.com,APAC,2026-07-01 00:00:00,848459.00,262
2351,Customer 1351 Corp,contact1351@customer.com,APAC,2025-11-03 00:00:00,236230.00,244
2353,Customer 1353 Inc,contact1353@customer.com,LATAM,2026-02-22 00:00:00,114371.00,488
2356,Customer 1356 Ltd,contact1356@customer.com,APAC,2025-07-23 00:00:00,16333.00,322
2357,Customer 1357 Inc,contact1357@customer.com,LATAM,2026-04-11 00:00:00,690858.00,205
2362,Customer 1362 Ltd,contact1362@customer.com,LATAM,2026-06-24 00:00:00,767726.00,198
2368,Customer 1368 Corp,contact1368@customer.com,LATAM,2026-04-29 00:00:00,961270.00,255
2369,Customer 1369 LLC,contact1369@customer.com,APAC,2025-10-01 00:00:00,776244.00,5
2370,Customer 1370 GmbH,contact1370@customer.com,LATAM,2026-05-25 00:00:00,311995.00,497
2371,Customer 1371 Ltd,contact1371@customer.com,APAC,2026-04-21 00:00:00,38303.00,150
2372,Customer 1372 LLC,contact1372@customer.com,APAC,2026-04-16 00:00:00,727336.00,82
2378,Customer 1378 LLC,contact1378@customer.com,APAC,2026-06-17 00:00:00,92184.00,376
2383,Customer 1383 Ltd,contact1383@customer.com,APAC,2025-09-27 00:00:00,258676.00,346
2385,Customer 1385 GmbH,contact1385@customer.com,LATAM,2025-11-06 00:00:00,527696.00,437
2386,Customer 1386 LLC,contact1386@customer.com,APAC,2026-03-20 00:00:00,34971.00,115
2388,Customer 1388 Corp,contact1388@customer.com,MEA,2026-04-26 00:00:00,91092.00,80
2389,Customer 1389 Inc,contact1389@customer.com,LATAM,2025-11-25 00:00:00,653416.00,46
2392,Customer 1392 GmbH,contact1392@customer.com,MEA,2025-10-01 00:00:00,483592.00,102
2393,Customer 1393 Corp,contact1393@customer.com,LATAM,2026-03-01 00:00:00,261175.00,309
2397,Customer 1397 Corp,contact1397@customer.com,APAC,2025-10-11 00:00:00,568477.00,346
2398,Customer 1398 Inc,contact1398@customer.com,LATAM,2026-06-24 00:00:00,696899.00,15
2399,Customer 1399 GmbH,contact1399@customer.com,LATAM,2026-04-22 00:00:00,304486.00,300
2401,Customer 1401 LLC,contact1401@customer.com,LATAM,2026-06-09 00:00:00,760147.00,92
2403,Customer 1403 LLC,contact1403@customer.com,LATAM,2025-10-07 00:00:00,2443.00,402
2406,Customer 1406 Corp,contact1406@customer.com,MEA,2025-10-09 00:00:00,133512.00,26
2409,Customer 1409 Ltd,contact1409@customer.com,LATAM,2025-09-04 00:00:00,327235.00,34
2411,Customer 1411 Ltd,contact1411@customer.com,LATAM,2025-10-13 00:00:00,854393.00,10
2412,Customer 1412 Inc,contact1412@customer.com,LATAM,2025-09-02 00:00:00,748140.00,496
2414,Customer 1414 Inc,contact1414@customer.com,APAC,2026-06-25 00:00:00,144628.00,22
2415,Customer 1415 LLC,contact1415@customer.com,LATAM,2026-05-16 00:00:00,609990.00,126
2417,Customer 1417 GmbH,contact1417@customer.com,MEA,2026-05-31 00:00:00,7720.00,421
2419,Customer 1419 Corp,contact1419@customer.com,MEA,2026-01-30 00:00:00,937615.00,264
2421,Customer 1421 GmbH,contact1421@customer.com,APAC,2026-07-03 00:00:00,619207.00,221
2428,Customer 1428 Corp,contact1428@customer.com,LATAM,2026-04-02 00:00:00,691167.00,433
2433,Customer 1433 LLC,contact1433@customer.com,APAC,2026-01-26 00:00:00,351716.00,497
2434,Customer 1434 Ltd,contact1434@customer.com,APAC,2026-04-04 00:00:00,255813.00,54
2435,Customer 1435 Corp,contact1435@customer.com,MEA,2026-01-28 00:00:00,880230.00,14
2436,Customer 1436 Corp,contact1436@customer.com,LATAM,2026-06-13 00:00:00,656633.00,229
2437,Customer 1437 Inc,contact1437@customer.com,APAC,2026-06-28 00:00:00,880546.00,213
2442,Customer 1442 LLC,contact1442@customer.com,LATAM,2026-06-15 00:00:00,875879.00,390
2443,Customer 1443 Inc,contact1443@customer.com,LATAM,2025-12-09 00:00:00,538821.00,381
2444,Customer 1444 LLC,contact1444@customer.com,LATAM,2026-04-19 00:00:00,82963.00,368
2445,Customer 1445 LLC,contact1445@customer.com,LATAM,2026-04-20 00:00:00,635112.00,228
2446,Customer 1446 Ltd,contact1446@customer.com,LATAM,2025-09-06 00:00:00,229279.00,349
2448,Customer 1448 Corp,contact1448@customer.com,APAC,2026-06-14 00:00:00,954727.00,7
2453,Customer 1453 GmbH,contact1453@customer.com,LATAM,2026-01-30 00:00:00,635924.00,111
2455,Customer 1455 Ltd,contact1455@customer.com,APAC,2025-08-05 00:00:00,425783.00,378
2456,Customer 1456 GmbH,contact1456@customer.com,APAC,2026-05-02 00:00:00,651496.00,251
2459,Customer 1459 Ltd,contact1459@customer.com,LATAM,2025-08-28 00:00:00,48571.00,171
2460,Customer 1460 Ltd,contact1460@customer.com,LATAM,2025-09-08 00:00:00,347870.00,230
2461,Customer 1461 GmbH,contact1461@customer.com,APAC,2026-05-14 00:00:00,859590.00,333
2462,Customer 1462 LLC,contact1462@customer.com,APAC,2025-11-24 00:00:00,997162.00,357
2467,Customer 1467 Corp,contact1467@customer.com,APAC,2026-02-20 00:00:00,822712.00,205
2468,Customer 1468 Corp,contact1468@customer.com,LATAM,2025-12-19 00:00:00,780847.00,389
2473,Customer 1473 Ltd,contact1473@customer.com,LATAM,2026-04-24 00:00:00,910610.00,66
2475,Customer 1475 Corp,contact1475@customer.com,LATAM,2025-11-29 00:00:00,264687.00,156
2477,Customer 1477 GmbH,contact1477@customer.com,MEA,2025-12-25 00:00:00,720273.00,329
2478,Customer 1478 GmbH,contact1478@customer.com,APAC,2025-08-07 00:00:00,657657.00,84
2480,Customer 1480 Corp,contact1480@customer.com,APAC,2026-05-19 00:00:00,453700.00,66
2482,Customer 1482 Inc,contact1482@customer.com,APAC,2026-05-11 00:00:00,763291.00,185
2483,Customer 1483 GmbH,contact1483@customer.com,APAC,2025-10-10 00:00:00,165454.00,42
2484,Customer 1484 Inc,contact1484@customer.com,LATAM,2025-09-25 00:00:00,758486.00,116
2487,Customer 1487 Corp,contact1487@customer.com,LATAM,2025-08-16 00:00:00,415641.00,412
2488,Customer 1488 Ltd,contact1488@customer.com,LATAM,2026-01-25 00:00:00,565508.00,62
2489,Customer 1489 GmbH,contact1489@customer.com,APAC,2025-10-13 00:00:00,546012.00,328
2490,Customer 1490 Corp,contact1490@customer.com,LATAM,2026-06-06 00:00:00,335951.00,246
2493,Customer 1493 GmbH,contact1493@customer.com,APAC,2025-08-14 00:00:00,153260.00,376
2495,Customer 1495 Ltd,contact1495@customer.com,LATAM,2026-03-26 00:00:00,468591.00,124
2498,Customer 1498 GmbH,contact1498@customer.com,MEA,2026-05-03 00:00:00,957854.00,475
2499,Customer 1499 GmbH,contact1499@customer.com,LATAM,2025-11-18 00:00:00,945003.00,402
2500,Customer 1500 GmbH,contact1500@customer.com,APAC,2025-07-24 00:00:00,570520.00,220
2501,Customer 1501 Inc,contact1501@customer.com,LATAM,2025-12-22 00:00:00,431359.00,64
2503,Customer 1503 LLC,contact1503@customer.com,APAC,2026-04-11 00:00:00,821532.00,33
2507,Customer 1507 Ltd,contact1507@customer.com,LATAM,2026-06-26 00:00:00,767943.00,350
2508,Customer 1508 LLC,contact1508@customer.com,APAC,2026-03-07 00:00:00,770452.00,340
2509,Customer 1509 Ltd,contact1509@customer.com,APAC,2025-10-02 00:00:00,505848.00,138
2510,Customer 1510 LLC,contact1510@customer.com,APAC,2026-01-15 00:00:00,618289.00,57
2511,Customer 1511 GmbH,contact1511@customer.com,LATAM,2026-04-23 00:00:00,167079.00,72
2512,Customer 1512 Corp,contact1512@customer.com,LATAM,2025-07-26 00:00:00,144232.00,470
2514,Customer 1514 LLC,contact1514@customer.com,APAC,2025-12-10 00:00:00,914637.00,355
2517,Customer 1517 GmbH,contact1517@customer.com,LATAM,2026-06-25 00:00:00,918573.00,194
2518,Customer 1518 LLC,contact1518@customer.com,LATAM,2026-05-01 00:00:00,529595.00,181
2521,Customer 1521 Corp,contact1521@customer.com,APAC,2025-08-26 00:00:00,656856.00,388
2522,Customer 1522 GmbH,contact1522@customer.com,MEA,2026-02-01 00:00:00,214882.00,23
2523,Customer 1523 LLC,contact1523@customer.com,LATAM,2025-08-28 00:00:00,265063.00,471
2525,Customer 1525 GmbH,contact1525@customer.com,LATAM,2025-10-08 00:00:00,585876.00,419
2527,Customer 1527 GmbH,contact1527@customer.com,MEA,2026-03-26 00:00:00,559596.00,157
2528,Customer 1528 Ltd,contact1528@customer.com,LATAM,2025-11-28 00:00:00,717224.00,274
2535,Customer 1535 Corp,contact1535@customer.com,APAC,2025-08-17 00:00:00,899161.00,295
2536,Customer 1536 Inc,contact1536@customer.com,LATAM,2025-08-21 00:00:00,146954.00,237
2538,Customer 1538 Inc,contact1538@customer.com,LATAM,2026-03-26 00:00:00,42988.00,58
2540,Customer 1540 LLC,contact1540@customer.com,APAC,2026-01-09 00:00:00,541612.00,122
2541,Customer 1541 Corp,contact1541@customer.com,APAC,2026-06-07 00:00:00,369800.00,338
2543,Customer 1543 Ltd,contact1543@customer.com,APAC,2026-07-06 00:00:00,413151.00,302
2546,Customer 1546 GmbH,contact1546@customer.com,APAC,2026-01-05 00:00:00,759670.00,168
2548,Customer 1548 Corp,contact1548@customer.com,APAC,2025-08-09 00:00:00,843931.00,22
2549,Customer 1549 GmbH,contact1549@customer.com,MEA,2026-06-12 00:00:00,427066.00,268
2551,Customer 1551 LLC,contact1551@customer.com,LATAM,2025-11-23 00:00:00,76509.00,216
2552,Customer 1552 Corp,contact1552@customer.com,LATAM,2026-01-22 00:00:00,985107.00,281
2555,Customer 1555 Ltd,contact1555@customer.com,LATAM,2025-12-06 00:00:00,651290.00,281
2556,Customer 1556 GmbH,contact1556@customer.com,LATAM,2026-04-01 00:00:00,194536.00,444
2560,Customer 1560 LLC,contact1560@customer.com,APAC,2026-03-10 00:00:00,273861.00,451
2561,Customer 1561 LLC,contact1561@customer.com,APAC,2026-07-08 00:00:00,335206.00,54
2562,Customer 1562 Corp,contact1562@customer.com,MEA,2025-08-04 00:00:00,903259.00,462
2563,Customer 1563 Corp,contact1563@customer.com,MEA,2026-01-20 00:00:00,415374.00,330
1001,Customer 1 Ltd,contact1@customer.com,NA,2025-07-24 00:00:00,156771.00,24
1002,Customer 2 Ltd,contact2@customer.com,APAC,2026-05-06 00:00:00,193548.00,121
1003,Customer 3 Ltd,contact3@customer.com,EU,2026-01-11 00:00:00,55757.00,54
1004,Customer 4 GmbH,contact4@customer.com,EU,2026-07-18 00:00:00,206831.00,227
1005,Customer 5 Ltd,contact5@customer.com,MEA,2026-03-20 00:00:00,714480.00,335
1006,Customer 6 Corp,contact6@customer.com,EU,2026-06-11 00:00:00,91855.00,20
1007,Customer 7 Inc,contact7@customer.com,NA,2026-04-05 00:00:00,543117.00,335
1008,Customer 8 Inc,contact8@customer.com,APAC,2026-01-07 00:00:00,665325.00,431
1009,Customer 9 Ltd,contact9@customer.com,EU,2025-09-24 00:00:00,997338.00,14
1010,Customer 10 Inc,contact10@customer.com,APAC,2026-05-09 00:00:00,511391.00,196
1011,Customer 11 Ltd,contact11@customer.com,NA,2025-08-20 00:00:00,953008.00,179
1012,Customer 12 Ltd,contact12@customer.com,LATAM,2026-02-11 00:00:00,598221.00,166
1013,Customer 13 Inc,contact13@customer.com,APAC,2025-08-04 00:00:00,809859.00,160
1014,Customer 14 Corp,contact14@customer.com,EU,2026-03-25 00:00:00,188246.00,173
1015,Customer 15 LLC,contact15@customer.com,APAC,2025-10-21 00:00:00,153180.00,110
1016,Customer 16 LLC,contact16@customer.com,NA,2025-08-30 00:00:00,245904.00,160
1017,Customer 17 GmbH,contact17@customer.com,APAC,2025-11-02 00:00:00,394819.00,245
1018,Customer 18 Corp,contact18@customer.com,EU,2026-06-13 00:00:00,106390.00,31
1019,Customer 19 GmbH,contact19@customer.com,MEA,2025-08-01 00:00:00,900682.00,10
1020,Customer 20 Ltd,contact20@customer.com,APAC,2026-04-05 00:00:00,570259.00,299
1021,Customer 21 LLC,contact21@customer.com,APAC,2025-10-10 00:00:00,278836.00,130
1022,Customer 22 Inc,contact22@customer.com,MEA,2026-02-24 00:00:00,201023.00,47
1023,Customer 23 LLC,contact23@customer.com,LATAM,2026-01-14 00:00:00,460981.00,303
1024,Customer 24 LLC,contact24@customer.com,EU,2026-06-12 00:00:00,960700.00,15
1025,Customer 25 LLC,contact25@customer.com,EU,2025-11-13 00:00:00,186824.00,253
1026,Customer 26 Inc,contact26@customer.com,MEA,2026-05-16 00:00:00,562892.00,215
1027,Customer 27 Ltd,contact27@customer.com,MEA,2026-06-30 00:00:00,480042.00,162
1028,Customer 28 LLC,contact28@customer.com,MEA,2025-11-05 00:00:00,614906.00,180
1029,Customer 29 Ltd,contact29@customer.com,MEA,2026-06-29 00:00:00,779887.00,281
1030,Customer 30 LLC,contact30@customer.com,APAC,2026-06-22 00:00:00,777856.00,181
1031,Customer 31 Ltd,contact31@customer.com,NA,2025-10-31 00:00:00,998412.00,303
1032,Customer 32 Ltd,contact32@customer.com,EU,2025-11-13 00:00:00,804643.00,226
1033,Customer 33 Corp,contact33@customer.com,NA,2025-09-24 00:00:00,374805.00,129
1034,Customer 34 Inc,contact34@customer.com,LATAM,2025-09-04 00:00:00,89613.00,203
1035,Customer 35 LLC,contact35@customer.com,NA,2026-04-24 00:00:00,669592.00,79
1036,Customer 36 Corp,contact36@customer.com,EU,2025-09-24 00:00:00,670865.00,372
1037,Customer 37 Inc,contact37@customer.com,NA,2026-07-02 00:00:00,702749.00,435
1038,Customer 38 Corp,contact38@customer.com,LATAM,2026-04-22 00:00:00,512786.00,234
1039,Customer 39 LLC,contact39@customer.com,MEA,2026-05-02 00:00:00,994573.00,8
1040,Customer 40 Inc,contact40@customer.com,EU,2026-05-19 00:00:00,903391.00,192
1041,Customer 41 Ltd,contact41@customer.com,EU,2025-10-07 00:00:00,41165.00,216
1042,Customer 42 Corp,contact42@customer.com,EU,2025-09-01 00:00:00,935124.00,58
1043,Customer 43 Inc,contact43@customer.com,NA,2026-02-01 00:00:00,711940.00,397
1044,Customer 44 LLC,contact44@customer.com,APAC,2026-01-28 00:00:00,216410.00,135
1045,Customer 45 LLC,contact45@customer.com,LATAM,2026-02-21 00:00:00,703859.00,4
1046,Customer 46 GmbH,contact46@customer.com,EU,2026-04-12 00:00:00,165267.00,51
1047,Customer 47 Ltd,contact47@customer.com,NA,2025-10-18 00:00:00,296756.00,195
1048,Customer 48 Corp,contact48@customer.com,APAC,2026-04-28 00:00:00,938259.00,323
1049,Customer 49 Corp,contact49@customer.com,LATAM,2026-04-14 00:00:00,753376.00,117
1050,Customer 50 Corp,contact50@customer.com,NA,2025-12-12 00:00:00,797571.00,472
1051,Customer 51 Ltd,contact51@customer.com,APAC,2025-09-27 00:00:00,853536.00,412
1052,Customer 52 Corp,contact52@customer.com,LATAM,2025-11-05 00:00:00,592504.00,169
1053,Customer 53 GmbH,contact53@customer.com,MEA,2025-07-24 00:00:00,571535.00,40
1054,Customer 54 Inc,contact54@customer.com,NA,2025-11-30 00:00:00,506440.00,126
1055,Customer 55 Inc,contact55@customer.com,NA,2025-08-11 00:00:00,899771.00,346
1056,Customer 56 Inc,contact56@customer.com,EU,2026-06-08 00:00:00,311123.00,140
1057,Customer 57 Inc,contact57@customer.com,APAC,2025-08-26 00:00:00,744229.00,185
1058,Customer 58 Inc,contact58@customer.com,LATAM,2026-07-21 00:00:00,352005.00,216
1059,Customer 59 Inc,contact59@customer.com,APAC,2025-10-11 00:00:00,625323.00,108
1060,Customer 60 Corp,contact60@customer.com,EU,2026-07-21 00:00:00,869918.00,251
1061,Customer 61 Inc,contact61@customer.com,LATAM,2026-03-14 00:00:00,745434.00,427
1062,Customer 62 Ltd,contact62@customer.com,LATAM,2026-02-22 00:00:00,922979.00,220
1063,Customer 63 Inc,contact63@customer.com,APAC,2026-03-14 00:00:00,844087.00,356
1064,Customer 64 Inc,contact64@customer.com,MEA,2025-10-10 00:00:00,15684.00,453
1065,Customer 65 GmbH,contact65@customer.com,EU,2025-12-03 00:00:00,355510.00,335
1066,Customer 66 LLC,contact66@customer.com,EU,2026-03-29 00:00:00,878812.00,17
1067,Customer 67 Inc,contact67@customer.com,MEA,2026-07-17 00:00:00,902047.00,257
1068,Customer 68 Corp,contact68@customer.com,APAC,2025-10-19 00:00:00,851679.00,57
1069,Customer 69 Corp,contact69@customer.com,LATAM,2025-10-29 00:00:00,571116.00,235
1070,Customer 70 Inc,contact70@customer.com,MEA,2025-10-31 00:00:00,899323.00,485
1071,Customer 71 GmbH,contact71@customer.com,EU,2026-06-20 00:00:00,479828.00,366
1072,Customer 72 Inc,contact72@customer.com,MEA,2025-09-27 00:00:00,794608.00,498
1073,Customer 73 Ltd,contact73@customer.com,MEA,2025-10-10 00:00:00,111089.00,19
1074,Customer 74 Corp,contact74@customer.com,APAC,2025-08-05 00:00:00,975206.00,381
1075,Customer 75 LLC,contact75@customer.com,MEA,2026-03-16 00:00:00,463974.00,478
1076,Customer 76 Corp,contact76@customer.com,NA,2025-10-27 00:00:00,87517.00,433
1077,Customer 77 Inc,contact77@customer.com,NA,2026-05-11 00:00:00,908674.00,253
1078,Customer 78 Ltd,contact78@customer.com,LATAM,2025-08-02 00:00:00,241641.00,372
1079,Customer 79 Ltd,contact79@customer.com,EU,2026-06-13 00:00:00,2833.00,165
1080,Customer 80 LLC,contact80@customer.com,APAC,2026-02-18 00:00:00,669294.00,98
1081,Customer 81 Ltd,contact81@customer.com,NA,2026-04-25 00:00:00,534856.00,438
1082,Customer 82 Inc,contact82@customer.com,EU,2026-01-14 00:00:00,914535.00,452
1083,Customer 83 GmbH,contact83@customer.com,EU,2026-01-30 00:00:00,657419.00,154
1084,Customer 84 Corp,contact84@customer.com,EU,2026-05-25 00:00:00,829140.00,402
1085,Customer 85 Ltd,contact85@customer.com,NA,2025-10-18 00:00:00,214820.00,164
1086,Customer 86 Ltd,contact86@customer.com,EU,2025-11-09 00:00:00,882179.00,334
1087,Customer 87 LLC,contact87@customer.com,APAC,2026-01-02 00:00:00,846111.00,395
1088,Customer 88 LLC,contact88@customer.com,APAC,2026-06-10 00:00:00,540914.00,164
1089,Customer 89 Ltd,contact89@customer.com,LATAM,2026-06-10 00:00:00,1626.00,449
1090,Customer 90 Corp,contact90@customer.com,MEA,2026-07-21 00:00:00,109957.00,240
1091,Customer 91 Corp,contact91@customer.com,EU,2026-02-14 00:00:00,494722.00,220
1092,Customer 92 GmbH,contact92@customer.com,EU,2025-10-14 00:00:00,568293.00,168
1093,Customer 93 Corp,contact93@customer.com,EU,2025-10-04 00:00:00,72169.00,98
1094,Customer 94 Corp,contact94@customer.com,MEA,2025-11-09 00:00:00,422836.00,71
1095,Customer 95 GmbH,contact95@customer.com,NA,2025-12-01 00:00:00,665323.00,445
1096,Customer 96 LLC,contact96@customer.com,NA,2025-10-18 00:00:00,397307.00,166
1097,Customer 97 GmbH,contact97@customer.com,EU,2025-09-04 00:00:00,301612.00,78
1098,Customer 98 Corp,contact98@customer.com,MEA,2025-09-08 00:00:00,590797.00,300
1099,Customer 99 LLC,contact99@customer.com,APAC,2026-06-26 00:00:00,58006.00,333
1100,Customer 100 GmbH,contact100@customer.com,MEA,2026-01-20 00:00:00,96516.00,175
1101,Customer 101 LLC,contact101@customer.com,APAC,2025-11-09 00:00:00,249332.00,198
1102,Customer 102 GmbH,contact102@customer.com,NA,2026-06-15 00:00:00,290880.00,122
1103,Customer 103 Inc,contact103@customer.com,APAC,2025-07-31 00:00:00,207961.00,355
1104,Customer 104 Inc,contact104@customer.com,LATAM,2026-03-12 00:00:00,602235.00,261
1105,Customer 105 Corp,contact105@customer.com,MEA,2025-12-09 00:00:00,749701.00,2
1106,Customer 106 Ltd,contact106@customer.com,NA,2025-11-07 00:00:00,125959.00,492
1107,Customer 107 Inc,contact107@customer.com,LATAM,2026-01-28 00:00:00,571213.00,384
1108,Customer 108 LLC,contact108@customer.com,NA,2026-01-11 00:00:00,74348.00,326
1109,Customer 109 LLC,contact109@customer.com,NA,2025-07-30 00:00:00,667618.00,135
1110,Customer 110 GmbH,contact110@customer.com,APAC,2026-05-23 00:00:00,738450.00,247
1111,Customer 111 Ltd,contact111@customer.com,APAC,2026-06-29 00:00:00,569671.00,110
1112,Customer 112 Inc,contact112@customer.com,EU,2026-02-26 00:00:00,629021.00,434
1113,Customer 113 LLC,contact113@customer.com,NA,2025-10-31 00:00:00,282809.00,421
1114,Customer 114 GmbH,contact114@customer.com,NA,2026-02-24 00:00:00,708225.00,221
1115,Customer 115 Ltd,contact115@customer.com,MEA,2025-09-13 00:00:00,659264.00,50
1116,Customer 116 GmbH,contact116@customer.com,NA,2025-07-31 00:00:00,971663.00,19
1118,Customer 118 Ltd,contact118@customer.com,NA,2025-11-30 00:00:00,577602.00,67
1119,Customer 119 GmbH,contact119@customer.com,NA,2026-06-04 00:00:00,948325.00,400
1121,Customer 121 Ltd,contact121@customer.com,MEA,2025-08-28 00:00:00,838295.00,49
1122,Customer 122 Inc,contact122@customer.com,EU,2026-01-18 00:00:00,554676.00,304
1123,Customer 123 Corp,contact123@customer.com,EU,2025-10-13 00:00:00,226507.00,52
1125,Customer 125 LLC,contact125@customer.com,LATAM,2026-02-16 00:00:00,406704.00,136
1126,Customer 126 Ltd,contact126@customer.com,LATAM,2025-09-14 00:00:00,811371.00,262
1127,Customer 127 GmbH,contact127@customer.com,EU,2026-07-04 00:00:00,252407.00,455
1128,Customer 128 Inc,contact128@customer.com,MEA,2025-09-17 00:00:00,987226.00,497
1129,Customer 129 Corp,contact129@customer.com,MEA,2025-11-21 00:00:00,635098.00,203
1130,Customer 130 LLC,contact130@customer.com,NA,2026-05-02 00:00:00,77191.00,106
1131,Customer 131 Inc,contact131@customer.com,EU,2025-07-23 00:00:00,763895.00,497
1133,Customer 133 GmbH,contact133@customer.com,EU,2026-05-31 00:00:00,258668.00,69
1134,Customer 134 Ltd,contact134@customer.com,LATAM,2026-02-05 00:00:00,571146.00,61
1135,Customer 135 LLC,contact135@customer.com,LATAM,2025-10-03 00:00:00,500763.00,4
1136,Customer 136 Inc,contact136@customer.com,APAC,2026-02-07 00:00:00,395725.00,375
1137,Customer 137 Corp,contact137@customer.com,NA,2026-03-28 00:00:00,143896.00,247
1138,Customer 138 LLC,contact138@customer.com,APAC,2026-05-02 00:00:00,569492.00,247
1139,Customer 139 Inc,contact139@customer.com,NA,2026-05-04 00:00:00,458126.00,38
1140,Customer 140 LLC,contact140@customer.com,LATAM,2025-11-03 00:00:00,77901.00,435
1141,Customer 141 LLC,contact141@customer.com,LATAM,2026-02-09 00:00:00,739619.00,431
1142,Customer 142 GmbH,contact142@customer.com,EU,2025-10-16 00:00:00,315944.00,104
1143,Customer 143 GmbH,contact143@customer.com,EU,2026-01-21 00:00:00,225302.00,240
1144,Customer 144 LLC,contact144@customer.com,APAC,2026-02-01 00:00:00,733881.00,462
1145,Customer 145 Ltd,contact145@customer.com,APAC,2026-03-26 00:00:00,869833.00,60
1146,Customer 146 LLC,contact146@customer.com,NA,2026-01-23 00:00:00,999518.00,181
1147,Customer 147 Inc,contact147@customer.com,LATAM,2026-04-16 00:00:00,697426.00,130
1148,Customer 148 LLC,contact148@customer.com,NA,2025-10-13 00:00:00,199152.00,421
1149,Customer 149 Inc,contact149@customer.com,EU,2026-01-02 00:00:00,469097.00,234
1150,Customer 150 Inc,contact150@customer.com,EU,2026-01-06 00:00:00,834182.00,144
1151,Customer 151 Corp,contact151@customer.com,EU,2026-03-25 00:00:00,417677.00,494
1152,Customer 152 LLC,contact152@customer.com,NA,2026-02-08 00:00:00,429566.00,101
1153,Customer 153 Inc,contact153@customer.com,EU,2025-11-06 00:00:00,743086.00,37
1154,Customer 154 LLC,contact154@customer.com,MEA,2026-06-22 00:00:00,552839.00,76
1156,Customer 156 LLC,contact156@customer.com,NA,2025-12-23 00:00:00,210032.00,351
1158,Customer 158 LLC,contact158@customer.com,EU,2026-01-17 00:00:00,346116.00,27
1159,Customer 159 LLC,contact159@customer.com,LATAM,2026-05-27 00:00:00,211985.00,382
1160,Customer 160 Inc,contact160@customer.com,NA,2025-09-29 00:00:00,999609.00,19
1162,Customer 162 GmbH,contact162@customer.com,APAC,2025-07-25 00:00:00,529459.00,170
1163,Customer 163 GmbH,contact163@customer.com,MEA,2026-07-07 00:00:00,340284.00,59
1164,Customer 164 LLC,contact164@customer.com,LATAM,2026-07-16 00:00:00,492711.00,67
1165,Customer 165 Ltd,contact165@customer.com,EU,2026-05-10 00:00:00,363397.00,81
1166,Customer 166 LLC,contact166@customer.com,APAC,2025-10-16 00:00:00,118639.00,174
1167,Customer 167 Inc,contact167@customer.com,APAC,2026-01-21 00:00:00,33707.00,61
1168,Customer 168 GmbH,contact168@customer.com,EU,2025-10-03 00:00:00,690881.00,382
1169,Customer 169 Corp,contact169@customer.com,NA,2026-06-11 00:00:00,926106.00,105
1170,Customer 170 Ltd,contact170@customer.com,LATAM,2025-08-06 00:00:00,632892.00,218
1171,Customer 171 Inc,contact171@customer.com,EU,2025-08-24 00:00:00,205126.00,399
1172,Customer 172 GmbH,contact172@customer.com,EU,2025-08-09 00:00:00,331362.00,418
1173,Customer 173 Ltd,contact173@customer.com,APAC,2026-06-27 00:00:00,683650.00,321
1174,Customer 174 Ltd,contact174@customer.com,NA,2025-10-07 00:00:00,958595.00,194
1175,Customer 175 Ltd,contact175@customer.com,NA,2026-04-19 00:00:00,853677.00,173
1176,Customer 176 LLC,contact176@customer.com,LATAM,2026-03-24 00:00:00,980379.00,404
1178,Customer 178 GmbH,contact178@customer.com,MEA,2025-10-08 00:00:00,43705.00,121
1180,Customer 180 Inc,contact180@customer.com,APAC,2026-04-23 00:00:00,816813.00,343
1181,Customer 181 Inc,contact181@customer.com,APAC,2025-08-18 00:00:00,211894.00,452
1184,Customer 184 Inc,contact184@customer.com,MEA,2026-03-05 00:00:00,478002.00,260
1185,Customer 185 LLC,contact185@customer.com,APAC,2026-06-07 00:00:00,461313.00,259
1187,Customer 187 GmbH,contact187@customer.com,NA,2026-06-30 00:00:00,816853.00,398
1188,Customer 188 LLC,contact188@customer.com,NA,2026-07-09 00:00:00,585514.00,461
1189,Customer 189 Inc,contact189@customer.com,EU,2025-10-15 00:00:00,263451.00,290
1190,Customer 190 LLC,contact190@customer.com,EU,2025-12-02 00:00:00,3107.00,352
1191,Customer 191 LLC,contact191@customer.com,LATAM,2025-09-26 00:00:00,133798.00,230
1192,Customer 192 LLC,contact192@customer.com,MEA,2026-07-05 00:00:00,539658.00,227
1193,Customer 193 GmbH,contact193@customer.com,APAC,2026-03-03 00:00:00,270904.00,367
1194,Customer 194 Inc,contact194@customer.com,NA,2025-08-25 00:00:00,27147.00,252
1195,Customer 195 Corp,contact195@customer.com,APAC,2026-02-11 00:00:00,571154.00,338
1197,Customer 197 Inc,contact197@customer.com,MEA,2025-12-28 00:00:00,221842.00,276
1198,Customer 198 Ltd,contact198@customer.com,LATAM,2025-09-09 00:00:00,348414.00,84
1199,Customer 199 LLC,contact199@customer.com,LATAM,2026-02-17 00:00:00,352727.00,468
1200,Customer 200 Corp,contact200@customer.com,NA,2025-08-09 00:00:00,579194.00,481
1201,Customer 201 Ltd,contact201@customer.com,APAC,2025-08-31 00:00:00,858068.00,384
1202,Customer 202 LLC,contact202@customer.com,NA,2025-08-30 00:00:00,580746.00,447
1203,Customer 203 LLC,contact203@customer.com,APAC,2025-11-01 00:00:00,964440.00,51
1204,Customer 204 GmbH,contact204@customer.com,NA,2026-06-30 00:00:00,506740.00,187
1205,Customer 205 Corp,contact205@customer.com,MEA,2025-10-07 00:00:00,403290.00,187
1206,Customer 206 Ltd,contact206@customer.com,MEA,2025-09-14 00:00:00,82848.00,300
1207,Customer 207 Corp,contact207@customer.com,NA,2026-05-18 00:00:00,319347.00,137
1208,Customer 208 Inc,contact208@customer.com,LATAM,2026-02-22 00:00:00,544787.00,379
1209,Customer 209 Ltd,contact209@customer.com,EU,2025-11-04 00:00:00,723723.00,204
1210,Customer 210 Ltd,contact210@customer.com,MEA,2026-02-04 00:00:00,515049.00,7
1211,Customer 211 Corp,contact211@customer.com,EU,2025-10-08 00:00:00,387504.00,31
1212,Customer 212 Ltd,contact212@customer.com,APAC,2025-09-03 00:00:00,245541.00,157
1213,Customer 213 Inc,contact213@customer.com,NA,2025-12-01 00:00:00,715418.00,272
1214,Customer 214 Ltd,contact214@customer.com,APAC,2025-10-16 00:00:00,678299.00,233
1215,Customer 215 Inc,contact215@customer.com,MEA,2025-09-23 00:00:00,32320.00,262
1216,Customer 216 Corp,contact216@customer.com,NA,2025-11-13 00:00:00,680668.00,129
1217,Customer 217 Inc,contact217@customer.com,MEA,2026-03-28 00:00:00,215025.00,208
1218,Customer 218 Inc,contact218@customer.com,APAC,2026-02-08 00:00:00,519177.00,374
1219,Customer 219 Ltd,contact219@customer.com,EU,2025-08-08 00:00:00,984911.00,270
1220,Customer 220 LLC,contact220@customer.com,NA,2025-08-22 00:00:00,704603.00,333
1221,Customer 221 Ltd,contact221@customer.com,LATAM,2025-12-21 00:00:00,452274.00,207
1222,Customer 222 Inc,contact222@customer.com,MEA,2025-08-15 00:00:00,50681.00,491
1223,Customer 223 Ltd,contact223@customer.com,MEA,2026-02-10 00:00:00,608943.00,314
1224,Customer 224 LLC,contact224@customer.com,NA,2026-03-04 00:00:00,347782.00,7
1225,Customer 225 Corp,contact225@customer.com,NA,2025-08-27 00:00:00,746234.00,310
1226,Customer 226 Inc,contact226@customer.com,NA,2025-12-05 00:00:00,74990.00,334
1227,Customer 227 GmbH,contact227@customer.com,MEA,2026-03-26 00:00:00,688673.00,265
1228,Customer 228 Corp,contact228@customer.com,MEA,2025-10-17 00:00:00,636157.00,2
1229,Customer 229 Ltd,contact229@customer.com,APAC,2025-08-01 00:00:00,136383.00,273
1230,Customer 230 GmbH,contact230@customer.com,EU,2025-10-31 00:00:00,8986.00,198
1231,Customer 231 Corp,contact231@customer.com,NA,2025-08-03 00:00:00,941572.00,253
1232,Customer 232 Corp,contact232@customer.com,NA,2026-05-22 00:00:00,107321.00,447
1233,Customer 233 Inc,contact233@customer.com,EU,2025-11-21 00:00:00,806579.00,382
1234,Customer 234 Inc,contact234@customer.com,LATAM,2025-12-06 00:00:00,255945.00,140
1235,Customer 235 Inc,contact235@customer.com,NA,2026-05-07 00:00:00,551876.00,160
1236,Customer 236 LLC,contact236@customer.com,LATAM,2026-01-22 00:00:00,754140.00,454
1237,Customer 237 LLC,contact237@customer.com,EU,2026-03-13 00:00:00,627493.00,368
1238,Customer 238 Corp,contact238@customer.com,NA,2026-05-25 00:00:00,876978.00,24
1239,Customer 239 Inc,contact239@customer.com,APAC,2025-11-07 00:00:00,160665.00,434
1240,Customer 240 LLC,contact240@customer.com,EU,2026-01-03 00:00:00,585243.00,248
1241,Customer 241 LLC,contact241@customer.com,APAC,2026-02-03 00:00:00,782552.00,225
1242,Customer 242 LLC,contact242@customer.com,NA,2026-06-10 00:00:00,998537.00,373
1243,Customer 243 Corp,contact243@customer.com,APAC,2025-12-02 00:00:00,265572.00,466
1244,Customer 244 LLC,contact244@customer.com,LATAM,2025-11-12 00:00:00,598755.00,476
1245,Customer 245 GmbH,contact245@customer.com,APAC,2025-12-18 00:00:00,50532.00,44
1246,Customer 246 Inc,contact246@customer.com,NA,2026-06-10 00:00:00,679280.00,106
1247,Customer 247 GmbH,contact247@customer.com,APAC,2026-01-28 00:00:00,461990.00,382
1248,Customer 248 GmbH,contact248@customer.com,NA,2026-07-19 00:00:00,256748.00,160
1249,Customer 249 LLC,contact249@customer.com,MEA,2025-10-09 00:00:00,505219.00,169
1250,Customer 250 LLC,contact250@customer.com,APAC,2026-01-03 00:00:00,745689.00,396
1251,Customer 251 Inc,contact251@customer.com,LATAM,2025-11-01 00:00:00,138695.00,247
1252,Customer 252 Inc,contact252@customer.com,NA,2025-09-02 00:00:00,551837.00,14
1253,Customer 253 LLC,contact253@customer.com,APAC,2026-02-05 00:00:00,471433.00,454
1254,Customer 254 LLC,contact254@customer.com,NA,2025-11-17 00:00:00,216572.00,434
1256,Customer 256 Corp,contact256@customer.com,EU,2025-09-30 00:00:00,62701.00,198
1257,Customer 257 LLC,contact257@customer.com,EU,2026-03-30 00:00:00,764400.00,491
1258,Customer 258 Ltd,contact258@customer.com,EU,2026-03-14 00:00:00,255925.00,398
1260,Customer 260 GmbH,contact260@customer.com,NA,2026-05-31 00:00:00,626744.00,374
1261,Customer 261 LLC,contact261@customer.com,NA,2025-12-24 00:00:00,966415.00,305
1262,Customer 262 GmbH,contact262@customer.com,EU,2026-06-21 00:00:00,851312.00,18
1263,Customer 263 Ltd,contact263@customer.com,APAC,2026-01-30 00:00:00,477776.00,392
1264,Customer 264 Inc,contact264@customer.com,EU,2026-05-31 00:00:00,652594.00,120
1265,Customer 265 GmbH,contact265@customer.com,MEA,2025-12-07 00:00:00,379516.00,398
1266,Customer 266 Inc,contact266@customer.com,LATAM,2026-07-07 00:00:00,859416.00,58
1267,Customer 267 GmbH,contact267@customer.com,MEA,2025-11-04 00:00:00,910558.00,375
1268,Customer 268 Ltd,contact268@customer.com,APAC,2025-09-02 00:00:00,804166.00,34
1269,Customer 269 Corp,contact269@customer.com,NA,2025-11-21 00:00:00,937723.00,368
1270,Customer 270 Inc,contact270@customer.com,EU,2026-07-09 00:00:00,160357.00,330
1271,Customer 271 Inc,contact271@customer.com,APAC,2026-04-15 00:00:00,294559.00,203
1272,Customer 272 LLC,contact272@customer.com,NA,2026-01-06 00:00:00,54790.00,65
1273,Customer 273 Corp,contact273@customer.com,NA,2025-11-08 00:00:00,598967.00,64
1274,Customer 274 Ltd,contact274@customer.com,EU,2025-08-17 00:00:00,714772.00,29
1275,Customer 275 LLC,contact275@customer.com,LATAM,2025-10-05 00:00:00,880237.00,392
1276,Customer 276 Inc,contact276@customer.com,LATAM,2025-08-31 00:00:00,369849.00,165
1277,Customer 277 Inc,contact277@customer.com,NA,2026-04-22 00:00:00,235980.00,296
1278,Customer 278 Corp,contact278@customer.com,EU,2025-11-09 00:00:00,145441.00,417
1280,Customer 280 Ltd,contact280@customer.com,APAC,2026-01-25 00:00:00,749487.00,146
1281,Customer 281 LLC,contact281@customer.com,APAC,2026-04-21 00:00:00,586593.00,139
1282,Customer 282 Ltd,contact282@customer.com,LATAM,2025-11-29 00:00:00,245953.00,44
1283,Customer 283 LLC,contact283@customer.com,EU,2025-11-11 00:00:00,342969.00,206
1284,Customer 284 GmbH,contact284@customer.com,NA,2025-09-27 00:00:00,1311.00,30
1285,Customer 285 Inc,contact285@customer.com,NA,2026-01-12 00:00:00,44677.00,151
1286,Customer 286 Inc,contact286@customer.com,APAC,2026-07-07 00:00:00,241900.00,49
1287,Customer 287 Corp,contact287@customer.com,NA,2025-12-25 00:00:00,718929.00,219
1288,Customer 288 Corp,contact288@customer.com,NA,2026-01-27 00:00:00,620084.00,142
1289,Customer 289 Ltd,contact289@customer.com,LATAM,2026-06-20 00:00:00,20297.00,151
1290,Customer 290 Corp,contact290@customer.com,EU,2026-03-15 00:00:00,719826.00,299
1291,Customer 291 GmbH,contact291@customer.com,NA,2026-04-28 00:00:00,692991.00,375
1292,Customer 292 Inc,contact292@customer.com,LATAM,2026-04-22 00:00:00,183771.00,220
1293,Customer 293 Corp,contact293@customer.com,EU,2025-12-02 00:00:00,903509.00,294
1294,Customer 294 GmbH,contact294@customer.com,EU,2026-05-04 00:00:00,397116.00,40
1296,Customer 296 LLC,contact296@customer.com,LATAM,2026-04-02 00:00:00,792792.00,117
1297,Customer 297 Inc,contact297@customer.com,APAC,2026-01-02 00:00:00,209244.00,44
1298,Customer 298 Ltd,contact298@customer.com,LATAM,2025-08-22 00:00:00,864220.00,80
1299,Customer 299 LLC,contact299@customer.com,APAC,2025-09-28 00:00:00,247134.00,75
1300,Customer 300 Inc,contact300@customer.com,LATAM,2025-10-28 00:00:00,655481.00,25
1301,Customer 301 Inc,contact301@customer.com,APAC,2025-10-16 00:00:00,48792.00,232
1302,Customer 302 Inc,contact302@customer.com,LATAM,2026-03-22 00:00:00,370645.00,133
1303,Customer 303 Ltd,contact303@customer.com,APAC,2026-02-21 00:00:00,970458.00,247
1304,Customer 304 Inc,contact304@customer.com,NA,2026-01-09 00:00:00,635315.00,327
1305,Customer 305 LLC,contact305@customer.com,APAC,2025-12-27 00:00:00,473699.00,37
1306,Customer 306 Ltd,contact306@customer.com,NA,2025-08-27 00:00:00,515854.00,315
1307,Customer 307 GmbH,contact307@customer.com,EU,2025-09-19 00:00:00,477483.00,455
1308,Customer 308 Inc,contact308@customer.com,MEA,2025-09-19 00:00:00,777246.00,334
1309,Customer 309 LLC,contact309@customer.com,APAC,2026-06-16 00:00:00,795936.00,492
1310,Customer 310 Ltd,contact310@customer.com,APAC,2025-10-02 00:00:00,475991.00,89
1311,Customer 311 GmbH,contact311@customer.com,MEA,2026-06-15 00:00:00,138153.00,263
1312,Customer 312 Ltd,contact312@customer.com,EU,2025-11-01 00:00:00,809315.00,350
1314,Customer 314 Corp,contact314@customer.com,EU,2026-01-30 00:00:00,256013.00,404
1315,Customer 315 Corp,contact315@customer.com,EU,2025-11-07 00:00:00,979237.00,40
1316,Customer 316 GmbH,contact316@customer.com,MEA,2025-10-17 00:00:00,493015.00,161
1317,Customer 317 Ltd,contact317@customer.com,EU,2025-10-22 00:00:00,737907.00,158
1318,Customer 318 Corp,contact318@customer.com,MEA,2025-08-24 00:00:00,337180.00,181
1319,Customer 319 Corp,contact319@customer.com,MEA,2026-05-09 00:00:00,229586.00,265
1320,Customer 320 LLC,contact320@customer.com,NA,2026-05-19 00:00:00,966433.00,354
1321,Customer 321 Ltd,contact321@customer.com,EU,2025-07-28 00:00:00,640329.00,434
1322,Customer 322 Ltd,contact322@customer.com,APAC,2025-12-06 00:00:00,662407.00,165
1323,Customer 323 Inc,contact323@customer.com,LATAM,2026-05-02 00:00:00,946999.00,88
1324,Customer 324 GmbH,contact324@customer.com,APAC,2025-10-28 00:00:00,196691.00,29
1325,Customer 325 GmbH,contact325@customer.com,NA,2026-02-21 00:00:00,167859.00,351
1326,Customer 326 Corp,contact326@customer.com,EU,2026-03-04 00:00:00,853552.00,304
1327,Customer 327 Inc,contact327@customer.com,APAC,2026-06-27 00:00:00,197905.00,70
1328,Customer 328 Ltd,contact328@customer.com,NA,2026-03-03 00:00:00,571277.00,198
1330,Customer 330 LLC,contact330@customer.com,MEA,2026-02-12 00:00:00,592430.00,260
1331,Customer 331 Ltd,contact331@customer.com,APAC,2026-07-20 00:00:00,85356.00,495
1332,Customer 332 LLC,contact332@customer.com,APAC,2026-04-11 00:00:00,805558.00,226
1333,Customer 333 Corp,contact333@customer.com,MEA,2026-06-03 00:00:00,968222.00,35
1335,Customer 335 Ltd,contact335@customer.com,APAC,2025-08-17 00:00:00,457928.00,324
1336,Customer 336 Corp,contact336@customer.com,MEA,2025-07-23 00:00:00,537616.00,189
1337,Customer 337 GmbH,contact337@customer.com,APAC,2026-02-03 00:00:00,142560.00,217
1338,Customer 338 LLC,contact338@customer.com,MEA,2026-01-17 00:00:00,403943.00,104
1339,Customer 339 GmbH,contact339@customer.com,EU,2025-10-26 00:00:00,165826.00,256
1340,Customer 340 Corp,contact340@customer.com,APAC,2026-02-20 00:00:00,597240.00,300
1341,Customer 341 Corp,contact341@customer.com,APAC,2026-06-25 00:00:00,535548.00,110
1342,Customer 342 LLC,contact342@customer.com,APAC,2026-06-21 00:00:00,646969.00,66
1343,Customer 343 Inc,contact343@customer.com,APAC,2026-04-23 00:00:00,111174.00,328
1344,Customer 344 Inc,contact344@customer.com,LATAM,2026-03-20 00:00:00,743769.00,128
1345,Customer 345 Inc,contact345@customer.com,EU,2025-09-18 00:00:00,240937.00,218
1346,Customer 346 Inc,contact346@customer.com,NA,2026-07-02 00:00:00,840895.00,28
1347,Customer 347 Inc,contact347@customer.com,LATAM,2026-03-18 00:00:00,117547.00,72
1348,Customer 348 GmbH,contact348@customer.com,MEA,2025-12-27 00:00:00,142532.00,79
1349,Customer 349 Corp,contact349@customer.com,MEA,2026-02-01 00:00:00,372995.00,248
1350,Customer 350 GmbH,contact350@customer.com,EU,2025-09-08 00:00:00,40766.00,486
1351,Customer 351 Corp,contact351@customer.com,EU,2025-11-21 00:00:00,588599.00,263
1352,Customer 352 Ltd,contact352@customer.com,APAC,2025-11-16 00:00:00,889384.00,429
1353,Customer 353 GmbH,contact353@customer.com,APAC,2025-12-29 00:00:00,367016.00,366
1354,Customer 354 Corp,contact354@customer.com,MEA,2025-09-21 00:00:00,56065.00,371
1355,Customer 355 Inc,contact355@customer.com,APAC,2026-04-16 00:00:00,793251.00,61
1356,Customer 356 Ltd,contact356@customer.com,LATAM,2025-08-23 00:00:00,835585.00,320
1357,Customer 357 Ltd,contact357@customer.com,LATAM,2026-06-23 00:00:00,236084.00,122
1358,Customer 358 Corp,contact358@customer.com,NA,2026-02-16 00:00:00,637904.00,39
1359,Customer 359 Ltd,contact359@customer.com,NA,2025-07-24 00:00:00,396574.00,482
1360,Customer 360 Ltd,contact360@customer.com,LATAM,2025-12-18 00:00:00,961593.00,249
1361,Customer 361 Ltd,contact361@customer.com,NA,2025-12-19 00:00:00,861611.00,290
1362,Customer 362 GmbH,contact362@customer.com,APAC,2026-06-11 00:00:00,233861.00,372
1363,Customer 363 LLC,contact363@customer.com,EU,2025-11-01 00:00:00,445384.00,250
1364,Customer 364 Inc,contact364@customer.com,APAC,2025-12-17 00:00:00,283718.00,485
1365,Customer 365 Inc,contact365@customer.com,LATAM,2025-12-04 00:00:00,915074.00,61
1366,Customer 366 Inc,contact366@customer.com,LATAM,2026-02-02 00:00:00,834562.00,193
1367,Customer 367 LLC,contact367@customer.com,LATAM,2025-12-19 00:00:00,330170.00,9
1368,Customer 368 Ltd,contact368@customer.com,LATAM,2025-11-11 00:00:00,679844.00,262
1369,Customer 369 Inc,contact369@customer.com,LATAM,2026-01-08 00:00:00,327600.00,153
1370,Customer 370 GmbH,contact370@customer.com,APAC,2026-03-25 00:00:00,248532.00,221
1371,Customer 371 GmbH,contact371@customer.com,APAC,2025-08-22 00:00:00,571055.00,473
1372,Customer 372 Ltd,contact372@customer.com,NA,2026-01-22 00:00:00,823424.00,35
1374,Customer 374 LLC,contact374@customer.com,NA,2026-04-28 00:00:00,688790.00,393
1375,Customer 375 Corp,contact375@customer.com,EU,2026-04-27 00:00:00,214616.00,193
1376,Customer 376 Ltd,contact376@customer.com,NA,2026-06-27 00:00:00,159773.00,272
1377,Customer 377 GmbH,contact377@customer.com,NA,2025-09-26 00:00:00,88392.00,391
1378,Customer 378 Corp,contact378@customer.com,MEA,2026-05-14 00:00:00,141553.00,56
1379,Customer 379 Inc,contact379@customer.com,APAC,2026-04-24 00:00:00,904862.00,201
1380,Customer 380 LLC,contact380@customer.com,MEA,2025-12-11 00:00:00,218105.00,13
1381,Customer 381 LLC,contact381@customer.com,EU,2026-05-11 00:00:00,142109.00,128
1382,Customer 382 LLC,contact382@customer.com,MEA,2025-11-04 00:00:00,227358.00,226
1383,Customer 383 GmbH,contact383@customer.com,MEA,2026-01-08 00:00:00,645563.00,361
1384,Customer 384 GmbH,contact384@customer.com,APAC,2025-07-29 00:00:00,120259.00,383
1385,Customer 385 Corp,contact385@customer.com,EU,2025-11-23 00:00:00,912518.00,298
1386,Customer 386 Ltd,contact386@customer.com,EU,2026-06-12 00:00:00,516940.00,158
1387,Customer 387 Inc,contact387@customer.com,APAC,2025-12-26 00:00:00,793955.00,184
1388,Customer 388 Inc,contact388@customer.com,NA,2026-07-09 00:00:00,620547.00,204
1389,Customer 389 Ltd,contact389@customer.com,LATAM,2026-04-21 00:00:00,75062.00,295
1390,Customer 390 LLC,contact390@customer.com,APAC,2026-04-12 00:00:00,832354.00,403
1391,Customer 391 Ltd,contact391@customer.com,EU,2025-08-15 00:00:00,527418.00,255
