1,Quantum Database Server Enterprise v2,Infrastructure,Starter,54999.9900,2181.5940,"Specs: Cores=118, RAM=504GB",Quantum Database Server Enterprise v2 Infrastructure Starter,886,32,0,2026-08-12 20:04:32.414884
2,Pro Services Solution 2,Services,Pro,61223.9900,36734.3940,"Specs: Cores=40, RAM=274GB",Pro Services Solution 2 Services Pro,974,44,0,2026-08-12 20:04:32.414884
3,Enterprise Security Solution 3,Security,Enterprise,89061.9900,53437.1940,"Specs: Cores=66, RAM=26GB",Enterprise Security Solution 3 Security Enterprise,134,24,0,2026-08-12 20:04:32.414884
4,Lite Cloud Solution 4,Cloud,Lite,59389.9900,35633.9940,"Specs: Cores=12, RAM=174GB",Lite Cloud Solution 4 Cloud Lite,16,30,0,2026-08-12 20:04:32.418957
5,Professional Software Solution 5,Software,Professional,42452.9900,25471.7940,"Specs: Cores=102, RAM=359GB",Professional Software Solution 5 Software Professional,910,27,0,2026-08-12 20:04:32.418957
6,Pro Development Solution 6,Development,Pro,41583.9900,24950.3940,"Specs: Cores=67, RAM=376GB",Pro Development Solution 6 Development Pro,653,24,0,2026-08-12 20:04:32.418957
7,Professional Monitoring Solution 7,Monitoring,Professional,44597.9900,26758.7940,"Specs: Cores=102, RAM=159GB",Professional Monitoring Solution 7 Monitoring Professional,256,41,0,2026-08-12 20:04:32.423033
8,Professional Software Solution 8,Software,Professional,70399.9900,42239.9940,"Specs: Cores=108, RAM=176GB",Professional Software Solution 8 Software Professional,987,21,0,2026-08-12 20:04:32.423033
9,Lite Services Solution 9,Services,Lite,56679.9900,34007.9940,"Specs: Cores=118, RAM=94GB",Lite Services Solution 9 Services Lite,186,19,0,2026-08-12 20:04:32.423033
10,Lite Analytics Solution 10,Analytics,Lite,46971.9900,28183.1940,"Specs: Cores=57, RAM=21GB",Lite Analytics Solution 10 Analytics Lite,318,45,0,2026-08-12 20:04:32.427108
11,Advanced Services Solution 11,Services,Advanced,90441.9900,54265.1940,"Specs: Cores=115, RAM=41GB",Advanced Services Solution 11 Services Advanced,518,43,0,2026-08-12 20:04:32.427108
12,Lite Analytics Solution 12,Analytics,Lite,41813.9900,25088.3940,"Specs: Cores=9, RAM=139GB",Lite Analytics Solution 12 Analytics Lite,355,49,0,2026-08-12 20:04:32.427108
13,Ultimate Hardware Solution 13,Hardware,Ultimate,63202.9900,37921.7940,"Specs: Cores=73, RAM=302GB",Ultimate Hardware Solution 13 Hardware Ultimate,74,45,0,2026-08-12 20:04:32.431188
14,Professional Cloud Solution 14,Cloud,Professional,20952.9900,12571.7940,"Specs: Cores=0, RAM=306GB",Professional Cloud Solution 14 Cloud Professional,382,37,0,2026-08-12 20:04:32.431188
15,Enterprise Software Solution 15,Software,Enterprise,87604.9900,52562.9940,"Specs: Cores=53, RAM=109GB",Enterprise Software Solution 15 Software Enterprise,651,46,0,2026-08-12 20:04:32.431188
16,Standard Software Solution 16,Software,Standard,14584.9900,8750.9940,"Specs: Cores=90, RAM=51GB",Standard Software Solution 16 Software Standard,865,55,0,2026-08-12 20:04:32.431188
17,Professional Hardware Solution 17,Hardware,Professional,83545.9900,50127.5940,"Specs: Cores=3, RAM=430GB",Professional Hardware Solution 17 Hardware Professional,371,18,0,2026-08-12 20:04:32.435269
18,Ultimate Services Solution 18,Services,Ultimate,93248.9900,55949.3940,"Specs: Cores=91, RAM=305GB",Ultimate Services Solution 18 Services Ultimate,375,51,0,2026-08-12 20:04:32.435269
19,Starter Infrastructure Solution 19,Infrastructure,Starter,41564.9900,24938.9940,"Specs: Cores=106, RAM=196GB",Starter Infrastructure Solution 19 Infrastructure Starter,694,11,0,2026-08-12 20:04:32.435269
20,Professional Development Solution 20,Development,Professional,6162.9900,3697.7940,"Specs: Cores=53, RAM=417GB",Professional Development Solution 20 Development Professional,892,53,0,2026-08-12 20:04:32.439341
21,Enterprise Storage Solution 21,Storage,Enterprise,31725.9900,19035.5940,"Specs: Cores=35, RAM=343GB",Enterprise Storage Solution 21 Storage Enterprise,632,50,0,2026-08-12 20:04:32.439341
22,Ultimate Analytics Solution 22,Analytics,Ultimate,56850.9900,34110.5940,"Specs: Cores=55, RAM=117GB",Ultimate Analytics Solution 22 Analytics Ultimate,961,47,0,2026-08-12 20:04:32.439341
23,Standard Hardware Solution 23,Hardware,Standard,12011.9900,7207.1940,"Specs: Cores=64, RAM=125GB",Standard Hardware Solution 23 Hardware Standard,502,41,0,2026-08-12 20:04:32.443422
24,Ultimate Analytics Solution 24,Analytics,Ultimate,47215.9900,28329.5940,"Specs: Cores=33, RAM=344GB",Ultimate Analytics Solution 24 Analytics Ultimate,945,35,0,2026-08-12 20:04:32.443422
25,Advanced Development Solution 25,Development,Advanced,60931.9900,36559.1940,"Specs: Cores=76, RAM=279GB",Advanced Development Solution 25 Development Advanced,852,59,0,2026-08-12 20:04:32.443422
26,Starter Cloud Solution 26,Cloud,Starter,29171.9900,17503.1940,"Specs: Cores=30, RAM=451GB",Starter Cloud Solution 26 Cloud Starter,787,13,0,2026-08-12 20:04:32.447491
27,Professional Services Solution 27,Services,Professional,3298.9900,1979.3940,"Specs: Cores=95, RAM=330GB",Professional Services Solution 27 Services Professional,869,23,0,2026-08-12 20:04:32.447491
28,Ultimate Software Solution 28,Software,Ultimate,96716.9900,58030.1940,"Specs: Cores=6, RAM=40GB",Ultimate Software Solution 28 Software Ultimate,166,15,0,2026-08-12 20:04:32.447491
29,Standard Cloud Solution 29,Cloud,Standard,7878.9900,4727.3940,"Specs: Cores=72, RAM=129GB",Standard Cloud Solution 29 Cloud Standard,877,50,0,2026-08-12 20:04:32.451565
30,Advanced Storage Solution 30,Storage,Advanced,48644.9900,29186.9940,"Specs: Cores=106, RAM=121GB",Advanced Storage Solution 30 Storage Advanced,137,45,0,2026-08-12 20:04:32.451565
31,Pro Infrastructure Solution 31,Infrastructure,Pro,90981.9900,54589.1940,"Specs: Cores=18, RAM=164GB",Pro Infrastructure Solution 31 Infrastructure Pro,570,12,0,2026-08-12 20:04:32.455644
32,Lite Infrastructure Solution 32,Infrastructure,Lite,97688.9900,58613.3940,"Specs: Cores=121, RAM=207GB",Lite Infrastructure Solution 32 Infrastructure Lite,43,11,0,2026-08-12 20:04:32.455644
33,Premium Storage Solution 33,Storage,Premium,9136.9900,5482.1940,"Specs: Cores=50, RAM=264GB",Premium Storage Solution 33 Storage Premium,511,59,0,2026-08-12 20:04:32.455644
34,Premium Analytics Solution 34,Analytics,Premium,32734.9900,19640.9940,"Specs: Cores=57, RAM=23GB",Premium Analytics Solution 34 Analytics Premium,992,26,0,2026-08-12 20:04:32.459728
35,Pro Development Solution 35,Development,Pro,13691.9900,8215.1940,"Specs: Cores=106, RAM=282GB",Pro Development Solution 35 Development Pro,610,13,0,2026-08-12 20:04:32.459728
36,Premium Cloud Solution 36,Cloud,Premium,47980.9900,28788.5940,"Specs: Cores=40, RAM=510GB",Premium Cloud Solution 36 Cloud Premium,533,48,0,2026-08-12 20:04:32.463852
37,Advanced Analytics Solution 37,Analytics,Advanced,4160.9900,2496.5940,"Specs: Cores=48, RAM=166GB",Advanced Analytics Solution 37 Analytics Advanced,970,40,0,2026-08-12 20:04:32.463852
38,Starter Infrastructure Solution 38,Infrastructure,Starter,74153.9900,44492.3940,"Specs: Cores=64, RAM=259GB",Starter Infrastructure Solution 38 Infrastructure Starter,654,34,0,2026-08-12 20:04:32.467927
39,Basic Services Solution 39,Services,Basic,36868.9900,22121.3940,"Specs: Cores=118, RAM=327GB",Basic Services Solution 39 Services Basic,500,44,0,2026-08-12 20:04:32.467927
40,Basic Software Solution 40,Software,Basic,94993.9900,56996.3940,"Specs: Cores=10, RAM=56GB",Basic Software Solution 40 Software Basic,418,27,0,2026-08-12 20:04:32.472009
41,Professional Software Solution 41,Software,Professional,75812.9900,45487.7940,"Specs: Cores=51, RAM=161GB",Professional Software Solution 41 Software Professional,841,18,0,2026-08-12 20:04:32.472009
42,Lite Development Solution 42,Development,Lite,95767.9900,57460.7940,"Specs: Cores=100, RAM=271GB",Lite Development Solution 42 Development Lite,462,24,0,2026-08-12 20:04:32.472009
43,Enterprise Cloud Solution 43,Cloud,Enterprise,57373.9900,34424.3940,"Specs: Cores=83, RAM=502GB",Enterprise Cloud Solution 43 Cloud Enterprise,900,41,0,2026-08-12 20:04:32.476093
44,Ultimate Development Solution 44,Development,Ultimate,15801.9900,9481.1940,"Specs: Cores=51, RAM=404GB",Ultimate Development Solution 44 Development Ultimate,923,20,0,2026-08-12 20:04:32.476093
45,Enterprise Infrastructure Solution 45,Infrastructure,Enterprise,50759.9900,30455.9940,"Specs: Cores=8, RAM=489GB",Enterprise Infrastructure Solution 45 Infrastructure Enterprise,580,38,0,2026-08-12 20:04:32.480177
46,Advanced Cloud Solution 46,Cloud,Advanced,38428.9900,23057.3940,"Specs: Cores=39, RAM=506GB",Advanced Cloud Solution 46 Cloud Advanced,321,47,0,2026-08-12 20:04:32.480177
47,Standard Infrastructure Solution 47,Infrastructure,Standard,79863.9900,47918.3940,"Specs: Cores=22, RAM=511GB",Standard Infrastructure Solution 47 Infrastructure Standard,829,30,0,2026-08-12 20:04:32.480177
48,Standard Monitoring Solution 48,Monitoring,Standard,11785.9900,7071.5940,"Specs: Cores=64, RAM=47GB",Standard Monitoring Solution 48 Monitoring Standard,736,55,0,2026-08-12 20:04:32.484256
49,Basic Storage Solution 49,Storage,Basic,98484.9900,59090.9940,"Specs: Cores=18, RAM=123GB",Basic Storage Solution 49 Storage Basic,742,32,0,2026-08-12 20:04:32.484256
50,Professional Cloud Solution 50,Cloud,Professional,78319.9900,46991.9940,"Specs: Cores=1, RAM=234GB",Professional Cloud Solution 50 Cloud Professional,231,50,0,2026-08-12 20:04:32.488329
51,Ultimate Development Solution 51,Development,Ultimate,32055.9900,19233.5940,"Specs: Cores=75, RAM=449GB",Ultimate Development Solution 51 Development Ultimate,307,49,0,2026-08-12 20:04:32.488329
52,Pro Software Solution 52,Software,Pro,86731.9900,52039.1940,"Specs: Cores=62, RAM=478GB",Pro Software Solution 52 Software Pro,888,53,0,2026-08-12 20:04:32.488329
53,Enterprise Monitoring Solution 53,Monitoring,Enterprise,24008.9900,14405.3940,"Specs: Cores=5, RAM=393GB",Enterprise Monitoring Solution 53 Monitoring Enterprise,554,28,0,2026-08-12 20:04:32.492407
54,Advanced Infrastructure Solution 54,Infrastructure,Advanced,5677.9900,3406.7940,"Specs: Cores=76, RAM=253GB",Advanced Infrastructure Solution 54 Infrastructure Advanced,95,43,0,2026-08-12 20:04:32.492407
55,Professional Security Solution 55,Security,Professional,9496.9900,5698.1940,"Specs: Cores=57, RAM=265GB",Professional Security Solution 55 Security Professional,961,25,0,2026-08-12 20:04:32.492407
56,Premium Services Solution 56,Services,Premium,67708.9900,40625.3940,"Specs: Cores=67, RAM=87GB",Premium Services Solution 56 Services Premium,933,19,0,2026-08-12 20:04:32.496486
57,Basic Software Solution 57,Software,Basic,49047.9900,29428.7940,"Specs: Cores=119, RAM=420GB",Basic Software Solution 57 Software Basic,140,26,0,2026-08-12 20:04:32.496486
58,Ultimate Storage Solution 58,Storage,Ultimate,24425.9900,14655.5940,"Specs: Cores=94, RAM=106GB",Ultimate Storage Solution 58 Storage Ultimate,679,43,0,2026-08-12 20:04:32.496486
59,Starter Software Solution 59,Software,Starter,29404.9900,17642.9940,"Specs: Cores=120, RAM=333GB",Starter Software Solution 59 Software Starter,754,41,0,2026-08-12 20:04:32.500563
60,Ultimate Storage Solution 60,Storage,Ultimate,15681.9900,9409.1940,"Specs: Cores=90, RAM=453GB",Ultimate Storage Solution 60 Storage Ultimate,799,46,0,2026-08-12 20:04:32.500563
61,Lite Security Solution 61,Security,Lite,49259.9900,29555.9940,"Specs: Cores=41, RAM=208GB",Lite Security Solution 61 Security Lite,588,35,0,2026-08-12 20:04:32.500563
62,Starter Hardware Solution 62,Hardware,Starter,25938.9900,15563.3940,"Specs: Cores=26, RAM=14GB",Starter Hardware Solution 62 Hardware Starter,967,52,0,2026-08-12 20:04:32.504640
63,Advanced Monitoring Solution 63,Monitoring,Advanced,40084.9900,24050.9940,"Specs: Cores=124, RAM=295GB",Advanced Monitoring Solution 63 Monitoring Advanced,76,41,0,2026-08-12 20:04:32.504640
64,Pro Development Solution 64,Development,Pro,57162.9900,34297.7940,"Specs: Cores=103, RAM=464GB",Pro Development Solution 64 Development Pro,174,41,0,2026-08-12 20:04:32.504640
65,Enterprise Infrastructure Solution 65,Infrastructure,Enterprise,46265.9900,27759.5940,"Specs: Cores=87, RAM=215GB",Enterprise Infrastructure Solution 65 Infrastructure Enterprise,72,59,0,2026-08-12 20:04:32.508716
66,Starter Software Solution 66,Software,Starter,72468.9900,43481.3940,"Specs: Cores=64, RAM=483GB",Starter Software Solution 66 Software Starter,805,31,0,2026-08-12 20:04:32.508716
67,Starter Hardware Solution 67,Hardware,Starter,68865.9900,41319.5940,"Specs: Cores=0, RAM=47GB",Starter Hardware Solution 67 Hardware Starter,699,43,0,2026-08-12 20:04:32.508716
68,Basic Hardware Solution 68,Hardware,Basic,30240.9900,18144.5940,"Specs: Cores=6, RAM=59GB",Basic Hardware Solution 68 Hardware Basic,253,22,0,2026-08-12 20:04:32.512763
69,Ultimate Software Solution 69,Software,Ultimate,70883.9900,42530.3940,"Specs: Cores=14, RAM=39GB",Ultimate Software Solution 69 Software Ultimate,886,58,0,2026-08-12 20:04:32.512763
70,Lite Infrastructure Solution 70,Infrastructure,Lite,47394.9900,28436.9940,"Specs: Cores=67, RAM=238GB",Lite Infrastructure Solution 70 Infrastructure Lite,930,31,0,2026-08-12 20:04:32.512763
71,Advanced Security Solution 71,Security,Advanced,2448.9900,1469.3940,"Specs: Cores=31, RAM=166GB",Advanced Security Solution 71 Security Advanced,965,28,0,2026-08-12 20:04:32.516848
72,Pro Storage Solution 72,Storage,Pro,89695.9900,53817.5940,"Specs: Cores=113, RAM=420GB",Pro Storage Solution 72 Storage Pro,835,37,0,2026-08-12 20:04:32.516848
73,Starter Storage Solution 73,Storage,Starter,84667.9900,50800.7940,"Specs: Cores=52, RAM=478GB",Starter Storage Solution 73 Storage Starter,296,35,0,2026-08-12 20:04:32.516848
74,Starter Software Solution 74,Software,Starter,68395.9900,41037.5940,"Specs: Cores=57, RAM=192GB",Starter Software Solution 74 Software Starter,105,18,0,2026-08-12 20:04:32.516848
75,Lite Security Solution 75,Security,Lite,83862.9900,50317.7940,"Specs: Cores=47, RAM=493GB",Lite Security Solution 75 Security Lite,49,41,0,2026-08-12 20:04:32.520922
76,Pro Security Solution 76,Security,Pro,14628.9900,8777.3940,"Specs: Cores=105, RAM=377GB",Pro Security Solution 76 Security Pro,241,19,0,2026-08-12 20:04:32.520922
77,Starter Infrastructure Solution 77,Infrastructure,Starter,55726.9900,33436.1940,"Specs: Cores=92, RAM=324GB",Starter Infrastructure Solution 77 Infrastructure Starter,710,43,0,2026-08-12 20:04:32.520922
78,Standard Hardware Solution 78,Hardware,Standard,32908.9900,19745.3940,"Specs: Cores=29, RAM=335GB",Standard Hardware Solution 78 Hardware Standard,276,27,0,2026-08-12 20:04:32.524995
79,Lite Services Solution 79,Services,Lite,92589.9900,55553.9940,"Specs: Cores=111, RAM=139GB",Lite Services Solution 79 Services Lite,802,54,0,2026-08-12 20:04:32.524995
80,Starter Infrastructure Solution 80,Infrastructure,Starter,90854.9900,54512.9940,"Specs: Cores=8, RAM=161GB",Starter Infrastructure Solution 80 Infrastructure Starter,653,14,0,2026-08-12 20:04:32.524995
81,Pro Hardware Solution 81,Hardware,Pro,91364.9900,54818.9940,"Specs: Cores=82, RAM=206GB",Pro Hardware Solution 81 Hardware Pro,771,48,0,2026-08-12 20:04:32.529068
82,Basic Software Solution 82,Software,Basic,13929.9900,8357.9940,"Specs: Cores=70, RAM=316GB",Basic Software Solution 82 Software Basic,538,46,0,2026-08-12 20:04:32.529068
83,Premium Services Solution 83,Services,Premium,82348.9900,49409.3940,"Specs: Cores=26, RAM=324GB",Premium Services Solution 83 Services Premium,994,49,0,2026-08-12 20:04:32.533149
84,Premium Services Solution 84,Services,Premium,17652.9900,10591.7940,"Specs: Cores=54, RAM=476GB",Premium Services Solution 84 Services Premium,631,16,0,2026-08-12 20:04:32.533149
85,Enterprise Security Solution 85,Security,Enterprise,91454.9900,54872.9940,"Specs: Cores=89, RAM=133GB",Enterprise Security Solution 85 Security Enterprise,594,32,0,2026-08-12 20:04:32.533149
86,Premium Storage Solution 86,Storage,Premium,18701.9900,11221.1940,"Specs: Cores=93, RAM=270GB",Premium Storage Solution 86 Storage Premium,758,52,0,2026-08-12 20:04:32.537227
87,Professional Hardware Solution 87,Hardware,Professional,85572.9900,51343.7940,"Specs: Cores=20, RAM=192GB",Professional Hardware Solution 87 Hardware Professional,28,52,0,2026-08-12 20:04:32.537227
88,Ultimate Security Solution 88,Security,Ultimate,18122.9900,10873.7940,"Specs: Cores=72, RAM=505GB",Ultimate Security Solution 88 Security Ultimate,744,28,0,2026-08-12 20:04:32.537227
89,Premium Cloud Solution 89,Cloud,Premium,67595.9900,40557.5940,"Specs: Cores=125, RAM=232GB",Premium Cloud Solution 89 Cloud Premium,290,18,0,2026-08-12 20:04:32.541311
90,Starter Infrastructure Solution 90,Infrastructure,Starter,38415.9900,23049.5940,"Specs: Cores=32, RAM=62GB",Starter Infrastructure Solution 90 Infrastructure Starter,366,48,0,2026-08-12 20:04:32.541311
91,Starter Cloud Solution 91,Cloud,Starter,31092.9900,18655.7940,"Specs: Cores=108, RAM=184GB",Starter Cloud Solution 91 Cloud Starter,238,56,0,2026-08-12 20:04:32.541311
92,Pro Software Solution 92,Software,Pro,69385.9900,41631.5940,"Specs: Cores=83, RAM=144GB",Pro Software Solution 92 Software Pro,714,22,0,2026-08-12 20:04:32.545390
93,Advanced Analytics Solution 93,Analytics,Advanced,96200.9900,57720.5940,"Specs: Cores=126, RAM=100GB",Advanced Analytics Solution 93 Analytics Advanced,889,42,0,2026-08-12 20:04:32.545390
94,Advanced Hardware Solution 94,Hardware,Advanced,76973.9900,46184.3940,"Specs: Cores=40, RAM=330GB",Advanced Hardware Solution 94 Hardware Advanced,945,24,0,2026-08-12 20:04:32.545390
95,Professional Monitoring Solution 95,Monitoring,Professional,58907.9900,35344.7940,"Specs: Cores=62, RAM=465GB",Professional Monitoring Solution 95 Monitoring Professional,315,16,0,2026-08-12 20:04:32.549468
96,Premium Storage Solution 96,Storage,Premium,60786.9900,36472.1940,"Specs: Cores=93, RAM=409GB",Premium Storage Solution 96 Storage Premium,638,21,0,2026-08-12 20:04:32.549468
97,Enterprise Software Solution 97,Software,Enterprise,20317.9900,12190.7940,"Specs: Cores=10, RAM=416GB",Enterprise Software Solution 97 Software Enterprise,324,11,0,2026-08-12 20:04:32.549468
98,Ultimate Monitoring Solution 98,Monitoring,Ultimate,53621.9900,32173.1940,"Specs: Cores=12, RAM=415GB",Ultimate Monitoring Solution 98 Monitoring Ultimate,118,13,0,2026-08-12 20:04:32.553545
99,Basic Services Solution 99,Services,Basic,57562.9900,34537.7940,"Specs: Cores=54, RAM=350GB",Basic Services Solution 99 Services Basic,103,27,0,2026-08-12 20:04:32.553545
100,Professional Software Solution 100,Software,Professional,31480.9900,18888.5940,"Specs: Cores=108, RAM=406GB",Professional Software Solution 100 Software Professional,822,31,0,2026-08-12 20:04:32.553545
101,Standard Development Solution 101,Development,Standard,57221.9900,34333.1940,"Specs: Cores=51, RAM=87GB",Standard Development Solution 101 Development Standard,664,44,0,2026-08-12 20:04:32.557623
102,Enterprise Services Solution 102,Services,Enterprise,57878.9900,34727.3940,"Specs: Cores=10, RAM=460GB",Enterprise Services Solution 102 Services Enterprise,46,15,0,2026-08-12 20:04:32.557623
103,Lite Software Solution 103,Software,Lite,84941.9900,50965.1940,"Specs: Cores=65, RAM=271GB",Lite Software Solution 103 Software Lite,970,39,0,2026-08-12 20:04:32.557623
104,Enterprise Security Solution 104,Security,Enterprise,95378.9900,57227.3940,"Specs: Cores=99, RAM=40GB",Enterprise Security Solution 104 Security Enterprise,15,17,0,2026-08-12 20:04:32.561695
105,Enterprise Analytics Solution 105,Analytics,Enterprise,61546.9900,36928.1940,"Specs: Cores=43, RAM=330GB",Enterprise Analytics Solution 105 Analytics Enterprise,260,10,0,2026-08-12 20:04:32.561695
106,Enterprise Services Solution 106,Services,Enterprise,91278.9900,54767.3940,"Specs: Cores=127, RAM=20GB",Enterprise Services Solution 106 Services Enterprise,807,41,0,2026-08-12 20:04:32.565856
107,Starter Software Solution 107,Software,Starter,10625.9900,6375.5940,"Specs: Cores=74, RAM=180GB",Starter Software Solution 107 Software Starter,454,24,0,2026-08-12 20:04:32.565856
108,Advanced Infrastructure Solution 108,Infrastructure,Advanced,89151.9900,53491.1940,"Specs: Cores=114, RAM=8GB",Advanced Infrastructure Solution 108 Infrastructure Advanced,229,35,0,2026-08-12 20:04:32.565856
109,Premium Storage Solution 109,Storage,Premium,46188.9900,27713.3940,"Specs: Cores=22, RAM=448GB",Premium Storage Solution 109 Storage Premium,414,24,0,2026-08-12 20:04:32.569943
110,Basic Services Solution 110,Services,Basic,518.9900,311.3940,"Specs: Cores=113, RAM=317GB",Basic Services Solution 110 Services Basic,568,25,0,2026-08-12 20:04:32.569943
111,Ultimate Services Solution 111,Services,Ultimate,77143.9900,46286.3940,"Specs: Cores=29, RAM=108GB",Ultimate Services Solution 111 Services Ultimate,16,29,0,2026-08-12 20:04:32.569943
112,Basic Storage Solution 112,Storage,Basic,29329.9900,17597.9940,"Specs: Cores=109, RAM=119GB",Basic Storage Solution 112 Storage Basic,436,29,0,2026-08-12 20:04:32.574034
113,Standard Analytics Solution 113,Analytics,Standard,8158.9900,4895.3940,"Specs: Cores=61, RAM=91GB",Standard Analytics Solution 113 Analytics Standard,402,24,0,2026-08-12 20:04:32.574034
114,Ultimate Monitoring Solution 114,Monitoring,Ultimate,89263.9900,53558.3940,"Specs: Cores=96, RAM=234GB",Ultimate Monitoring Solution 114 Monitoring Ultimate,422,58,0,2026-08-12 20:04:32.578119
115,Professional Software Solution 115,Software,Professional,62819.9900,37691.9940,"Specs: Cores=29, RAM=482GB",Professional Software Solution 115 Software Professional,572,48,0,2026-08-12 20:04:32.578119
116,Basic Services Solution 116,Services,Basic,94719.9900,56831.9940,"Specs: Cores=79, RAM=118GB",Basic Services Solution 116 Services Basic,766,48,0,2026-08-12 20:04:32.582192
117,Pro Analytics Solution 117,Analytics,Pro,43984.9900,26390.9940,"Specs: Cores=106, RAM=307GB",Pro Analytics Solution 117 Analytics Pro,823,41,0,2026-08-12 20:04:32.582192
118,Pro Analytics Solution 118,Analytics,Pro,43671.9900,26203.1940,"Specs: Cores=36, RAM=77GB",Pro Analytics Solution 118 Analytics Pro,293,56,0,2026-08-12 20:04:32.582192
119,Starter Infrastructure Solution 119,Infrastructure,Starter,16814.9900,10088.9940,"Specs: Cores=33, RAM=40GB",Starter Infrastructure Solution 119 Infrastructure Starter,356,14,0,2026-08-12 20:04:32.586269
120,Enterprise Cloud Solution 120,Cloud,Enterprise,82768.9900,49661.3940,"Specs: Cores=65, RAM=431GB",Enterprise Cloud Solution 120 Cloud Enterprise,787,46,0,2026-08-12 20:04:32.586269
121,Advanced Storage Solution 121,Storage,Advanced,6458.9900,3875.3940,"Specs: Cores=95, RAM=116GB",Advanced Storage Solution 121 Storage Advanced,702,12,0,2026-08-12 20:04:32.586269
122,Ultimate Analytics Solution 122,Analytics,Ultimate,81295.9900,48777.5940,"Specs: Cores=105, RAM=179GB",Ultimate Analytics Solution 122 Analytics Ultimate,898,39,0,2026-08-12 20:04:32.590346
123,Starter Analytics Solution 123,Analytics,Starter,29350.9900,17610.5940,"Specs: Cores=36, RAM=159GB",Starter Analytics Solution 123 Analytics Starter,250,38,0,2026-08-12 20:04:32.590346
124,Advanced Services Solution 124,Services,Advanced,81192.9900,48715.7940,"Specs: Cores=57, RAM=377GB",Advanced Services Solution 124 Services Advanced,141,43,0,2026-08-12 20:04:32.590346
125,Enterprise Infrastructure Solution 125,Infrastructure,Enterprise,5243.9900,3146.3940,"Specs: Cores=2, RAM=120GB",Enterprise Infrastructure Solution 125 Infrastructure Enterprise,742,26,0,2026-08-12 20:04:32.594424
126,Professional Storage Solution 126,Storage,Professional,54644.9900,32786.9940,"Specs: Cores=107, RAM=163GB",Professional Storage Solution 126 Storage Professional,917,48,0,2026-08-12 20:04:32.594424
127,Basic Storage Solution 127,Storage,Basic,72246.9900,43348.1940,"Specs: Cores=20, RAM=80GB",Basic Storage Solution 127 Storage Basic,739,48,0,2026-08-12 20:04:32.594424
128,Starter Services Solution 128,Services,Starter,25638.9900,15383.3940,"Specs: Cores=45, RAM=461GB",Starter Services Solution 128 Services Starter,690,11,0,2026-08-12 20:04:32.598502
129,Starter Software Solution 129,Software,Starter,22905.9900,13743.5940,"Specs: Cores=116, RAM=463GB",Starter Software Solution 129 Software Starter,671,34,0,2026-08-12 20:04:32.598502
130,Professional Monitoring Solution 130,Monitoring,Professional,29825.9900,17895.5940,"Specs: Cores=85, RAM=205GB",Professional Monitoring Solution 130 Monitoring Professional,263,18,0,2026-08-12 20:04:32.598502
131,Pro Security Solution 131,Security,Pro,13845.9900,8307.5940,"Specs: Cores=0, RAM=126GB",Pro Security Solution 131 Security Pro,70,46,0,2026-08-12 20:04:32.602580
132,Lite Security Solution 132,Security,Lite,92301.9900,55381.1940,"Specs: Cores=102, RAM=24GB",Lite Security Solution 132 Security Lite,52,22,0,2026-08-12 20:04:32.602580
133,Enterprise Development Solution 133,Development,Enterprise,51140.9900,30684.5940,"Specs: Cores=111, RAM=326GB",Enterprise Development Solution 133 Development Enterprise,327,20,0,2026-08-12 20:04:32.606654
134,Professional Analytics Solution 134,Analytics,Professional,5011.9900,3007.1940,"Specs: Cores=106, RAM=293GB",Professional Analytics Solution 134 Analytics Professional,802,27,0,2026-08-12 20:04:32.606654
135,Starter Services Solution 135,Services,Starter,9608.9900,5765.3940,"Specs: Cores=10, RAM=244GB",Starter Services Solution 135 Services Starter,544,51,0,2026-08-12 20:04:32.606654
136,Enterprise Hardware Solution 136,Hardware,Enterprise,67661.9900,40597.1940,"Specs: Cores=94, RAM=286GB",Enterprise Hardware Solution 136 Hardware Enterprise,324,26,0,2026-08-12 20:04:32.610737
137,Basic Security Solution 137,Security,Basic,82855.9900,49713.5940,"Specs: Cores=64, RAM=442GB",Basic Security Solution 137 Security Basic,116,26,0,2026-08-12 20:04:32.610737
138,Advanced Analytics Solution 138,Analytics,Advanced,39048.9900,23429.3940,"Specs: Cores=34, RAM=491GB",Advanced Analytics Solution 138 Analytics Advanced,160,35,0,2026-08-12 20:04:32.610737
139,Lite Security Solution 139,Security,Lite,73213.9900,43928.3940,"Specs: Cores=85, RAM=417GB",Lite Security Solution 139 Security Lite,993,19,0,2026-08-12 20:04:32.614815
140,Starter Monitoring Solution 140,Monitoring,Starter,2771.9900,1663.1940,"Specs: Cores=15, RAM=338GB",Starter Monitoring Solution 140 Monitoring Starter,869,16,0,2026-08-12 20:04:32.614815
141,Advanced Analytics Solution 141,Analytics,Advanced,78695.9900,47217.5940,"Specs: Cores=101, RAM=42GB",Advanced Analytics Solution 141 Analytics Advanced,279,19,0,2026-08-12 20:04:32.614815
142,Ultimate Development Solution 142,Development,Ultimate,92630.9900,55578.5940,"Specs: Cores=40, RAM=92GB",Ultimate Development Solution 142 Development Ultimate,554,41,0,2026-08-12 20:04:32.618895
143,Advanced Services Solution 143,Services,Advanced,23166.9900,13900.1940,"Specs: Cores=96, RAM=159GB",Advanced Services Solution 143 Services Advanced,742,47,0,2026-08-12 20:04:32.618895
144,Starter Development Solution 144,Development,Starter,85841.9900,51505.1940,"Specs: Cores=60, RAM=310GB",Starter Development Solution 144 Development Starter,914,58,0,2026-08-12 20:04:32.618895
145,Enterprise Security Solution 145,Security,Enterprise,31162.9900,18697.7940,"Specs: Cores=56, RAM=406GB",Enterprise Security Solution 145 Security Enterprise,173,53,0,2026-08-12 20:04:32.622978
146,Lite Infrastructure Solution 146,Infrastructure,Lite,75978.9900,45587.3940,"Specs: Cores=8, RAM=337GB",Lite Infrastructure Solution 146 Infrastructure Lite,911,46,0,2026-08-12 20:04:32.622978
147,Pro Storage Solution 147,Storage,Pro,88234.9900,52940.9940,"Specs: Cores=120, RAM=157GB",Pro Storage Solution 147 Storage Pro,811,27,0,2026-08-12 20:04:32.622978
148,Advanced Security Solution 148,Security,Advanced,80048.9900,48029.3940,"Specs: Cores=111, RAM=66GB",Advanced Security Solution 148 Security Advanced,642,33,0,2026-08-12 20:04:32.627059
149,Professional Analytics Solution 149,Analytics,Professional,50111.9900,30067.1940,"Specs: Cores=80, RAM=181GB",Professional Analytics Solution 149 Analytics Professional,344,11,0,2026-08-12 20:04:32.627059
150,Pro Cloud Solution 150,Cloud,Pro,92915.9900,55749.5940,"Specs: Cores=77, RAM=181GB",Pro Cloud Solution 150 Cloud Pro,920,32,0,2026-08-12 20:04:32.627059
151,Pro Hardware Solution 151,Hardware,Pro,34728.9900,20837.3940,"Specs: Cores=82, RAM=126GB",Pro Hardware Solution 151 Hardware Pro,932,48,0,2026-08-12 20:04:32.631137
152,Starter Cloud Solution 152,Cloud,Starter,53452.9900,32071.7940,"Specs: Cores=36, RAM=348GB",Starter Cloud Solution 152 Cloud Starter,627,35,0,2026-08-12 20:04:32.631137
153,Ultimate Development Solution 153,Development,Ultimate,12322.9900,7393.7940,"Specs: Cores=38, RAM=354GB",Ultimate Development Solution 153 Development Ultimate,312,19,0,2026-08-12 20:04:32.631137
154,Enterprise Storage Solution 154,Storage,Enterprise,57530.9900,34518.5940,"Specs: Cores=21, RAM=133GB",Enterprise Storage Solution 154 Storage Enterprise,668,58,0,2026-08-12 20:04:32.635220
155,Advanced Security Solution 155,Security,Advanced,36013.9900,21608.3940,"Specs: Cores=116, RAM=73GB",Advanced Security Solution 155 Security Advanced,343,41,0,2026-08-12 20:04:32.635220
156,Professional Monitoring Solution 156,Monitoring,Professional,30274.9900,18164.9940,"Specs: Cores=2, RAM=337GB",Professional Monitoring Solution 156 Monitoring Professional,897,44,0,2026-08-12 20:04:32.635220
157,Starter Security Solution 157,Security,Starter,34086.9900,20452.1940,"Specs: Cores=57, RAM=261GB",Starter Security Solution 157 Security Starter,886,18,0,2026-08-12 20:04:32.639305
158,Pro Storage Solution 158,Storage,Pro,83765.9900,50259.5940,"Specs: Cores=51, RAM=111GB",Pro Storage Solution 158 Storage Pro,869,11,0,2026-08-12 20:04:32.639305
159,Professional Software Solution 159,Software,Professional,47627.9900,28576.7940,"Specs: Cores=115, RAM=85GB",Professional Software Solution 159 Software Professional,566,24,0,2026-08-12 20:04:32.639305
160,Basic Monitoring Solution 160,Monitoring,Basic,14842.9900,8905.7940,"Specs: Cores=80, RAM=384GB",Basic Monitoring Solution 160 Monitoring Basic,729,27,0,2026-08-12 20:04:32.643387
161,Starter Software Solution 161,Software,Starter,37940.9900,22764.5940,"Specs: Cores=109, RAM=216GB",Starter Software Solution 161 Software Starter,645,47,0,2026-08-12 20:04:32.643387
162,Pro Infrastructure Solution 162,Infrastructure,Pro,48951.9900,29371.1940,"Specs: Cores=50, RAM=247GB",Pro Infrastructure Solution 162 Infrastructure Pro,454,13,0,2026-08-12 20:04:32.643387
163,Advanced Security Solution 163,Security,Advanced,34734.9900,20840.9940,"Specs: Cores=89, RAM=243GB",Advanced Security Solution 163 Security Advanced,272,45,0,2026-08-12 20:04:32.647466
164,Ultimate Storage Solution 164,Storage,Ultimate,19791.9900,11875.1940,"Specs: Cores=36, RAM=321GB",Ultimate Storage Solution 164 Storage Ultimate,436,10,0,2026-08-12 20:04:32.647466
165,Advanced Hardware Solution 165,Hardware,Advanced,66362.9900,39817.7940,"Specs: Cores=10, RAM=401GB",Advanced Hardware Solution 165 Hardware Advanced,800,43,0,2026-08-12 20:04:32.647466
166,Pro Services Solution 166,Services,Pro,97089.9900,58253.9940,"Specs: Cores=82, RAM=357GB",Pro Services Solution 166 Services Pro,829,33,0,2026-08-12 20:04:32.651554
167,Enterprise Development Solution 167,Development,Enterprise,8137.9900,4882.7940,"Specs: Cores=20, RAM=466GB",Enterprise Development Solution 167 Development Enterprise,162,47,0,2026-08-12 20:04:32.651554
168,Standard Services Solution 168,Services,Standard,83080.9900,49848.5940,"Specs: Cores=84, RAM=139GB",Standard Services Solution 168 Services Standard,393,38,0,2026-08-12 20:04:32.651554
169,Advanced Hardware Solution 169,Hardware,Advanced,31547.9900,18928.7940,"Specs: Cores=93, RAM=7GB",Advanced Hardware Solution 169 Hardware Advanced,857,21,0,2026-08-12 20:04:32.655633
170,Starter Cloud Solution 170,Cloud,Starter,44223.9900,26534.3940,"Specs: Cores=41, RAM=327GB",Starter Cloud Solution 170 Cloud Starter,899,21,0,2026-08-12 20:04:32.655633
171,Starter Monitoring Solution 171,Monitoring,Starter,57745.9900,34647.5940,"Specs: Cores=91, RAM=266GB",Starter Monitoring Solution 171 Monitoring Starter,637,28,0,2026-08-12 20:04:32.655633
172,Starter Hardware Solution 172,Hardware,Starter,32882.9900,19729.7940,"Specs: Cores=100, RAM=50GB",Starter Hardware Solution 172 Hardware Starter,317,36,0,2026-08-12 20:04:32.655633
173,Standard Development Solution 173,Development,Standard,43194.9900,25916.9940,"Specs: Cores=113, RAM=27GB",Standard Development Solution 173 Development Standard,917,51,0,2026-08-12 20:04:32.659713
174,Standard Development Solution 174,Development,Standard,74497.9900,44698.7940,"Specs: Cores=26, RAM=234GB",Standard Development Solution 174 Development Standard,517,52,0,2026-08-12 20:04:32.659713
175,Enterprise Monitoring Solution 175,Monitoring,Enterprise,63182.9900,37909.7940,"Specs: Cores=27, RAM=491GB",Enterprise Monitoring Solution 175 Monitoring Enterprise,843,50,0,2026-08-12 20:04:32.659713
176,Ultimate Software Solution 176,Software,Ultimate,753.9900,452.3940,"Specs: Cores=95, RAM=377GB",Ultimate Software Solution 176 Software Ultimate,880,56,0,2026-08-12 20:04:32.663752
177,Advanced Cloud Solution 177,Cloud,Advanced,11647.9900,6988.7940,"Specs: Cores=121, RAM=231GB",Advanced Cloud Solution 177 Cloud Advanced,655,59,0,2026-08-12 20:04:32.663752
178,Standard Cloud Solution 178,Cloud,Standard,39303.9900,23582.3940,"Specs: Cores=45, RAM=156GB",Standard Cloud Solution 178 Cloud Standard,368,34,0,2026-08-12 20:04:32.667850
179,Ultimate Analytics Solution 179,Analytics,Ultimate,27047.9900,16228.7940,"Specs: Cores=101, RAM=248GB",Ultimate Analytics Solution 179 Analytics Ultimate,876,34,0,2026-08-12 20:04:32.667850
180,Premium Cloud Solution 180,Cloud,Premium,87609.9900,52565.9940,"Specs: Cores=40, RAM=478GB",Premium Cloud Solution 180 Cloud Premium,600,41,0,2026-08-12 20:04:32.667850
181,Premium Hardware Solution 181,Hardware,Premium,50504.9900,30302.9940,"Specs: Cores=28, RAM=247GB",Premium Hardware Solution 181 Hardware Premium,155,16,0,2026-08-12 20:04:32.671927
182,Ultimate Hardware Solution 182,Hardware,Ultimate,80479.9900,48287.9940,"Specs: Cores=99, RAM=69GB",Ultimate Hardware Solution 182 Hardware Ultimate,737,19,0,2026-08-12 20:04:32.671927
183,Standard Cloud Solution 183,Cloud,Standard,38417.9900,23050.7940,"Specs: Cores=79, RAM=11GB",Standard Cloud Solution 183 Cloud Standard,396,24,0,2026-08-12 20:04:32.671927
184,Ultimate Monitoring Solution 184,Monitoring,Ultimate,31684.9900,19010.9940,"Specs: Cores=88, RAM=66GB",Ultimate Monitoring Solution 184 Monitoring Ultimate,430,32,0,2026-08-12 20:04:32.671927
185,Basic Security Solution 185,Security,Basic,19288.9900,11573.3940,"Specs: Cores=60, RAM=482GB",Basic Security Solution 185 Security Basic,186,19,0,2026-08-12 20:04:32.676007
186,Pro Monitoring Solution 186,Monitoring,Pro,86306.9900,51784.1940,"Specs: Cores=42, RAM=282GB",Pro Monitoring Solution 186 Monitoring Pro,531,46,0,2026-08-12 20:04:32.676007
187,Pro Storage Solution 187,Storage,Pro,56346.9900,33808.1940,"Specs: Cores=71, RAM=447GB",Pro Storage Solution 187 Storage Pro,163,39,0,2026-08-12 20:04:32.676007
188,Standard Cloud Solution 188,Cloud,Standard,1129.9900,677.9940,"Specs: Cores=63, RAM=185GB",Standard Cloud Solution 188 Cloud Standard,845,27,0,2026-08-12 20:04:32.680085
189,Starter Services Solution 189,Services,Starter,73791.9900,44275.1940,"Specs: Cores=31, RAM=167GB",Starter Services Solution 189 Services Starter,103,45,0,2026-08-12 20:04:32.680085
190,Premium Development Solution 190,Development,Premium,88080.9900,52848.5940,"Specs: Cores=11, RAM=325GB",Premium Development Solution 190 Development Premium,231,45,0,2026-08-12 20:04:32.680085
191,Starter Monitoring Solution 191,Monitoring,Starter,94000.9900,56400.5940,"Specs: Cores=15, RAM=419GB",Starter Monitoring Solution 191 Monitoring Starter,764,41,0,2026-08-12 20:04:32.684165
192,Enterprise Analytics Solution 192,Analytics,Enterprise,33356.9900,20014.1940,"Specs: Cores=41, RAM=89GB",Enterprise Analytics Solution 192 Analytics Enterprise,467,39,0,2026-08-12 20:04:32.684165
193,Ultimate Analytics Solution 193,Analytics,Ultimate,5747.9900,3448.7940,"Specs: Cores=15, RAM=98GB",Ultimate Analytics Solution 193 Analytics Ultimate,741,31,0,2026-08-12 20:04:32.684165
194,Enterprise Hardware Solution 194,Hardware,Enterprise,3007.9900,1804.7940,"Specs: Cores=78, RAM=120GB",Enterprise Hardware Solution 194 Hardware Enterprise,507,11,0,2026-08-12 20:04:32.688253
195,Enterprise Development Solution 195,Development,Enterprise,51240.9900,30744.5940,"Specs: Cores=69, RAM=212GB",Enterprise Development Solution 195 Development Enterprise,82,10,0,2026-08-12 20:04:32.688253
196,Pro Monitoring Solution 196,Monitoring,Pro,54234.9900,32540.9940,"Specs: Cores=39, RAM=417GB",Pro Monitoring Solution 196 Monitoring Pro,969,58,0,2026-08-12 20:04:32.688253
197,Ultimate Monitoring Solution 197,Monitoring,Ultimate,69336.9900,41602.1940,"Specs: Cores=18, RAM=445GB",Ultimate Monitoring Solution 197 Monitoring Ultimate,76,24,0,2026-08-12 20:04:32.692346
198,Pro Development Solution 198,Development,Pro,25308.9900,15185.3940,"Specs: Cores=42, RAM=287GB",Pro Development Solution 198 Development Pro,143,52,0,2026-08-12 20:04:32.692346
199,Professional Cloud Solution 199,Cloud,Professional,96417.9900,57850.7940,"Specs: Cores=121, RAM=424GB",Professional Cloud Solution 199 Cloud Professional,413,32,0,2026-08-12 20:04:32.692346
200,Professional Cloud Solution 200,Cloud,Professional,50076.9900,30046.1940,"Specs: Cores=68, RAM=464GB",Professional Cloud Solution 200 Cloud Professional,401,18,0,2026-08-12 20:04:32.696420
201,Starter Infrastructure Solution 201,Infrastructure,Starter,26507.9900,15904.7940,"Specs: Cores=80, RAM=186GB",Starter Infrastructure Solution 201 Infrastructure Starter,139,55,0,2026-08-12 20:04:32.696420
202,Ultimate Hardware Solution 202,Hardware,Ultimate,73429.9900,44057.9940,"Specs: Cores=30, RAM=485GB",Ultimate Hardware Solution 202 Hardware Ultimate,983,15,0,2026-08-12 20:04:32.696420
203,Standard Security Solution 203,Security,Standard,47511.9900,28507.1940,"Specs: Cores=114, RAM=339GB",Standard Security Solution 203 Security Standard,309,20,0,2026-08-12 20:04:32.700497
204,Enterprise Infrastructure Solution 204,Infrastructure,Enterprise,14286.9900,8572.1940,"Specs: Cores=65, RAM=14GB",Enterprise Infrastructure Solution 204 Infrastructure Enterprise,119,40,0,2026-08-12 20:04:32.700497
205,Advanced Hardware Solution 205,Hardware,Advanced,58916.9900,35350.1940,"Specs: Cores=22, RAM=493GB",Advanced Hardware Solution 205 Hardware Advanced,886,26,0,2026-08-12 20:04:32.700497
206,Pro Hardware Solution 206,Hardware,Pro,38858.9900,23315.3940,"Specs: Cores=61, RAM=127GB",Pro Hardware Solution 206 Hardware Pro,279,29,0,2026-08-12 20:04:32.704575
207,Ultimate Infrastructure Solution 207,Infrastructure,Ultimate,85499.9900,51299.9940,"Specs: Cores=19, RAM=480GB",Ultimate Infrastructure Solution 207 Infrastructure Ultimate,132,11,0,2026-08-12 20:04:32.704575
208,Pro Hardware Solution 208,Hardware,Pro,85209.9900,51125.9940,"Specs: Cores=74, RAM=252GB",Pro Hardware Solution 208 Hardware Pro,541,19,0,2026-08-12 20:04:32.704575
209,Ultimate Security Solution 209,Security,Ultimate,84112.9900,50467.7940,"Specs: Cores=108, RAM=56GB",Ultimate Security Solution 209 Security Ultimate,391,40,0,2026-08-12 20:04:32.708661
210,Professional Hardware Solution 210,Hardware,Professional,57767.9900,34660.7940,"Specs: Cores=68, RAM=273GB",Professional Hardware Solution 210 Hardware Professional,582,59,0,2026-08-12 20:04:32.708661
211,Pro Storage Solution 211,Storage,Pro,27148.9900,16289.3940,"Specs: Cores=61, RAM=113GB",Pro Storage Solution 211 Storage Pro,788,12,0,2026-08-12 20:04:32.708661
212,Advanced Development Solution 212,Development,Advanced,33226.9900,19936.1940,"Specs: Cores=108, RAM=8GB",Advanced Development Solution 212 Development Advanced,463,29,0,2026-08-12 20:04:32.708661
213,Premium Monitoring Solution 213,Monitoring,Premium,20851.9900,12511.1940,"Specs: Cores=18, RAM=8GB",Premium Monitoring Solution 213 Monitoring Premium,992,44,0,2026-08-12 20:04:32.712735
214,Ultimate Development Solution 214,Development,Ultimate,55352.9900,33211.7940,"Specs: Cores=56, RAM=168GB",Ultimate Development Solution 214 Development Ultimate,30,51,0,2026-08-12 20:04:32.712735
215,Advanced Security Solution 215,Security,Advanced,16187.9900,9712.7940,"Specs: Cores=102, RAM=52GB",Advanced Security Solution 215 Security Advanced,829,51,0,2026-08-12 20:04:32.712735
216,Lite Monitoring Solution 216,Monitoring,Lite,203.9900,122.3940,"Specs: Cores=79, RAM=136GB",Lite Monitoring Solution 216 Monitoring Lite,728,18,0,2026-08-12 20:04:32.716816
217,Enterprise Services Solution 217,Services,Enterprise,76285.9900,45771.5940,"Specs: Cores=65, RAM=455GB",Enterprise Services Solution 217 Services Enterprise,292,44,0,2026-08-12 20:04:32.716816
218,Lite Development Solution 218,Development,Lite,58676.9900,35206.1940,"Specs: Cores=12, RAM=99GB",Lite Development Solution 218 Development Lite,696,47,0,2026-08-12 20:04:32.716816
219,Starter Monitoring Solution 219,Monitoring,Starter,23728.9900,14237.3940,"Specs: Cores=59, RAM=37GB",Starter Monitoring Solution 219 Monitoring Starter,250,46,0,2026-08-12 20:04:32.720898
220,Standard Services Solution 220,Services,Standard,24917.9900,14950.7940,"Specs: Cores=3, RAM=198GB",Standard Services Solution 220 Services Standard,588,47,0,2026-08-12 20:04:32.720898
221,Enterprise Development Solution 221,Development,Enterprise,30218.9900,18131.3940,"Specs: Cores=89, RAM=328GB",Enterprise Development Solution 221 Development Enterprise,491,11,0,2026-08-12 20:04:32.720898
222,Enterprise Storage Solution 222,Storage,Enterprise,39163.9900,23498.3940,"Specs: Cores=4, RAM=474GB",Enterprise Storage Solution 222 Storage Enterprise,694,51,0,2026-08-12 20:04:32.724975
223,Advanced Services Solution 223,Services,Advanced,30078.9900,18047.3940,"Specs: Cores=104, RAM=370GB",Advanced Services Solution 223 Services Advanced,350,50,0,2026-08-12 20:04:32.724975
224,Ultimate Development Solution 224,Development,Ultimate,82537.9900,49522.7940,"Specs: Cores=4, RAM=462GB",Ultimate Development Solution 224 Development Ultimate,257,12,0,2026-08-12 20:04:32.724975
225,Lite Cloud Solution 225,Cloud,Lite,68110.9900,40866.5940,"Specs: Cores=116, RAM=303GB",Lite Cloud Solution 225 Cloud Lite,786,10,0,2026-08-12 20:04:32.729048
226,Ultimate Storage Solution 226,Storage,Ultimate,96374.9900,57824.9940,"Specs: Cores=99, RAM=288GB",Ultimate Storage Solution 226 Storage Ultimate,555,20,0,2026-08-12 20:04:32.729048
227,Basic Infrastructure Solution 227,Infrastructure,Basic,76265.9900,45759.5940,"Specs: Cores=124, RAM=344GB",Basic Infrastructure Solution 227 Infrastructure Basic,60,42,0,2026-08-12 20:04:32.729048
228,Pro Storage Solution 228,Storage,Pro,71184.9900,42710.9940,"Specs: Cores=81, RAM=322GB",Pro Storage Solution 228 Storage Pro,699,59,0,2026-08-12 20:04:32.729048
229,Pro Analytics Solution 229,Analytics,Pro,14450.9900,8670.5940,"Specs: Cores=98, RAM=461GB",Pro Analytics Solution 229 Analytics Pro,248,17,0,2026-08-12 20:04:32.733127
230,Advanced Security Solution 230,Security,Advanced,47266.9900,28360.1940,"Specs: Cores=25, RAM=19GB",Advanced Security Solution 230 Security Advanced,320,54,0,2026-08-12 20:04:32.733127
231,Ultimate Hardware Solution 231,Hardware,Ultimate,40902.9900,24541.7940,"Specs: Cores=106, RAM=452GB",Ultimate Hardware Solution 231 Hardware Ultimate,989,45,0,2026-08-12 20:04:32.733127
232,Enterprise Hardware Solution 232,Hardware,Enterprise,82823.9900,49694.3940,"Specs: Cores=68, RAM=402GB",Enterprise Hardware Solution 232 Hardware Enterprise,481,40,0,2026-08-12 20:04:32.737200
233,Ultimate Security Solution 233,Security,Ultimate,39962.9900,23977.7940,"Specs: Cores=104, RAM=24GB",Ultimate Security Solution 233 Security Ultimate,341,18,0,2026-08-12 20:04:32.737200
234,Basic Storage Solution 234,Storage,Basic,5116.9900,3070.1940,"Specs: Cores=109, RAM=195GB",Basic Storage Solution 234 Storage Basic,177,13,0,2026-08-12 20:04:32.737200
235,Pro Infrastructure Solution 235,Infrastructure,Pro,46707.9900,28024.7940,"Specs: Cores=34, RAM=178GB",Pro Infrastructure Solution 235 Infrastructure Pro,40,24,0,2026-08-12 20:04:32.741285
236,Starter Services Solution 236,Services,Starter,77527.9900,46516.7940,"Specs: Cores=117, RAM=132GB",Starter Services Solution 236 Services Starter,432,31,0,2026-08-12 20:04:32.741285
237,Lite Services Solution 237,Services,Lite,63916.9900,38350.1940,"Specs: Cores=26, RAM=402GB",Lite Services Solution 237 Services Lite,221,49,0,2026-08-12 20:04:32.741285
238,Starter Infrastructure Solution 238,Infrastructure,Starter,44005.9900,26403.5940,"Specs: Cores=65, RAM=357GB",Starter Infrastructure Solution 238 Infrastructure Starter,95,28,0,2026-08-12 20:04:32.745361
239,Standard Software Solution 239,Software,Standard,59412.9900,35647.7940,"Specs: Cores=100, RAM=264GB",Standard Software Solution 239 Software Standard,461,58,0,2026-08-12 20:04:32.745361
240,Premium Analytics Solution 240,Analytics,Premium,3223.9900,1934.3940,"Specs: Cores=95, RAM=23GB",Premium Analytics Solution 240 Analytics Premium,321,47,0,2026-08-12 20:04:32.745361
241,Standard Monitoring Solution 241,Monitoring,Standard,51751.9900,31051.1940,"Specs: Cores=42, RAM=267GB",Standard Monitoring Solution 241 Monitoring Standard,525,28,0,2026-08-12 20:04:32.749436
242,Professional Services Solution 242,Services,Professional,5188.9900,3113.3940,"Specs: Cores=48, RAM=38GB",Professional Services Solution 242 Services Professional,473,58,0,2026-08-12 20:04:32.749436
243,Professional Services Solution 243,Services,Professional,30312.9900,18187.7940,"Specs: Cores=112, RAM=208GB",Professional Services Solution 243 Services Professional,303,44,0,2026-08-12 20:04:32.749436
244,Premium Cloud Solution 244,Cloud,Premium,83388.9900,50033.3940,"Specs: Cores=34, RAM=142GB",Premium Cloud Solution 244 Cloud Premium,558,51,0,2026-08-12 20:04:32.753512
245,Professional Infrastructure Solution 245,Infrastructure,Professional,56952.9900,34171.7940,"Specs: Cores=120, RAM=314GB",Professional Infrastructure Solution 245 Infrastructure Professional,162,17,0,2026-08-12 20:04:32.753512
246,Standard Infrastructure Solution 246,Infrastructure,Standard,12234.9900,7340.9940,"Specs: Cores=69, RAM=0GB",Standard Infrastructure Solution 246 Infrastructure Standard,179,51,0,2026-08-12 20:04:32.753512
247,Pro Monitoring Solution 247,Monitoring,Pro,45033.9900,27020.3940,"Specs: Cores=60, RAM=265GB",Pro Monitoring Solution 247 Monitoring Pro,581,26,0,2026-08-12 20:04:32.757594
248,Pro Development Solution 248,Development,Pro,86846.9900,52108.1940,"Specs: Cores=31, RAM=397GB",Pro Development Solution 248 Development Pro,854,25,0,2026-08-12 20:04:32.757594
249,Pro Monitoring Solution 249,Monitoring,Pro,82156.9900,49294.1940,"Specs: Cores=117, RAM=351GB",Pro Monitoring Solution 249 Monitoring Pro,994,33,0,2026-08-12 20:04:32.761669
250,Enterprise Infrastructure Solution 250,Infrastructure,Enterprise,74869.9900,44921.9940,"Specs: Cores=70, RAM=389GB",Enterprise Infrastructure Solution 250 Infrastructure Enterprise,293,37,0,2026-08-12 20:04:32.761669
251,Advanced Services Solution 251,Services,Advanced,10620.9900,6372.5940,"Specs: Cores=32, RAM=34GB",Advanced Services Solution 251 Services Advanced,735,53,0,2026-08-12 20:04:32.761669
252,Basic Analytics Solution 252,Analytics,Basic,67084.9900,40250.9940,"Specs: Cores=118, RAM=76GB",Basic Analytics Solution 252 Analytics Basic,858,32,0,2026-08-12 20:04:32.765748
253,Premium Services Solution 253,Services,Premium,84544.9900,50726.9940,"Specs: Cores=111, RAM=39GB",Premium Services Solution 253 Services Premium,384,12,0,2026-08-12 20:04:32.765748
254,Advanced Cloud Solution 254,Cloud,Advanced,11246.9900,6748.1940,"Specs: Cores=110, RAM=482GB",Advanced Cloud Solution 254 Cloud Advanced,139,31,0,2026-08-12 20:04:32.765748
255,Standard Analytics Solution 255,Analytics,Standard,43589.9900,26153.9940,"Specs: Cores=5, RAM=138GB",Standard Analytics Solution 255 Analytics Standard,262,41,0,2026-08-12 20:04:32.769846
256,Ultimate Software Solution 256,Software,Ultimate,94446.9900,56668.1940,"Specs: Cores=103, RAM=380GB",Ultimate Software Solution 256 Software Ultimate,678,46,0,2026-08-12 20:04:32.769846
257,Enterprise Services Solution 257,Services,Enterprise,53515.9900,32109.5940,"Specs: Cores=43, RAM=452GB",Enterprise Services Solution 257 Services Enterprise,863,44,0,2026-08-12 20:04:32.769846
258,Premium Security Solution 258,Security,Premium,8815.9900,5289.5940,"Specs: Cores=21, RAM=82GB",Premium Security Solution 258 Security Premium,19,22,0,2026-08-12 20:04:32.773934
259,Enterprise Infrastructure Solution 259,Infrastructure,Enterprise,64550.9900,38730.5940,"Specs: Cores=118, RAM=161GB",Enterprise Infrastructure Solution 259 Infrastructure Enterprise,574,39,0,2026-08-12 20:04:32.773934
260,Advanced Storage Solution 260,Storage,Advanced,52998.9900,31799.3940,"Specs: Cores=42, RAM=116GB",Advanced Storage Solution 260 Storage Advanced,251,15,0,2026-08-12 20:04:32.773934
261,Professional Analytics Solution 261,Analytics,Professional,83452.9900,50071.7940,"Specs: Cores=69, RAM=138GB",Professional Analytics Solution 261 Analytics Professional,576,49,0,2026-08-12 20:04:32.778007
262,Premium Monitoring Solution 262,Monitoring,Premium,70397.9900,42238.7940,"Specs: Cores=2, RAM=15GB",Premium Monitoring Solution 262 Monitoring Premium,474,19,0,2026-08-12 20:04:32.778007
263,Basic Analytics Solution 263,Analytics,Basic,54007.9900,32404.7940,"Specs: Cores=2, RAM=116GB",Basic Analytics Solution 263 Analytics Basic,437,26,0,2026-08-12 20:04:32.778007
264,Advanced Software Solution 264,Software,Advanced,97931.9900,58759.1940,"Specs: Cores=99, RAM=158GB",Advanced Software Solution 264 Software Advanced,548,47,0,2026-08-12 20:04:32.782085
265,Professional Hardware Solution 265,Hardware,Professional,37559.9900,22535.9940,"Specs: Cores=85, RAM=247GB",Professional Hardware Solution 265 Hardware Professional,694,23,0,2026-08-12 20:04:32.782085
266,Basic Cloud Solution 266,Cloud,Basic,47927.9900,28756.7940,"Specs: Cores=31, RAM=304GB",Basic Cloud Solution 266 Cloud Basic,408,16,0,2026-08-12 20:04:32.782085
267,Lite Monitoring Solution 267,Monitoring,Lite,73316.9900,43990.1940,"Specs: Cores=47, RAM=112GB",Lite Monitoring Solution 267 Monitoring Lite,744,47,0,2026-08-12 20:04:32.786164
268,Basic Cloud Solution 268,Cloud,Basic,90245.9900,54147.5940,"Specs: Cores=123, RAM=484GB",Basic Cloud Solution 268 Cloud Basic,217,33,0,2026-08-12 20:04:32.786164
269,Lite Analytics Solution 269,Analytics,Lite,57781.9900,34669.1940,"Specs: Cores=66, RAM=287GB",Lite Analytics Solution 269 Analytics Lite,441,31,0,2026-08-12 20:04:32.786164
270,Enterprise Services Solution 270,Services,Enterprise,52799.9900,31679.9940,"Specs: Cores=77, RAM=402GB",Enterprise Services Solution 270 Services Enterprise,256,38,0,2026-08-12 20:04:32.790242
271,Enterprise Infrastructure Solution 271,Infrastructure,Enterprise,65393.9900,39236.3940,"Specs: Cores=55, RAM=177GB",Enterprise Infrastructure Solution 271 Infrastructure Enterprise,320,54,0,2026-08-12 20:04:32.790242
272,Lite Services Solution 272,Services,Lite,52715.9900,31629.5940,"Specs: Cores=61, RAM=174GB",Lite Services Solution 272 Services Lite,284,27,0,2026-08-12 20:04:32.790242
273,Advanced Analytics Solution 273,Analytics,Advanced,93387.9900,56032.7940,"Specs: Cores=99, RAM=230GB",Advanced Analytics Solution 273 Analytics Advanced,643,14,0,2026-08-12 20:04:32.794322
274,Enterprise Services Solution 274,Services,Enterprise,19762.9900,11857.7940,"Specs: Cores=51, RAM=93GB",Enterprise Services Solution 274 Services Enterprise,851,54,0,2026-08-12 20:04:32.794322
275,Lite Services Solution 275,Services,Lite,7152.9900,4291.7940,"Specs: Cores=43, RAM=173GB",Lite Services Solution 275 Services Lite,755,44,0,2026-08-12 20:04:32.794322
276,Professional Hardware Solution 276,Hardware,Professional,2299.9900,1379.9940,"Specs: Cores=24, RAM=432GB",Professional Hardware Solution 276 Hardware Professional,103,48,0,2026-08-12 20:04:32.798400
277,Lite Cloud Solution 277,Cloud,Lite,44750.9900,26850.5940,"Specs: Cores=31, RAM=307GB",Lite Cloud Solution 277 Cloud Lite,825,55,0,2026-08-12 20:04:32.798400
278,Pro Hardware Solution 278,Hardware,Pro,63516.9900,38110.1940,"Specs: Cores=78, RAM=198GB",Pro Hardware Solution 278 Hardware Pro,415,44,0,2026-08-12 20:04:32.798400
279,Professional Software Solution 279,Software,Professional,96606.9900,57964.1940,"Specs: Cores=42, RAM=34GB",Professional Software Solution 279 Software Professional,98,39,0,2026-08-12 20:04:32.798400
280,Standard Storage Solution 280,Storage,Standard,53145.9900,31887.5940,"Specs: Cores=48, RAM=435GB",Standard Storage Solution 280 Storage Standard,142,22,0,2026-08-12 20:04:32.802480
281,Ultimate Hardware Solution 281,Hardware,Ultimate,1458.9900,875.3940,"Specs: Cores=38, RAM=401GB",Ultimate Hardware Solution 281 Hardware Ultimate,569,54,0,2026-08-12 20:04:32.802480
282,Pro Monitoring Solution 282,Monitoring,Pro,72783.9900,43670.3940,"Specs: Cores=124, RAM=344GB",Pro Monitoring Solution 282 Monitoring Pro,530,59,0,2026-08-12 20:04:32.802480
283,Basic Infrastructure Solution 283,Infrastructure,Basic,27213.9900,16328.3940,"Specs: Cores=70, RAM=160GB",Basic Infrastructure Solution 283 Infrastructure Basic,448,49,0,2026-08-12 20:04:32.806559
284,Advanced Services Solution 284,Services,Advanced,93121.9900,55873.1940,"Specs: Cores=82, RAM=233GB",Advanced Services Solution 284 Services Advanced,545,40,0,2026-08-12 20:04:32.806559
285,Ultimate Cloud Solution 285,Cloud,Ultimate,53708.9900,32225.3940,"Specs: Cores=69, RAM=355GB",Ultimate Cloud Solution 285 Cloud Ultimate,237,54,0,2026-08-12 20:04:32.806559
286,Lite Development Solution 286,Development,Lite,28783.9900,17270.3940,"Specs: Cores=6, RAM=337GB",Lite Development Solution 286 Development Lite,994,58,0,2026-08-12 20:04:32.810640
287,Ultimate Development Solution 287,Development,Ultimate,3321.9900,1993.1940,"Specs: Cores=51, RAM=283GB",Ultimate Development Solution 287 Development Ultimate,236,48,0,2026-08-12 20:04:32.810640
288,Professional Software Solution 288,Software,Professional,10531.9900,6319.1940,"Specs: Cores=23, RAM=10GB",Professional Software Solution 288 Software Professional,107,19,0,2026-08-12 20:04:32.810640
289,Premium Infrastructure Solution 289,Infrastructure,Premium,60119.9900,36071.9940,"Specs: Cores=36, RAM=30GB",Premium Infrastructure Solution 289 Infrastructure Premium,197,44,0,2026-08-12 20:04:32.810640
290,Ultimate Storage Solution 290,Storage,Ultimate,90199.9900,54119.9940,"Specs: Cores=90, RAM=201GB",Ultimate Storage Solution 290 Storage Ultimate,433,21,0,2026-08-12 20:04:32.814709
291,Starter Infrastructure Solution 291,Infrastructure,Starter,3833.9900,2300.3940,"Specs: Cores=41, RAM=103GB",Starter Infrastructure Solution 291 Infrastructure Starter,14,40,0,2026-08-12 20:04:32.814709
292,Professional Software Solution 292,Software,Professional,97236.9900,58342.1940,"Specs: Cores=34, RAM=362GB",Professional Software Solution 292 Software Professional,437,10,0,2026-08-12 20:04:32.814709
293,Advanced Storage Solution 293,Storage,Advanced,44167.9900,26500.7940,"Specs: Cores=110, RAM=375GB",Advanced Storage Solution 293 Storage Advanced,510,37,0,2026-08-12 20:04:32.818835
294,Ultimate Storage Solution 294,Storage,Ultimate,65157.9900,39094.7940,"Specs: Cores=23, RAM=361GB",Ultimate Storage Solution 294 Storage Ultimate,595,52,0,2026-08-12 20:04:32.818835
295,Lite Infrastructure Solution 295,Infrastructure,Lite,98568.9900,59141.3940,"Specs: Cores=67, RAM=489GB",Lite Infrastructure Solution 295 Infrastructure Lite,620,10,0,2026-08-12 20:04:32.818835
296,Lite Software Solution 296,Software,Lite,27292.9900,16375.7940,"Specs: Cores=80, RAM=96GB",Lite Software Solution 296 Software Lite,170,14,0,2026-08-12 20:04:32.818835
297,Standard Monitoring Solution 297,Monitoring,Standard,28373.9900,17024.3940,"Specs: Cores=99, RAM=4GB",Standard Monitoring Solution 297 Monitoring Standard,865,52,0,2026-08-12 20:04:32.822914
298,Starter Infrastructure Solution 298,Infrastructure,Starter,81016.9900,48610.1940,"Specs: Cores=72, RAM=167GB",Starter Infrastructure Solution 298 Infrastructure Starter,22,42,0,2026-08-12 20:04:32.822914
299,Advanced Storage Solution 299,Storage,Advanced,81926.9900,49156.1940,"Specs: Cores=93, RAM=158GB",Advanced Storage Solution 299 Storage Advanced,43,30,0,2026-08-12 20:04:32.822914
300,Basic Infrastructure Solution 300,Infrastructure,Basic,10410.9900,6246.5940,"Specs: Cores=12, RAM=10GB",Basic Infrastructure Solution 300 Infrastructure Basic,391,58,0,2026-08-12 20:04:32.826988
301,Pro Development Solution 301,Development,Pro,22417.9900,13450.7940,"Specs: Cores=125, RAM=76GB",Pro Development Solution 301 Development Pro,130,15,0,2026-08-12 20:04:32.826988
302,Standard Infrastructure Solution 302,Infrastructure,Standard,96956.9900,58174.1940,"Specs: Cores=122, RAM=160GB",Standard Infrastructure Solution 302 Infrastructure Standard,580,58,0,2026-08-12 20:04:32.826988
303,Ultimate Storage Solution 303,Storage,Ultimate,81043.9900,48626.3940,"Specs: Cores=101, RAM=79GB",Ultimate Storage Solution 303 Storage Ultimate,593,14,0,2026-08-12 20:04:32.831065
304,Ultimate Monitoring Solution 304,Monitoring,Ultimate,51880.9900,31128.5940,"Specs: Cores=93, RAM=224GB",Ultimate Monitoring Solution 304 Monitoring Ultimate,320,38,0,2026-08-12 20:04:32.831065
305,Pro Software Solution 305,Software,Pro,58681.9900,35209.1940,"Specs: Cores=1, RAM=338GB",Pro Software Solution 305 Software Pro,809,47,0,2026-08-12 20:04:32.831065
306,Premium Cloud Solution 306,Cloud,Premium,96077.9900,57646.7940,"Specs: Cores=84, RAM=81GB",Premium Cloud Solution 306 Cloud Premium,182,49,0,2026-08-12 20:04:32.835142
307,Lite Security Solution 307,Security,Lite,38007.9900,22804.7940,"Specs: Cores=40, RAM=141GB",Lite Security Solution 307 Security Lite,622,40,0,2026-08-12 20:04:32.835142
308,Professional Monitoring Solution 308,Monitoring,Professional,58320.9900,34992.5940,"Specs: Cores=3, RAM=421GB",Professional Monitoring Solution 308 Monitoring Professional,751,14,0,2026-08-12 20:04:32.835142
309,Premium Infrastructure Solution 309,Infrastructure,Premium,64502.9900,38701.7940,"Specs: Cores=87, RAM=212GB",Premium Infrastructure Solution 309 Infrastructure Premium,354,23,0,2026-08-12 20:04:32.835142
310,Premium Analytics Solution 310,Analytics,Premium,60285.9900,36171.5940,"Specs: Cores=39, RAM=282GB",Premium Analytics Solution 310 Analytics Premium,528,49,0,2026-08-12 20:04:32.839223
311,Starter Cloud Solution 311,Cloud,Starter,92784.9900,55670.9940,"Specs: Cores=62, RAM=129GB",Starter Cloud Solution 311 Cloud Starter,559,44,0,2026-08-12 20:04:32.839223
312,Pro Monitoring Solution 312,Monitoring,Pro,69208.9900,41525.3940,"Specs: Cores=42, RAM=502GB",Pro Monitoring Solution 312 Monitoring Pro,240,35,0,2026-08-12 20:04:32.839223
313,Ultimate Hardware Solution 313,Hardware,Ultimate,10634.9900,6380.9940,"Specs: Cores=20, RAM=328GB",Ultimate Hardware Solution 313 Hardware Ultimate,897,34,0,2026-08-12 20:04:32.843306
314,Basic Hardware Solution 314,Hardware,Basic,70980.9900,42588.5940,"Specs: Cores=83, RAM=419GB",Basic Hardware Solution 314 Hardware Basic,465,37,0,2026-08-12 20:04:32.843306
315,Premium Infrastructure Solution 315,Infrastructure,Premium,95660.9900,57396.5940,"Specs: Cores=53, RAM=203GB",Premium Infrastructure Solution 315 Infrastructure Premium,995,44,0,2026-08-12 20:04:32.843306
316,Premium Services Solution 316,Services,Premium,32675.9900,19605.5940,"Specs: Cores=29, RAM=70GB",Premium Services Solution 316 Services Premium,272,23,0,2026-08-12 20:04:32.847384
317,Basic Infrastructure Solution 317,Infrastructure,Basic,20258.9900,12155.3940,"Specs: Cores=80, RAM=502GB",Basic Infrastructure Solution 317 Infrastructure Basic,533,28,0,2026-08-12 20:04:32.847384
318,Ultimate Analytics Solution 318,Analytics,Ultimate,33183.9900,19910.3940,"Specs: Cores=0, RAM=74GB",Ultimate Analytics Solution 318 Analytics Ultimate,238,31,0,2026-08-12 20:04:32.847384
319,Standard Development Solution 319,Development,Standard,82674.9900,49604.9940,"Specs: Cores=63, RAM=328GB",Standard Development Solution 319 Development Standard,131,21,0,2026-08-12 20:04:32.851465
320,Professional Hardware Solution 320,Hardware,Professional,96383.9900,57830.3940,"Specs: Cores=104, RAM=1GB",Professional Hardware Solution 320 Hardware Professional,934,54,0,2026-08-12 20:04:32.851465
321,Professional Monitoring Solution 321,Monitoring,Professional,54999.9900,32999.9940,"Specs: Cores=45, RAM=6GB",Professional Monitoring Solution 321 Monitoring Professional,323,11,0,2026-08-12 20:04:32.851465
322,Enterprise Services Solution 322,Services,Enterprise,86576.9900,51946.1940,"Specs: Cores=34, RAM=310GB",Enterprise Services Solution 322 Services Enterprise,567,19,0,2026-08-12 20:04:32.851465
323,Standard Software Solution 323,Software,Standard,88243.9900,52946.3940,"Specs: Cores=13, RAM=288GB",Standard Software Solution 323 Software Standard,334,23,0,2026-08-12 20:04:32.855539
324,Advanced Software Solution 324,Software,Advanced,3672.9900,2203.7940,"Specs: Cores=31, RAM=87GB",Advanced Software Solution 324 Software Advanced,966,11,0,2026-08-12 20:04:32.855539
325,Enterprise Security Solution 325,Security,Enterprise,60895.9900,36537.5940,"Specs: Cores=7, RAM=409GB",Enterprise Security Solution 325 Security Enterprise,835,48,0,2026-08-12 20:04:32.855539
326,Lite Security Solution 326,Security,Lite,84146.9900,50488.1940,"Specs: Cores=30, RAM=379GB",Lite Security Solution 326 Security Lite,537,41,0,2026-08-12 20:04:32.859616
327,Basic Security Solution 327,Security,Basic,3827.9900,2296.7940,"Specs: Cores=6, RAM=77GB",Basic Security Solution 327 Security Basic,886,49,0,2026-08-12 20:04:32.859616
328,Pro Services Solution 328,Services,Pro,80409.9900,48245.9940,"Specs: Cores=98, RAM=206GB",Pro Services Solution 328 Services Pro,630,36,0,2026-08-12 20:04:32.859616
329,Ultimate Security Solution 329,Security,Ultimate,85423.9900,51254.3940,"Specs: Cores=15, RAM=43GB",Ultimate Security Solution 329 Security Ultimate,963,31,0,2026-08-12 20:04:32.863691
330,Enterprise Security Solution 330,Security,Enterprise,25672.9900,15403.7940,"Specs: Cores=113, RAM=301GB",Enterprise Security Solution 330 Security Enterprise,574,32,0,2026-08-12 20:04:32.863691
331,Enterprise Cloud Solution 331,Cloud,Enterprise,96191.9900,57715.1940,"Specs: Cores=15, RAM=226GB",Enterprise Cloud Solution 331 Cloud Enterprise,475,38,0,2026-08-12 20:04:32.863691
332,Enterprise Services Solution 332,Services,Enterprise,36313.9900,21788.3940,"Specs: Cores=47, RAM=471GB",Enterprise Services Solution 332 Services Enterprise,629,54,0,2026-08-12 20:04:32.867766
333,Professional Development Solution 333,Development,Professional,43161.9900,25897.1940,"Specs: Cores=85, RAM=479GB",Professional Development Solution 333 Development Professional,259,20,0,2026-08-12 20:04:32.867766
334,Premium Development Solution 334,Development,Premium,68212.9900,40927.7940,"Specs: Cores=3, RAM=83GB",Premium Development Solution 334 Development Premium,668,19,0,2026-08-12 20:04:32.871868
335,Professional Hardware Solution 335,Hardware,Professional,60353.9900,36212.3940,"Specs: Cores=118, RAM=287GB",Professional Hardware Solution 335 Hardware Professional,994,50,0,2026-08-12 20:04:32.871868
336,Basic Cloud Solution 336,Cloud,Basic,93674.9900,56204.9940,"Specs: Cores=9, RAM=93GB",Basic Cloud Solution 336 Cloud Basic,385,55,0,2026-08-12 20:04:32.871868
337,Ultimate Analytics Solution 337,Analytics,Ultimate,50537.9900,30322.7940,"Specs: Cores=113, RAM=374GB",Ultimate Analytics Solution 337 Analytics Ultimate,458,10,0,2026-08-12 20:04:32.875948
338,Advanced Infrastructure Solution 338,Infrastructure,Advanced,44123.9900,26474.3940,"Specs: Cores=13, RAM=250GB",Advanced Infrastructure Solution 338 Infrastructure Advanced,600,42,0,2026-08-12 20:04:32.875948
339,Pro Cloud Solution 339,Cloud,Pro,10482.9900,6289.7940,"Specs: Cores=5, RAM=375GB",Pro Cloud Solution 339 Cloud Pro,158,23,0,2026-08-12 20:04:32.875948
340,Enterprise Infrastructure Solution 340,Infrastructure,Enterprise,52393.9900,31436.3940,"Specs: Cores=81, RAM=268GB",Enterprise Infrastructure Solution 340 Infrastructure Enterprise,290,19,0,2026-08-12 20:04:32.875948
341,Ultimate Analytics Solution 341,Analytics,Ultimate,44330.9900,26598.5940,"Specs: Cores=111, RAM=78GB",Ultimate Analytics Solution 341 Analytics Ultimate,193,47,0,2026-08-12 20:04:32.880029
342,Basic Analytics Solution 342,Analytics,Basic,82425.9900,49455.5940,"Specs: Cores=99, RAM=299GB",Basic Analytics Solution 342 Analytics Basic,398,47,0,2026-08-12 20:04:32.880029
343,Basic Hardware Solution 343,Hardware,Basic,18363.9900,11018.3940,"Specs: Cores=29, RAM=111GB",Basic Hardware Solution 343 Hardware Basic,936,48,0,2026-08-12 20:04:32.880029
344,Ultimate Infrastructure Solution 344,Infrastructure,Ultimate,75806.9900,45484.1940,"Specs: Cores=51, RAM=111GB",Ultimate Infrastructure Solution 344 Infrastructure Ultimate,329,44,0,2026-08-12 20:04:32.884107
345,Enterprise Cloud Solution 345,Cloud,Enterprise,42397.9900,25438.7940,"Specs: Cores=62, RAM=276GB",Enterprise Cloud Solution 345 Cloud Enterprise,525,38,0,2026-08-12 20:04:32.884107
346,Starter Development Solution 346,Development,Starter,63201.9900,37921.1940,"Specs: Cores=39, RAM=329GB",Starter Development Solution 346 Development Starter,898,54,0,2026-08-12 20:04:32.884107
347,Starter Security Solution 347,Security,Starter,53849.9900,32309.9940,"Specs: Cores=86, RAM=180GB",Starter Security Solution 347 Security Starter,502,40,0,2026-08-12 20:04:32.888186
348,Premium Cloud Solution 348,Cloud,Premium,35666.9900,21400.1940,"Specs: Cores=15, RAM=299GB",Premium Cloud Solution 348 Cloud Premium,629,23,0,2026-08-12 20:04:32.888186
349,Enterprise Security Solution 349,Security,Enterprise,38906.9900,23344.1940,"Specs: Cores=29, RAM=48GB",Enterprise Security Solution 349 Security Enterprise,83,45,0,2026-08-12 20:04:32.888186
350,Enterprise Development Solution 350,Development,Enterprise,47703.9900,28622.3940,"Specs: Cores=37, RAM=163GB",Enterprise Development Solution 350 Development Enterprise,814,27,0,2026-08-12 20:04:32.892260
351,Professional Storage Solution 351,Storage,Professional,31773.9900,19064.3940,"Specs: Cores=93, RAM=319GB",Professional Storage Solution 351 Storage Professional,47,44,0,2026-08-12 20:04:32.892260
352,Starter Storage Solution 352,Storage,Starter,19725.9900,11835.5940,"Specs: Cores=96, RAM=299GB",Starter Storage Solution 352 Storage Starter,106,34,0,2026-08-12 20:04:32.896347
353,Standard Infrastructure Solution 353,Infrastructure,Standard,25050.9900,15030.5940,"Specs: Cores=37, RAM=414GB",Standard Infrastructure Solution 353 Infrastructure Standard,206,30,0,2026-08-12 20:04:32.896347
354,Pro Infrastructure Solution 354,Infrastructure,Pro,12327.9900,7396.7940,"Specs: Cores=79, RAM=66GB",Pro Infrastructure Solution 354 Infrastructure Pro,8,18,0,2026-08-12 20:04:32.896347
355,Premium Cloud Solution 355,Cloud,Premium,224.9900,134.9940,"Specs: Cores=35, RAM=452GB",Premium Cloud Solution 355 Cloud Premium,837,46,0,2026-08-12 20:04:32.900419
356,Ultimate Cloud Solution 356,Cloud,Ultimate,89755.9900,53853.5940,"Specs: Cores=35, RAM=396GB",Ultimate Cloud Solution 356 Cloud Ultimate,122,30,0,2026-08-12 20:04:32.900419
357,Standard Analytics Solution 357,Analytics,Standard,78309.9900,46985.9940,"Specs: Cores=124, RAM=40GB",Standard Analytics Solution 357 Analytics Standard,929,46,0,2026-08-12 20:04:32.900419
358,Ultimate Software Solution 358,Software,Ultimate,23692.9900,14215.7940,"Specs: Cores=83, RAM=246GB",Ultimate Software Solution 358 Software Ultimate,393,44,0,2026-08-12 20:04:32.904492
359,Starter Cloud Solution 359,Cloud,Starter,16838.9900,10103.3940,"Specs: Cores=109, RAM=376GB",Starter Cloud Solution 359 Cloud Starter,746,21,0,2026-08-12 20:04:32.904492
360,Advanced Cloud Solution 360,Cloud,Advanced,12017.9900,7210.7940,"Specs: Cores=95, RAM=136GB",Advanced Cloud Solution 360 Cloud Advanced,630,56,0,2026-08-12 20:04:32.904492
361,Professional Services Solution 361,Services,Professional,90785.9900,54471.5940,"Specs: Cores=66, RAM=504GB",Professional Services Solution 361 Services Professional,194,19,0,2026-08-12 20:04:32.904492
362,Pro Security Solution 362,Security,Pro,38865.9900,23319.5940,"Specs: Cores=21, RAM=138GB",Pro Security Solution 362 Security Pro,476,28,0,2026-08-12 20:04:32.908565
363,Starter Security Solution 363,Security,Starter,74741.9900,44845.1940,"Specs: Cores=92, RAM=112GB",Starter Security Solution 363 Security Starter,173,19,0,2026-08-12 20:04:32.908565
364,Ultimate Development Solution 364,Development,Ultimate,51252.9900,30751.7940,"Specs: Cores=77, RAM=257GB",Ultimate Development Solution 364 Development Ultimate,254,28,0,2026-08-12 20:04:32.908565
365,Standard Software Solution 365,Software,Standard,68795.9900,41277.5940,"Specs: Cores=98, RAM=194GB",Standard Software Solution 365 Software Standard,173,18,0,2026-08-12 20:04:32.912638
366,Professional Analytics Solution 366,Analytics,Professional,69123.9900,41474.3940,"Specs: Cores=5, RAM=66GB",Professional Analytics Solution 366 Analytics Professional,54,52,0,2026-08-12 20:04:32.912638
367,Starter Analytics Solution 367,Analytics,Starter,34094.9900,20456.9940,"Specs: Cores=113, RAM=179GB",Starter Analytics Solution 367 Analytics Starter,257,31,0,2026-08-12 20:04:32.912638
368,Ultimate Software Solution 368,Software,Ultimate,51081.9900,30649.1940,"Specs: Cores=66, RAM=302GB",Ultimate Software Solution 368 Software Ultimate,70,41,0,2026-08-12 20:04:32.916715
369,Starter Security Solution 369,Security,Starter,60732.9900,36439.7940,"Specs: Cores=29, RAM=87GB",Starter Security Solution 369 Security Starter,121,12,0,2026-08-12 20:04:32.916715
370,Enterprise Cloud Solution 370,Cloud,Enterprise,88262.9900,52957.7940,"Specs: Cores=60, RAM=392GB",Enterprise Cloud Solution 370 Cloud Enterprise,57,13,0,2026-08-12 20:04:32.916715
371,Standard Security Solution 371,Security,Standard,99039.9900,59423.9940,"Specs: Cores=48, RAM=359GB",Standard Security Solution 371 Security Standard,198,23,0,2026-08-12 20:04:32.920799
372,Standard Cloud Solution 372,Cloud,Standard,80407.9900,48244.7940,"Specs: Cores=81, RAM=41GB",Standard Cloud Solution 372 Cloud Standard,812,43,0,2026-08-12 20:04:32.920799
373,Lite Development Solution 373,Development,Lite,72833.9900,43700.3940,"Specs: Cores=12, RAM=110GB",Lite Development Solution 373 Development Lite,903,50,0,2026-08-12 20:04:32.920799
374,Lite Development Solution 374,Development,Lite,50832.9900,30499.7940,"Specs: Cores=86, RAM=27GB",Lite Development Solution 374 Development Lite,158,33,0,2026-08-12 20:04:32.924888
375,Enterprise Cloud Solution 375,Cloud,Enterprise,46845.9900,28107.5940,"Specs: Cores=96, RAM=279GB",Enterprise Cloud Solution 375 Cloud Enterprise,593,45,0,2026-08-12 20:04:32.924888
376,Advanced Security Solution 376,Security,Advanced,58306.9900,34984.1940,"Specs: Cores=100, RAM=127GB",Advanced Security Solution 376 Security Advanced,270,19,0,2026-08-12 20:04:32.924888
377,Standard Cloud Solution 377,Cloud,Standard,43475.9900,26085.5940,"Specs: Cores=70, RAM=71GB",Standard Cloud Solution 377 Cloud Standard,759,58,0,2026-08-12 20:04:32.928972
378,Lite Development Solution 378,Development,Lite,71188.9900,42713.3940,"Specs: Cores=43, RAM=316GB",Lite Development Solution 378 Development Lite,867,28,0,2026-08-12 20:04:32.928972
379,Premium Development Solution 379,Development,Premium,46043.9900,27626.3940,"Specs: Cores=9, RAM=392GB",Premium Development Solution 379 Development Premium,502,57,0,2026-08-12 20:04:32.928972
380,Starter Security Solution 380,Security,Starter,65389.9900,39233.9940,"Specs: Cores=126, RAM=56GB",Starter Security Solution 380 Security Starter,731,45,0,2026-08-12 20:04:32.928972
381,Ultimate Services Solution 381,Services,Ultimate,95737.9900,57442.7940,"Specs: Cores=53, RAM=306GB",Ultimate Services Solution 381 Services Ultimate,945,13,0,2026-08-12 20:04:32.933026
382,Ultimate Analytics Solution 382,Analytics,Ultimate,48022.9900,28813.7940,"Specs: Cores=100, RAM=438GB",Ultimate Analytics Solution 382 Analytics Ultimate,803,57,0,2026-08-12 20:04:32.933026
383,Standard Monitoring Solution 383,Monitoring,Standard,10479.9900,6287.9940,"Specs: Cores=86, RAM=366GB",Standard Monitoring Solution 383 Monitoring Standard,694,22,0,2026-08-12 20:04:32.933026
384,Pro Storage Solution 384,Storage,Pro,98699.9900,59219.9940,"Specs: Cores=83, RAM=21GB",Pro Storage Solution 384 Storage Pro,184,35,0,2026-08-12 20:04:32.937102
385,Professional Cloud Solution 385,Cloud,Professional,69730.9900,41838.5940,"Specs: Cores=89, RAM=469GB",Professional Cloud Solution 385 Cloud Professional,819,15,0,2026-08-12 20:04:32.937102
386,Ultimate Software Solution 386,Software,Ultimate,15677.9900,9406.7940,"Specs: Cores=7, RAM=277GB",Ultimate Software Solution 386 Software Ultimate,68,48,0,2026-08-12 20:04:32.937102
387,Lite Storage Solution 387,Storage,Lite,29833.9900,17900.3940,"Specs: Cores=57, RAM=400GB",Lite Storage Solution 387 Storage Lite,343,43,0,2026-08-12 20:04:32.941187
388,Standard Software Solution 388,Software,Standard,93073.9900,55844.3940,"Specs: Cores=92, RAM=435GB",Standard Software Solution 388 Software Standard,419,40,0,2026-08-12 20:04:32.941187
389,Enterprise Security Solution 389,Security,Enterprise,41854.9900,25112.9940,"Specs: Cores=48, RAM=498GB",Enterprise Security Solution 389 Security Enterprise,68,13,0,2026-08-12 20:04:32.941187
390,Standard Hardware Solution 390,Hardware,Standard,20334.9900,12200.9940,"Specs: Cores=96, RAM=338GB",Standard Hardware Solution 390 Hardware Standard,493,40,0,2026-08-12 20:04:32.941187
391,Basic Hardware Solution 391,Hardware,Basic,21775.9900,13065.5940,"Specs: Cores=52, RAM=196GB",Basic Hardware Solution 391 Hardware Basic,762,43,0,2026-08-12 20:04:32.945260
392,Advanced Security Solution 392,Security,Advanced,23039.9900,13823.9940,"Specs: Cores=46, RAM=425GB",Advanced Security Solution 392 Security Advanced,511,37,0,2026-08-12 20:04:32.945260
393,Professional Security Solution 393,Security,Professional,90041.9900,54025.1940,"Specs: Cores=27, RAM=134GB",Professional Security Solution 393 Security Professional,572,59,0,2026-08-12 20:04:32.945260
394,Pro Infrastructure Solution 394,Infrastructure,Pro,58744.9900,35246.9940,"Specs: Cores=32, RAM=24GB",Pro Infrastructure Solution 394 Infrastructure Pro,857,39,0,2026-08-12 20:04:32.949340
395,Standard Hardware Solution 395,Hardware,Standard,73954.9900,44372.9940,"Specs: Cores=47, RAM=424GB",Standard Hardware Solution 395 Hardware Standard,121,55,0,2026-08-12 20:04:32.949340
396,Basic Hardware Solution 396,Hardware,Basic,37856.9900,22714.1940,"Specs: Cores=2, RAM=134GB",Basic Hardware Solution 396 Hardware Basic,44,40,0,2026-08-12 20:04:32.949340
397,Professional Storage Solution 397,Storage,Professional,92337.9900,55402.7940,"Specs: Cores=69, RAM=57GB",Professional Storage Solution 397 Storage Professional,658,57,0,2026-08-12 20:04:32.953421
398,Professional Software Solution 398,Software,Professional,75837.9900,45502.7940,"Specs: Cores=33, RAM=406GB",Professional Software Solution 398 Software Professional,808,51,0,2026-08-12 20:04:32.953421
399,Advanced Storage Solution 399,Storage,Advanced,19120.9900,11472.5940,"Specs: Cores=17, RAM=75GB",Advanced Storage Solution 399 Storage Advanced,688,48,0,2026-08-12 20:04:32.953421
400,Pro Software Solution 400,Software,Pro,44472.9900,26683.7940,"Specs: Cores=85, RAM=493GB",Pro Software Solution 400 Software Pro,586,16,0,2026-08-12 20:04:32.957502
401,Basic Development Solution 401,Development,Basic,96863.9900,58118.3940,"Specs: Cores=80, RAM=70GB",Basic Development Solution 401 Development Basic,912,12,0,2026-08-12 20:04:32.957502
402,Starter Services Solution 402,Services,Starter,22294.9900,13376.9940,"Specs: Cores=8, RAM=486GB",Starter Services Solution 402 Services Starter,435,49,0,2026-08-12 20:04:32.957502
403,Professional Services Solution 403,Services,Professional,67627.9900,40576.7940,"Specs: Cores=30, RAM=160GB",Professional Services Solution 403 Services Professional,506,30,0,2026-08-12 20:04:32.961587
404,Pro Infrastructure Solution 404,Infrastructure,Pro,29212.9900,17527.7940,"Specs: Cores=35, RAM=64GB",Pro Infrastructure Solution 404 Infrastructure Pro,131,47,0,2026-08-12 20:04:32.961587
405,Professional Software Solution 405,Software,Professional,76468.9900,45881.3940,"Specs: Cores=104, RAM=507GB",Professional Software Solution 405 Software Professional,73,28,0,2026-08-12 20:04:32.961587
406,Pro Security Solution 406,Security,Pro,37846.9900,22708.1940,"Specs: Cores=48, RAM=317GB",Pro Security Solution 406 Security Pro,779,29,0,2026-08-12 20:04:32.965670
407,Professional Monitoring Solution 407,Monitoring,Professional,5831.9900,3499.1940,"Specs: Cores=32, RAM=321GB",Professional Monitoring Solution 407 Monitoring Professional,994,17,0,2026-08-12 20:04:32.965670
408,Basic Cloud Solution 408,Cloud,Basic,92867.9900,55720.7940,"Specs: Cores=45, RAM=107GB",Basic Cloud Solution 408 Cloud Basic,155,56,0,2026-08-12 20:04:32.965670
409,Lite Monitoring Solution 409,Monitoring,Lite,39182.9900,23509.7940,"Specs: Cores=20, RAM=336GB",Lite Monitoring Solution 409 Monitoring Lite,159,50,0,2026-08-12 20:04:32.969754
410,Pro Cloud Solution 410,Cloud,Pro,44021.9900,26413.1940,"Specs: Cores=92, RAM=92GB",Pro Cloud Solution 410 Cloud Pro,528,38,0,2026-08-12 20:04:32.969754
411,Standard Services Solution 411,Services,Standard,35420.9900,21252.5940,"Specs: Cores=15, RAM=205GB",Standard Services Solution 411 Services Standard,259,28,0,2026-08-12 20:04:32.969754
412,Basic Infrastructure Solution 412,Infrastructure,Basic,33389.9900,20033.9940,"Specs: Cores=63, RAM=170GB",Basic Infrastructure Solution 412 Infrastructure Basic,758,20,0,2026-08-12 20:04:32.973840
413,Pro Security Solution 413,Security,Pro,86576.9900,51946.1940,"Specs: Cores=83, RAM=249GB",Pro Security Solution 413 Security Pro,809,41,0,2026-08-12 20:04:32.973840
414,Lite Development Solution 414,Development,Lite,23095.9900,13857.5940,"Specs: Cores=118, RAM=294GB",Lite Development Solution 414 Development Lite,201,46,0,2026-08-12 20:04:32.973840
415,Professional Software Solution 415,Software,Professional,60869.9900,36521.9940,"Specs: Cores=35, RAM=30GB",Professional Software Solution 415 Software Professional,989,56,0,2026-08-12 20:04:32.977927
416,Ultimate Analytics Solution 416,Analytics,Ultimate,51467.9900,30880.7940,"Specs: Cores=67, RAM=161GB",Ultimate Analytics Solution 416 Analytics Ultimate,983,57,0,2026-08-12 20:04:32.977927
417,Premium Hardware Solution 417,Hardware,Premium,4388.9900,2633.3940,"Specs: Cores=14, RAM=364GB",Premium Hardware Solution 417 Hardware Premium,716,48,0,2026-08-12 20:04:32.977927
418,Professional Software Solution 418,Software,Professional,32790.9900,19674.5940,"Specs: Cores=28, RAM=403GB",Professional Software Solution 418 Software Professional,419,11,0,2026-08-12 20:04:32.982006
419,Advanced Monitoring Solution 419,Monitoring,Advanced,57453.9900,34472.3940,"Specs: Cores=110, RAM=89GB",Advanced Monitoring Solution 419 Monitoring Advanced,254,39,0,2026-08-12 20:04:32.982006
420,Standard Infrastructure Solution 420,Infrastructure,Standard,22171.9900,13303.1940,"Specs: Cores=70, RAM=253GB",Standard Infrastructure Solution 420 Infrastructure Standard,224,39,0,2026-08-12 20:04:32.982006
421,Ultimate Software Solution 421,Software,Ultimate,49690.9900,29814.5940,"Specs: Cores=75, RAM=316GB",Ultimate Software Solution 421 Software Ultimate,841,46,0,2026-08-12 20:04:32.986090
422,Standard Analytics Solution 422,Analytics,Standard,60169.9900,36101.9940,"Specs: Cores=21, RAM=470GB",Standard Analytics Solution 422 Analytics Standard,120,15,0,2026-08-12 20:04:32.986090
423,Enterprise Monitoring Solution 423,Monitoring,Enterprise,51273.9900,30764.3940,"Specs: Cores=52, RAM=399GB",Enterprise Monitoring Solution 423 Monitoring Enterprise,835,20,0,2026-08-12 20:04:32.986090
424,Basic Storage Solution 424,Storage,Basic,97068.9900,58241.3940,"Specs: Cores=70, RAM=391GB",Basic Storage Solution 424 Storage Basic,832,30,0,2026-08-12 20:04:32.990170
425,Pro Monitoring Solution 425,Monitoring,Pro,55199.9900,33119.9940,"Specs: Cores=37, RAM=376GB",Pro Monitoring Solution 425 Monitoring Pro,722,10,0,2026-08-12 20:04:32.990170
426,Premium Development Solution 426,Development,Premium,89343.9900,53606.3940,"Specs: Cores=66, RAM=459GB",Premium Development Solution 426 Development Premium,250,46,0,2026-08-12 20:04:32.994256
427,Basic Services Solution 427,Services,Basic,41543.9900,24926.3940,"Specs: Cores=32, RAM=125GB",Basic Services Solution 427 Services Basic,506,20,0,2026-08-12 20:04:32.994256
428,Starter Development Solution 428,Development,Starter,15139.9900,9083.9940,"Specs: Cores=60, RAM=471GB",Starter Development Solution 428 Development Starter,413,48,0,2026-08-12 20:04:32.994256
429,Lite Monitoring Solution 429,Monitoring,Lite,40269.9900,24161.9940,"Specs: Cores=112, RAM=182GB",Lite Monitoring Solution 429 Monitoring Lite,595,48,0,2026-08-12 20:04:32.998339
430,Lite Infrastructure Solution 430,Infrastructure,Lite,8700.9900,5220.5940,"Specs: Cores=96, RAM=67GB",Lite Infrastructure Solution 430 Infrastructure Lite,634,24,0,2026-08-12 20:04:32.998339
431,Lite Cloud Solution 431,Cloud,Lite,22856.9900,13714.1940,"Specs: Cores=26, RAM=266GB",Lite Cloud Solution 431 Cloud Lite,548,42,0,2026-08-12 20:04:32.998339
432,Standard Services Solution 432,Services,Standard,33481.9900,20089.1940,"Specs: Cores=111, RAM=227GB",Standard Services Solution 432 Services Standard,906,49,0,2026-08-12 20:04:33.002419
433,Pro Cloud Solution 433,Cloud,Pro,33160.9900,19896.5940,"Specs: Cores=68, RAM=410GB",Pro Cloud Solution 433 Cloud Pro,33,42,0,2026-08-12 20:04:33.002419
434,Enterprise Security Solution 434,Security,Enterprise,17194.9900,10316.9940,"Specs: Cores=41, RAM=194GB",Enterprise Security Solution 434 Security Enterprise,79,24,0,2026-08-12 20:04:33.002419
435,Premium Services Solution 435,Services,Premium,37189.9900,22313.9940,"Specs: Cores=82, RAM=366GB",Premium Services Solution 435 Services Premium,426,27,0,2026-08-12 20:04:33.006510
436,Professional Development Solution 436,Development,Professional,88646.9900,53188.1940,"Specs: Cores=86, RAM=40GB",Professional Development Solution 436 Development Professional,656,20,0,2026-08-12 20:04:33.006510
437,Pro Services Solution 437,Services,Pro,6987.9900,4192.7940,"Specs: Cores=70, RAM=452GB",Pro Services Solution 437 Services Pro,681,34,0,2026-08-12 20:04:33.006510
438,Lite Development Solution 438,Development,Lite,566.9900,340.1940,"Specs: Cores=50, RAM=330GB",Lite Development Solution 438 Development Lite,367,37,0,2026-08-12 20:04:33.010585
439,Professional Software Solution 439,Software,Professional,75260.9900,45156.5940,"Specs: Cores=50, RAM=22GB",Professional Software Solution 439 Software Professional,231,33,0,2026-08-12 20:04:33.010585
440,Lite Monitoring Solution 440,Monitoring,Lite,50455.9900,30273.5940,"Specs: Cores=59, RAM=439GB",Lite Monitoring Solution 440 Monitoring Lite,696,51,0,2026-08-12 20:04:33.010585
441,Basic Security Solution 441,Security,Basic,220.9900,132.5940,"Specs: Cores=8, RAM=178GB",Basic Security Solution 441 Security Basic,765,39,0,2026-08-12 20:04:33.014661
442,Advanced Monitoring Solution 442,Monitoring,Advanced,21627.9900,12976.7940,"Specs: Cores=49, RAM=234GB",Advanced Monitoring Solution 442 Monitoring Advanced,420,34,0,2026-08-12 20:04:33.014661
443,Advanced Analytics Solution 443,Analytics,Advanced,36075.9900,21645.5940,"Specs: Cores=42, RAM=337GB",Advanced Analytics Solution 443 Analytics Advanced,69,36,0,2026-08-12 20:04:33.014661
444,Pro Services Solution 444,Services,Pro,81934.9900,49160.9940,"Specs: Cores=112, RAM=121GB",Pro Services Solution 444 Services Pro,135,21,0,2026-08-12 20:04:33.014661
445,Professional Services Solution 445,Services,Professional,64474.9900,38684.9940,"Specs: Cores=125, RAM=459GB",Professional Services Solution 445 Services Professional,815,59,0,2026-08-12 20:04:33.018735
446,Standard Hardware Solution 446,Hardware,Standard,94514.9900,56708.9940,"Specs: Cores=122, RAM=409GB",Standard Hardware Solution 446 Hardware Standard,553,40,0,2026-08-12 20:04:33.018735
447,Starter Software Solution 447,Software,Starter,72028.9900,43217.3940,"Specs: Cores=25, RAM=470GB",Starter Software Solution 447 Software Starter,906,39,0,2026-08-12 20:04:33.022808
448,Basic Software Solution 448,Software,Basic,19105.9900,11463.5940,"Specs: Cores=15, RAM=181GB",Basic Software Solution 448 Software Basic,55,31,0,2026-08-12 20:04:33.022808
449,Pro Development Solution 449,Development,Pro,3628.9900,2177.3940,"Specs: Cores=30, RAM=116GB",Pro Development Solution 449 Development Pro,404,45,0,2026-08-12 20:04:33.022808
450,Lite Analytics Solution 450,Analytics,Lite,93385.9900,56031.5940,"Specs: Cores=28, RAM=229GB",Lite Analytics Solution 450 Analytics Lite,675,38,0,2026-08-12 20:04:33.026888
451,Pro Cloud Solution 451,Cloud,Pro,70500.9900,42300.5940,"Specs: Cores=120, RAM=266GB",Pro Cloud Solution 451 Cloud Pro,838,49,0,2026-08-12 20:04:33.026888
452,Ultimate Development Solution 452,Development,Ultimate,38840.9900,23304.5940,"Specs: Cores=53, RAM=305GB",Ultimate Development Solution 452 Development Ultimate,179,38,0,2026-08-12 20:04:33.026888
453,Standard Software Solution 453,Software,Standard,95685.9900,57411.5940,"Specs: Cores=71, RAM=213GB",Standard Software Solution 453 Software Standard,92,28,0,2026-08-12 20:04:33.030961
454,Basic Storage Solution 454,Storage,Basic,56577.9900,33946.7940,"Specs: Cores=26, RAM=86GB",Basic Storage Solution 454 Storage Basic,548,20,0,2026-08-12 20:04:33.030961
455,Lite Analytics Solution 455,Analytics,Lite,98782.9900,59269.7940,"Specs: Cores=43, RAM=157GB",Lite Analytics Solution 455 Analytics Lite,713,56,0,2026-08-12 20:04:33.030961
456,Basic Security Solution 456,Security,Basic,36450.9900,21870.5940,"Specs: Cores=32, RAM=102GB",Basic Security Solution 456 Security Basic,940,55,0,2026-08-12 20:04:33.035034
457,Standard Analytics Solution 457,Analytics,Standard,24090.9900,14454.5940,"Specs: Cores=1, RAM=171GB",Standard Analytics Solution 457 Analytics Standard,937,40,0,2026-08-12 20:04:33.035034
458,Standard Development Solution 458,Development,Standard,20809.9900,12485.9940,"Specs: Cores=112, RAM=286GB",Standard Development Solution 458 Development Standard,615,34,0,2026-08-12 20:04:33.035034
459,Enterprise Services Solution 459,Services,Enterprise,29751.9900,17851.1940,"Specs: Cores=60, RAM=252GB",Enterprise Services Solution 459 Services Enterprise,808,37,0,2026-08-12 20:04:33.039111
460,Starter Services Solution 460,Services,Starter,98161.9900,58897.1940,"Specs: Cores=86, RAM=380GB",Starter Services Solution 460 Services Starter,730,57,0,2026-08-12 20:04:33.039111
461,Premium Software Solution 461,Software,Premium,60236.9900,36142.1940,"Specs: Cores=44, RAM=324GB",Premium Software Solution 461 Software Premium,577,16,0,2026-08-12 20:04:33.039111
462,Pro Cloud Solution 462,Cloud,Pro,95413.9900,57248.3940,"Specs: Cores=85, RAM=358GB",Pro Cloud Solution 462 Cloud Pro,357,16,0,2026-08-12 20:04:33.043184
463,Ultimate Software Solution 463,Software,Ultimate,41903.9900,25142.3940,"Specs: Cores=68, RAM=231GB",Ultimate Software Solution 463 Software Ultimate,215,49,0,2026-08-12 20:04:33.043184
464,Premium Infrastructure Solution 464,Infrastructure,Premium,70163.9900,42098.3940,"Specs: Cores=72, RAM=189GB",Premium Infrastructure Solution 464 Infrastructure Premium,604,49,0,2026-08-12 20:04:33.043184
465,Lite Monitoring Solution 465,Monitoring,Lite,66220.9900,39732.5940,"Specs: Cores=28, RAM=316GB",Lite Monitoring Solution 465 Monitoring Lite,473,52,0,2026-08-12 20:04:33.043184
466,Pro Software Solution 466,Software,Pro,85862.9900,51517.7940,"Specs: Cores=22, RAM=8GB",Pro Software Solution 466 Software Pro,638,18,0,2026-08-12 20:04:33.047267
467,Pro Cloud Solution 467,Cloud,Pro,93494.9900,56096.9940,"Specs: Cores=123, RAM=276GB",Pro Cloud Solution 467 Cloud Pro,443,56,0,2026-08-12 20:04:33.047267
468,Professional Analytics Solution 468,Analytics,Professional,61197.9900,36718.7940,"Specs: Cores=98, RAM=361GB",Professional Analytics Solution 468 Analytics Professional,273,30,0,2026-08-12 20:04:33.047267
469,Advanced Storage Solution 469,Storage,Advanced,63254.9900,37952.9940,"Specs: Cores=48, RAM=433GB",Advanced Storage Solution 469 Storage Advanced,991,13,0,2026-08-12 20:04:33.051350
470,Starter Analytics Solution 470,Analytics,Starter,42410.9900,25446.5940,"Specs: Cores=115, RAM=430GB",Starter Analytics Solution 470 Analytics Starter,148,29,0,2026-08-12 20:04:33.051350
471,Premium Analytics Solution 471,Analytics,Premium,81977.9900,49186.7940,"Specs: Cores=110, RAM=63GB",Premium Analytics Solution 471 Analytics Premium,178,44,0,2026-08-12 20:04:33.051350
472,Pro Analytics Solution 472,Analytics,Pro,6394.9900,3836.9940,"Specs: Cores=97, RAM=191GB",Pro Analytics Solution 472 Analytics Pro,201,53,0,2026-08-12 20:04:33.055433
473,Pro Development Solution 473,Development,Pro,91740.9900,55044.5940,"Specs: Cores=85, RAM=457GB",Pro Development Solution 473 Development Pro,483,39,0,2026-08-12 20:04:33.055433
474,Pro Analytics Solution 474,Analytics,Pro,50206.9900,30124.1940,"Specs: Cores=21, RAM=331GB",Pro Analytics Solution 474 Analytics Pro,438,28,0,2026-08-12 20:04:33.055433
475,Enterprise Cloud Solution 475,Cloud,Enterprise,23684.9900,14210.9940,"Specs: Cores=54, RAM=196GB",Enterprise Cloud Solution 475 Cloud Enterprise,912,55,0,2026-08-12 20:04:33.059510
476,Pro Infrastructure Solution 476,Infrastructure,Pro,5369.9900,3221.9940,"Specs: Cores=2, RAM=90GB",Pro Infrastructure Solution 476 Infrastructure Pro,777,11,0,2026-08-12 20:04:33.059510
477,Premium Security Solution 477,Security,Premium,58266.9900,34960.1940,"Specs: Cores=99, RAM=421GB",Premium Security Solution 477 Security Premium,179,44,0,2026-08-12 20:04:33.059510
478,Lite Security Solution 478,Security,Lite,83976.9900,50386.1940,"Specs: Cores=105, RAM=428GB",Lite Security Solution 478 Security Lite,636,21,0,2026-08-12 20:04:33.063586
479,Pro Development Solution 479,Development,Pro,63043.9900,37826.3940,"Specs: Cores=18, RAM=108GB",Pro Development Solution 479 Development Pro,617,30,0,2026-08-12 20:04:33.063586
480,Enterprise Monitoring Solution 480,Monitoring,Enterprise,35523.9900,21314.3940,"Specs: Cores=111, RAM=421GB",Enterprise Monitoring Solution 480 Monitoring Enterprise,732,53,0,2026-08-12 20:04:33.063586
481,Advanced Cloud Solution 481,Cloud,Advanced,44528.9900,26717.3940,"Specs: Cores=122, RAM=459GB",Advanced Cloud Solution 481 Cloud Advanced,239,51,0,2026-08-12 20:04:33.067663
482,Basic Infrastructure Solution 482,Infrastructure,Basic,62019.9900,37211.9940,"Specs: Cores=68, RAM=293GB",Basic Infrastructure Solution 482 Infrastructure Basic,700,32,0,2026-08-12 20:04:33.067663
483,Professional Analytics Solution 483,Analytics,Professional,48007.9900,28804.7940,"Specs: Cores=77, RAM=33GB",Professional Analytics Solution 483 Analytics Professional,348,33,0,2026-08-12 20:04:33.067663
484,Premium Storage Solution 484,Storage,Premium,52051.9900,31231.1940,"Specs: Cores=15, RAM=117GB",Premium Storage Solution 484 Storage Premium,40,34,0,2026-08-12 20:04:33.071749
485,Ultimate Cloud Solution 485,Cloud,Ultimate,94626.9900,56776.1940,"Specs: Cores=48, RAM=404GB",Ultimate Cloud Solution 485 Cloud Ultimate,573,10,0,2026-08-12 20:04:33.071749
486,Standard Software Solution 486,Software,Standard,47137.9900,28282.7940,"Specs: Cores=93, RAM=143GB",Standard Software Solution 486 Software Standard,435,51,0,2026-08-12 20:04:33.071749
487,Starter Storage Solution 487,Storage,Starter,26199.9900,15719.9940,"Specs: Cores=65, RAM=4GB",Starter Storage Solution 487 Storage Starter,537,20,0,2026-08-12 20:04:33.075825
488,Ultimate Hardware Solution 488,Hardware,Ultimate,9552.9900,5731.7940,"Specs: Cores=8, RAM=166GB",Ultimate Hardware Solution 488 Hardware Ultimate,616,34,0,2026-08-12 20:04:33.075825
489,Starter Development Solution 489,Development,Starter,90984.9900,54590.9940,"Specs: Cores=108, RAM=209GB",Starter Development Solution 489 Development Starter,432,58,0,2026-08-12 20:04:33.075825
490,Standard Storage Solution 490,Storage,Standard,61890.9900,37134.5940,"Specs: Cores=37, RAM=398GB",Standard Storage Solution 490 Storage Standard,118,17,0,2026-08-12 20:04:33.075825
491,Pro Monitoring Solution 491,Monitoring,Pro,6468.9900,3881.3940,"Specs: Cores=79, RAM=172GB",Pro Monitoring Solution 491 Monitoring Pro,35,45,0,2026-08-12 20:04:33.079898
492,Pro Software Solution 492,Software,Pro,16744.9900,10046.9940,"Specs: Cores=35, RAM=37GB",Pro Software Solution 492 Software Pro,882,39,0,2026-08-12 20:04:33.079898
493,Basic Hardware Solution 493,Hardware,Basic,20443.9900,12266.3940,"Specs: Cores=19, RAM=118GB",Basic Hardware Solution 493 Hardware Basic,244,39,0,2026-08-12 20:04:33.079898
494,Basic Storage Solution 494,Storage,Basic,4139.9900,2483.9940,"Specs: Cores=12, RAM=324GB",Basic Storage Solution 494 Storage Basic,280,17,0,2026-08-12 20:04:33.083990
495,Lite Infrastructure Solution 495,Infrastructure,Lite,55795.9900,33477.5940,"Specs: Cores=7, RAM=338GB",Lite Infrastructure Solution 495 Infrastructure Lite,936,39,0,2026-08-12 20:04:33.083990
496,Pro Development Solution 496,Development,Pro,38461.9900,23077.1940,"Specs: Cores=4, RAM=116GB",Pro Development Solution 496 Development Pro,626,58,0,2026-08-12 20:04:33.083990
497,Advanced Hardware Solution 497,Hardware,Advanced,49807.9900,29884.7940,"Specs: Cores=124, RAM=397GB",Advanced Hardware Solution 497 Hardware Advanced,219,11,0,2026-08-12 20:04:33.088068
498,Enterprise Monitoring Solution 498,Monitoring,Enterprise,61961.9900,37177.1940,"Specs: Cores=90, RAM=291GB",Enterprise Monitoring Solution 498 Monitoring Enterprise,424,33,0,2026-08-12 20:04:33.088068
499,Advanced Software Solution 499,Software,Advanced,89093.9900,53456.3940,"Specs: Cores=27, RAM=232GB",Advanced Software Solution 499 Software Advanced,87,56,0,2026-08-12 20:04:33.088068
500,Enterprise Infrastructure Solution 500,Infrastructure,Enterprise,34365.9900,20619.5940,"Specs: Cores=48, RAM=197GB",Enterprise Infrastructure Solution 500 Infrastructure Enterprise,500,56,0,2026-08-12 20:04:33.092145
501,Professional Cloud Solution 501,Cloud,Professional,74461.9900,44677.1940,"Specs: Cores=113, RAM=452GB",Professional Cloud Solution 501 Cloud Professional,340,31,0,2026-08-12 20:04:33.092145
502,Standard Security Solution 502,Security,Standard,53143.9900,31886.3940,"Specs: Cores=25, RAM=366GB",Standard Security Solution 502 Security Standard,71,55,0,2026-08-12 20:04:33.092145
503,Premium Services Solution 503,Services,Premium,52038.9900,31223.3940,"Specs: Cores=1, RAM=14GB",Premium Services Solution 503 Services Premium,599,42,0,2026-08-12 20:04:33.096219
504,Standard Cloud Solution 504,Cloud,Standard,22597.9900,13558.7940,"Specs: Cores=33, RAM=508GB",Standard Cloud Solution 504 Cloud Standard,85,12,0,2026-08-12 20:04:33.096219
505,Advanced Monitoring Solution 505,Monitoring,Advanced,41464.9900,24878.9940,"Specs: Cores=48, RAM=405GB",Advanced Monitoring Solution 505 Monitoring Advanced,720,12,0,2026-08-12 20:04:33.096219
506,Premium Development Solution 506,Development,Premium,60660.9900,36396.5940,"Specs: Cores=49, RAM=362GB",Premium Development Solution 506 Development Premium,161,26,0,2026-08-12 20:04:33.100296
507,Professional Analytics Solution 507,Analytics,Professional,9156.9900,5494.1940,"Specs: Cores=99, RAM=438GB",Professional Analytics Solution 507 Analytics Professional,123,19,0,2026-08-12 20:04:33.100296
508,Advanced Infrastructure Solution 508,Infrastructure,Advanced,58611.9900,35167.1940,"Specs: Cores=100, RAM=216GB",Advanced Infrastructure Solution 508 Infrastructure Advanced,143,17,0,2026-08-12 20:04:33.100296
509,Premium Cloud Solution 509,Cloud,Premium,39475.9900,23685.5940,"Specs: Cores=22, RAM=353GB",Premium Cloud Solution 509 Cloud Premium,453,59,0,2026-08-12 20:04:33.104368
510,Standard Security Solution 510,Security,Standard,34569.9900,20741.9940,"Specs: Cores=121, RAM=324GB",Standard Security Solution 510 Security Standard,568,32,0,2026-08-12 20:04:33.104368
511,Enterprise Infrastructure Solution 511,Infrastructure,Enterprise,92293.9900,55376.3940,"Specs: Cores=96, RAM=57GB",Enterprise Infrastructure Solution 511 Infrastructure Enterprise,901,20,0,2026-08-12 20:04:33.104368
512,Premium Security Solution 512,Security,Premium,28546.9900,17128.1940,"Specs: Cores=5, RAM=21GB",Premium Security Solution 512 Security Premium,378,52,0,2026-08-12 20:04:33.108449
513,Professional Monitoring Solution 513,Monitoring,Professional,89105.9900,53463.5940,"Specs: Cores=40, RAM=149GB",Professional Monitoring Solution 513 Monitoring Professional,845,28,0,2026-08-12 20:04:33.108449
514,Advanced Analytics Solution 514,Analytics,Advanced,93230.9900,55938.5940,"Specs: Cores=50, RAM=391GB",Advanced Analytics Solution 514 Analytics Advanced,424,18,0,2026-08-12 20:04:33.108449
515,Premium Security Solution 515,Security,Premium,79027.9900,47416.7940,"Specs: Cores=102, RAM=466GB",Premium Security Solution 515 Security Premium,72,51,0,2026-08-12 20:04:33.112527
516,Professional Storage Solution 516,Storage,Professional,77087.9900,46252.7940,"Specs: Cores=3, RAM=22GB",Professional Storage Solution 516 Storage Professional,271,51,0,2026-08-12 20:04:33.112527
517,Enterprise Monitoring Solution 517,Monitoring,Enterprise,20930.9900,12558.5940,"Specs: Cores=53, RAM=82GB",Enterprise Monitoring Solution 517 Monitoring Enterprise,553,31,0,2026-08-12 20:04:33.112527
518,Professional Analytics Solution 518,Analytics,Professional,62530.9900,37518.5940,"Specs: Cores=115, RAM=230GB",Professional Analytics Solution 518 Analytics Professional,803,58,0,2026-08-12 20:04:33.116606
519,Premium Analytics Solution 519,Analytics,Premium,18714.9900,11228.9940,"Specs: Cores=84, RAM=178GB",Premium Analytics Solution 519 Analytics Premium,120,41,0,2026-08-12 20:04:33.116606
520,Standard Software Solution 520,Software,Standard,57718.9900,34631.3940,"Specs: Cores=16, RAM=31GB",Standard Software Solution 520 Software Standard,85,25,0,2026-08-12 20:04:33.116606
521,Ultimate Services Solution 521,Services,Ultimate,86926.9900,52156.1940,"Specs: Cores=89, RAM=179GB",Ultimate Services Solution 521 Services Ultimate,268,54,0,2026-08-12 20:04:33.120679
522,Professional Analytics Solution 522,Analytics,Professional,8685.9900,5211.5940,"Specs: Cores=45, RAM=61GB",Professional Analytics Solution 522 Analytics Professional,945,28,0,2026-08-12 20:04:33.120679
523,Enterprise Infrastructure Solution 523,Infrastructure,Enterprise,42863.9900,25718.3940,"Specs: Cores=79, RAM=37GB",Enterprise Infrastructure Solution 523 Infrastructure Enterprise,641,38,0,2026-08-12 20:04:33.120679
524,Starter Analytics Solution 524,Analytics,Starter,76489.9900,45893.9940,"Specs: Cores=124, RAM=68GB",Starter Analytics Solution 524 Analytics Starter,59,54,0,2026-08-12 20:04:33.124780
525,Pro Services Solution 525,Services,Pro,92157.9900,55294.7940,"Specs: Cores=110, RAM=449GB",Pro Services Solution 525 Services Pro,100,58,0,2026-08-12 20:04:33.124780
526,Advanced Services Solution 526,Services,Advanced,23934.9900,14360.9940,"Specs: Cores=10, RAM=7GB",Advanced Services Solution 526 Services Advanced,324,34,0,2026-08-12 20:04:33.124780
527,Enterprise Monitoring Solution 527,Monitoring,Enterprise,14547.9900,8728.7940,"Specs: Cores=4, RAM=458GB",Enterprise Monitoring Solution 527 Monitoring Enterprise,653,57,0,2026-08-12 20:04:33.124780
528,Advanced Monitoring Solution 528,Monitoring,Advanced,16479.9900,9887.9940,"Specs: Cores=67, RAM=450GB",Advanced Monitoring Solution 528 Monitoring Advanced,40,27,0,2026-08-12 20:04:33.128863
529,Standard Hardware Solution 529,Hardware,Standard,72420.9900,43452.5940,"Specs: Cores=111, RAM=269GB",Standard Hardware Solution 529 Hardware Standard,562,38,0,2026-08-12 20:04:33.128863
530,Enterprise Development Solution 530,Development,Enterprise,78125.9900,46875.5940,"Specs: Cores=57, RAM=44GB",Enterprise Development Solution 530 Development Enterprise,85,58,0,2026-08-12 20:04:33.128863
531,Professional Infrastructure Solution 531,Infrastructure,Professional,19456.9900,11674.1940,"Specs: Cores=19, RAM=199GB",Professional Infrastructure Solution 531 Infrastructure Professional,461,23,0,2026-08-12 20:04:33.132941
532,Advanced Analytics Solution 532,Analytics,Advanced,3716.9900,2230.1940,"Specs: Cores=42, RAM=71GB",Advanced Analytics Solution 532 Analytics Advanced,358,23,0,2026-08-12 20:04:33.132941
533,Premium Services Solution 533,Services,Premium,73977.9900,44386.7940,"Specs: Cores=64, RAM=223GB",Premium Services Solution 533 Services Premium,817,54,0,2026-08-12 20:04:33.132941
534,Professional Analytics Solution 534,Analytics,Professional,87223.9900,52334.3940,"Specs: Cores=12, RAM=218GB",Professional Analytics Solution 534 Analytics Professional,3,31,0,2026-08-12 20:04:33.137014
535,Pro Infrastructure Solution 535,Infrastructure,Pro,63728.9900,38237.3940,"Specs: Cores=93, RAM=491GB",Pro Infrastructure Solution 535 Infrastructure Pro,201,43,0,2026-08-12 20:04:33.137014
536,Pro Security Solution 536,Security,Pro,77353.9900,46412.3940,"Specs: Cores=10, RAM=317GB",Pro Security Solution 536 Security Pro,218,45,0,2026-08-12 20:04:33.137014
537,Pro Security Solution 537,Security,Pro,87308.9900,52385.3940,"Specs: Cores=99, RAM=451GB",Pro Security Solution 537 Security Pro,694,10,0,2026-08-12 20:04:33.141087
538,Basic Analytics Solution 538,Analytics,Basic,85885.9900,51531.5940,"Specs: Cores=60, RAM=490GB",Basic Analytics Solution 538 Analytics Basic,587,52,0,2026-08-12 20:04:33.141087
539,Ultimate Hardware Solution 539,Hardware,Ultimate,22699.9900,13619.9940,"Specs: Cores=94, RAM=65GB",Ultimate Hardware Solution 539 Hardware Ultimate,789,29,0,2026-08-12 20:04:33.141087
540,Advanced Cloud Solution 540,Cloud,Advanced,86748.9900,52049.3940,"Specs: Cores=122, RAM=234GB",Advanced Cloud Solution 540 Cloud Advanced,147,35,0,2026-08-12 20:04:33.145168
541,Professional Infrastructure Solution 541,Infrastructure,Professional,9713.9900,5828.3940,"Specs: Cores=119, RAM=251GB",Professional Infrastructure Solution 541 Infrastructure Professional,390,53,0,2026-08-12 20:04:33.145168
542,Standard Analytics Solution 542,Analytics,Standard,45240.9900,27144.5940,"Specs: Cores=81, RAM=461GB",Standard Analytics Solution 542 Analytics Standard,778,32,0,2026-08-12 20:04:33.145168
543,Standard Security Solution 543,Security,Standard,14213.9900,8528.3940,"Specs: Cores=10, RAM=445GB",Standard Security Solution 543 Security Standard,552,12,0,2026-08-12 20:04:33.149249
544,Basic Infrastructure Solution 544,Infrastructure,Basic,76782.9900,46069.7940,"Specs: Cores=107, RAM=35GB",Basic Infrastructure Solution 544 Infrastructure Basic,169,45,0,2026-08-12 20:04:33.149249
545,Professional Monitoring Solution 545,Monitoring,Professional,60712.9900,36427.7940,"Specs: Cores=19, RAM=173GB",Professional Monitoring Solution 545 Monitoring Professional,17,24,0,2026-08-12 20:04:33.149249
546,Standard Services Solution 546,Services,Standard,95483.9900,57290.3940,"Specs: Cores=53, RAM=14GB",Standard Services Solution 546 Services Standard,650,22,0,2026-08-12 20:04:33.153338
547,Pro Hardware Solution 547,Hardware,Pro,13524.9900,8114.9940,"Specs: Cores=67, RAM=318GB",Pro Hardware Solution 547 Hardware Pro,208,51,0,2026-08-12 20:04:33.153338
548,Basic Infrastructure Solution 548,Infrastructure,Basic,4181.9900,2509.1940,"Specs: Cores=47, RAM=40GB",Basic Infrastructure Solution 548 Infrastructure Basic,984,51,0,2026-08-12 20:04:33.153338
549,Enterprise Analytics Solution 549,Analytics,Enterprise,66993.9900,40196.3940,"Specs: Cores=50, RAM=8GB",Enterprise Analytics Solution 549 Analytics Enterprise,294,49,0,2026-08-12 20:04:33.153338
550,Standard Software Solution 550,Software,Standard,77706.9900,46624.1940,"Specs: Cores=118, RAM=456GB",Standard Software Solution 550 Software Standard,963,29,0,2026-08-12 20:04:33.157419
551,Professional Security Solution 551,Security,Professional,72635.9900,43581.5940,"Specs: Cores=67, RAM=73GB",Professional Security Solution 551 Security Professional,407,26,0,2026-08-12 20:04:33.157419
552,Starter Analytics Solution 552,Analytics,Starter,43556.9900,26134.1940,"Specs: Cores=84, RAM=418GB",Starter Analytics Solution 552 Analytics Starter,978,40,0,2026-08-12 20:04:33.161494
553,Ultimate Storage Solution 553,Storage,Ultimate,57809.9900,34685.9940,"Specs: Cores=4, RAM=314GB",Ultimate Storage Solution 553 Storage Ultimate,665,43,0,2026-08-12 20:04:33.161494
554,Professional Hardware Solution 554,Hardware,Professional,88318.9900,52991.3940,"Specs: Cores=88, RAM=163GB",Professional Hardware Solution 554 Hardware Professional,575,41,0,2026-08-12 20:04:33.161494
555,Starter Security Solution 555,Security,Starter,21846.9900,13108.1940,"Specs: Cores=6, RAM=137GB",Starter Security Solution 555 Security Starter,271,51,0,2026-08-12 20:04:33.165574
556,Basic Analytics Solution 556,Analytics,Basic,43614.9900,26168.9940,"Specs: Cores=114, RAM=87GB",Basic Analytics Solution 556 Analytics Basic,488,28,0,2026-08-12 20:04:33.165574
557,Standard Security Solution 557,Security,Standard,25957.9900,15574.7940,"Specs: Cores=45, RAM=424GB",Standard Security Solution 557 Security Standard,940,24,0,2026-08-12 20:04:33.165574
558,Pro Analytics Solution 558,Analytics,Pro,79417.9900,47650.7940,"Specs: Cores=86, RAM=137GB",Pro Analytics Solution 558 Analytics Pro,914,22,0,2026-08-12 20:04:33.165574
559,Advanced Analytics Solution 559,Analytics,Advanced,48809.9900,29285.9940,"Specs: Cores=32, RAM=18GB",Advanced Analytics Solution 559 Analytics Advanced,978,39,0,2026-08-12 20:04:33.169651
560,Lite Monitoring Solution 560,Monitoring,Lite,85985.9900,51591.5940,"Specs: Cores=76, RAM=158GB",Lite Monitoring Solution 560 Monitoring Lite,929,26,0,2026-08-12 20:04:33.169651
561,Premium Software Solution 561,Software,Premium,95462.9900,57277.7940,"Specs: Cores=122, RAM=45GB",Premium Software Solution 561 Software Premium,358,55,0,2026-08-12 20:04:33.169651
562,Professional Cloud Solution 562,Cloud,Professional,23317.9900,13990.7940,"Specs: Cores=33, RAM=428GB",Professional Cloud Solution 562 Cloud Professional,662,47,0,2026-08-12 20:04:33.173724
563,Pro Hardware Solution 563,Hardware,Pro,57096.9900,34258.1940,"Specs: Cores=6, RAM=497GB",Pro Hardware Solution 563 Hardware Pro,364,10,0,2026-08-12 20:04:33.173724
564,Premium Services Solution 564,Services,Premium,66456.9900,39874.1940,"Specs: Cores=106, RAM=296GB",Premium Services Solution 564 Services Premium,534,25,0,2026-08-12 20:04:33.173724
565,Advanced Services Solution 565,Services,Advanced,16475.9900,9885.5940,"Specs: Cores=47, RAM=46GB",Advanced Services Solution 565 Services Advanced,824,32,0,2026-08-12 20:04:33.177806
566,Advanced Analytics Solution 566,Analytics,Advanced,85235.9900,51141.5940,"Specs: Cores=68, RAM=89GB",Advanced Analytics Solution 566 Analytics Advanced,57,53,0,2026-08-12 20:04:33.177806
567,Professional Storage Solution 567,Storage,Professional,40983.9900,24590.3940,"Specs: Cores=27, RAM=453GB",Professional Storage Solution 567 Storage Professional,400,38,0,2026-08-12 20:04:33.177806
568,Pro Storage Solution 568,Storage,Pro,53364.9900,32018.9940,"Specs: Cores=27, RAM=443GB",Pro Storage Solution 568 Storage Pro,916,12,0,2026-08-12 20:04:33.181892
569,Lite Software Solution 569,Software,Lite,21739.9900,13043.9940,"Specs: Cores=73, RAM=213GB",Lite Software Solution 569 Software Lite,579,34,0,2026-08-12 20:04:33.181892
570,Standard Analytics Solution 570,Analytics,Standard,71182.9900,42709.7940,"Specs: Cores=20, RAM=359GB",Standard Analytics Solution 570 Analytics Standard,906,54,0,2026-08-12 20:04:33.181892
571,Professional Analytics Solution 571,Analytics,Professional,51131.9900,30679.1940,"Specs: Cores=81, RAM=388GB",Professional Analytics Solution 571 Analytics Professional,455,50,0,2026-08-12 20:04:33.185971
572,Professional Hardware Solution 572,Hardware,Professional,41859.9900,25115.9940,"Specs: Cores=111, RAM=356GB",Professional Hardware Solution 572 Hardware Professional,374,26,0,2026-08-12 20:04:33.185971
573,Professional Analytics Solution 573,Analytics,Professional,41801.9900,25081.1940,"Specs: Cores=122, RAM=220GB",Professional Analytics Solution 573 Analytics Professional,674,23,0,2026-08-12 20:04:33.185971
574,Professional Analytics Solution 574,Analytics,Professional,57939.9900,34763.9940,"Specs: Cores=111, RAM=419GB",Professional Analytics Solution 574 Analytics Professional,463,11,0,2026-08-12 20:04:33.190051
575,Starter Services Solution 575,Services,Starter,33933.9900,20360.3940,"Specs: Cores=100, RAM=493GB",Starter Services Solution 575 Services Starter,541,32,0,2026-08-12 20:04:33.190051
576,Basic Development Solution 576,Development,Basic,41003.9900,24602.3940,"Specs: Cores=64, RAM=405GB",Basic Development Solution 576 Development Basic,221,54,0,2026-08-12 20:04:33.190051
577,Pro Storage Solution 577,Storage,Pro,35452.9900,21271.7940,"Specs: Cores=21, RAM=290GB",Pro Storage Solution 577 Storage Pro,454,27,0,2026-08-12 20:04:33.194135
578,Basic Services Solution 578,Services,Basic,48741.9900,29245.1940,"Specs: Cores=44, RAM=495GB",Basic Services Solution 578 Services Basic,619,21,0,2026-08-12 20:04:33.194135
579,Ultimate Monitoring Solution 579,Monitoring,Ultimate,11886.9900,7132.1940,"Specs: Cores=20, RAM=237GB",Ultimate Monitoring Solution 579 Monitoring Ultimate,191,28,0,2026-08-12 20:04:33.194135
580,Standard Monitoring Solution 580,Monitoring,Standard,66617.9900,39970.7940,"Specs: Cores=56, RAM=460GB",Standard Monitoring Solution 580 Monitoring Standard,55,37,0,2026-08-12 20:04:33.198219
581,Pro Hardware Solution 581,Hardware,Pro,86458.9900,51875.3940,"Specs: Cores=33, RAM=89GB",Pro Hardware Solution 581 Hardware Pro,668,37,0,2026-08-12 20:04:33.198219
582,Starter Analytics Solution 582,Analytics,Starter,21531.9900,12919.1940,"Specs: Cores=9, RAM=301GB",Starter Analytics Solution 582 Analytics Starter,799,27,0,2026-08-12 20:04:33.202293
583,Ultimate Analytics Solution 583,Analytics,Ultimate,65427.9900,39256.7940,"Specs: Cores=84, RAM=460GB",Ultimate Analytics Solution 583 Analytics Ultimate,535,17,0,2026-08-12 20:04:33.202293
584,Basic Development Solution 584,Development,Basic,42927.9900,25756.7940,"Specs: Cores=63, RAM=1GB",Basic Development Solution 584 Development Basic,947,19,0,2026-08-12 20:04:33.202293
585,Professional Services Solution 585,Services,Professional,26266.9900,15760.1940,"Specs: Cores=98, RAM=500GB",Professional Services Solution 585 Services Professional,824,40,0,2026-08-12 20:04:33.206386
586,Standard Software Solution 586,Software,Standard,15151.9900,9091.1940,"Specs: Cores=0, RAM=66GB",Standard Software Solution 586 Software Standard,430,57,0,2026-08-12 20:04:33.206386
587,Starter Infrastructure Solution 587,Infrastructure,Starter,76888.9900,46133.3940,"Specs: Cores=66, RAM=123GB",Starter Infrastructure Solution 587 Infrastructure Starter,285,48,0,2026-08-12 20:04:33.206386
588,Basic Software Solution 588,Software,Basic,45711.9900,27427.1940,"Specs: Cores=12, RAM=201GB",Basic Software Solution 588 Software Basic,21,24,0,2026-08-12 20:04:33.210461
589,Basic Software Solution 589,Software,Basic,22945.9900,13767.5940,"Specs: Cores=55, RAM=475GB",Basic Software Solution 589 Software Basic,595,50,0,2026-08-12 20:04:33.210461
590,Standard Development Solution 590,Development,Standard,85465.9900,51279.5940,"Specs: Cores=1, RAM=336GB",Standard Development Solution 590 Development Standard,131,17,0,2026-08-12 20:04:33.210461
591,Advanced Storage Solution 591,Storage,Advanced,19821.9900,11893.1940,"Specs: Cores=8, RAM=9GB",Advanced Storage Solution 591 Storage Advanced,192,53,0,2026-08-12 20:04:33.214546
592,Advanced Software Solution 592,Software,Advanced,41165.9900,24699.5940,"Specs: Cores=93, RAM=363GB",Advanced Software Solution 592 Software Advanced,320,11,0,2026-08-12 20:04:33.214546
593,Ultimate Analytics Solution 593,Analytics,Ultimate,52064.9900,31238.9940,"Specs: Cores=93, RAM=29GB",Ultimate Analytics Solution 593 Analytics Ultimate,289,59,0,2026-08-12 20:04:33.214546
594,Standard Analytics Solution 594,Analytics,Standard,81783.9900,49070.3940,"Specs: Cores=7, RAM=298GB",Standard Analytics Solution 594 Analytics Standard,296,29,0,2026-08-12 20:04:33.218618
595,Standard Hardware Solution 595,Hardware,Standard,41108.9900,24665.3940,"Specs: Cores=105, RAM=82GB",Standard Hardware Solution 595 Hardware Standard,57,13,0,2026-08-12 20:04:33.218618
596,Pro Services Solution 596,Services,Pro,88663.9900,53198.3940,"Specs: Cores=15, RAM=172GB",Pro Services Solution 596 Services Pro,71,49,0,2026-08-12 20:04:33.218618
597,Premium Storage Solution 597,Storage,Premium,42195.9900,25317.5940,"Specs: Cores=125, RAM=172GB",Premium Storage Solution 597 Storage Premium,613,55,0,2026-08-12 20:04:33.222699
598,Premium Development Solution 598,Development,Premium,72745.9900,43647.5940,"Specs: Cores=46, RAM=157GB",Premium Development Solution 598 Development Premium,660,51,0,2026-08-12 20:04:33.222699
599,Advanced Services Solution 599,Services,Advanced,21826.9900,13096.1940,"Specs: Cores=52, RAM=262GB",Advanced Services Solution 599 Services Advanced,466,45,0,2026-08-12 20:04:33.222699
600,Premium Security Solution 600,Security,Premium,32096.9900,19258.1940,"Specs: Cores=97, RAM=387GB",Premium Security Solution 600 Security Premium,630,14,0,2026-08-12 20:04:33.226780
601,Standard Infrastructure Solution 601,Infrastructure,Standard,9926.9900,5956.1940,"Specs: Cores=87, RAM=454GB",Standard Infrastructure Solution 601 Infrastructure Standard,513,30,0,2026-08-12 20:04:33.226780
602,Pro Hardware Solution 602,Hardware,Pro,92682.9900,55609.7940,"Specs: Cores=86, RAM=73GB",Pro Hardware Solution 602 Hardware Pro,427,43,0,2026-08-12 20:04:33.226780
603,Advanced Software Solution 603,Software,Advanced,73959.9900,44375.9940,"Specs: Cores=52, RAM=86GB",Advanced Software Solution 603 Software Advanced,997,26,0,2026-08-12 20:04:33.230861
604,Ultimate Development Solution 604,Development,Ultimate,67532.9900,40519.7940,"Specs: Cores=127, RAM=491GB",Ultimate Development Solution 604 Development Ultimate,212,40,0,2026-08-12 20:04:33.230861
605,Basic Infrastructure Solution 605,Infrastructure,Basic,50204.9900,30122.9940,"Specs: Cores=122, RAM=355GB",Basic Infrastructure Solution 605 Infrastructure Basic,767,22,0,2026-08-12 20:04:33.230861
606,Starter Monitoring Solution 606,Monitoring,Starter,53814.9900,32288.9940,"Specs: Cores=110, RAM=154GB",Starter Monitoring Solution 606 Monitoring Starter,820,57,0,2026-08-12 20:04:33.234939
607,Basic Development Solution 607,Development,Basic,36321.9900,21793.1940,"Specs: Cores=1, RAM=263GB",Basic Development Solution 607 Development Basic,355,34,0,2026-08-12 20:04:33.234939
608,Premium Software Solution 608,Software,Premium,68712.9900,41227.7940,"Specs: Cores=88, RAM=229GB",Premium Software Solution 608 Software Premium,411,28,0,2026-08-12 20:04:33.234939
609,Professional Software Solution 609,Software,Professional,23087.9900,13852.7940,"Specs: Cores=49, RAM=3GB",Professional Software Solution 609 Software Professional,729,46,0,2026-08-12 20:04:33.239011
610,Enterprise Storage Solution 610,Storage,Enterprise,2622.9900,1573.7940,"Specs: Cores=28, RAM=444GB",Enterprise Storage Solution 610 Storage Enterprise,457,29,0,2026-08-12 20:04:33.239011
611,Starter Hardware Solution 611,Hardware,Starter,8309.9900,4985.9940,"Specs: Cores=82, RAM=256GB",Starter Hardware Solution 611 Hardware Starter,369,49,0,2026-08-12 20:04:33.239011
612,Starter Services Solution 612,Services,Starter,67567.9900,40540.7940,"Specs: Cores=92, RAM=42GB",Starter Services Solution 612 Services Starter,327,10,0,2026-08-12 20:04:33.243094
613,Lite Analytics Solution 613,Analytics,Lite,51654.9900,30992.9940,"Specs: Cores=4, RAM=92GB",Lite Analytics Solution 613 Analytics Lite,333,11,0,2026-08-12 20:04:33.243094
614,Premium Development Solution 614,Development,Premium,22597.9900,13558.7940,"Specs: Cores=38, RAM=395GB",Premium Development Solution 614 Development Premium,493,42,0,2026-08-12 20:04:33.243094
615,Starter Infrastructure Solution 615,Infrastructure,Starter,82640.9900,49584.5940,"Specs: Cores=73, RAM=426GB",Starter Infrastructure Solution 615 Infrastructure Starter,502,54,0,2026-08-12 20:04:33.247173
616,Premium Software Solution 616,Software,Premium,139.9900,83.9940,"Specs: Cores=102, RAM=427GB",Premium Software Solution 616 Software Premium,199,17,0,2026-08-12 20:04:33.247173
617,Basic Security Solution 617,Security,Basic,1045.9900,627.5940,"Specs: Cores=19, RAM=213GB",Basic Security Solution 617 Security Basic,271,40,0,2026-08-12 20:04:33.247173
618,Pro Cloud Solution 618,Cloud,Pro,91982.9900,55189.7940,"Specs: Cores=10, RAM=420GB",Pro Cloud Solution 618 Cloud Pro,193,28,0,2026-08-12 20:04:33.251253
619,Ultimate Storage Solution 619,Storage,Ultimate,85585.9900,51351.5940,"Specs: Cores=11, RAM=362GB",Ultimate Storage Solution 619 Storage Ultimate,672,45,0,2026-08-12 20:04:33.251253
620,Pro Storage Solution 620,Storage,Pro,1276.9900,766.1940,"Specs: Cores=20, RAM=467GB",Pro Storage Solution 620 Storage Pro,584,29,0,2026-08-12 20:04:33.251253
621,Enterprise Software Solution 621,Software,Enterprise,97076.9900,58246.1940,"Specs: Cores=72, RAM=91GB",Enterprise Software Solution 621 Software Enterprise,55,28,0,2026-08-12 20:04:33.255325
622,Basic Hardware Solution 622,Hardware,Basic,16610.9900,9966.5940,"Specs: Cores=56, RAM=353GB",Basic Hardware Solution 622 Hardware Basic,630,30,0,2026-08-12 20:04:33.255325
623,Starter Infrastructure Solution 623,Infrastructure,Starter,16305.9900,9783.5940,"Specs: Cores=9, RAM=330GB",Starter Infrastructure Solution 623 Infrastructure Starter,829,11,0,2026-08-12 20:04:33.255325
624,Starter Software Solution 624,Software,Starter,6676.9900,4006.1940,"Specs: Cores=116, RAM=428GB",Starter Software Solution 624 Software Starter,883,56,0,2026-08-12 20:04:33.259399
625,Enterprise Analytics Solution 625,Analytics,Enterprise,92131.9900,55279.1940,"Specs: Cores=29, RAM=297GB",Enterprise Analytics Solution 625 Analytics Enterprise,94,57,0,2026-08-12 20:04:33.259399
626,Advanced Development Solution 626,Development,Advanced,62954.9900,37772.9940,"Specs: Cores=86, RAM=147GB",Advanced Development Solution 626 Development Advanced,279,28,0,2026-08-12 20:04:33.259399
627,Professional Storage Solution 627,Storage,Professional,24418.9900,14651.3940,"Specs: Cores=116, RAM=35GB",Professional Storage Solution 627 Storage Professional,181,25,0,2026-08-12 20:04:33.263479
628,Ultimate Software Solution 628,Software,Ultimate,3594.9900,2156.9940,"Specs: Cores=90, RAM=423GB",Ultimate Software Solution 628 Software Ultimate,870,32,0,2026-08-12 20:04:33.263479
629,Basic Monitoring Solution 629,Monitoring,Basic,15303.9900,9182.3940,"Specs: Cores=16, RAM=396GB",Basic Monitoring Solution 629 Monitoring Basic,126,46,0,2026-08-12 20:04:33.263479
630,Professional Services Solution 630,Services,Professional,4967.9900,2980.7940,"Specs: Cores=86, RAM=92GB",Professional Services Solution 630 Services Professional,753,17,0,2026-08-12 20:04:33.267558
631,Basic Analytics Solution 631,Analytics,Basic,24090.9900,14454.5940,"Specs: Cores=116, RAM=33GB",Basic Analytics Solution 631 Analytics Basic,812,27,0,2026-08-12 20:04:33.267558
632,Basic Storage Solution 632,Storage,Basic,29611.9900,17767.1940,"Specs: Cores=124, RAM=116GB",Basic Storage Solution 632 Storage Basic,402,40,0,2026-08-12 20:04:33.267558
633,Pro Cloud Solution 633,Cloud,Pro,44534.9900,26720.9940,"Specs: Cores=69, RAM=503GB",Pro Cloud Solution 633 Cloud Pro,890,45,0,2026-08-12 20:04:33.271630
634,Basic Infrastructure Solution 634,Infrastructure,Basic,34868.9900,20921.3940,"Specs: Cores=41, RAM=497GB",Basic Infrastructure Solution 634 Infrastructure Basic,503,58,0,2026-08-12 20:04:33.271630
635,Basic Development Solution 635,Development,Basic,31992.9900,19195.7940,"Specs: Cores=30, RAM=271GB",Basic Development Solution 635 Development Basic,259,49,0,2026-08-12 20:04:33.271630
636,Pro Security Solution 636,Security,Pro,65061.9900,39037.1940,"Specs: Cores=40, RAM=192GB",Pro Security Solution 636 Security Pro,819,23,0,2026-08-12 20:04:33.275703
637,Ultimate Cloud Solution 637,Cloud,Ultimate,43309.9900,25985.9940,"Specs: Cores=93, RAM=33GB",Ultimate Cloud Solution 637 Cloud Ultimate,87,26,0,2026-08-12 20:04:33.275703
638,Basic Storage Solution 638,Storage,Basic,88209.9900,52925.9940,"Specs: Cores=89, RAM=129GB",Basic Storage Solution 638 Storage Basic,392,48,0,2026-08-12 20:04:33.275703
639,Starter Storage Solution 639,Storage,Starter,66579.9900,39947.9940,"Specs: Cores=31, RAM=75GB",Starter Storage Solution 639 Storage Starter,76,59,0,2026-08-12 20:04:33.279779
640,Pro Development Solution 640,Development,Pro,23491.9900,14095.1940,"Specs: Cores=99, RAM=225GB",Pro Development Solution 640 Development Pro,420,54,0,2026-08-12 20:04:33.279779
641,Standard Analytics Solution 641,Analytics,Standard,54856.9900,32914.1940,"Specs: Cores=14, RAM=232GB",Standard Analytics Solution 641 Analytics Standard,923,10,0,2026-08-12 20:04:33.279779
642,Pro Storage Solution 642,Storage,Pro,76910.9900,46146.5940,"Specs: Cores=57, RAM=73GB",Pro Storage Solution 642 Storage Pro,875,23,0,2026-08-12 20:04:33.283857
643,Premium Analytics Solution 643,Analytics,Premium,40976.9900,24586.1940,"Specs: Cores=117, RAM=397GB",Premium Analytics Solution 643 Analytics Premium,344,34,0,2026-08-12 20:04:33.283857
644,Enterprise Software Solution 644,Software,Enterprise,97744.9900,58646.9940,"Specs: Cores=115, RAM=176GB",Enterprise Software Solution 644 Software Enterprise,46,33,0,2026-08-12 20:04:33.283857
645,Ultimate Security Solution 645,Security,Ultimate,5723.9900,3434.3940,"Specs: Cores=88, RAM=395GB",Ultimate Security Solution 645 Security Ultimate,984,16,0,2026-08-12 20:04:33.287931
646,Professional Cloud Solution 646,Cloud,Professional,94828.9900,56897.3940,"Specs: Cores=10, RAM=290GB",Professional Cloud Solution 646 Cloud Professional,560,20,0,2026-08-12 20:04:33.287931
647,Pro Analytics Solution 647,Analytics,Pro,15263.9900,9158.3940,"Specs: Cores=23, RAM=400GB",Pro Analytics Solution 647 Analytics Pro,240,33,0,2026-08-12 20:04:33.287931
648,Lite Hardware Solution 648,Hardware,Lite,67252.9900,40351.7940,"Specs: Cores=9, RAM=406GB",Lite Hardware Solution 648 Hardware Lite,908,45,0,2026-08-12 20:04:33.292007
649,Pro Monitoring Solution 649,Monitoring,Pro,56487.9900,33892.7940,"Specs: Cores=118, RAM=340GB",Pro Monitoring Solution 649 Monitoring Pro,244,15,0,2026-08-12 20:04:33.292007
650,Lite Storage Solution 650,Storage,Lite,14413.9900,8648.3940,"Specs: Cores=86, RAM=363GB",Lite Storage Solution 650 Storage Lite,947,40,0,2026-08-12 20:04:33.292007
651,Ultimate Analytics Solution 651,Analytics,Ultimate,13982.9900,8389.7940,"Specs: Cores=18, RAM=488GB",Ultimate Analytics Solution 651 Analytics Ultimate,820,46,0,2026-08-12 20:04:33.296085
652,Standard Monitoring Solution 652,Monitoring,Standard,62412.9900,37447.7940,"Specs: Cores=26, RAM=307GB",Standard Monitoring Solution 652 Monitoring Standard,389,24,0,2026-08-12 20:04:33.296085
653,Ultimate Software Solution 653,Software,Ultimate,47235.9900,28341.5940,"Specs: Cores=30, RAM=115GB",Ultimate Software Solution 653 Software Ultimate,550,48,0,2026-08-12 20:04:33.296085
654,Professional Development Solution 654,Development,Professional,69392.9900,41635.7940,"Specs: Cores=126, RAM=152GB",Professional Development Solution 654 Development Professional,575,36,0,2026-08-12 20:04:33.300161
655,Lite Storage Solution 655,Storage,Lite,90089.9900,54053.9940,"Specs: Cores=93, RAM=431GB",Lite Storage Solution 655 Storage Lite,92,23,0,2026-08-12 20:04:33.300161
656,Premium Development Solution 656,Development,Premium,19874.9900,11924.9940,"Specs: Cores=86, RAM=357GB",Premium Development Solution 656 Development Premium,134,52,0,2026-08-12 20:04:33.300161
657,Premium Services Solution 657,Services,Premium,59242.9900,35545.7940,"Specs: Cores=67, RAM=495GB",Premium Services Solution 657 Services Premium,112,12,0,2026-08-12 20:04:33.304235
658,Standard Cloud Solution 658,Cloud,Standard,14168.9900,8501.3940,"Specs: Cores=89, RAM=509GB",Standard Cloud Solution 658 Cloud Standard,588,34,0,2026-08-12 20:04:33.304235
659,Enterprise Development Solution 659,Development,Enterprise,53484.9900,32090.9940,"Specs: Cores=108, RAM=484GB",Enterprise Development Solution 659 Development Enterprise,908,22,0,2026-08-12 20:04:33.304235
660,Premium Cloud Solution 660,Cloud,Premium,69255.9900,41553.5940,"Specs: Cores=51, RAM=258GB",Premium Cloud Solution 660 Cloud Premium,312,46,0,2026-08-12 20:04:33.308309
661,Basic Security Solution 661,Security,Basic,77472.9900,46483.7940,"Specs: Cores=48, RAM=187GB",Basic Security Solution 661 Security Basic,183,36,0,2026-08-12 20:04:33.308309
662,Basic Development Solution 662,Development,Basic,20498.9900,12299.3940,"Specs: Cores=116, RAM=332GB",Basic Development Solution 662 Development Basic,442,57,0,2026-08-12 20:04:33.308309
663,Standard Development Solution 663,Development,Standard,44986.9900,26992.1940,"Specs: Cores=100, RAM=222GB",Standard Development Solution 663 Development Standard,673,53,0,2026-08-12 20:04:33.312385
664,Premium Hardware Solution 664,Hardware,Premium,86403.9900,51842.3940,"Specs: Cores=67, RAM=144GB",Premium Hardware Solution 664 Hardware Premium,743,45,0,2026-08-12 20:04:33.312385
665,Ultimate Analytics Solution 665,Analytics,Ultimate,66855.9900,40113.5940,"Specs: Cores=29, RAM=427GB",Ultimate Analytics Solution 665 Analytics Ultimate,500,10,0,2026-08-12 20:04:33.312385
666,Standard Services Solution 666,Services,Standard,71884.9900,43130.9940,"Specs: Cores=85, RAM=108GB",Standard Services Solution 666 Services Standard,914,33,0,2026-08-12 20:04:33.316463
667,Lite Analytics Solution 667,Analytics,Lite,53991.9900,32395.1940,"Specs: Cores=86, RAM=312GB",Lite Analytics Solution 667 Analytics Lite,52,41,0,2026-08-12 20:04:33.316463
668,Advanced Security Solution 668,Security,Advanced,66565.9900,39939.5940,"Specs: Cores=28, RAM=255GB",Advanced Security Solution 668 Security Advanced,58,19,0,2026-08-12 20:04:33.316463
669,Standard Hardware Solution 669,Hardware,Standard,29344.9900,17606.9940,"Specs: Cores=80, RAM=67GB",Standard Hardware Solution 669 Hardware Standard,706,13,0,2026-08-12 20:04:33.320537
670,Premium Development Solution 670,Development,Premium,83218.9900,49931.3940,"Specs: Cores=105, RAM=123GB",Premium Development Solution 670 Development Premium,164,28,0,2026-08-12 20:04:33.320537
671,Basic Analytics Solution 671,Analytics,Basic,52084.9900,31250.9940,"Specs: Cores=82, RAM=395GB",Basic Analytics Solution 671 Analytics Basic,866,49,0,2026-08-12 20:04:33.320537
672,Lite Monitoring Solution 672,Monitoring,Lite,77058.9900,46235.3940,"Specs: Cores=86, RAM=100GB",Lite Monitoring Solution 672 Monitoring Lite,33,31,0,2026-08-12 20:04:33.324614
673,Basic Storage Solution 673,Storage,Basic,95019.9900,57011.9940,"Specs: Cores=0, RAM=124GB",Basic Storage Solution 673 Storage Basic,474,26,0,2026-08-12 20:04:33.324614
674,Premium Analytics Solution 674,Analytics,Premium,53807.9900,32284.7940,"Specs: Cores=93, RAM=393GB",Premium Analytics Solution 674 Analytics Premium,742,46,0,2026-08-12 20:04:33.328687
675,Professional Analytics Solution 675,Analytics,Professional,1706.9900,1024.1940,"Specs: Cores=105, RAM=35GB",Professional Analytics Solution 675 Analytics Professional,105,49,0,2026-08-12 20:04:33.328687
676,Advanced Hardware Solution 676,Hardware,Advanced,85854.9900,51512.9940,"Specs: Cores=95, RAM=250GB",Advanced Hardware Solution 676 Hardware Advanced,976,38,0,2026-08-12 20:04:33.328687
677,Premium Hardware Solution 677,Hardware,Premium,4232.9900,2539.7940,"Specs: Cores=89, RAM=371GB",Premium Hardware Solution 677 Hardware Premium,316,58,0,2026-08-12 20:04:33.332758
678,Standard Hardware Solution 678,Hardware,Standard,5998.9900,3599.3940,"Specs: Cores=42, RAM=297GB",Standard Hardware Solution 678 Hardware Standard,525,47,0,2026-08-12 20:04:33.332758
679,Premium Analytics Solution 679,Analytics,Premium,92336.9900,55402.1940,"Specs: Cores=83, RAM=209GB",Premium Analytics Solution 679 Analytics Premium,781,30,0,2026-08-12 20:04:33.332758
680,Professional Storage Solution 680,Storage,Professional,63133.9900,37880.3940,"Specs: Cores=60, RAM=319GB",Professional Storage Solution 680 Storage Professional,650,20,0,2026-08-12 20:04:33.336830
681,Lite Analytics Solution 681,Analytics,Lite,37781.9900,22669.1940,"Specs: Cores=55, RAM=54GB",Lite Analytics Solution 681 Analytics Lite,205,46,0,2026-08-12 20:04:33.336830
682,Premium Development Solution 682,Development,Premium,67887.9900,40732.7940,"Specs: Cores=122, RAM=410GB",Premium Development Solution 682 Development Premium,764,16,0,2026-08-12 20:04:33.336830
683,Basic Services Solution 683,Services,Basic,8190.9900,4914.5940,"Specs: Cores=10, RAM=373GB",Basic Services Solution 683 Services Basic,542,58,0,2026-08-12 20:04:33.340902
684,Advanced Development Solution 684,Development,Advanced,75078.9900,45047.3940,"Specs: Cores=6, RAM=479GB",Advanced Development Solution 684 Development Advanced,367,12,0,2026-08-12 20:04:33.340902
685,Premium Storage Solution 685,Storage,Premium,71485.9900,42891.5940,"Specs: Cores=10, RAM=408GB",Premium Storage Solution 685 Storage Premium,370,29,0,2026-08-12 20:04:33.340902
686,Professional Software Solution 686,Software,Professional,50225.9900,30135.5940,"Specs: Cores=69, RAM=497GB",Professional Software Solution 686 Software Professional,52,34,0,2026-08-12 20:04:33.344983
687,Enterprise Storage Solution 687,Storage,Enterprise,75866.9900,45520.1940,"Specs: Cores=121, RAM=320GB",Enterprise Storage Solution 687 Storage Enterprise,597,46,0,2026-08-12 20:04:33.344983
688,Starter Monitoring Solution 688,Monitoring,Starter,29238.9900,17543.3940,"Specs: Cores=89, RAM=300GB",Starter Monitoring Solution 688 Monitoring Starter,62,58,0,2026-08-12 20:04:33.344983
689,Basic Development Solution 689,Development,Basic,98327.9900,58996.7940,"Specs: Cores=59, RAM=188GB",Basic Development Solution 689 Development Basic,884,20,0,2026-08-12 20:04:33.349052
690,Standard Development Solution 690,Development,Standard,54534.9900,32720.9940,"Specs: Cores=23, RAM=33GB",Standard Development Solution 690 Development Standard,705,27,0,2026-08-12 20:04:33.349052
691,Standard Services Solution 691,Services,Standard,65741.9900,39445.1940,"Specs: Cores=82, RAM=169GB",Standard Services Solution 691 Services Standard,285,40,0,2026-08-12 20:04:33.349052
692,Professional Monitoring Solution 692,Monitoring,Professional,15196.9900,9118.1940,"Specs: Cores=122, RAM=341GB",Professional Monitoring Solution 692 Monitoring Professional,54,58,0,2026-08-12 20:04:33.353137
693,Standard Security Solution 693,Security,Standard,3981.9900,2389.1940,"Specs: Cores=57, RAM=487GB",Standard Security Solution 693 Security Standard,17,40,0,2026-08-12 20:04:33.353137
694,Standard Infrastructure Solution 694,Infrastructure,Standard,73877.9900,44326.7940,"Specs: Cores=106, RAM=399GB",Standard Infrastructure Solution 694 Infrastructure Standard,857,17,0,2026-08-12 20:04:33.357213
695,Starter Infrastructure Solution 695,Infrastructure,Starter,76034.9900,45620.9940,"Specs: Cores=101, RAM=305GB",Starter Infrastructure Solution 695 Infrastructure Starter,672,31,0,2026-08-12 20:04:33.357213
696,Basic Development Solution 696,Development,Basic,52014.9900,31208.9940,"Specs: Cores=72, RAM=165GB",Basic Development Solution 696 Development Basic,521,54,0,2026-08-12 20:04:33.357213
697,Enterprise Development Solution 697,Development,Enterprise,52951.9900,31771.1940,"Specs: Cores=38, RAM=462GB",Enterprise Development Solution 697 Development Enterprise,641,35,0,2026-08-12 20:04:33.361293
698,Professional Monitoring Solution 698,Monitoring,Professional,88965.9900,53379.5940,"Specs: Cores=1, RAM=12GB",Professional Monitoring Solution 698 Monitoring Professional,837,44,0,2026-08-12 20:04:33.361293
699,Ultimate Monitoring Solution 699,Monitoring,Ultimate,66689.9900,40013.9940,"Specs: Cores=71, RAM=305GB",Ultimate Monitoring Solution 699 Monitoring Ultimate,879,56,0,2026-08-12 20:04:33.361293
700,Starter Development Solution 700,Development,Starter,48634.9900,29180.9940,"Specs: Cores=16, RAM=233GB",Starter Development Solution 700 Development Starter,584,59,0,2026-08-12 20:04:33.365367
701,Pro Infrastructure Solution 701,Infrastructure,Pro,3912.9900,2347.7940,"Specs: Cores=79, RAM=81GB",Pro Infrastructure Solution 701 Infrastructure Pro,181,47,0,2026-08-12 20:04:33.365367
702,Advanced Infrastructure Solution 702,Infrastructure,Advanced,61298.9900,36779.3940,"Specs: Cores=66, RAM=96GB",Advanced Infrastructure Solution 702 Infrastructure Advanced,909,21,0,2026-08-12 20:04:33.365367
703,Advanced Monitoring Solution 703,Monitoring,Advanced,30176.9900,18106.1940,"Specs: Cores=122, RAM=273GB",Advanced Monitoring Solution 703 Monitoring Advanced,604,54,0,2026-08-12 20:04:33.369447
704,Premium Analytics Solution 704,Analytics,Premium,77155.9900,46293.5940,"Specs: Cores=92, RAM=506GB",Premium Analytics Solution 704 Analytics Premium,479,19,0,2026-08-12 20:04:33.369447
705,Enterprise Hardware Solution 705,Hardware,Enterprise,1288.9900,773.3940,"Specs: Cores=26, RAM=188GB",Enterprise Hardware Solution 705 Hardware Enterprise,555,28,0,2026-08-12 20:04:33.369447
706,Lite Hardware Solution 706,Hardware,Lite,66419.9900,39851.9940,"Specs: Cores=73, RAM=117GB",Lite Hardware Solution 706 Hardware Lite,155,28,0,2026-08-12 20:04:33.373529
707,Ultimate Infrastructure Solution 707,Infrastructure,Ultimate,86946.9900,52168.1940,"Specs: Cores=17, RAM=220GB",Ultimate Infrastructure Solution 707 Infrastructure Ultimate,158,26,0,2026-08-12 20:04:33.373529
708,Starter Security Solution 708,Security,Starter,73383.9900,44030.3940,"Specs: Cores=16, RAM=350GB",Starter Security Solution 708 Security Starter,719,25,0,2026-08-12 20:04:33.373529
709,Standard Services Solution 709,Services,Standard,9407.9900,5644.7940,"Specs: Cores=39, RAM=178GB",Standard Services Solution 709 Services Standard,666,41,0,2026-08-12 20:04:33.377606
710,Pro Hardware Solution 710,Hardware,Pro,41547.9900,24928.7940,"Specs: Cores=76, RAM=370GB",Pro Hardware Solution 710 Hardware Pro,865,50,0,2026-08-12 20:04:33.377606
711,Pro Monitoring Solution 711,Monitoring,Pro,38027.9900,22816.7940,"Specs: Cores=38, RAM=24GB",Pro Monitoring Solution 711 Monitoring Pro,449,32,0,2026-08-12 20:04:33.377606
712,Professional Analytics Solution 712,Analytics,Professional,45715.9900,27429.5940,"Specs: Cores=21, RAM=507GB",Professional Analytics Solution 712 Analytics Professional,995,36,0,2026-08-12 20:04:33.381726
713,Professional Hardware Solution 713,Hardware,Professional,5927.9900,3556.7940,"Specs: Cores=64, RAM=183GB",Professional Hardware Solution 713 Hardware Professional,307,48,0,2026-08-12 20:04:33.381726
714,Advanced Hardware Solution 714,Hardware,Advanced,98999.9900,59399.9940,"Specs: Cores=49, RAM=341GB",Advanced Hardware Solution 714 Hardware Advanced,360,37,0,2026-08-12 20:04:33.381726
715,Advanced Storage Solution 715,Storage,Advanced,83107.9900,49864.7940,"Specs: Cores=98, RAM=177GB",Advanced Storage Solution 715 Storage Advanced,185,50,0,2026-08-12 20:04:33.385858
716,Ultimate Cloud Solution 716,Cloud,Ultimate,93313.9900,55988.3940,"Specs: Cores=40, RAM=49GB",Ultimate Cloud Solution 716 Cloud Ultimate,65,24,0,2026-08-12 20:04:33.385858
717,Advanced Analytics Solution 717,Analytics,Advanced,2771.9900,1663.1940,"Specs: Cores=51, RAM=165GB",Advanced Analytics Solution 717 Analytics Advanced,513,55,0,2026-08-12 20:04:33.385858
718,Pro Software Solution 718,Software,Pro,1328.9900,797.3940,"Specs: Cores=17, RAM=506GB",Pro Software Solution 718 Software Pro,485,15,0,2026-08-12 20:04:33.389943
719,Standard Monitoring Solution 719,Monitoring,Standard,34359.9900,20615.9940,"Specs: Cores=120, RAM=279GB",Standard Monitoring Solution 719 Monitoring Standard,606,14,0,2026-08-12 20:04:33.389943
720,Starter Hardware Solution 720,Hardware,Starter,51680.9900,31008.5940,"Specs: Cores=56, RAM=422GB",Starter Hardware Solution 720 Hardware Starter,138,25,0,2026-08-12 20:04:33.389943
721,Basic Infrastructure Solution 721,Infrastructure,Basic,98796.9900,59278.1940,"Specs: Cores=86, RAM=182GB",Basic Infrastructure Solution 721 Infrastructure Basic,419,19,0,2026-08-12 20:04:33.394027
722,Ultimate Software Solution 722,Software,Ultimate,86762.9900,52057.7940,"Specs: Cores=92, RAM=315GB",Ultimate Software Solution 722 Software Ultimate,994,44,0,2026-08-12 20:04:33.394027
723,Ultimate Software Solution 723,Software,Ultimate,72811.9900,43687.1940,"Specs: Cores=33, RAM=84GB",Ultimate Software Solution 723 Software Ultimate,98,20,0,2026-08-12 20:04:33.394027
724,Standard Services Solution 724,Services,Standard,16913.9900,10148.3940,"Specs: Cores=124, RAM=43GB",Standard Services Solution 724 Services Standard,309,51,0,2026-08-12 20:04:33.398108
725,Basic Infrastructure Solution 725,Infrastructure,Basic,86978.9900,52187.3940,"Specs: Cores=111, RAM=377GB",Basic Infrastructure Solution 725 Infrastructure Basic,57,44,0,2026-08-12 20:04:33.398108
726,Pro Software Solution 726,Software,Pro,76300.9900,45780.5940,"Specs: Cores=39, RAM=59GB",Pro Software Solution 726 Software Pro,186,10,0,2026-08-12 20:04:33.398108
727,Pro Development Solution 727,Development,Pro,31898.9900,19139.3940,"Specs: Cores=11, RAM=104GB",Pro Development Solution 727 Development Pro,621,39,0,2026-08-12 20:04:33.402192
728,Professional Hardware Solution 728,Hardware,Professional,60951.9900,36571.1940,"Specs: Cores=25, RAM=140GB",Professional Hardware Solution 728 Hardware Professional,500,31,0,2026-08-12 20:04:33.402192
729,Lite Software Solution 729,Software,Lite,96690.9900,58014.5940,"Specs: Cores=71, RAM=438GB",Lite Software Solution 729 Software Lite,716,13,0,2026-08-12 20:04:33.402192
730,Enterprise Infrastructure Solution 730,Infrastructure,Enterprise,73915.9900,44349.5940,"Specs: Cores=6, RAM=376GB",Enterprise Infrastructure Solution 730 Infrastructure Enterprise,149,17,0,2026-08-12 20:04:33.406279
731,Lite Analytics Solution 731,Analytics,Lite,30713.9900,18428.3940,"Specs: Cores=2, RAM=70GB",Lite Analytics Solution 731 Analytics Lite,488,56,0,2026-08-12 20:04:33.406279
732,Starter Analytics Solution 732,Analytics,Starter,47214.9900,28328.9940,"Specs: Cores=49, RAM=200GB",Starter Analytics Solution 732 Analytics Starter,268,49,0,2026-08-12 20:04:33.406279
733,Advanced Services Solution 733,Services,Advanced,71762.9900,43057.7940,"Specs: Cores=101, RAM=111GB",Advanced Services Solution 733 Services Advanced,396,42,0,2026-08-12 20:04:33.410358
734,Lite Hardware Solution 734,Hardware,Lite,37501.9900,22501.1940,"Specs: Cores=40, RAM=282GB",Lite Hardware Solution 734 Hardware Lite,249,14,0,2026-08-12 20:04:33.410358
735,Ultimate Development Solution 735,Development,Ultimate,41069.9900,24641.9940,"Specs: Cores=84, RAM=511GB",Ultimate Development Solution 735 Development Ultimate,110,12,0,2026-08-12 20:04:33.410358
736,Standard Security Solution 736,Security,Standard,34716.9900,20830.1940,"Specs: Cores=91, RAM=338GB",Standard Security Solution 736 Security Standard,384,59,0,2026-08-12 20:04:33.414441
737,Premium Monitoring Solution 737,Monitoring,Premium,58219.9900,34931.9940,"Specs: Cores=32, RAM=197GB",Premium Monitoring Solution 737 Monitoring Premium,978,27,0,2026-08-12 20:04:33.414441
738,Starter Services Solution 738,Services,Starter,13127.9900,7876.7940,"Specs: Cores=15, RAM=243GB",Starter Services Solution 738 Services Starter,851,39,0,2026-08-12 20:04:33.414441
739,Premium Cloud Solution 739,Cloud,Premium,34729.9900,20837.9940,"Specs: Cores=14, RAM=259GB",Premium Cloud Solution 739 Cloud Premium,180,30,0,2026-08-12 20:04:33.418527
740,Pro Hardware Solution 740,Hardware,Pro,8875.9900,5325.5940,"Specs: Cores=5, RAM=150GB",Pro Hardware Solution 740 Hardware Pro,84,52,0,2026-08-12 20:04:33.418527
741,Starter Storage Solution 741,Storage,Starter,72936.9900,43762.1940,"Specs: Cores=10, RAM=67GB",Starter Storage Solution 741 Storage Starter,680,32,0,2026-08-12 20:04:33.418527
742,Starter Security Solution 742,Security,Starter,97572.9900,58543.7940,"Specs: Cores=107, RAM=320GB",Starter Security Solution 742 Security Starter,771,38,0,2026-08-12 20:04:33.422603
743,Pro Analytics Solution 743,Analytics,Pro,95083.9900,57050.3940,"Specs: Cores=100, RAM=35GB",Pro Analytics Solution 743 Analytics Pro,245,49,0,2026-08-12 20:04:33.422603
744,Pro Software Solution 744,Software,Pro,47937.9900,28762.7940,"Specs: Cores=107, RAM=435GB",Pro Software Solution 744 Software Pro,529,45,0,2026-08-12 20:04:33.422603
745,Advanced Cloud Solution 745,Cloud,Advanced,21131.9900,12679.1940,"Specs: Cores=57, RAM=234GB",Advanced Cloud Solution 745 Cloud Advanced,995,48,0,2026-08-12 20:04:33.426682
746,Premium Infrastructure Solution 746,Infrastructure,Premium,64243.9900,38546.3940,"Specs: Cores=43, RAM=16GB",Premium Infrastructure Solution 746 Infrastructure Premium,567,20,0,2026-08-12 20:04:33.426682
747,Premium Analytics Solution 747,Analytics,Premium,62920.9900,37752.5940,"Specs: Cores=18, RAM=175GB",Premium Analytics Solution 747 Analytics Premium,982,24,0,2026-08-12 20:04:33.426682
748,Lite Software Solution 748,Software,Lite,86113.9900,51668.3940,"Specs: Cores=116, RAM=497GB",Lite Software Solution 748 Software Lite,59,49,0,2026-08-12 20:04:33.430872
749,Standard Storage Solution 749,Storage,Standard,25662.9900,15397.7940,"Specs: Cores=66, RAM=22GB",Standard Storage Solution 749 Storage Standard,496,20,0,2026-08-12 20:04:33.430872
750,Enterprise Storage Solution 750,Storage,Enterprise,48037.9900,28822.7940,"Specs: Cores=31, RAM=374GB",Enterprise Storage Solution 750 Storage Enterprise,734,37,0,2026-08-12 20:04:33.430872
751,Starter Services Solution 751,Services,Starter,56211.9900,33727.1940,"Specs: Cores=87, RAM=502GB",Starter Services Solution 751 Services Starter,489,15,0,2026-08-12 20:04:33.434950
752,Enterprise Analytics Solution 752,Analytics,Enterprise,54702.9900,32821.7940,"Specs: Cores=100, RAM=325GB",Enterprise Analytics Solution 752 Analytics Enterprise,381,46,0,2026-08-12 20:04:33.434950
753,Basic Monitoring Solution 753,Monitoring,Basic,17304.9900,10382.9940,"Specs: Cores=103, RAM=444GB",Basic Monitoring Solution 753 Monitoring Basic,224,53,0,2026-08-12 20:04:33.434950
754,Standard Security Solution 754,Security,Standard,76931.9900,46159.1940,"Specs: Cores=95, RAM=233GB",Standard Security Solution 754 Security Standard,367,13,0,2026-08-12 20:04:33.439029
755,Advanced Development Solution 755,Development,Advanced,79290.9900,47574.5940,"Specs: Cores=111, RAM=49GB",Advanced Development Solution 755 Development Advanced,11,52,0,2026-08-12 20:04:33.439029
756,Ultimate Monitoring Solution 756,Monitoring,Ultimate,36518.9900,21911.3940,"Specs: Cores=72, RAM=41GB",Ultimate Monitoring Solution 756 Monitoring Ultimate,868,39,0,2026-08-12 20:04:33.443104
757,Pro Cloud Solution 757,Cloud,Pro,82937.9900,49762.7940,"Specs: Cores=27, RAM=77GB",Pro Cloud Solution 757 Cloud Pro,488,27,0,2026-08-12 20:04:33.443104
758,Enterprise Hardware Solution 758,Hardware,Enterprise,76775.9900,46065.5940,"Specs: Cores=73, RAM=59GB",Enterprise Hardware Solution 758 Hardware Enterprise,776,30,0,2026-08-12 20:04:33.443104
759,Ultimate Analytics Solution 759,Analytics,Ultimate,77154.9900,46292.9940,"Specs: Cores=105, RAM=441GB",Ultimate Analytics Solution 759 Analytics Ultimate,57,14,0,2026-08-12 20:04:33.447181
760,Professional Services Solution 760,Services,Professional,23847.9900,14308.7940,"Specs: Cores=25, RAM=54GB",Professional Services Solution 760 Services Professional,492,33,0,2026-08-12 20:04:33.447181
761,Basic Analytics Solution 761,Analytics,Basic,58690.9900,35214.5940,"Specs: Cores=57, RAM=266GB",Basic Analytics Solution 761 Analytics Basic,653,51,0,2026-08-12 20:04:33.447181
762,Lite Cloud Solution 762,Cloud,Lite,66955.9900,40173.5940,"Specs: Cores=48, RAM=511GB",Lite Cloud Solution 762 Cloud Lite,89,22,0,2026-08-12 20:04:33.451260
763,Pro Development Solution 763,Development,Pro,74590.9900,44754.5940,"Specs: Cores=80, RAM=247GB",Pro Development Solution 763 Development Pro,408,43,0,2026-08-12 20:04:33.451260
764,Premium Infrastructure Solution 764,Infrastructure,Premium,45487.9900,27292.7940,"Specs: Cores=48, RAM=177GB",Premium Infrastructure Solution 764 Infrastructure Premium,201,58,0,2026-08-12 20:04:33.451260
765,Ultimate Software Solution 765,Software,Ultimate,40878.9900,24527.3940,"Specs: Cores=95, RAM=433GB",Ultimate Software Solution 765 Software Ultimate,728,50,0,2026-08-12 20:04:33.455333
766,Basic Infrastructure Solution 766,Infrastructure,Basic,29555.9900,17733.5940,"Specs: Cores=90, RAM=158GB",Basic Infrastructure Solution 766 Infrastructure Basic,248,50,0,2026-08-12 20:04:33.455333
767,Basic Development Solution 767,Development,Basic,81440.9900,48864.5940,"Specs: Cores=83, RAM=79GB",Basic Development Solution 767 Development Basic,667,49,0,2026-08-12 20:04:33.459419
768,Professional Storage Solution 768,Storage,Professional,21798.9900,13079.3940,"Specs: Cores=84, RAM=135GB",Professional Storage Solution 768 Storage Professional,781,45,0,2026-08-12 20:04:33.459419
769,Starter Services Solution 769,Services,Starter,32110.9900,19266.5940,"Specs: Cores=26, RAM=272GB",Starter Services Solution 769 Services Starter,953,24,0,2026-08-12 20:04:33.459419
770,Enterprise Storage Solution 770,Storage,Enterprise,70241.9900,42145.1940,"Specs: Cores=31, RAM=172GB",Enterprise Storage Solution 770 Storage Enterprise,113,13,0,2026-08-12 20:04:33.463492
771,Starter Infrastructure Solution 771,Infrastructure,Starter,73455.9900,44073.5940,"Specs: Cores=124, RAM=270GB",Starter Infrastructure Solution 771 Infrastructure Starter,313,16,0,2026-08-12 20:04:33.463492
772,Professional Hardware Solution 772,Hardware,Professional,62570.9900,37542.5940,"Specs: Cores=12, RAM=378GB",Professional Hardware Solution 772 Hardware Professional,738,24,0,2026-08-12 20:04:33.463492
773,Professional Services Solution 773,Services,Professional,44293.9900,26576.3940,"Specs: Cores=0, RAM=161GB",Professional Services Solution 773 Services Professional,941,30,0,2026-08-12 20:04:33.467576
774,Lite Development Solution 774,Development,Lite,41283.9900,24770.3940,"Specs: Cores=124, RAM=42GB",Lite Development Solution 774 Development Lite,412,19,0,2026-08-12 20:04:33.467576
775,Pro Hardware Solution 775,Hardware,Pro,46339.9900,27803.9940,"Specs: Cores=107, RAM=378GB",Pro Hardware Solution 775 Hardware Pro,788,31,0,2026-08-12 20:04:33.467576
776,Advanced Storage Solution 776,Storage,Advanced,62356.9900,37414.1940,"Specs: Cores=15, RAM=148GB",Advanced Storage Solution 776 Storage Advanced,563,57,0,2026-08-12 20:04:33.471650
777,Enterprise Development Solution 777,Development,Enterprise,92756.9900,55654.1940,"Specs: Cores=18, RAM=318GB",Enterprise Development Solution 777 Development Enterprise,411,25,0,2026-08-12 20:04:33.471650
778,Starter Security Solution 778,Security,Starter,50594.9900,30356.9940,"Specs: Cores=25, RAM=460GB",Starter Security Solution 778 Security Starter,36,22,0,2026-08-12 20:04:33.471650
779,Standard Analytics Solution 779,Analytics,Standard,87376.9900,52426.1940,"Specs: Cores=62, RAM=63GB",Standard Analytics Solution 779 Analytics Standard,224,32,0,2026-08-12 20:04:33.475739
780,Professional Security Solution 780,Security,Professional,29538.9900,17723.3940,"Specs: Cores=104, RAM=278GB",Professional Security Solution 780 Security Professional,23,15,0,2026-08-12 20:04:33.475739
781,Standard Development Solution 781,Development,Standard,76663.9900,45998.3940,"Specs: Cores=116, RAM=95GB",Standard Development Solution 781 Development Standard,65,57,0,2026-08-12 20:04:33.475739
782,Enterprise Infrastructure Solution 782,Infrastructure,Enterprise,95175.9900,57105.5940,"Specs: Cores=96, RAM=164GB",Enterprise Infrastructure Solution 782 Infrastructure Enterprise,257,53,0,2026-08-12 20:04:33.479848
783,Starter Analytics Solution 783,Analytics,Starter,471.9900,283.1940,"Specs: Cores=14, RAM=76GB",Starter Analytics Solution 783 Analytics Starter,996,45,0,2026-08-12 20:04:33.479848
784,Enterprise Services Solution 784,Services,Enterprise,49227.9900,29536.7940,"Specs: Cores=54, RAM=49GB",Enterprise Services Solution 784 Services Enterprise,456,37,0,2026-08-12 20:04:33.479848
785,Basic Hardware Solution 785,Hardware,Basic,26759.9900,16055.9940,"Specs: Cores=80, RAM=220GB",Basic Hardware Solution 785 Hardware Basic,390,33,0,2026-08-12 20:04:33.479848
786,Advanced Cloud Solution 786,Cloud,Advanced,46574.9900,27944.9940,"Specs: Cores=90, RAM=210GB",Advanced Cloud Solution 786 Cloud Advanced,488,13,0,2026-08-12 20:04:33.483921
787,Enterprise Development Solution 787,Development,Enterprise,81488.9900,48893.3940,"Specs: Cores=119, RAM=317GB",Enterprise Development Solution 787 Development Enterprise,709,36,0,2026-08-12 20:04:33.483921
788,Enterprise Software Solution 788,Software,Enterprise,96333.9900,57800.3940,"Specs: Cores=6, RAM=268GB",Enterprise Software Solution 788 Software Enterprise,952,17,0,2026-08-12 20:04:33.488004
789,Advanced Storage Solution 789,Storage,Advanced,55410.9900,33246.5940,"Specs: Cores=56, RAM=230GB",Advanced Storage Solution 789 Storage Advanced,391,30,0,2026-08-12 20:04:33.488004
790,Professional Analytics Solution 790,Analytics,Professional,37467.9900,22480.7940,"Specs: Cores=29, RAM=108GB",Professional Analytics Solution 790 Analytics Professional,638,38,0,2026-08-12 20:04:33.488004
791,Starter Cloud Solution 791,Cloud,Starter,57897.9900,34738.7940,"Specs: Cores=22, RAM=358GB",Starter Cloud Solution 791 Cloud Starter,600,45,0,2026-08-12 20:04:33.492086
792,Ultimate Security Solution 792,Security,Ultimate,74821.9900,44893.1940,"Specs: Cores=4, RAM=451GB",Ultimate Security Solution 792 Security Ultimate,595,30,0,2026-08-12 20:04:33.492086
793,Lite Infrastructure Solution 793,Infrastructure,Lite,30155.9900,18093.5940,"Specs: Cores=72, RAM=84GB",Lite Infrastructure Solution 793 Infrastructure Lite,372,20,0,2026-08-12 20:04:33.492086
794,Starter Analytics Solution 794,Analytics,Starter,32976.9900,19786.1940,"Specs: Cores=47, RAM=80GB",Starter Analytics Solution 794 Analytics Starter,418,42,0,2026-08-12 20:04:33.496166
795,Basic Infrastructure Solution 795,Infrastructure,Basic,80971.9900,48583.1940,"Specs: Cores=71, RAM=368GB",Basic Infrastructure Solution 795 Infrastructure Basic,283,46,0,2026-08-12 20:04:33.496166
796,Pro Cloud Solution 796,Cloud,Pro,83169.9900,49901.9940,"Specs: Cores=101, RAM=293GB",Pro Cloud Solution 796 Cloud Pro,302,34,0,2026-08-12 20:04:33.496166
797,Advanced Analytics Solution 797,Analytics,Advanced,97580.9900,58548.5940,"Specs: Cores=31, RAM=431GB",Advanced Analytics Solution 797 Analytics Advanced,729,44,0,2026-08-12 20:04:33.500245
798,Ultimate Cloud Solution 798,Cloud,Ultimate,37715.9900,22629.5940,"Specs: Cores=70, RAM=212GB",Ultimate Cloud Solution 798 Cloud Ultimate,404,27,0,2026-08-12 20:04:33.500245
799,Premium Hardware Solution 799,Hardware,Premium,1996.9900,1198.1940,"Specs: Cores=127, RAM=213GB",Premium Hardware Solution 799 Hardware Premium,640,29,0,2026-08-12 20:04:33.500245
800,Premium Monitoring Solution 800,Monitoring,Premium,48095.9900,28857.5940,"Specs: Cores=79, RAM=408GB",Premium Monitoring Solution 800 Monitoring Premium,140,40,0,2026-08-12 20:04:33.504322
801,Ultimate Hardware Solution 801,Hardware,Ultimate,77080.9900,46248.5940,"Specs: Cores=90, RAM=138GB",Ultimate Hardware Solution 801 Hardware Ultimate,198,53,0,2026-08-12 20:04:33.504322
802,Basic Analytics Solution 802,Analytics,Basic,92769.9900,55661.9940,"Specs: Cores=100, RAM=133GB",Basic Analytics Solution 802 Analytics Basic,44,14,0,2026-08-12 20:04:33.504322
803,Professional Hardware Solution 803,Hardware,Professional,75544.9900,45326.9940,"Specs: Cores=59, RAM=27GB",Professional Hardware Solution 803 Hardware Professional,258,49,0,2026-08-12 20:04:33.508405
804,Advanced Monitoring Solution 804,Monitoring,Advanced,34792.9900,20875.7940,"Specs: Cores=61, RAM=235GB",Advanced Monitoring Solution 804 Monitoring Advanced,125,41,0,2026-08-12 20:04:33.508405
805,Basic Software Solution 805,Software,Basic,86175.9900,51705.5940,"Specs: Cores=32, RAM=87GB",Basic Software Solution 805 Software Basic,229,49,0,2026-08-12 20:04:33.508405
806,Ultimate Storage Solution 806,Storage,Ultimate,50631.9900,30379.1940,"Specs: Cores=20, RAM=269GB",Ultimate Storage Solution 806 Storage Ultimate,705,33,0,2026-08-12 20:04:33.512493
807,Lite Cloud Solution 807,Cloud,Lite,85006.9900,51004.1940,"Specs: Cores=23, RAM=204GB",Lite Cloud Solution 807 Cloud Lite,107,44,0,2026-08-12 20:04:33.512493
808,Standard Security Solution 808,Security,Standard,57031.9900,34219.1940,"Specs: Cores=58, RAM=438GB",Standard Security Solution 808 Security Standard,131,36,0,2026-08-12 20:04:33.512493
809,Standard Infrastructure Solution 809,Infrastructure,Standard,79174.9900,47504.9940,"Specs: Cores=7, RAM=22GB",Standard Infrastructure Solution 809 Infrastructure Standard,232,56,0,2026-08-12 20:04:33.516566
810,Lite Storage Solution 810,Storage,Lite,18825.9900,11295.5940,"Specs: Cores=115, RAM=125GB",Lite Storage Solution 810 Storage Lite,461,10,0,2026-08-12 20:04:33.516566
811,Standard Storage Solution 811,Storage,Standard,72132.9900,43279.7940,"Specs: Cores=14, RAM=168GB",Standard Storage Solution 811 Storage Standard,193,52,0,2026-08-12 20:04:33.516566
812,Lite Monitoring Solution 812,Monitoring,Lite,81670.9900,49002.5940,"Specs: Cores=127, RAM=299GB",Lite Monitoring Solution 812 Monitoring Lite,337,14,0,2026-08-12 20:04:33.520648
813,Professional Security Solution 813,Security,Professional,81180.9900,48708.5940,"Specs: Cores=55, RAM=189GB",Professional Security Solution 813 Security Professional,760,38,0,2026-08-12 20:04:33.520648
814,Pro Software Solution 814,Software,Pro,46950.9900,28170.5940,"Specs: Cores=126, RAM=469GB",Pro Software Solution 814 Software Pro,478,49,0,2026-08-12 20:04:33.520648
815,Lite Software Solution 815,Software,Lite,33207.9900,19924.7940,"Specs: Cores=70, RAM=504GB",Lite Software Solution 815 Software Lite,122,50,0,2026-08-12 20:04:33.524733
816,Premium Hardware Solution 816,Hardware,Premium,42210.9900,25326.5940,"Specs: Cores=25, RAM=236GB",Premium Hardware Solution 816 Hardware Premium,125,11,0,2026-08-12 20:04:33.524733
817,Basic Software Solution 817,Software,Basic,68116.9900,40870.1940,"Specs: Cores=11, RAM=100GB",Basic Software Solution 817 Software Basic,277,22,0,2026-08-12 20:04:33.524733
818,Enterprise Development Solution 818,Development,Enterprise,46337.9900,27802.7940,"Specs: Cores=5, RAM=468GB",Enterprise Development Solution 818 Development Enterprise,799,46,0,2026-08-12 20:04:33.528813
819,Basic Hardware Solution 819,Hardware,Basic,97908.9900,58745.3940,"Specs: Cores=92, RAM=369GB",Basic Hardware Solution 819 Hardware Basic,661,38,0,2026-08-12 20:04:33.528813
820,Professional Cloud Solution 820,Cloud,Professional,98019.9900,58811.9940,"Specs: Cores=114, RAM=80GB",Professional Cloud Solution 820 Cloud Professional,722,58,0,2026-08-12 20:04:33.528813
821,Basic Hardware Solution 821,Hardware,Basic,19430.9900,11658.5940,"Specs: Cores=92, RAM=193GB",Basic Hardware Solution 821 Hardware Basic,185,35,0,2026-08-12 20:04:33.532887
822,Pro Services Solution 822,Services,Pro,69843.9900,41906.3940,"Specs: Cores=78, RAM=140GB",Pro Services Solution 822 Services Pro,994,57,0,2026-08-12 20:04:33.532887
823,Basic Services Solution 823,Services,Basic,21626.9900,12976.1940,"Specs: Cores=117, RAM=268GB",Basic Services Solution 823 Services Basic,378,26,0,2026-08-12 20:04:33.532887
824,Pro Security Solution 824,Security,Pro,36362.9900,21817.7940,"Specs: Cores=46, RAM=188GB",Pro Security Solution 824 Security Pro,475,58,0,2026-08-12 20:04:33.536969
825,Enterprise Hardware Solution 825,Hardware,Enterprise,7586.9900,4552.1940,"Specs: Cores=86, RAM=19GB",Enterprise Hardware Solution 825 Hardware Enterprise,658,14,0,2026-08-12 20:04:33.536969
826,Pro Cloud Solution 826,Cloud,Pro,91580.9900,54948.5940,"Specs: Cores=13, RAM=197GB",Pro Cloud Solution 826 Cloud Pro,349,16,0,2026-08-12 20:04:33.536969
827,Professional Cloud Solution 827,Cloud,Professional,31503.9900,18902.3940,"Specs: Cores=18, RAM=27GB",Professional Cloud Solution 827 Cloud Professional,83,41,0,2026-08-12 20:04:33.541050
828,Starter Cloud Solution 828,Cloud,Starter,66718.9900,40031.3940,"Specs: Cores=124, RAM=29GB",Starter Cloud Solution 828 Cloud Starter,444,34,0,2026-08-12 20:04:33.541050
829,Advanced Hardware Solution 829,Hardware,Advanced,90696.9900,54418.1940,"Specs: Cores=39, RAM=74GB",Advanced Hardware Solution 829 Hardware Advanced,523,28,0,2026-08-12 20:04:33.541050
830,Professional Cloud Solution 830,Cloud,Professional,52626.9900,31576.1940,"Specs: Cores=38, RAM=260GB",Professional Cloud Solution 830 Cloud Professional,534,22,0,2026-08-12 20:04:33.541050
831,Basic Software Solution 831,Software,Basic,38362.9900,23017.7940,"Specs: Cores=108, RAM=333GB",Basic Software Solution 831 Software Basic,94,39,0,2026-08-12 20:04:33.545127
832,Enterprise Development Solution 832,Development,Enterprise,29554.9900,17732.9940,"Specs: Cores=63, RAM=214GB",Enterprise Development Solution 832 Development Enterprise,774,19,0,2026-08-12 20:04:33.545127
833,Pro Analytics Solution 833,Analytics,Pro,94493.9900,56696.3940,"Specs: Cores=102, RAM=239GB",Pro Analytics Solution 833 Analytics Pro,703,36,0,2026-08-12 20:04:33.545127
834,Enterprise Analytics Solution 834,Analytics,Enterprise,73751.9900,44251.1940,"Specs: Cores=34, RAM=508GB",Enterprise Analytics Solution 834 Analytics Enterprise,823,33,0,2026-08-12 20:04:33.549207
835,Lite Storage Solution 835,Storage,Lite,1521.9900,913.1940,"Specs: Cores=21, RAM=496GB",Lite Storage Solution 835 Storage Lite,0,13,0,2026-08-12 20:04:33.549207
836,Enterprise Infrastructure Solution 836,Infrastructure,Enterprise,13316.9900,7990.1940,"Specs: Cores=106, RAM=469GB",Enterprise Infrastructure Solution 836 Infrastructure Enterprise,526,31,0,2026-08-12 20:04:33.549207
837,Standard Infrastructure Solution 837,Infrastructure,Standard,55651.9900,33391.1940,"Specs: Cores=47, RAM=337GB",Standard Infrastructure Solution 837 Infrastructure Standard,329,50,0,2026-08-12 20:04:33.553286
838,Advanced Monitoring Solution 838,Monitoring,Advanced,53076.9900,31846.1940,"Specs: Cores=53, RAM=375GB",Advanced Monitoring Solution 838 Monitoring Advanced,45,50,0,2026-08-12 20:04:33.553286
839,Premium Security Solution 839,Security,Premium,57360.9900,34416.5940,"Specs: Cores=76, RAM=428GB",Premium Security Solution 839 Security Premium,866,24,0,2026-08-12 20:04:33.553286
840,Ultimate Services Solution 840,Services,Ultimate,52824.9900,31694.9940,"Specs: Cores=92, RAM=503GB",Ultimate Services Solution 840 Services Ultimate,534,11,0,2026-08-12 20:04:33.557366
841,Advanced Services Solution 841,Services,Advanced,27998.9900,16799.3940,"Specs: Cores=1, RAM=329GB",Advanced Services Solution 841 Services Advanced,189,24,0,2026-08-12 20:04:33.557366
842,Basic Analytics Solution 842,Analytics,Basic,8216.9900,4930.1940,"Specs: Cores=82, RAM=100GB",Basic Analytics Solution 842 Analytics Basic,666,36,0,2026-08-12 20:04:33.557366
843,Ultimate Cloud Solution 843,Cloud,Ultimate,5913.9900,3548.3940,"Specs: Cores=90, RAM=171GB",Ultimate Cloud Solution 843 Cloud Ultimate,603,14,0,2026-08-12 20:04:33.561447
844,Advanced Services Solution 844,Services,Advanced,36991.9900,22195.1940,"Specs: Cores=71, RAM=441GB",Advanced Services Solution 844 Services Advanced,254,57,0,2026-08-12 20:04:33.561447
845,Premium Development Solution 845,Development,Premium,39640.9900,23784.5940,"Specs: Cores=61, RAM=376GB",Premium Development Solution 845 Development Premium,941,31,0,2026-08-12 20:04:33.561447
846,Standard Storage Solution 846,Storage,Standard,49873.9900,29924.3940,"Specs: Cores=68, RAM=252GB",Standard Storage Solution 846 Storage Standard,80,22,0,2026-08-12 20:04:33.565531
847,Ultimate Storage Solution 847,Storage,Ultimate,49270.9900,29562.5940,"Specs: Cores=39, RAM=244GB",Ultimate Storage Solution 847 Storage Ultimate,834,17,0,2026-08-12 20:04:33.565531
848,Advanced Cloud Solution 848,Cloud,Advanced,32460.9900,19476.5940,"Specs: Cores=16, RAM=307GB",Advanced Cloud Solution 848 Cloud Advanced,722,27,0,2026-08-12 20:04:33.565531
849,Enterprise Infrastructure Solution 849,Infrastructure,Enterprise,27012.9900,16207.7940,"Specs: Cores=2, RAM=12GB",Enterprise Infrastructure Solution 849 Infrastructure Enterprise,671,38,0,2026-08-12 20:04:33.569608
850,Professional Monitoring Solution 850,Monitoring,Professional,86968.9900,52181.3940,"Specs: Cores=111, RAM=358GB",Professional Monitoring Solution 850 Monitoring Professional,740,32,0,2026-08-12 20:04:33.569608
851,Premium Storage Solution 851,Storage,Premium,81699.9900,49019.9940,"Specs: Cores=68, RAM=253GB",Premium Storage Solution 851 Storage Premium,978,19,0,2026-08-12 20:04:33.569608
852,Enterprise Security Solution 852,Security,Enterprise,53011.9900,31807.1940,"Specs: Cores=55, RAM=18GB",Enterprise Security Solution 852 Security Enterprise,806,57,0,2026-08-12 20:04:33.573685
853,Basic Security Solution 853,Security,Basic,49042.9900,29425.7940,"Specs: Cores=22, RAM=370GB",Basic Security Solution 853 Security Basic,2,46,0,2026-08-12 20:04:33.573685
854,Premium Monitoring Solution 854,Monitoring,Premium,55132.9900,33079.7940,"Specs: Cores=35, RAM=458GB",Premium Monitoring Solution 854 Monitoring Premium,866,46,0,2026-08-12 20:04:33.573685
855,Starter Software Solution 855,Software,Starter,16050.9900,9630.5940,"Specs: Cores=85, RAM=185GB",Starter Software Solution 855 Software Starter,104,38,0,2026-08-12 20:04:33.577839
856,Enterprise Services Solution 856,Services,Enterprise,29888.9900,17933.3940,"Specs: Cores=31, RAM=103GB",Enterprise Services Solution 856 Services Enterprise,137,27,0,2026-08-12 20:04:33.577839
857,Professional Services Solution 857,Services,Professional,94048.9900,56429.3940,"Specs: Cores=71, RAM=355GB",Professional Services Solution 857 Services Professional,38,52,0,2026-08-12 20:04:33.577839
858,Pro Development Solution 858,Development,Pro,14897.9900,8938.7940,"Specs: Cores=22, RAM=103GB",Pro Development Solution 858 Development Pro,825,21,0,2026-08-12 20:04:33.581910
859,Professional Software Solution 859,Software,Professional,23062.9900,13837.7940,"Specs: Cores=123, RAM=270GB",Professional Software Solution 859 Software Professional,590,42,0,2026-08-12 20:04:33.581910
860,Standard Storage Solution 860,Storage,Standard,32456.9900,19474.1940,"Specs: Cores=99, RAM=249GB",Standard Storage Solution 860 Storage Standard,709,19,0,2026-08-12 20:04:33.581910
861,Professional Software Solution 861,Software,Professional,84540.9900,50724.5940,"Specs: Cores=50, RAM=455GB",Professional Software Solution 861 Software Professional,403,52,0,2026-08-12 20:04:33.581910
862,Professional Cloud Solution 862,Cloud,Professional,31121.9900,18673.1940,"Specs: Cores=40, RAM=395GB",Professional Cloud Solution 862 Cloud Professional,840,19,0,2026-08-12 20:04:33.585993
863,Enterprise Services Solution 863,Services,Enterprise,46508.9900,27905.3940,"Specs: Cores=85, RAM=355GB",Enterprise Services Solution 863 Services Enterprise,463,13,0,2026-08-12 20:04:33.585993
864,Advanced Cloud Solution 864,Cloud,Advanced,5739.9900,3443.9940,"Specs: Cores=39, RAM=272GB",Advanced Cloud Solution 864 Cloud Advanced,385,51,0,2026-08-12 20:04:33.585993
865,Pro Hardware Solution 865,Hardware,Pro,35665.9900,21399.5940,"Specs: Cores=5, RAM=59GB",Pro Hardware Solution 865 Hardware Pro,209,25,0,2026-08-12 20:04:33.590071
866,Enterprise Storage Solution 866,Storage,Enterprise,16650.9900,9990.5940,"Specs: Cores=0, RAM=464GB",Enterprise Storage Solution 866 Storage Enterprise,991,41,0,2026-08-12 20:04:33.590071
867,Starter Services Solution 867,Services,Starter,24170.9900,14502.5940,"Specs: Cores=123, RAM=287GB",Starter Services Solution 867 Services Starter,375,48,0,2026-08-12 20:04:33.590071
868,Starter Development Solution 868,Development,Starter,92169.9900,55301.9940,"Specs: Cores=115, RAM=124GB",Starter Development Solution 868 Development Starter,342,38,0,2026-08-12 20:04:33.594147
869,Pro Storage Solution 869,Storage,Pro,12261.9900,7357.1940,"Specs: Cores=21, RAM=225GB",Pro Storage Solution 869 Storage Pro,305,16,0,2026-08-12 20:04:33.594147
870,Lite Security Solution 870,Security,Lite,10702.9900,6421.7940,"Specs: Cores=33, RAM=115GB",Lite Security Solution 870 Security Lite,895,34,0,2026-08-12 20:04:33.594147
871,Ultimate Cloud Solution 871,Cloud,Ultimate,92772.9900,55663.7940,"Specs: Cores=106, RAM=43GB",Ultimate Cloud Solution 871 Cloud Ultimate,538,13,0,2026-08-12 20:04:33.598224
872,Enterprise Software Solution 872,Software,Enterprise,13458.9900,8075.3940,"Specs: Cores=37, RAM=189GB",Enterprise Software Solution 872 Software Enterprise,631,38,0,2026-08-12 20:04:33.598224
873,Enterprise Development Solution 873,Development,Enterprise,25142.9900,15085.7940,"Specs: Cores=32, RAM=176GB",Enterprise Development Solution 873 Development Enterprise,310,19,0,2026-08-12 20:04:33.598224
874,Advanced Cloud Solution 874,Cloud,Advanced,52661.9900,31597.1940,"Specs: Cores=4, RAM=384GB",Advanced Cloud Solution 874 Cloud Advanced,302,50,0,2026-08-12 20:04:33.602307
875,Starter Development Solution 875,Development,Starter,53079.9900,31847.9940,"Specs: Cores=39, RAM=17GB",Starter Development Solution 875 Development Starter,643,21,0,2026-08-12 20:04:33.602307
876,Advanced Infrastructure Solution 876,Infrastructure,Advanced,51437.9900,30862.7940,"Specs: Cores=124, RAM=473GB",Advanced Infrastructure Solution 876 Infrastructure Advanced,847,46,0,2026-08-12 20:04:33.602307
877,Ultimate Infrastructure Solution 877,Infrastructure,Ultimate,75755.9900,45453.5940,"Specs: Cores=127, RAM=490GB",Ultimate Infrastructure Solution 877 Infrastructure Ultimate,641,23,0,2026-08-12 20:04:33.606387
878,Premium Services Solution 878,Services,Premium,48517.9900,29110.7940,"Specs: Cores=57, RAM=60GB",Premium Services Solution 878 Services Premium,645,59,0,2026-08-12 20:04:33.606387
879,Advanced Storage Solution 879,Storage,Advanced,6907.9900,4144.7940,"Specs: Cores=6, RAM=50GB",Advanced Storage Solution 879 Storage Advanced,256,37,0,2026-08-12 20:04:33.606387
880,Lite Development Solution 880,Development,Lite,52279.9900,31367.9940,"Specs: Cores=2, RAM=467GB",Lite Development Solution 880 Development Lite,880,16,0,2026-08-12 20:04:33.610467
881,Premium Storage Solution 881,Storage,Premium,81137.9900,48682.7940,"Specs: Cores=99, RAM=280GB",Premium Storage Solution 881 Storage Premium,79,45,0,2026-08-12 20:04:33.610467
882,Lite Cloud Solution 882,Cloud,Lite,75847.9900,45508.7940,"Specs: Cores=104, RAM=437GB",Lite Cloud Solution 882 Cloud Lite,679,28,0,2026-08-12 20:04:33.610467
883,Ultimate Hardware Solution 883,Hardware,Ultimate,13899.9900,8339.9940,"Specs: Cores=47, RAM=488GB",Ultimate Hardware Solution 883 Hardware Ultimate,506,35,0,2026-08-12 20:04:33.614543
884,Professional Cloud Solution 884,Cloud,Professional,26788.9900,16073.3940,"Specs: Cores=19, RAM=177GB",Professional Cloud Solution 884 Cloud Professional,896,51,0,2026-08-12 20:04:33.614543
885,Enterprise Development Solution 885,Development,Enterprise,86071.9900,51643.1940,"Specs: Cores=53, RAM=80GB",Enterprise Development Solution 885 Development Enterprise,471,51,0,2026-08-12 20:04:33.614543
886,Pro Cloud Solution 886,Cloud,Pro,21628.9900,12977.3940,"Specs: Cores=106, RAM=220GB",Pro Cloud Solution 886 Cloud Pro,895,22,0,2026-08-12 20:04:33.618626
887,Ultimate Storage Solution 887,Storage,Ultimate,55203.9900,33122.3940,"Specs: Cores=8, RAM=199GB",Ultimate Storage Solution 887 Storage Ultimate,546,27,0,2026-08-12 20:04:33.618626
888,Lite Analytics Solution 888,Analytics,Lite,43522.9900,26113.7940,"Specs: Cores=97, RAM=84GB",Lite Analytics Solution 888 Analytics Lite,148,33,0,2026-08-12 20:04:33.618626
889,Enterprise Analytics Solution 889,Analytics,Enterprise,11936.9900,7162.1940,"Specs: Cores=90, RAM=328GB",Enterprise Analytics Solution 889 Analytics Enterprise,7,38,0,2026-08-12 20:04:33.622701
890,Advanced Development Solution 890,Development,Advanced,59594.9900,35756.9940,"Specs: Cores=93, RAM=311GB",Advanced Development Solution 890 Development Advanced,145,15,0,2026-08-12 20:04:33.622701
891,Lite Monitoring Solution 891,Monitoring,Lite,36810.9900,22086.5940,"Specs: Cores=64, RAM=223GB",Lite Monitoring Solution 891 Monitoring Lite,3,40,0,2026-08-12 20:04:33.622701
892,Advanced Storage Solution 892,Storage,Advanced,58828.9900,35297.3940,"Specs: Cores=13, RAM=454GB",Advanced Storage Solution 892 Storage Advanced,38,52,0,2026-08-12 20:04:33.626754
893,Professional Software Solution 893,Software,Professional,46742.9900,28045.7940,"Specs: Cores=13, RAM=391GB",Professional Software Solution 893 Software Professional,107,39,0,2026-08-12 20:04:33.626754
894,Ultimate Storage Solution 894,Storage,Ultimate,58693.9900,35216.3940,"Specs: Cores=68, RAM=493GB",Ultimate Storage Solution 894 Storage Ultimate,413,37,0,2026-08-12 20:04:33.626754
895,Professional Infrastructure Solution 895,Infrastructure,Professional,23982.9900,14389.7940,"Specs: Cores=44, RAM=99GB",Professional Infrastructure Solution 895 Infrastructure Professional,324,17,0,2026-08-12 20:04:33.630828
896,Enterprise Infrastructure Solution 896,Infrastructure,Enterprise,28885.9900,17331.5940,"Specs: Cores=51, RAM=140GB",Enterprise Infrastructure Solution 896 Infrastructure Enterprise,136,28,0,2026-08-12 20:04:33.630828
897,Basic Security Solution 897,Security,Basic,90483.9900,54290.3940,"Specs: Cores=4, RAM=311GB",Basic Security Solution 897 Security Basic,814,56,0,2026-08-12 20:04:33.630828
898,Standard Cloud Solution 898,Cloud,Standard,81281.9900,48769.1940,"Specs: Cores=125, RAM=408GB",Standard Cloud Solution 898 Cloud Standard,720,46,0,2026-08-12 20:04:33.630828
899,Pro Cloud Solution 899,Cloud,Pro,76681.9900,46009.1940,"Specs: Cores=76, RAM=347GB",Pro Cloud Solution 899 Cloud Pro,381,12,0,2026-08-12 20:04:33.634902
900,Ultimate Software Solution 900,Software,Ultimate,65292.9900,39175.7940,"Specs: Cores=92, RAM=157GB",Ultimate Software Solution 900 Software Ultimate,191,55,0,2026-08-12 20:04:33.634902
901,Premium Services Solution 901,Services,Premium,52264.9900,31358.9940,"Specs: Cores=34, RAM=143GB",Premium Services Solution 901 Services Premium,483,19,0,2026-08-12 20:04:33.634902
902,Professional Analytics Solution 902,Analytics,Professional,33612.9900,20167.7940,"Specs: Cores=107, RAM=171GB",Professional Analytics Solution 902 Analytics Professional,984,10,0,2026-08-12 20:04:33.638978
903,Premium Security Solution 903,Security,Premium,37138.9900,22283.3940,"Specs: Cores=35, RAM=226GB",Premium Security Solution 903 Security Premium,363,59,0,2026-08-12 20:04:33.638978
904,Standard Monitoring Solution 904,Monitoring,Standard,33053.9900,19832.3940,"Specs: Cores=65, RAM=341GB",Standard Monitoring Solution 904 Monitoring Standard,946,14,0,2026-08-12 20:04:33.638978
905,Basic Services Solution 905,Services,Basic,5659.9900,3395.9940,"Specs: Cores=38, RAM=438GB",Basic Services Solution 905 Services Basic,563,26,0,2026-08-12 20:04:33.643054
906,Premium Services Solution 906,Services,Premium,72838.9900,43703.3940,"Specs: Cores=1, RAM=419GB",Premium Services Solution 906 Services Premium,226,41,0,2026-08-12 20:04:33.643054
907,Basic Monitoring Solution 907,Monitoring,Basic,19133.9900,11480.3940,"Specs: Cores=20, RAM=447GB",Basic Monitoring Solution 907 Monitoring Basic,652,28,0,2026-08-12 20:04:33.643054
908,Starter Analytics Solution 908,Analytics,Starter,53802.9900,32281.7940,"Specs: Cores=79, RAM=203GB",Starter Analytics Solution 908 Analytics Starter,729,49,0,2026-08-12 20:04:33.647133
909,Advanced Software Solution 909,Software,Advanced,7355.9900,4413.5940,"Specs: Cores=81, RAM=474GB",Advanced Software Solution 909 Software Advanced,295,40,0,2026-08-12 20:04:33.647133
910,Pro Software Solution 910,Software,Pro,82996.9900,49798.1940,"Specs: Cores=124, RAM=425GB",Pro Software Solution 910 Software Pro,913,46,0,2026-08-12 20:04:33.647133
911,Lite Cloud Solution 911,Cloud,Lite,3189.9900,1913.9940,"Specs: Cores=52, RAM=389GB",Lite Cloud Solution 911 Cloud Lite,406,43,0,2026-08-12 20:04:33.651207
912,Professional Software Solution 912,Software,Professional,3164.9900,1898.9940,"Specs: Cores=4, RAM=394GB",Professional Software Solution 912 Software Professional,448,32,0,2026-08-12 20:04:33.651207
913,Advanced Monitoring Solution 913,Monitoring,Advanced,24292.9900,14575.7940,"Specs: Cores=50, RAM=241GB",Advanced Monitoring Solution 913 Monitoring Advanced,111,31,0,2026-08-12 20:04:33.651207
914,Premium Storage Solution 914,Storage,Premium,86642.9900,51985.7940,"Specs: Cores=25, RAM=87GB",Premium Storage Solution 914 Storage Premium,981,34,0,2026-08-12 20:04:33.655279
915,Lite Storage Solution 915,Storage,Lite,33074.9900,19844.9940,"Specs: Cores=105, RAM=355GB",Lite Storage Solution 915 Storage Lite,964,36,0,2026-08-12 20:04:33.655279
916,Professional Security Solution 916,Security,Professional,90165.9900,54099.5940,"Specs: Cores=80, RAM=318GB",Professional Security Solution 916 Security Professional,864,47,0,2026-08-12 20:04:33.659361
917,Starter Cloud Solution 917,Cloud,Starter,34153.9900,20492.3940,"Specs: Cores=53, RAM=313GB",Starter Cloud Solution 917 Cloud Starter,943,38,0,2026-08-12 20:04:33.659361
918,Ultimate Services Solution 918,Services,Ultimate,36310.9900,21786.5940,"Specs: Cores=6, RAM=96GB",Ultimate Services Solution 918 Services Ultimate,603,57,0,2026-08-12 20:04:33.659361
919,Professional Analytics Solution 919,Analytics,Professional,28168.9900,16901.3940,"Specs: Cores=58, RAM=326GB",Professional Analytics Solution 919 Analytics Professional,992,15,0,2026-08-12 20:04:33.663444
920,Premium Software Solution 920,Software,Premium,35198.9900,21119.3940,"Specs: Cores=55, RAM=87GB",Premium Software Solution 920 Software Premium,90,55,0,2026-08-12 20:04:33.663444
921,Standard Monitoring Solution 921,Monitoring,Standard,81459.9900,48875.9940,"Specs: Cores=64, RAM=367GB",Standard Monitoring Solution 921 Monitoring Standard,161,10,0,2026-08-12 20:04:33.663444
922,Ultimate Services Solution 922,Services,Ultimate,86692.9900,52015.7940,"Specs: Cores=29, RAM=465GB",Ultimate Services Solution 922 Services Ultimate,217,32,0,2026-08-12 20:04:33.667523
923,Starter Analytics Solution 923,Analytics,Starter,75404.9900,45242.9940,"Specs: Cores=48, RAM=425GB",Starter Analytics Solution 923 Analytics Starter,134,53,0,2026-08-12 20:04:33.667523
924,Ultimate Hardware Solution 924,Hardware,Ultimate,3395.9900,2037.5940,"Specs: Cores=109, RAM=253GB",Ultimate Hardware Solution 924 Hardware Ultimate,883,38,0,2026-08-12 20:04:33.667523
925,Premium Hardware Solution 925,Hardware,Premium,26434.9900,15860.9940,"Specs: Cores=123, RAM=215GB",Premium Hardware Solution 925 Hardware Premium,653,44,0,2026-08-12 20:04:33.671598
926,Starter Monitoring Solution 926,Monitoring,Starter,34318.9900,20591.3940,"Specs: Cores=96, RAM=223GB",Starter Monitoring Solution 926 Monitoring Starter,661,52,0,2026-08-12 20:04:33.671598
927,Ultimate Monitoring Solution 927,Monitoring,Ultimate,38229.9900,22937.9940,"Specs: Cores=11, RAM=95GB",Ultimate Monitoring Solution 927 Monitoring Ultimate,297,37,0,2026-08-12 20:04:33.671598
928,Ultimate Analytics Solution 928,Analytics,Ultimate,85770.9900,51462.5940,"Specs: Cores=65, RAM=217GB",Ultimate Analytics Solution 928 Analytics Ultimate,814,23,0,2026-08-12 20:04:33.675675
929,Premium Hardware Solution 929,Hardware,Premium,98300.9900,58980.5940,"Specs: Cores=126, RAM=152GB",Premium Hardware Solution 929 Hardware Premium,955,53,0,2026-08-12 20:04:33.675675
930,Professional Software Solution 930,Software,Professional,51405.9900,30843.5940,"Specs: Cores=56, RAM=68GB",Professional Software Solution 930 Software Professional,964,58,0,2026-08-12 20:04:33.675675
931,Pro Analytics Solution 931,Analytics,Pro,22189.9900,13313.9940,"Specs: Cores=127, RAM=289GB",Pro Analytics Solution 931 Analytics Pro,798,17,0,2026-08-12 20:04:33.679753
932,Enterprise Storage Solution 932,Storage,Enterprise,46558.9900,27935.3940,"Specs: Cores=72, RAM=403GB",Enterprise Storage Solution 932 Storage Enterprise,915,55,0,2026-08-12 20:04:33.679753
933,Enterprise Development Solution 933,Development,Enterprise,10527.9900,6316.7940,"Specs: Cores=43, RAM=356GB",Enterprise Development Solution 933 Development Enterprise,275,19,0,2026-08-12 20:04:33.683831
934,Ultimate Security Solution 934,Security,Ultimate,32045.9900,19227.5940,"Specs: Cores=31, RAM=106GB",Ultimate Security Solution 934 Security Ultimate,8,40,0,2026-08-12 20:04:33.683831
935,Standard Storage Solution 935,Storage,Standard,34216.9900,20530.1940,"Specs: Cores=90, RAM=404GB",Standard Storage Solution 935 Storage Standard,867,19,0,2026-08-12 20:04:33.683831
936,Professional Services Solution 936,Services,Professional,7946.9900,4768.1940,"Specs: Cores=12, RAM=435GB",Professional Services Solution 936 Services Professional,509,12,0,2026-08-12 20:04:33.687903
937,Starter Monitoring Solution 937,Monitoring,Starter,44871.9900,26923.1940,"Specs: Cores=51, RAM=474GB",Starter Monitoring Solution 937 Monitoring Starter,391,35,0,2026-08-12 20:04:33.687903
938,Pro Infrastructure Solution 938,Infrastructure,Pro,95909.9900,57545.9940,"Specs: Cores=38, RAM=276GB",Pro Infrastructure Solution 938 Infrastructure Pro,936,59,0,2026-08-12 20:04:33.687903
939,Advanced Hardware Solution 939,Hardware,Advanced,46993.9900,28196.3940,"Specs: Cores=36, RAM=180GB",Advanced Hardware Solution 939 Hardware Advanced,71,24,0,2026-08-12 20:04:33.691977
940,Premium Cloud Solution 940,Cloud,Premium,59970.9900,35982.5940,"Specs: Cores=68, RAM=219GB",Premium Cloud Solution 940 Cloud Premium,232,16,0,2026-08-12 20:04:33.691977
941,Standard Security Solution 941,Security,Standard,3181.9900,1909.1940,"Specs: Cores=35, RAM=42GB",Standard Security Solution 941 Security Standard,91,50,0,2026-08-12 20:04:33.691977
942,Ultimate Hardware Solution 942,Hardware,Ultimate,75884.9900,45530.9940,"Specs: Cores=52, RAM=352GB",Ultimate Hardware Solution 942 Hardware Ultimate,160,46,0,2026-08-12 20:04:33.691977
943,Standard Analytics Solution 943,Analytics,Standard,68947.9900,41368.7940,"Specs: Cores=118, RAM=68GB",Standard Analytics Solution 943 Analytics Standard,718,28,0,2026-08-12 20:04:33.696045
944,Ultimate Cloud Solution 944,Cloud,Ultimate,68373.9900,41024.3940,"Specs: Cores=53, RAM=448GB",Ultimate Cloud Solution 944 Cloud Ultimate,944,24,0,2026-08-12 20:04:33.696045
945,Premium Cloud Solution 945,Cloud,Premium,61542.9900,36925.7940,"Specs: Cores=45, RAM=204GB",Premium Cloud Solution 945 Cloud Premium,544,23,0,2026-08-12 20:04:33.696045
946,Starter Development Solution 946,Development,Starter,98777.9900,59266.7940,"Specs: Cores=65, RAM=142GB",Starter Development Solution 946 Development Starter,256,53,0,2026-08-12 20:04:33.700124
947,Ultimate Analytics Solution 947,Analytics,Ultimate,96967.9900,58180.7940,"Specs: Cores=8, RAM=166GB",Ultimate Analytics Solution 947 Analytics Ultimate,40,44,0,2026-08-12 20:04:33.700124
948,Premium Hardware Solution 948,Hardware,Premium,88256.9900,52954.1940,"Specs: Cores=18, RAM=343GB",Premium Hardware Solution 948 Hardware Premium,19,23,0,2026-08-12 20:04:33.704200
949,Premium Services Solution 949,Services,Premium,91204.9900,54722.9940,"Specs: Cores=68, RAM=88GB",Premium Services Solution 949 Services Premium,403,14,0,2026-08-12 20:04:33.704200
950,Advanced Infrastructure Solution 950,Infrastructure,Advanced,78121.9900,46873.1940,"Specs: Cores=39, RAM=250GB",Advanced Infrastructure Solution 950 Infrastructure Advanced,778,48,0,2026-08-12 20:04:33.704200
951,Enterprise Hardware Solution 951,Hardware,Enterprise,69875.9900,41925.5940,"Specs: Cores=19, RAM=391GB",Enterprise Hardware Solution 951 Hardware Enterprise,335,18,0,2026-08-12 20:04:33.708280
952,Lite Analytics Solution 952,Analytics,Lite,27065.9900,16239.5940,"Specs: Cores=88, RAM=368GB",Lite Analytics Solution 952 Analytics Lite,720,25,0,2026-08-12 20:04:33.708280
953,Ultimate Analytics Solution 953,Analytics,Ultimate,38431.9900,23059.1940,"Specs: Cores=112, RAM=346GB",Ultimate Analytics Solution 953 Analytics Ultimate,825,32,0,2026-08-12 20:04:33.712380
954,Lite Cloud Solution 954,Cloud,Lite,29326.9900,17596.1940,"Specs: Cores=19, RAM=106GB",Lite Cloud Solution 954 Cloud Lite,269,37,0,2026-08-12 20:04:33.712380
955,Lite Storage Solution 955,Storage,Lite,38542.9900,23125.7940,"Specs: Cores=23, RAM=170GB",Lite Storage Solution 955 Storage Lite,950,17,0,2026-08-12 20:04:33.716456
956,Starter Software Solution 956,Software,Starter,81955.9900,49173.5940,"Specs: Cores=3, RAM=302GB",Starter Software Solution 956 Software Starter,413,52,0,2026-08-12 20:04:33.716456
957,Standard Security Solution 957,Security,Standard,13001.9900,7801.1940,"Specs: Cores=117, RAM=411GB",Standard Security Solution 957 Security Standard,365,35,0,2026-08-12 20:04:33.720532
958,Professional Hardware Solution 958,Hardware,Professional,54795.9900,32877.5940,"Specs: Cores=22, RAM=127GB",Professional Hardware Solution 958 Hardware Professional,651,50,0,2026-08-12 20:04:33.720532
959,Advanced Services Solution 959,Services,Advanced,66918.9900,40151.3940,"Specs: Cores=7, RAM=497GB",Advanced Services Solution 959 Services Advanced,933,41,0,2026-08-12 20:04:33.724609
960,Premium Software Solution 960,Software,Premium,47314.9900,28388.9940,"Specs: Cores=69, RAM=140GB",Premium Software Solution 960 Software Premium,148,57,0,2026-08-12 20:04:33.724609
961,Enterprise Infrastructure Solution 961,Infrastructure,Enterprise,91021.9900,54613.1940,"Specs: Cores=5, RAM=373GB",Enterprise Infrastructure Solution 961 Infrastructure Enterprise,969,40,0,2026-08-12 20:04:33.724609
962,Pro Software Solution 962,Software,Pro,25671.9900,15403.1940,"Specs: Cores=50, RAM=114GB",Pro Software Solution 962 Software Pro,734,14,0,2026-08-12 20:04:33.724609
963,Lite Monitoring Solution 963,Monitoring,Lite,25474.9900,15284.9940,"Specs: Cores=16, RAM=329GB",Lite Monitoring Solution 963 Monitoring Lite,427,48,0,2026-08-12 20:04:33.728692
964,Starter Infrastructure Solution 964,Infrastructure,Starter,67614.9900,40568.9940,"Specs: Cores=8, RAM=312GB",Starter Infrastructure Solution 964 Infrastructure Starter,710,12,0,2026-08-12 20:04:33.728692
965,Basic Services Solution 965,Services,Basic,2697.9900,1618.7940,"Specs: Cores=119, RAM=131GB",Basic Services Solution 965 Services Basic,722,17,0,2026-08-12 20:04:33.728692
966,Advanced Services Solution 966,Services,Advanced,24770.9900,14862.5940,"Specs: Cores=19, RAM=464GB",Advanced Services Solution 966 Services Advanced,720,29,0,2026-08-12 20:04:33.732810
967,Starter Storage Solution 967,Storage,Starter,14197.9900,8518.7940,"Specs: Cores=92, RAM=217GB",Starter Storage Solution 967 Storage Starter,547,21,0,2026-08-12 20:04:33.732810
968,Enterprise Infrastructure Solution 968,Infrastructure,Enterprise,83155.9900,49893.5940,"Specs: Cores=98, RAM=459GB",Enterprise Infrastructure Solution 968 Infrastructure Enterprise,85,16,0,2026-08-12 20:04:33.732810
969,Starter Monitoring Solution 969,Monitoring,Starter,83633.9900,50180.3940,"Specs: Cores=39, RAM=121GB",Starter Monitoring Solution 969 Monitoring Starter,455,20,0,2026-08-12 20:04:33.732810
970,Enterprise Software Solution 970,Software,Enterprise,49175.9900,29505.5940,"Specs: Cores=104, RAM=183GB",Enterprise Software Solution 970 Software Enterprise,981,14,0,2026-08-12 20:04:33.736891
971,Basic Services Solution 971,Services,Basic,67523.9900,40514.3940,"Specs: Cores=70, RAM=378GB",Basic Services Solution 971 Services Basic,387,30,0,2026-08-12 20:04:33.736891
972,Enterprise Software Solution 972,Software,Enterprise,73900.9900,44340.5940,"Specs: Cores=16, RAM=184GB",Enterprise Software Solution 972 Software Enterprise,6,51,0,2026-08-12 20:04:33.736891
973,Enterprise Infrastructure Solution 973,Infrastructure,Enterprise,63669.9900,38201.9940,"Specs: Cores=114, RAM=20GB",Enterprise Infrastructure Solution 973 Infrastructure Enterprise,355,22,0,2026-08-12 20:04:33.740968
974,Standard Storage Solution 974,Storage,Standard,6226.9900,3736.1940,"Specs: Cores=92, RAM=134GB",Standard Storage Solution 974 Storage Standard,501,31,0,2026-08-12 20:04:33.740968
975,Starter Storage Solution 975,Storage,Starter,8828.9900,5297.3940,"Specs: Cores=73, RAM=308GB",Starter Storage Solution 975 Storage Starter,386,12,0,2026-08-12 20:04:33.740968
976,Ultimate Software Solution 976,Software,Ultimate,68958.9900,41375.3940,"Specs: Cores=0, RAM=175GB",Ultimate Software Solution 976 Software Ultimate,51,13,0,2026-08-12 20:04:33.745049
977,Ultimate Services Solution 977,Services,Ultimate,71496.9900,42898.1940,"Specs: Cores=96, RAM=123GB",Ultimate Services Solution 977 Services Ultimate,802,51,0,2026-08-12 20:04:33.745049
978,Premium Security Solution 978,Security,Premium,34531.9900,20719.1940,"Specs: Cores=125, RAM=359GB",Premium Security Solution 978 Security Premium,376,18,0,2026-08-12 20:04:33.745049
979,Lite Cloud Solution 979,Cloud,Lite,16559.9900,9935.9940,"Specs: Cores=64, RAM=383GB",Lite Cloud Solution 979 Cloud Lite,853,53,0,2026-08-12 20:04:33.749125
980,Pro Infrastructure Solution 980,Infrastructure,Pro,14063.9900,8438.3940,"Specs: Cores=44, RAM=508GB",Pro Infrastructure Solution 980 Infrastructure Pro,591,17,0,2026-08-12 20:04:33.749125
981,Lite Services Solution 981,Services,Lite,6958.9900,4175.3940,"Specs: Cores=45, RAM=172GB",Lite Services Solution 981 Services Lite,900,53,0,2026-08-12 20:04:33.749125
982,Enterprise Hardware Solution 982,Hardware,Enterprise,32445.9900,19467.5940,"Specs: Cores=22, RAM=220GB",Enterprise Hardware Solution 982 Hardware Enterprise,261,14,0,2026-08-12 20:04:33.749125
983,Premium Development Solution 983,Development,Premium,14065.9900,8439.5940,"Specs: Cores=57, RAM=187GB",Premium Development Solution 983 Development Premium,719,13,0,2026-08-12 20:04:33.753202
984,Premium Services Solution 984,Services,Premium,27826.9900,16696.1940,"Specs: Cores=75, RAM=220GB",Premium Services Solution 984 Services Premium,575,14,0,2026-08-12 20:04:33.753202
985,Ultimate Security Solution 985,Security,Ultimate,4568.9900,2741.3940,"Specs: Cores=18, RAM=477GB",Ultimate Security Solution 985 Security Ultimate,978,51,0,2026-08-12 20:04:33.757284
986,Advanced Hardware Solution 986,Hardware,Advanced,41937.9900,25162.7940,"Specs: Cores=112, RAM=225GB",Advanced Hardware Solution 986 Hardware Advanced,262,25,0,2026-08-12 20:04:33.757284
987,Starter Software Solution 987,Software,Starter,43265.9900,25959.5940,"Specs: Cores=117, RAM=347GB",Starter Software Solution 987 Software Starter,788,10,0,2026-08-12 20:04:33.757284
988,Advanced Development Solution 988,Development,Advanced,48341.9900,29005.1940,"Specs: Cores=81, RAM=440GB",Advanced Development Solution 988 Development Advanced,492,54,0,2026-08-12 20:04:33.757284
989,Professional Cloud Solution 989,Cloud,Professional,71474.9900,42884.9940,"Specs: Cores=66, RAM=383GB",Professional Cloud Solution 989 Cloud Professional,418,12,0,2026-08-12 20:04:33.761362
990,Standard Storage Solution 990,Storage,Standard,36700.9900,22020.5940,"Specs: Cores=22, RAM=473GB",Standard Storage Solution 990 Storage Standard,356,30,0,2026-08-12 20:04:33.761362
991,Professional Software Solution 991,Software,Professional,17389.9900,10433.9940,"Specs: Cores=120, RAM=343GB",Professional Software Solution 991 Software Professional,748,51,0,2026-08-12 20:04:33.761362
992,Starter Analytics Solution 992,Analytics,Starter,58355.9900,35013.5940,"Specs: Cores=68, RAM=459GB",Starter Analytics Solution 992 Analytics Starter,500,42,0,2026-08-12 20:04:33.765441
993,Enterprise Monitoring Solution 993,Monitoring,Enterprise,45840.9900,27504.5940,"Specs: Cores=89, RAM=436GB",Enterprise Monitoring Solution 993 Monitoring Enterprise,166,21,0,2026-08-12 20:04:33.765441
994,Standard Development Solution 994,Development,Standard,64323.9900,38594.3940,"Specs: Cores=72, RAM=109GB",Standard Development Solution 994 Development Standard,305,16,0,2026-08-12 20:04:33.765441
995,Advanced Security Solution 995,Security,Advanced,49669.9900,29801.9940,"Specs: Cores=93, RAM=400GB",Advanced Security Solution 995 Security Advanced,774,51,0,2026-08-12 20:04:33.769519
996,Ultimate Security Solution 996,Security,Ultimate,39857.9900,23914.7940,"Specs: Cores=118, RAM=447GB",Ultimate Security Solution 996 Security Ultimate,83,41,0,2026-08-12 20:04:33.769519
997,Basic Infrastructure Solution 997,Infrastructure,Basic,73901.9900,44341.1940,"Specs: Cores=81, RAM=53GB",Basic Infrastructure Solution 997 Infrastructure Basic,357,34,0,2026-08-12 20:04:33.769519
998,Advanced Infrastructure Solution 998,Infrastructure,Advanced,91947.9900,55168.7940,"Specs: Cores=82, RAM=298GB",Advanced Infrastructure Solution 998 Infrastructure Advanced,571,48,0,2026-08-12 20:04:33.773599
999,Ultimate Services Solution 999,Services,Ultimate,24018.9900,14411.3940,"Specs: Cores=78, RAM=249GB",Ultimate Services Solution 999 Services Ultimate,38,53,0,2026-08-12 20:04:33.773599
1000,Basic Analytics Solution 1000,Analytics,Basic,27766.9900,16660.1940,"Specs: Cores=31, RAM=27GB",Basic Analytics Solution 1000 Analytics Basic,440,59,0,2026-08-12 20:04:33.773599
1001,New AI Module 2026,Software,,9999.9900,,,New AI Module 2026 Software ,0,10,0,2026-08-12 20:13:14.292620
