2026-08-12 20:04:33.798124,1,549759.84000000,549759.84000000,1
2026-08-12 20:04:33.806299,1,1766915.82000000,1766915.82000000,1
2026-08-12 20:04:33.814443,1,145243.96000000,145243.96000000,1
2026-08-12 20:04:33.818519,1,3973426.53000000,3973426.53000000,1
2026-08-12 20:04:33.826665,1,895850.89000000,895850.89000000,1
2026-08-12 20:04:33.830745,1,2165903.76000000,2165903.76000000,1
2026-08-12 20:04:33.838888,1,336265.93000000,336265.93000000,1
2026-08-12 20:04:33.842959,1,1727799.60000000,1727799.60000000,1
2026-08-12 20:04:33.851101,1,1458743.81000000,1458743.81000000,1
2026-08-12 20:04:33.855173,1,795179.85000000,795179.85000000,1
2026-08-12 20:04:33.863322,1,3946918.53000000,3946918.53000000,1
2026-08-12 20:04:33.867394,1,2259725.58000000,2259725.58000000,1
2026-08-12 20:04:33.875537,1,56060.88300000,56060.88300000,1
2026-08-12 20:04:33.883695,1,35993.94000000,35993.94000000,1
2026-08-12 20:04:33.887781,1,1107072.81000000,1107072.81000000,1
2026-08-12 20:04:33.895925,1,653343.83000000,653343.83000000,1
2026-08-12 20:04:33.904091,1,96716.99000000,96716.99000000,1
2026-08-12 20:04:33.908169,1,2704995.72000000,2704995.72000000,1
2026-08-12 20:04:33.916313,1,3079671.62000000,3079671.62000000,1
2026-08-12 20:04:33.920387,1,890378.73000000,890378.73000000,1
2026-08-12 20:04:33.928532,1,329327.92000000,329327.92000000,1
2026-08-12 20:04:33.932603,1,122864.85000000,122864.85000000,1
2026-08-12 20:04:33.940741,1,312116.87000000,312116.87000000,1
2026-08-12 20:04:33.944812,1,1762524.75000000,1762524.75000000,1
2026-08-12 20:04:33.952956,1,179343.92000000,179343.92000000,1
2026-08-12 20:04:33.961118,1,1101855.84000000,1101855.84000000,1
2026-08-12 20:04:33.965198,1,1198516.83000000,1198516.83000000,1
2026-08-12 20:04:33.973361,1,2958399.60000000,2958399.60000000,1
2026-08-12 20:04:33.981507,1,1128892.53000000,1128892.53000000,1
2026-08-12 20:04:33.985580,1,149039.64000000,149039.64000000,1
2026-08-12 20:04:33.997848,1,2644944.71000000,2644944.71000000,1
2026-08-12 20:04:34.005999,1,1123835.79000000,1123835.79000000,1
2026-08-12 20:04:34.010071,1,65271.92000000,65271.92000000,1
2026-08-12 20:04:34.018213,1,2358121.74000000,2358121.74000000,1
2026-08-12 20:04:34.022282,1,76498.95450000,76498.95450000,1
2026-08-12 20:04:34.030425,1,1409903.64000000,1409903.64000000,1
2026-08-12 20:04:34.034494,1,710549.70000000,710549.70000000,1
2026-08-12 20:04:34.038568,1,293066.97000000,293066.97000000,1
2026-08-12 20:04:34.046748,1,1186247.79000000,1186247.79000000,1
2026-08-12 20:04:34.050831,1,184959.95000000,184959.95000000,1
2026-08-12 20:04:34.058991,1,87343.98000000,87343.98000000,1
2026-08-12 20:04:34.067166,1,1300765.59000000,1300765.59000000,1
2026-08-12 20:04:34.071250,1,1194891.52050000,1194891.52050000,1
2026-08-12 20:04:34.079425,1,3034749.54300000,3034749.54300000,1
2026-08-12 20:04:34.083509,1,787983.86400000,787983.86400000,1
2026-08-12 20:04:34.091681,1,342251.91000000,342251.91000000,1
2026-08-12 20:04:34.095770,1,147849.75000000,147849.75000000,1
2026-08-12 20:04:34.103928,1,279659.80000000,279659.80000000,1
2026-08-12 20:04:34.112096,1,207419.94000000,207419.94000000,1
2026-08-12 20:04:34.116179,1,1103163.66000000,1103163.66000000,1
2026-08-12 20:04:34.124336,1,86175.99000000,86175.99000000,1
2026-08-12 20:04:34.128420,1,574539.90000000,574539.90000000,1
2026-08-12 20:04:34.136583,1,1481138.73000000,1481138.73000000,1
2026-08-12 20:04:34.140669,1,22945.99000000,22945.99000000,1
2026-08-12 20:04:34.148832,1,84112.99000000,84112.99000000,1
2026-08-12 20:04:34.152916,1,1747675.47150000,1747675.47150000,1
2026-08-12 20:04:34.161071,1,952489.65000000,952489.65000000,1
2026-08-12 20:04:34.165144,1,2308191.66000000,2308191.66000000,1
2026-08-12 20:04:34.173301,1,1297610.57000000,1297610.57000000,1
2026-08-12 20:04:34.177375,1,1996784.73000000,1996784.73000000,1
2026-08-12 20:04:34.185542,1,330189.22350000,330189.22350000,1
2026-08-12 20:04:34.189628,1,1055251.56000000,1055251.56000000,1
2026-08-12 20:04:34.197787,1,2384318.53550000,2384318.53550000,1
2026-08-12 20:04:34.201871,1,689135.51000000,689135.51000000,1
2026-08-12 20:04:34.210025,1,807223.89000000,807223.89000000,1
2026-08-12 20:04:34.218171,1,2361799.50000000,2361799.50000000,1
2026-08-12 20:04:34.222242,1,152498.97000000,152498.97000000,1
2026-08-12 20:04:34.230382,1,264104.91000000,264104.91000000,1
2026-08-12 20:04:34.234451,1,963359.64000000,963359.64000000,1
2026-08-12 20:04:34.242609,1,1884504.77000000,1884504.77000000,1
2026-08-12 20:04:34.246691,1,265874.75000000,265874.75000000,1
2026-08-12 20:04:34.254962,1,2580119.60000000,2580119.60000000,1
2026-08-12 20:04:34.259042,1,1885679.55000000,1885679.55000000,1
2026-08-12 20:04:34.267201,1,2659607.64000000,2659607.64000000,1
2026-08-12 20:04:34.271281,1,1254359.08450000,1254359.08450000,1
2026-08-12 20:04:34.279441,1,538644.83000000,538644.83000000,1
2026-08-12 20:04:34.283524,1,808359.65000000,808359.65000000,1
2026-08-12 20:04:34.291686,1,1717343.64000000,1717343.64000000,1
2026-08-12 20:04:34.295757,1,521546.29800000,521546.29800000,1
2026-08-12 20:04:34.303934,1,1310906.61000000,1310906.61000000,1
2026-08-12 20:04:34.312102,1,2876005.51000000,2876005.51000000,1
2026-08-12 20:04:34.316186,1,810439.90000000,810439.90000000,1
2026-08-12 20:04:34.324341,1,1612519.74000000,1612519.74000000,1
2026-08-12 20:04:34.328426,1,1294325.73000000,1294325.73000000,1
2026-08-12 20:04:34.336581,1,88271.88000000,88271.88000000,1
2026-08-12 20:04:34.340666,1,130756.89000000,130756.89000000,1
2026-08-12 20:04:34.348862,1,2715743.52000000,2715743.52000000,1
2026-08-12 20:04:34.352946,1,2499031.59000000,2499031.59000000,1
2026-08-12 20:04:34.361100,1,2111279.52000000,2111279.52000000,1
2026-08-12 20:04:34.365183,1,1190895.69000000,1190895.69000000,1
2026-08-12 20:04:34.373341,1,1056143.76000000,1056143.76000000,1
2026-08-12 20:04:34.381521,1,404403.86000000,404403.86000000,1
2026-08-12 20:04:34.385604,1,57623.95650000,57623.95650000,1
2026-08-12 20:04:34.393759,1,1001755.51000000,1001755.51000000,1
2026-08-12 20:04:34.397840,1,1300735.84000000,1300735.84000000,1
2026-08-12 20:04:34.406000,1,270269.97000000,270269.97000000,1
2026-08-12 20:04:34.410094,1,1905687.77000000,1905687.77000000,1
2026-08-12 20:04:34.418267,1,3033743.52000000,3033743.52000000,1
2026-08-12 20:04:34.426436,1,29257.98000000,29257.98000000,1
2026-08-12 20:04:34.430524,1,592697.94000000,592697.94000000,1
2026-08-12 20:04:34.434606,1,3333573.54000000,3333573.54000000,1
2026-08-12 20:04:34.442770,1,987281.53650000,987281.53650000,1
2026-08-12 20:04:34.450913,1,170159.84000000,170159.84000000,1
2026-08-12 20:04:34.459054,1,446319.95000000,446319.95000000,1
2026-08-12 20:04:34.463123,1,143921.66000000,143921.66000000,1
2026-08-12 20:04:34.471266,1,3157078.11750000,3157078.11750000,1
2026-08-12 20:04:34.475339,1,133741.86000000,133741.86000000,1
2026-08-12 20:04:34.483483,1,801231.84000000,801231.84000000,1
2026-08-12 20:04:34.487552,1,4142361.57000000,4142361.57000000,1
2026-08-12 20:04:34.491623,1,804473.74500000,804473.74500000,1
2026-08-12 20:04:34.499791,1,309061.74000000,309061.74000000,1
2026-08-12 20:04:34.507961,1,2136007.72000000,2136007.72000000,1
2026-08-12 20:04:34.512042,1,483419.80000000,483419.80000000,1
2026-08-12 20:04:34.520216,1,4751431.51000000,4751431.51000000,1
2026-08-12 20:04:34.524300,1,523193.93000000,523193.93000000,1
2026-08-12 20:04:34.532474,1,1281324.75000000,1281324.75000000,1
2026-08-12 20:04:34.536560,1,806748.24300000,806748.24300000,1
2026-08-12 20:04:34.540651,1,480479.60000000,480479.60000000,1
2026-08-12 20:04:34.548830,1,1638221.74500000,1638221.74500000,1
2026-08-12 20:04:34.557000,1,307103.96000000,307103.96000000,1
2026-08-12 20:04:34.561084,1,2507714.55000000,2507714.55000000,1
2026-08-12 20:04:34.569257,1,294539.95000000,294539.95000000,1
2026-08-12 20:04:34.573339,1,665039.84000000,665039.84000000,1
2026-08-12 20:04:34.577423,1,275183.96000000,275183.96000000,1
2026-08-12 20:04:34.585600,1,482265.86850000,482265.86850000,1
2026-08-12 20:04:34.589693,1,116851.96000000,116851.96000000,1
2026-08-12 20:04:34.597953,1,783899.50000000,783899.50000000,1
2026-08-12 20:04:34.602035,1,261324.95000000,261324.95000000,1
2026-08-12 20:04:34.610193,1,2711749.50000000,2711749.50000000,1
2026-08-12 20:04:34.614278,1,548189.94000000,548189.94000000,1
2026-08-12 20:04:34.622437,1,3209712.63000000,3209712.63000000,1
2026-08-12 20:04:34.626518,1,40517.98000000,40517.98000000,1
2026-08-12 20:04:34.634677,1,45198.70750000,45198.70750000,1
2026-08-12 20:04:34.638760,1,172439.70000000,172439.70000000,1
2026-08-12 20:04:34.646915,1,273160.93850000,273160.93850000,1
2026-08-12 20:04:34.650999,1,2532771.56000000,2532771.56000000,1
2026-08-12 20:04:34.659163,1,793421.79000000,793421.79000000,1
2026-08-12 20:04:34.663247,1,1183775.78000000,1183775.78000000,1
2026-08-12 20:04:34.671408,1,16119.95000000,16119.95000000,1
2026-08-12 20:04:34.675493,1,1328157.77000000,1328157.77000000,1
2026-08-12 20:04:34.683650,1,1042098.14700000,1042098.14700000,1
2026-08-12 20:04:34.687740,1,704205.33950000,704205.33950000,1
2026-08-12 20:04:34.695904,1,1324895.76000000,1324895.76000000,1
2026-08-12 20:04:34.699988,1,94674.93000000,94674.93000000,1
2026-08-12 20:04:34.708151,1,564805.78000000,564805.78000000,1
2026-08-12 20:04:34.712236,1,2019239.55000000,2019239.55000000,1
2026-08-12 20:04:34.720401,1,2138255.76000000,2138255.76000000,1
2026-08-12 20:04:34.724484,1,1493389.57000000,1493389.57000000,1
2026-08-12 20:04:34.732648,1,964781.69000000,964781.69000000,1
2026-08-12 20:04:34.736735,1,2794043.67000000,2794043.67000000,1
2026-08-12 20:04:34.744931,1,669083.87000000,669083.87000000,1
2026-08-12 20:04:34.749025,1,850871.76000000,850871.76000000,1
2026-08-12 20:04:34.757182,1,2455505.20250000,2455505.20250000,1
2026-08-12 20:04:34.765325,1,1390603.95250000,1390603.95250000,1
2026-08-12 20:04:34.769395,1,6384.95000000,6384.95000000,1
2026-08-12 20:04:34.773466,1,200156.97000000,200156.97000000,1
2026-08-12 20:04:34.781613,1,1089572.28750000,1089572.28750000,1
2026-08-12 20:04:34.785689,1,1133339.74000000,1133339.74000000,1
2026-08-12 20:04:34.793935,1,3359417.57000000,3359417.57000000,1
2026-08-12 20:04:34.802101,1,950399.82000000,950399.82000000,1
2026-08-12 20:04:34.806184,1,2956715.58000000,2956715.58000000,1
2026-08-12 20:04:34.814352,1,819424.36950000,819424.36950000,1
2026-08-12 20:04:34.818422,1,3382547.61000000,3382547.61000000,1
2026-08-12 20:04:34.826574,1,3387075.51000000,3387075.51000000,1
2026-08-12 20:04:34.830643,1,882111.72000000,882111.72000000,1
2026-08-12 20:04:34.838805,1,1357359.60000000,1357359.60000000,1
2026-08-12 20:04:34.842890,1,2142225.63000000,2142225.63000000,1
2026-08-12 20:04:34.851058,1,1739321.61000000,1739321.61000000,1
2026-08-12 20:04:34.855145,1,892293.74000000,892293.74000000,1
2026-08-12 20:04:34.863304,1,809519.84000000,809519.84000000,1
2026-08-12 20:04:34.867374,1,1131152.53650000,1131152.53650000,1
2026-08-12 20:04:34.875536,1,235086.95650000,235086.95650000,1
2026-08-12 20:04:34.879613,1,3788799.60000000,3788799.60000000,1
2026-08-12 20:04:34.887773,1,3376502.61000000,3376502.61000000,1
2026-08-12 20:04:34.891865,1,2790696.51000000,2790696.51000000,1
2026-08-12 20:04:34.904083,1,851883.62000000,851883.62000000,1
2026-08-12 20:04:34.908164,1,892559.76000000,892559.76000000,1
2026-08-12 20:04:34.916326,1,1913537.78000000,1913537.78000000,1
2026-08-12 20:04:34.920408,1,1272816.87000000,1272816.87000000,1
2026-08-12 20:04:34.928573,1,607324.75000000,607324.75000000,1
2026-08-12 20:04:34.932641,1,1198852.50350000,1198852.50350000,1
2026-08-12 20:04:34.940799,1,668656.89000000,668656.89000000,1
2026-08-12 20:04:34.944879,1,766639.90000000,766639.90000000,1
2026-08-12 20:04:34.953022,1,2357729.55000000,2357729.55000000,1
2026-08-12 20:04:34.957092,1,946679.65000000,946679.65000000,1
2026-08-12 20:04:34.965236,1,408836.61000000,408836.61000000,1
2026-08-12 20:04:34.969319,1,53819.87000000,53819.87000000,1
2026-08-12 20:04:34.977463,1,2266349.70000000,2266349.70000000,1
2026-08-12 20:04:34.981533,1,2986193.59000000,2986193.59000000,1
2026-08-12 20:04:34.985604,1,2930474.59000000,2930474.59000000,1
2026-08-12 20:04:34.993769,1,16048.89000000,16048.89000000,1
2026-08-12 20:04:34.997841,1,1658759.80000000,1658759.80000000,1
2026-08-12 20:04:35.006007,1,183868.93000000,183868.93000000,1
2026-08-12 20:04:35.010076,1,1994873.79000000,1994873.79000000,1
2026-08-12 20:04:35.018221,1,24859.78000000,24859.78000000,1
2026-08-12 20:04:35.026395,1,253187.82000000,253187.82000000,1
2026-08-12 20:04:35.030478,1,938463.68000000,938463.68000000,1
2026-08-12 20:04:35.038623,1,2036024.75000000,2036024.75000000,1
2026-08-12 20:04:35.042694,1,204919.95000000,204919.95000000,1
2026-08-12 20:04:35.046777,1,862185.74000000,862185.74000000,1
2026-08-12 20:04:35.054941,1,1793434.65000000,1793434.65000000,1
2026-08-12 20:04:35.063082,1,1720835.61000000,1720835.61000000,1
2026-08-12 20:04:35.067152,1,437129.55000000,437129.55000000,1
2026-08-12 20:04:35.075325,1,131004.93000000,131004.93000000,1
2026-08-12 20:04:35.079407,1,306782.91000000,306782.91000000,1
2026-08-12 20:04:35.087563,1,555554.89000000,555554.89000000,1
2026-08-12 20:04:35.091656,1,2327231.76000000,2327231.76000000,1
2026-08-12 20:04:35.099824,1,407910.62250000,407910.62250000,1
2026-08-12 20:04:35.103906,1,458409.90000000,458409.90000000,1
2026-08-12 20:04:35.112079,1,971508.89000000,971508.89000000,1
2026-08-12 20:04:35.116163,1,1876799.66000000,1876799.66000000,1
2026-08-12 20:04:35.124327,1,1546197.54000000,1546197.54000000,1
2026-08-12 20:04:35.128409,1,142373.94000000,142373.94000000,1
2026-08-12 20:04:35.136565,1,2377124.55000000,2377124.55000000,1
2026-08-12 20:04:35.140647,1,3394431.54000000,3394431.54000000,1
2026-08-12 20:04:35.148861,1,1554573.51000000,1554573.51000000,1
2026-08-12 20:04:35.152943,1,3590999.58000000,3590999.58000000,1
2026-08-12 20:04:35.161106,1,2617087.68000000,2617087.68000000,1
2026-08-12 20:04:35.165188,1,294184.83000000,294184.83000000,1
2026-08-12 20:04:35.173351,1,570143.88000000,570143.88000000,1
2026-08-12 20:04:35.177434,1,717835.86000000,717835.86000000,1
2026-08-12 20:04:35.185590,1,411443.91000000,411443.91000000,1
2026-08-12 20:04:35.189666,1,800623.89000000,800623.89000000,1
2026-08-12 20:04:35.197826,1,2175584.57000000,2175584.57000000,1
2026-08-12 20:04:35.201897,1,918147.72000000,918147.72000000,1
2026-08-12 20:04:35.210042,1,1171889.85000000,1171889.85000000,1
2026-08-12 20:04:35.214113,1,747902.87000000,747902.87000000,1
2026-08-12 20:04:35.222263,1,124193.79000000,124193.79000000,1
2026-08-12 20:04:35.226335,1,63254.99000000,63254.99000000,1
2026-08-12 20:04:35.234482,1,192191.84000000,192191.84000000,1
2026-08-12 20:04:35.238553,1,1825481.81000000,1825481.81000000,1
2026-08-12 20:04:35.246708,1,456394.95000000,456394.95000000,1
2026-08-12 20:04:35.250778,1,3330527.52000000,3330527.52000000,1
2026-08-12 20:04:35.258947,1,2604153.51000000,2604153.51000000,1
2026-08-12 20:04:35.263019,1,1059371.74500000,1059371.74500000,1
2026-08-12 20:04:35.271171,1,1517849.70000000,1517849.70000000,1
2026-08-12 20:04:35.275241,1,15323.88000000,15323.88000000,1
2026-08-12 20:04:35.283397,1,665167.86000000,665167.86000000,1
2026-08-12 20:04:35.287467,1,1444859.77000000,1444859.77000000,1
2026-08-12 20:04:35.295630,1,653599.92000000,653599.92000000,1
2026-08-12 20:04:35.299701,1,1184279.70000000,1184279.70000000,1
2026-08-12 20:04:35.307933,1,3532017.54000000,3532017.54000000,1
2026-08-12 20:04:35.312008,1,262009.86000000,262009.86000000,1
2026-08-12 20:04:35.320151,1,3181793.67000000,3181793.67000000,1
2026-08-12 20:04:35.324222,1,2517932.67000000,2517932.67000000,1
2026-08-12 20:04:35.332366,1,2550068.73000000,2550068.73000000,1
2026-08-12 20:04:35.336441,1,520949.85000000,520949.85000000,1
2026-08-12 20:04:35.344584,1,1253522.90550000,1253522.90550000,1
2026-08-12 20:04:35.348655,1,1614340.03450000,1614340.03450000,1
2026-08-12 20:04:35.352725,1,4148885.58000000,4148885.58000000,1
2026-08-12 20:04:35.360874,1,2704.69150000,2704.69150000,1
2026-08-12 20:04:35.364945,1,462929.94000000,462929.94000000,1
2026-08-12 20:04:35.373098,1,405118.87000000,405118.87000000,1
2026-08-12 20:04:35.377167,1,1941151.68000000,1941151.68000000,1
2026-08-12 20:04:35.385314,1,1461205.90450000,1461205.90450000,1
2026-08-12 20:04:35.389384,1,915809.90000000,915809.90000000,1
2026-08-12 20:04:35.397527,1,1367063.73000000,1367063.73000000,1
2026-08-12 20:04:35.401597,1,1723619.56200000,1723619.56200000,1
2026-08-12 20:04:35.409752,1,882149.70000000,882149.70000000,1
2026-08-12 20:04:35.413823,1,1292402.79000000,1292402.79000000,1
2026-08-12 20:04:35.421966,1,2876425.54000000,2876425.54000000,1
2026-08-12 20:04:35.426035,1,1302911.74000000,1302911.74000000,1
2026-08-12 20:04:35.434181,1,3523239.60000000,3523239.60000000,1
2026-08-12 20:04:35.438252,1,384671.88000000,384671.88000000,1
2026-08-12 20:04:35.446398,1,406133.54000000,406133.54000000,1
2026-08-12 20:04:35.450469,1,1379213.73000000,1379213.73000000,1
2026-08-12 20:04:35.458617,1,45142.59050000,45142.59050000,1
2026-08-12 20:04:35.462692,1,83155.99000000,83155.99000000,1
2026-08-12 20:04:35.466764,1,2704995.72000000,2704995.72000000,1
2026-08-12 20:04:35.474915,1,2529749.50000000,2529749.50000000,1
2026-08-12 20:04:35.478986,1,390310.71000000,390310.71000000,1
2026-08-12 20:04:35.487143,1,2724439.60000000,2724439.60000000,1
2026-08-12 20:04:35.491214,1,1891889.79000000,1891889.79000000,1
2026-08-12 20:04:35.499365,1,518339.88000000,518339.88000000,1
2026-08-12 20:04:35.503435,1,43769.70000000,43769.70000000,1
2026-08-12 20:04:35.511589,1,3588985.62000000,3588985.62000000,1
2026-08-12 20:04:35.515662,1,1277281.54000000,1277281.54000000,1
2026-08-12 20:04:35.523832,1,1580527.84000000,1580527.84000000,1
2026-08-12 20:04:35.527907,1,64913.98000000,64913.98000000,1
2026-08-12 20:04:35.536074,1,1983386.79000000,1983386.79000000,1
2026-08-12 20:04:35.540159,1,4521446.53000000,4521446.53000000,1
2026-08-12 20:04:35.548324,1,1682317.78000000,1682317.78000000,1
2026-08-12 20:04:35.552413,1,439782.77000000,439782.77000000,1
2026-08-12 20:04:35.560586,1,610259.86000000,610259.86000000,1
2026-08-12 20:04:35.564673,1,480959.90000000,480959.90000000,1
2026-08-12 20:04:35.572916,1,516023.92000000,516023.92000000,1
2026-08-12 20:04:35.577000,1,720551.86000000,720551.86000000,1
2026-08-12 20:04:35.585155,1,417701.57000000,417701.57000000,1
2026-08-12 20:04:35.593303,1,2163989.70000000,2163989.70000000,1
2026-08-12 20:04:35.597372,1,706119.60000000,706119.60000000,1
2026-08-12 20:04:35.601443,1,177162.93000000,177162.93000000,1
2026-08-12 20:04:35.609589,1,3366333.63000000,3366333.63000000,1
2026-08-12 20:04:35.613660,1,112947.66000000,112947.66000000,1
2026-08-12 20:04:35.621815,1,1155951.84000000,1155951.84000000,1
2026-08-12 20:04:35.625887,1,757015.92000000,757015.92000000,1
2026-08-12 20:04:35.634047,1,307103.96000000,307103.96000000,1
2026-08-12 20:04:35.642189,1,1076753.79000000,1076753.79000000,1
2026-08-12 20:04:35.646259,1,847967.89000000,847967.89000000,1
2026-08-12 20:04:35.654400,1,2632027.72000000,2632027.72000000,1
2026-08-12 20:04:35.658471,1,1831907.61000000,1831907.61000000,1
2026-08-12 20:04:35.662543,1,76835.98000000,76835.98000000,1
2026-08-12 20:04:35.670685,1,1697535.81000000,1697535.81000000,1
2026-08-12 20:04:35.674765,1,1990603.56000000,1990603.56000000,1
2026-08-12 20:04:35.682920,1,1224938.16200000,1224938.16200000,1
2026-08-12 20:04:35.686992,1,2060543.52000000,2060543.52000000,1
2026-08-12 20:04:35.695159,1,258555.63000000,258555.63000000,1
2026-08-12 20:04:35.699243,1,743247.89000000,743247.89000000,1
2026-08-12 20:04:35.707421,1,3968747.58000000,3968747.58000000,1
2026-08-12 20:04:35.711504,1,1525649.65000000,1525649.65000000,1
2026-08-12 20:04:35.719668,1,1168519.60000000,1168519.60000000,1
2026-08-12 20:04:35.723756,1,1695973.54000000,1695973.54000000,1
2026-08-12 20:04:35.731927,1,2030103.88350000,2030103.88350000,1
2026-08-12 20:04:35.740101,1,2210519.61000000,2210519.61000000,1
2026-08-12 20:04:35.744185,1,152899.89000000,152899.89000000,1
2026-08-12 20:04:35.752341,1,514379.90000000,514379.90000000,1
2026-08-12 20:04:35.756429,1,2303949.75000000,2303949.75000000,1
2026-08-12 20:04:35.760507,1,1739975.79000000,1739975.79000000,1
2026-08-12 20:04:35.768666,1,900982.83000000,900982.83000000,1
2026-08-12 20:04:35.772742,1,2375285.53000000,2375285.53000000,1
2026-08-12 20:04:35.776818,1,1853659.80000000,1853659.80000000,1
2026-08-12 20:04:35.780890,1,3422537.58000000,3422537.58000000,1
2026-08-12 20:04:35.784959,1,2533932.71000000,2533932.71000000,1
2026-08-12 20:04:35.789030,1,218237.97000000,218237.97000000,1
2026-08-12 20:04:35.793101,1,2344479.60000000,2344479.60000000,1
2026-08-12 20:04:35.797173,1,1016791.94700000,1016791.94700000,1
2026-08-12 20:04:35.801244,1,4444319.52000000,4444319.52000000,1
2026-08-12 20:04:35.805320,1,2850940.39200000,2850940.39200000,1
2026-08-12 20:04:35.809391,1,1205587.62000000,1205587.62000000,1
2026-08-12 20:04:35.813462,1,432997.77000000,432997.77000000,1
2026-08-12 20:04:35.817533,1,599514.51000000,599514.51000000,1
2026-08-12 20:04:35.821606,1,1003199.81000000,1003199.81000000,1
2026-08-12 20:04:35.825679,1,1128255.66000000,1128255.66000000,1
2026-08-12 20:04:35.829750,1,2510349.50000000,2510349.50000000,1
2026-08-12 20:04:35.833822,1,2402527.68000000,2402527.68000000,1
2026-08-12 20:04:35.837893,1,94511.97000000,94511.97000000,1
2026-08-12 20:04:35.841966,1,3166681.63000000,3166681.63000000,1
2026-08-12 20:04:35.846038,1,1052551.59000000,1052551.59000000,1
2026-08-12 20:04:35.850109,1,71496.99000000,71496.99000000,1
2026-08-12 20:04:35.854182,1,1215094.65000000,1215094.65000000,1
2026-08-12 20:04:35.858255,1,45195.98000000,45195.98000000,1
2026-08-12 20:04:35.862326,1,1360151.64000000,1360151.64000000,1
2026-08-12 20:04:35.866397,1,248079.96000000,248079.96000000,1
2026-08-12 20:04:35.870469,1,607079.92000000,607079.92000000,1
2026-08-12 20:04:35.874540,1,1285157.79000000,1285157.79000000,1
2026-08-12 20:04:35.878615,1,150092.83000000,150092.83000000,1
2026-08-12 20:04:35.882686,1,1591553.81000000,1591553.81000000,1
2026-08-12 20:04:35.886757,1,442823.92000000,442823.92000000,1
2026-08-12 20:04:35.890863,1,318782.10450000,318782.10450000,1
2026-08-12 20:04:35.894938,1,1602005.79000000,1602005.79000000,1
2026-08-12 20:04:35.899007,1,1875184.78750000,1875184.78750000,1
2026-08-12 20:04:35.903078,1,2349299.70000000,2349299.70000000,1
2026-08-12 20:04:35.907156,1,228104.97000000,228104.97000000,1
2026-08-12 20:04:35.911243,1,347299.90000000,347299.90000000,1
2026-08-12 20:04:35.915328,1,563927.88000000,563927.88000000,1
2026-08-12 20:04:35.919413,1,722519.73000000,722519.73000000,1
2026-08-12 20:04:35.923500,1,1941799.80000000,1941799.80000000,1
2026-08-12 20:04:35.927584,1,797736.59000000,797736.59000000,1
2026-08-12 20:04:35.931665,1,493198.58550000,493198.58550000,1
2026-08-12 20:04:35.935749,1,2600789.70000000,2600789.70000000,1
2026-08-12 20:04:35.939820,1,926603.79000000,926603.79000000,1
2026-08-12 20:04:35.943891,1,867924.75000000,867924.75000000,1
2026-08-12 20:04:35.947963,1,2042547.63000000,2042547.63000000,1
2026-08-12 20:04:35.952036,1,642239.76000000,642239.76000000,1
2026-08-12 20:04:35.956109,1,1959223.63000000,1959223.63000000,1
2026-08-12 20:04:35.960180,1,2403626.53000000,2403626.53000000,1
2026-08-12 20:04:35.964252,1,77731.98000000,77731.98000000,1
2026-08-12 20:04:35.968324,1,2116554.51000000,2116554.51000000,1
2026-08-12 20:04:35.972396,1,1136417.63000000,1136417.63000000,1
2026-08-12 20:04:35.976468,1,439535.52000000,439535.52000000,1
2026-08-12 20:04:35.980540,1,293096.94050000,293096.94050000,1
2026-08-12 20:04:35.984612,1,2642681.58000000,2642681.58000000,1
2026-08-12 20:04:35.988689,1,132479.68000000,132479.68000000,1
2026-08-12 20:04:35.992762,1,1041039.80000000,1041039.80000000,1
2026-08-12 20:04:35.996834,1,970795.09800000,970795.09800000,1
2026-08-12 20:04:36.000906,1,257567.94000000,257567.94000000,1
2026-08-12 20:04:36.004996,1,117435.83000000,117435.83000000,1
2026-08-12 20:04:36.009066,1,351959.88000000,351959.88000000,1
2026-08-12 20:04:36.013137,1,214311.92000000,214311.92000000,1
2026-08-12 20:04:36.017208,1,180844.18100000,180844.18100000,1
2026-08-12 20:04:36.021278,1,664817.78000000,664817.78000000,1
2026-08-12 20:04:36.025349,1,795179.85000000,795179.85000000,1
2026-08-12 20:04:36.029419,1,2214699.50000000,2214699.50000000,1
2026-08-12 20:04:36.033489,1,1567429.59000000,1567429.59000000,1
2026-08-12 20:04:36.037561,1,1274452.77000000,1274452.77000000,1
2026-08-12 20:04:36.041631,1,2289715.56000000,2289715.56000000,1
2026-08-12 20:04:36.045703,1,2125881.22050000,2125881.22050000,1
2026-08-12 20:04:36.049774,1,2723219.59000000,2723219.59000000,1
2026-08-12 20:04:36.053845,1,3422537.58000000,3422537.58000000,1
2026-08-12 20:04:36.057915,1,1616159.68000000,1616159.68000000,1
2026-08-12 20:04:36.061984,1,349757.82000000,349757.82000000,1
2026-08-12 20:04:36.066054,1,664409.85000000,664409.85000000,1
2026-08-12 20:04:36.070124,1,165033.81000000,165033.81000000,1
2026-08-12 20:04:36.074197,1,3924996.57000000,3924996.57000000,1
2026-08-12 20:04:36.078273,1,2267823.74000000,2267823.74000000,1
2026-08-12 20:04:36.082343,1,79027.99000000,79027.99000000,1
2026-08-12 20:04:36.086414,1,24632.94050000,24632.94050000,1
2026-08-12 20:04:36.090486,1,2802483.66000000,2802483.66000000,1
2026-08-12 20:04:36.094558,1,1922609.62000000,1922609.62000000,1
2026-08-12 20:04:36.098642,1,2090527.56000000,2090527.56000000,1
2026-08-12 20:04:36.102718,1,3566079.60000000,3566079.60000000,1
2026-08-12 20:04:36.106836,1,2107143.74000000,2107143.74000000,1
2026-08-12 20:04:36.110919,1,422747.91000000,422747.91000000,1
2026-08-12 20:04:36.114999,1,1046374.75000000,1046374.75000000,1
2026-08-12 20:04:36.119073,1,247046.97000000,247046.97000000,1
2026-08-12 20:04:36.123151,1,1467829.65000000,1467829.65000000,1
2026-08-12 20:04:36.127231,1,356795.82000000,356795.82000000,1
2026-08-12 20:04:36.135381,1,1588733.82000000,1588733.82000000,1
2026-08-12 20:04:36.139452,1,862619.88000000,862619.88000000,1
2026-08-12 20:04:36.143522,1,364917.70750000,364917.70750000,1
2026-08-12 20:04:36.147609,1,2127047.56000000,2127047.56000000,1
2026-08-12 20:04:36.151690,1,586119.90000000,586119.90000000,1
2026-08-12 20:04:36.155770,1,1327643.81000000,1327643.81000000,1
2026-08-12 20:04:36.159842,1,2127527.76000000,2127527.76000000,1
2026-08-12 20:04:36.163913,1,2615643.53000000,2615643.53000000,1
2026-08-12 20:04:36.167983,1,890381.68100000,890381.68100000,1
2026-08-12 20:04:36.172064,1,1896360.63000000,1896360.63000000,1
2026-08-12 20:04:36.176145,1,198763.96000000,198763.96000000,1
2026-08-12 20:04:36.180225,1,1334223.84000000,1334223.84000000,1
2026-08-12 20:04:36.184304,1,93901.98000000,93901.98000000,1
2026-08-12 20:04:36.192485,1,1614017.58000000,1614017.58000000,1
2026-08-12 20:04:36.196557,1,1070234.83000000,1070234.83000000,1
2026-08-12 20:04:36.200628,1,371555.91000000,371555.91000000,1
2026-08-12 20:04:36.204710,1,11936.77000000,11936.77000000,1
2026-08-12 20:04:36.208791,1,3544199.50000000,3544199.50000000,1
2026-08-12 20:04:36.212862,1,1485887.84000000,1485887.84000000,1
2026-08-12 20:04:36.216943,1,1870254.57500000,1870254.57500000,1
2026-08-12 20:04:36.221015,1,4315968.51000000,4315968.51000000,1
2026-08-12 20:04:36.225100,1,297113.54000000,297113.54000000,1
2026-08-12 20:04:36.229177,1,2994799.60000000,2994799.60000000,1
2026-08-12 20:04:36.233263,1,3210714.78350000,3210714.78350000,1
2026-08-12 20:04:36.237335,1,1527245.58000000,1527245.58000000,1
2026-08-12 20:04:36.241407,1,1330285.59000000,1330285.59000000,1
2026-08-12 20:04:36.245488,1,3054417.59000000,3054417.59000000,1
2026-08-12 20:04:36.249560,1,792811.66000000,792811.66000000,1
2026-08-12 20:04:36.253641,1,926367.84000000,926367.84000000,1
2026-08-12 20:04:36.257713,1,2510183.59000000,2510183.59000000,1
2026-08-12 20:04:36.261794,1,1689089.61000000,1689089.61000000,1
2026-08-12 20:04:36.265865,1,859578.81000000,859578.81000000,1
2026-08-12 20:04:36.269946,1,2440574.55000000,2440574.55000000,1
2026-08-12 20:04:36.274028,1,327861.95750000,327861.95750000,1
2026-08-12 20:04:36.278100,1,300212.91000000,300212.91000000,1
2026-08-12 20:04:36.282172,1,725129.85000000,725129.85000000,1
2026-08-12 20:04:36.286253,1,834079.60000000,834079.60000000,1
2026-08-12 20:04:36.290334,1,626849.55000000,626849.55000000,1
2026-08-12 20:04:36.294407,1,2663124.52800000,2663124.52800000,1
2026-08-12 20:04:36.298479,1,252389.53000000,252389.53000000,1
2026-08-12 20:04:36.302564,1,908700.83000000,908700.83000000,1
2026-08-12 20:04:36.306636,1,529140.10450000,529140.10450000,1
2026-08-12 20:04:36.310720,1,921954.77000000,921954.77000000,1
2026-08-12 20:04:36.314792,1,1000834.89000000,1000834.89000000,1
2026-08-12 20:04:36.318872,1,1251573.66000000,1251573.66000000,1
2026-08-12 20:04:36.322943,1,6015.98000000,6015.98000000,1
2026-08-12 20:04:36.327032,1,117136.49400000,117136.49400000,1
2026-08-12 20:04:36.331113,1,228104.97000000,228104.97000000,1
2026-08-12 20:04:36.335194,1,622154.63000000,622154.63000000,1
2026-08-12 20:04:36.339276,1,3761458.70900000,3761458.70900000,1
2026-08-12 20:04:36.343357,1,1314584.55000000,1314584.55000000,1
2026-08-12 20:04:36.347439,1,873809.91000000,873809.91000000,1
2026-08-12 20:04:36.351519,1,404208.87000000,404208.87000000,1
2026-08-12 20:04:36.355605,1,1255124.75000000,1255124.75000000,1
2026-08-12 20:04:36.359690,1,4148675.58000000,4148675.58000000,1
2026-08-12 20:04:36.363772,1,32244.70750000,32244.70750000,1
2026-08-12 20:04:36.367853,1,4841052.51000000,4841052.51000000,1
2026-08-12 20:04:36.371935,1,2241329.58000000,2241329.58000000,1
2026-08-12 20:04:36.376017,1,184919.85000000,184919.85000000,1
2026-08-12 20:04:36.380099,1,3169853.66000000,3169853.66000000,1
2026-08-12 20:04:36.384180,1,2667005.73000000,2667005.73000000,1
2026-08-12 20:04:36.388262,1,2796199.69000000,2796199.69000000,1
2026-08-12 20:04:36.392343,1,844986.81000000,844986.81000000,1
2026-08-12 20:04:36.396431,1,209419.63000000,209419.63000000,1
2026-08-12 20:04:36.400515,1,1882527.68000000,1882527.68000000,1
2026-08-12 20:04:36.404601,1,1671254.55000000,1671254.55000000,1
2026-08-12 20:04:36.408680,1,1819829.70000000,1819829.70000000,1
2026-08-12 20:04:36.412757,1,3655563.56000000,3655563.56000000,1
2026-08-12 20:04:36.416836,1,3376308.59000000,3376308.59000000,1
2026-08-12 20:04:36.420924,1,1390025.78000000,1390025.78000000,1
2026-08-12 20:04:36.425013,1,284689.86000000,284689.86000000,1
2026-08-12 20:04:36.429100,1,657341.82000000,657341.82000000,1
2026-08-12 20:04:36.433188,1,2804075.56000000,2804075.56000000,1
2026-08-12 20:04:36.437277,1,330868.89000000,330868.89000000,1
2026-08-12 20:04:36.441366,1,4546464.51000000,4546464.51000000,1
2026-08-12 20:04:36.445452,1,321919.96000000,321919.96000000,1
2026-08-12 20:04:36.449537,1,2063199.68000000,2063199.68000000,1
2026-08-12 20:04:36.453621,1,1220839.77000000,1220839.77000000,1
2026-08-12 20:04:36.457705,1,75179.85000000,75179.85000000,1
2026-08-12 20:04:36.461786,1,1836871.77000000,1836871.77000000,1
2026-08-12 20:04:36.465864,1,1311295.84000000,1311295.84000000,1
2026-08-12 20:04:36.469945,1,63639.80000000,63639.80000000,1
2026-08-12 20:04:36.474026,1,898559.61000000,898559.61000000,1
2026-08-12 20:04:36.478108,1,1615607.82000000,1615607.82000000,1
2026-08-12 20:04:36.482189,1,1257944.85000000,1257944.85000000,1
2026-08-12 20:04:36.486270,1,275119.84000000,275119.84000000,1
2026-08-12 20:04:36.490351,1,557668.81000000,557668.81000000,1
2026-08-12 20:04:36.494435,1,94299.59000000,94299.59000000,1
2026-08-12 20:04:36.498519,1,1630331.77000000,1630331.77000000,1
2026-08-12 20:04:36.502604,1,184889.70000000,184889.70000000,1
2026-08-12 20:04:36.506689,1,312695.64000000,312695.64000000,1
2026-08-12 20:04:36.510772,1,1330279.86000000,1330279.86000000,1
2026-08-12 20:04:36.514856,1,377024.95000000,377024.95000000,1
2026-08-12 20:04:36.518935,1,228387.96000000,228387.96000000,1
2026-08-12 20:04:36.523021,1,20047.96000000,20047.96000000,1
2026-08-12 20:04:36.527106,1,275457.76600000,275457.76600000,1
2026-08-12 20:04:36.531185,1,1311379.65000000,1311379.65000000,1
2026-08-12 20:04:36.535257,1,1736747.73000000,1736747.73000000,1
2026-08-12 20:04:36.539329,1,584027.82000000,584027.82000000,1
2026-08-12 20:04:36.543407,1,347366.04900000,347366.04900000,1
2026-08-12 20:04:36.547493,1,845151.78000000,845151.78000000,1
2026-08-12 20:04:36.551584,1,2859879.60000000,2859879.60000000,1
2026-08-12 20:04:36.559754,1,15263.99000000,15263.99000000,1
2026-08-12 20:04:36.563837,1,2081975.76000000,2081975.76000000,1
2026-08-12 20:04:36.567918,1,321731.94000000,321731.94000000,1
2026-08-12 20:04:36.571993,1,2166687.68000000,2166687.68000000,1
2026-08-12 20:04:36.576070,1,2237094.65000000,2237094.65000000,1
2026-08-12 20:04:36.580151,1,407987.58000000,407987.58000000,1
2026-08-12 20:04:36.584231,1,558688.53000000,558688.53000000,1
2026-08-12 20:04:36.588312,1,2835104.69000000,2835104.69000000,1
2026-08-12 20:04:36.592398,1,742260.87000000,742260.87000000,1
2026-08-12 20:04:36.596484,1,785780.91000000,785780.91000000,1
2026-08-12 20:04:36.600570,1,1103795.88000000,1103795.88000000,1
2026-08-12 20:04:36.604655,1,2556299.70000000,2556299.70000000,1
2026-08-12 20:04:36.608743,1,3525551.64000000,3525551.64000000,1
2026-08-12 20:04:36.612827,1,235823.94000000,235823.94000000,1
2026-08-12 20:04:36.616907,1,788335.84000000,788335.84000000,1
2026-08-12 20:04:36.620987,1,821747.69000000,821747.69000000,1
2026-08-12 20:04:36.625069,1,2157869.67000000,2157869.67000000,1
2026-08-12 20:04:36.629153,1,503040.53000000,503040.53000000,1
2026-08-12 20:04:36.633235,1,1019506.83000000,1019506.83000000,1
2026-08-12 20:04:36.637317,1,65207.89000000,65207.89000000,1
2026-08-12 20:04:36.641404,1,2513669.54000000,2513669.54000000,1
2026-08-12 20:04:36.645502,1,4179329.54000000,4179329.54000000,1
2026-08-12 20:04:36.649588,1,2680281.54000000,2680281.54000000,1
2026-08-12 20:04:36.653674,1,23116.37900000,23116.37900000,1
2026-08-12 20:04:36.657762,1,1620339.80000000,1620339.80000000,1
2026-08-12 20:04:36.661843,1,1427424.75000000,1427424.75000000,1
2026-08-12 20:04:36.665930,1,1017981.62000000,1017981.62000000,1
2026-08-12 20:04:36.670011,1,2267327.52000000,2267327.52000000,1
2026-08-12 20:04:36.674097,1,2636984.61000000,2636984.61000000,1
2026-08-12 20:04:36.678192,1,2679759.60000000,2679759.60000000,1
2026-08-12 20:04:36.682276,1,806562.63000000,806562.63000000,1
2026-08-12 20:04:36.686358,1,2078999.79000000,2078999.79000000,1
2026-08-12 20:04:36.690434,1,4638649.50000000,4638649.50000000,1
2026-08-12 20:04:36.694510,1,255509.55000000,255509.55000000,1
2026-08-12 20:04:36.698593,1,2432447.64000000,2432447.64000000,1
2026-08-12 20:04:36.702664,1,1116548.63000000,1116548.63000000,1
2026-08-12 20:04:36.706749,1,3778964.55000000,3778964.55000000,1
2026-08-12 20:04:36.710833,1,1144688.61000000,1144688.61000000,1
2026-08-12 20:04:36.714921,1,3387075.51000000,3387075.51000000,1
2026-08-12 20:04:36.719009,1,884479.80000000,884479.80000000,1
2026-08-12 20:04:36.723098,1,147583.98000000,147583.98000000,1
2026-08-12 20:04:36.727183,1,1683359.72000000,1683359.72000000,1
2026-08-12 20:04:36.731273,1,2728879.56000000,2728879.56000000,1
2026-08-12 20:04:36.735355,1,159455.52000000,159455.52000000,1
2026-08-12 20:04:36.739434,1,2159141.59000000,2159141.59000000,1
2026-08-12 20:04:36.743519,1,2705999.70000000,2705999.70000000,1
2026-08-12 20:04:36.747594,1,1689742.71000000,1689742.71000000,1
2026-08-12 20:04:36.751679,1,1477031.76000000,1477031.76000000,1
2026-08-12 20:04:36.755869,1,4691.77000000,4691.77000000,1
2026-08-12 20:04:36.759959,1,335454.77000000,335454.77000000,1
2026-08-12 20:04:36.764049,1,487864.95000000,487864.95000000,1
2026-08-12 20:04:36.768139,1,241223.54000000,241223.54000000,1
2026-08-12 20:04:36.772228,1,3871805.57000000,3871805.57000000,1
2026-08-12 20:04:36.776318,1,1369375.84000000,1369375.84000000,1
2026-08-12 20:04:36.780407,1,722519.73000000,722519.73000000,1
2026-08-12 20:04:36.784497,1,326705.66000000,326705.66000000,1
2026-08-12 20:04:36.788586,1,1115128.81000000,1115128.81000000,1
2026-08-12 20:04:36.792674,1,356607.96000000,356607.96000000,1
2026-08-12 20:04:36.796764,1,227081.94000000,227081.94000000,1
2026-08-12 20:04:36.800846,1,902979.74000000,902979.74000000,1
2026-08-12 20:04:36.804928,1,1351359.80000000,1351359.80000000,1
2026-08-12 20:04:36.809009,1,748970.91000000,748970.91000000,1
2026-08-12 20:04:36.813091,1,859749.50000000,859749.50000000,1
2026-08-12 20:04:36.817176,1,1965239.55000000,1965239.55000000,1
2026-08-12 20:04:36.821258,1,2371127.76000000,2371127.76000000,1
2026-08-12 20:04:36.825344,1,3511852.57000000,3511852.57000000,1
2026-08-12 20:04:36.829440,1,672965.79000000,672965.79000000,1
2026-08-12 20:04:36.833526,1,227420.97000000,227420.97000000,1
2026-08-12 20:04:36.837609,1,732149.85000000,732149.85000000,1
2026-08-12 20:04:36.841702,1,584303.84000000,584303.84000000,1
2026-08-12 20:04:36.845783,1,77527.99000000,77527.99000000,1
2026-08-12 20:04:36.849864,1,1162412.79000000,1162412.79000000,1
2026-08-12 20:04:36.853953,1,1858859.70000000,1858859.70000000,1
2026-08-12 20:04:36.858040,1,1963877.62000000,1963877.62000000,1
2026-08-12 20:04:36.862127,1,2195715.62000000,2195715.62000000,1
2026-08-12 20:04:36.866215,1,529577.94000000,529577.94000000,1
2026-08-12 20:04:36.870303,1,515399.85000000,515399.85000000,1
2026-08-12 20:04:36.874392,1,1181597.78000000,1181597.78000000,1
2026-08-12 20:04:36.878481,1,505169.70000000,505169.70000000,1
2026-08-12 20:04:36.882572,2,3058557.14000000,1529278.57000000,2
2026-08-12 20:04:36.890754,1,1489841.82000000,1489841.82000000,1
2026-08-12 20:04:36.894836,1,99143.83000000,99143.83000000,1
2026-08-12 20:04:36.898922,1,1060505.82000000,1060505.82000000,1
2026-08-12 20:04:36.903007,1,2948887.66000000,2948887.66000000,1
2026-08-12 20:04:36.907093,1,2051999.76000000,2051999.76000000,1
2026-08-12 20:04:36.911181,1,2970493.53000000,2970493.53000000,1
2026-08-12 20:04:36.915265,1,2734409.65000000,2734409.65000000,1
2026-08-12 20:04:36.919350,1,587299.75000000,587299.75000000,1
2026-08-12 20:04:36.923435,1,1477799.50000000,1477799.50000000,1
2026-08-12 20:04:36.927506,1,1990491.36750000,1990491.36750000,1
2026-08-12 20:04:36.931583,1,34067.94000000,34067.94000000,1
2026-08-12 20:04:36.935654,1,353618.79000000,353618.79000000,1
2026-08-12 20:04:36.939725,1,292451.94000000,292451.94000000,1
2026-08-12 20:04:36.943796,1,962039.76000000,962039.76000000,1
2026-08-12 20:04:36.947869,1,335865.24300000,335865.24300000,1
2026-08-12 20:04:36.951942,1,976833.49800000,976833.49800000,1
2026-08-12 20:04:36.956015,1,941039.82000000,941039.82000000,1
2026-08-12 20:04:36.960088,1,985568.87000000,985568.87000000,1
2026-08-12 20:04:36.964160,1,1254719.76000000,1254719.76000000,1
2026-08-12 20:04:36.968239,1,800489.90000000,800489.90000000,1
2026-08-12 20:04:36.972312,1,382859.64000000,382859.64000000,1
2026-08-12 20:04:36.976385,1,294487.92000000,294487.92000000,1
2026-08-12 20:04:36.980458,1,3385763.64000000,3385763.64000000,1
2026-08-12 20:04:36.984530,1,1606918.71000000,1606918.71000000,1
2026-08-12 20:04:36.988608,1,2542007.96850000,2542007.96850000,1
2026-08-12 20:04:36.992675,1,434634.95000000,434634.95000000,1
2026-08-12 20:04:36.996753,1,1077289.66000000,1077289.66000000,1
2026-08-12 20:04:37.000830,1,1872896.61000000,1872896.61000000,1
2026-08-12 20:04:37.004908,1,1931759.55000000,1931759.55000000,1
2026-08-12 20:04:37.008981,1,496699.90000000,496699.90000000,1
2026-08-12 20:04:37.013058,1,1208759.60000000,1208759.60000000,1
2026-08-12 20:04:37.017135,1,709311.92000000,709311.92000000,1
2026-08-12 20:04:37.021212,1,2621309.70000000,2621309.70000000,1
2026-08-12 20:04:37.025289,1,563779.86000000,563779.86000000,1
2026-08-12 20:04:37.029367,1,2111999.60000000,2111999.60000000,1
2026-08-12 20:04:37.033441,1,1936401.66000000,1936401.66000000,1
2026-08-12 20:04:37.037518,2,4780789.49850000,2390394.74925000,2
2026-08-12 20:04:37.041599,1,2317951.74000000,2317951.74000000,1
2026-08-12 20:04:37.045681,1,282275.82000000,282275.82000000,1
2026-08-12 20:04:37.049760,1,267767.91000000,267767.91000000,1
2026-08-12 20:04:37.053870,1,2273403.72000000,2273403.72000000,1
2026-08-12 20:04:37.057948,1,1734587.73000000,1734587.73000000,1
2026-08-12 20:04:37.062063,1,29646.77000000,29646.77000000,1
2026-08-12 20:04:37.066144,1,1836515.67000000,1836515.67000000,1
2026-08-12 20:04:37.074312,1,771089.85000000,771089.85000000,1
2026-08-12 20:04:37.078366,1,617655.87000000,617655.87000000,1
2026-08-12 20:04:37.082444,1,2406330.59000000,2406330.59000000,1
2026-08-12 20:04:37.091669,1,1854992.51000000,1854992.51000000,1
2026-08-12 20:04:37.095781,1,454675.14900000,454675.14900000,1
2026-08-12 20:04:37.108843,1,286589.85000000,286589.85000000,1
2026-08-12 20:04:37.112928,1,91427.96000000,91427.96000000,1
2026-08-12 20:04:37.117229,1,598575.92000000,598575.92000000,1
2026-08-12 20:04:37.125872,1,3714315.53000000,3714315.53000000,1
2026-08-12 20:04:37.129955,1,239591.97000000,239591.97000000,1
2026-08-12 20:04:37.134034,1,3472349.58000000,3472349.58000000,1
2026-08-12 20:04:37.142189,1,729329.79000000,729329.79000000,1
2026-08-12 20:04:37.146269,1,422399.94000000,422399.94000000,1
2026-08-12 20:04:37.150373,1,140007.56000000,140007.56000000,1
2026-08-12 20:04:37.158539,1,379727.73000000,379727.73000000,1
2026-08-12 20:04:37.162613,1,264039.54000000,264039.54000000,1
2026-08-12 20:04:37.170864,1,2367585.59000000,2367585.59000000,1
2026-08-12 20:04:37.174946,1,1846949.75000000,1846949.75000000,1
2026-08-12 20:04:37.199447,1,295699.50000000,295699.50000000,1
2026-08-12 20:04:37.203514,1,57897.99000000,57897.99000000,1
2026-08-12 20:04:37.207643,1,344130.95750000,344130.95750000,1
2026-08-12 20:04:37.211716,1,858105.32800000,858105.32800000,1
2026-08-12 20:04:37.215768,1,927921.62000000,927921.62000000,1
2026-08-12 20:04:37.224804,1,1139059.80000000,1139059.80000000,1
2026-08-12 20:04:37.228881,1,811379.90000000,811379.90000000,1
2026-08-12 20:04:37.232966,1,2646539.73000000,2646539.73000000,1
2026-08-12 20:04:37.237045,1,2023358.61000000,2023358.61000000,1
2026-08-12 20:04:37.241130,1,542282.83000000,542282.83000000,1
2026-08-12 20:04:37.245216,1,2765783.72000000,2765783.72000000,1
2026-08-12 20:04:37.249299,1,1982915.74000000,1982915.74000000,1
2026-08-12 20:04:37.253382,1,1612973.78000000,1612973.78000000,1
2026-08-12 20:04:37.257469,1,2006909.55000000,2006909.55000000,1
2026-08-12 20:04:37.261555,1,1838996.73000000,1838996.73000000,1
2026-08-12 20:04:37.265630,1,14631.69000000,14631.69000000,1
2026-08-12 20:04:37.269719,1,89998.77000000,89998.77000000,1
2026-08-12 20:04:37.273803,1,288088.74900000,288088.74900000,1
2026-08-12 20:04:37.281969,1,1149454.83000000,1149454.83000000,1
2026-08-12 20:04:37.286041,1,3792399.50000000,3792399.50000000,1
2026-08-12 20:04:37.290112,1,1635467.59200000,1635467.59200000,1
2026-08-12 20:04:37.294189,1,1421777.83000000,1421777.83000000,1
2026-08-12 20:04:37.298258,1,165003.86000000,165003.86000000,1
2026-08-12 20:04:37.302327,1,2420835.63000000,2420835.63000000,1
2026-08-12 20:04:37.306400,1,68879.88000000,68879.88000000,1
2026-08-12 20:04:37.310475,1,1175120.73000000,1175120.73000000,1
2026-08-12 20:04:37.314548,1,4419799.51000000,4419799.51000000,1
2026-08-12 20:04:37.318626,1,2893624.65000000,2893624.65000000,1
2026-08-12 20:04:37.322700,1,1385069.85000000,1385069.85000000,1
2026-08-12 20:04:37.326809,1,805517.82000000,805517.82000000,1
2026-08-12 20:04:37.330900,1,125254.95000000,125254.95000000,1
2026-08-12 20:04:37.334989,1,162563.69000000,162563.69000000,1
2026-08-12 20:04:37.339068,1,3887988.59000000,3887988.59000000,1
2026-08-12 20:04:37.343148,1,1046957.67000000,1046957.67000000,1
2026-08-12 20:04:37.347229,1,1376819.82000000,1376819.82000000,1
2026-08-12 20:04:37.351309,1,1699722.77000000,1699722.77000000,1
2026-08-12 20:04:37.359467,1,602503.93000000,602503.93000000,1
2026-08-12 20:04:37.363539,1,3141183.68000000,3141183.68000000,1
2026-08-12 20:04:37.367612,1,2278980.55150000,2278980.55150000,1
2026-08-12 20:04:37.371685,1,1921259.67000000,1921259.67000000,1
2026-08-12 20:04:37.375761,1,2327949.50000000,2327949.50000000,1
2026-08-12 20:04:37.379833,1,3968985.57000000,3968985.57000000,1
2026-08-12 20:04:37.383905,1,122349.90000000,122349.90000000,1
2026-08-12 20:04:37.387976,1,1034171.82000000,1034171.82000000,1
2026-08-12 20:04:37.392048,1,1980621.77000000,1980621.77000000,1
2026-08-12 20:04:37.396119,1,983765.79000000,983765.79000000,1
2026-08-12 20:04:37.400191,1,824711.86000000,824711.86000000,1
2026-08-12 20:04:37.404263,1,11906.79000000,11906.79000000,1
2026-08-12 20:04:37.408339,1,730575.78000000,730575.78000000,1
2026-08-12 20:04:37.412411,1,1943291.74000000,1943291.74000000,1
2026-08-12 20:04:37.416485,1,227927.76000000,227927.76000000,1
2026-08-12 20:04:37.420558,1,744239.88000000,744239.88000000,1
2026-08-12 20:04:37.424630,1,1521449.54000000,1521449.54000000,1
2026-08-12 20:04:37.428703,1,326798.91000000,326798.91000000,1
2026-08-12 20:04:37.432776,1,885167.82000000,885167.82000000,1
2026-08-12 20:04:37.436848,1,189259.96000000,189259.96000000,1
2026-08-12 20:04:37.440920,1,368639.84000000,368639.84000000,1
2026-08-12 20:04:37.444993,1,1035439.86000000,1035439.86000000,1
2026-08-12 20:04:37.449068,1,2868916.57000000,2868916.57000000,1
2026-08-12 20:04:37.453141,1,2832314.69000000,2832314.69000000,1
2026-08-12 20:04:37.457216,1,76916.97000000,76916.97000000,1
2026-08-12 20:04:37.461297,1,1408486.28650000,1408486.28650000,1
2026-08-12 20:04:37.465373,1,1695781.78000000,1695781.78000000,1
2026-08-12 20:04:37.469450,1,4044361.51000000,4044361.51000000,1
2026-08-12 20:04:37.473531,1,1683569.58000000,1683569.58000000,1
2026-08-12 20:04:37.477610,1,1196799.83000000,1196799.83000000,1
2026-08-12 20:04:37.481692,1,429974.87000000,429974.87000000,1
2026-08-12 20:04:37.485855,1,1136701.86000000,1136701.86000000,1
2026-08-12 20:04:37.489927,1,1199825.77050000,1199825.77050000,1
2026-08-12 20:04:37.493999,1,874547.64000000,874547.64000000,1
2026-08-12 20:04:37.498071,1,695599.60000000,695599.60000000,1
2026-08-12 20:04:37.502148,1,759537.74000000,759537.74000000,1
2026-08-12 20:04:37.506223,1,3310031.52000000,3310031.52000000,1
2026-08-12 20:04:37.510296,1,6987.99000000,6987.99000000,1
2026-08-12 20:04:37.514370,1,2413739.51000000,2413739.51000000,1
2026-08-12 20:04:37.518445,1,2146605.78000000,2146605.78000000,1
2026-08-12 20:04:37.522516,1,4145869.53000000,4145869.53000000,1
2026-08-12 20:04:37.526594,1,739232.81000000,739232.81000000,1
2026-08-12 20:04:37.530668,1,2228434.69000000,2228434.69000000,1
2026-08-12 20:04:37.534741,1,269231.94000000,269231.94000000,1
2026-08-12 20:04:37.538816,1,1895324.75000000,1895324.75000000,1
2026-08-12 20:04:37.542887,1,1479491.73000000,1479491.73000000,1
2026-08-12 20:04:37.546970,1,564779.70000000,564779.70000000,1
2026-08-12 20:04:37.551041,1,95737.99000000,95737.99000000,1
2026-08-12 20:04:37.555123,1,255180.97350000,255180.97350000,1
2026-08-12 20:04:37.559201,1,1765983.71000000,1765983.71000000,1
2026-08-12 20:04:37.563276,1,674330.79000000,674330.79000000,1
2026-08-12 20:04:37.567351,1,2281731.59000000,2281731.59000000,1
2026-08-12 20:04:37.571427,1,533548.16200000,533548.16200000,1
2026-08-12 20:04:37.575506,1,305699.88000000,305699.88000000,1
2026-08-12 20:04:37.579586,1,8216.99000000,8216.99000000,1
2026-08-12 20:04:37.583675,1,961549.75000000,961549.75000000,1
2026-08-12 20:04:37.587755,1,2199999.60000000,2199999.60000000,1
2026-08-12 20:04:37.591833,1,1035467.51000000,1035467.51000000,1
2026-08-12 20:04:37.599997,1,567629.83000000,567629.83000000,1
2026-08-12 20:04:37.604084,1,2364479.52000000,2364479.52000000,1
2026-08-12 20:04:37.608171,1,2385347.91100000,2385347.91100000,1
2026-08-12 20:04:37.612259,1,1827658.61850000,1827658.61850000,1
2026-08-12 20:04:37.616344,1,1155531.86000000,1155531.86000000,1
2026-08-12 20:04:37.620428,1,114187.96000000,114187.96000000,1
2026-08-12 20:04:37.624511,1,1303865.74500000,1303865.74500000,1
2026-08-12 20:04:37.628595,1,878156.91000000,878156.91000000,1
2026-08-12 20:04:37.632672,1,2794043.67000000,2794043.67000000,1
2026-08-12 20:04:37.636755,1,331298.91000000,331298.91000000,1
2026-08-12 20:04:37.640840,1,713339.80000000,713339.80000000,1
2026-08-12 20:04:37.644929,1,536624.73000000,536624.73000000,1
2026-08-12 20:04:37.649018,1,1964164.51000000,1964164.51000000,1
2026-08-12 20:04:37.653107,1,145799.75000000,145799.75000000,1
2026-08-12 20:04:37.657180,1,4155667.56000000,4155667.56000000,1
2026-08-12 20:04:37.661272,1,1849429.77000000,1849429.77000000,1
2026-08-12 20:04:37.665347,1,1511824.65000000,1511824.65000000,1
2026-08-12 20:04:37.669435,1,6299.72000000,6299.72000000,1
2026-08-12 20:04:37.673515,1,3117724.01850000,3117724.01850000,1
2026-08-12 20:04:37.677589,1,171338.79000000,171338.79000000,1
2026-08-12 20:04:37.681667,1,976026.87000000,976026.87000000,1
2026-08-12 20:04:37.685747,1,868527.81000000,868527.81000000,1
2026-08-12 20:04:37.689822,1,107000.97000000,107000.97000000,1
2026-08-12 20:04:37.693903,1,141855.56000000,141855.56000000,1
2026-08-12 20:04:37.697977,1,62412.99000000,62412.99000000,1
2026-08-12 20:04:37.702053,1,1602469.63000000,1602469.63000000,1
2026-08-12 20:04:37.706134,1,3384083.56000000,3384083.56000000,1
2026-08-12 20:04:37.714297,1,1444299.50000000,1444299.50000000,1
2026-08-12 20:04:37.718370,2,733925.64000000,366962.82000000,2
2026-08-12 20:04:37.726517,2,2228717.35000000,1114358.67500000,2
2026-08-12 20:04:37.734664,1,247211.72000000,247211.72000000,1
2026-08-12 20:04:37.738739,1,3386027.62000000,3386027.62000000,1
2026-08-12 20:04:37.742811,1,663802.93000000,663802.93000000,1
2026-08-12 20:04:37.746883,1,1745015.58000000,1745015.58000000,1
2026-08-12 20:04:37.750955,1,2093519.52000000,2093519.52000000,1
2026-08-12 20:04:37.755026,1,1586337.83000000,1586337.83000000,1
2026-08-12 20:04:37.759096,1,2340975.53000000,2340975.53000000,1
2026-08-12 20:04:37.763169,1,1238001.81000000,1238001.81000000,1
2026-08-12 20:04:37.767249,1,1647572.63000000,1647572.63000000,1
2026-08-12 20:04:37.771321,1,2248539.65000000,2248539.65000000,1
2026-08-12 20:04:37.775393,1,1775709.59000000,1775709.59000000,1
2026-08-12 20:04:37.779465,1,3552362.59000000,3552362.59000000,1
2026-08-12 20:04:37.783538,2,4501689.32000000,2250844.66000000,2
2026-08-12 20:04:37.787610,1,165318.81000000,165318.81000000,1
2026-08-12 20:04:37.791714,1,65427.99000000,65427.99000000,1
2026-08-12 20:04:37.799858,1,163877.89000000,163877.89000000,1
2026-08-12 20:04:37.803930,1,66449.50000000,66449.50000000,1
2026-08-12 20:04:37.808003,1,585159.60000000,585159.60000000,1
2026-08-12 20:04:37.812076,1,603455.84000000,603455.84000000,1
2026-08-12 20:04:37.816149,1,1873269.51000000,1873269.51000000,1
2026-08-12 20:04:37.820221,1,1467608.67000000,1467608.67000000,1
2026-08-12 20:04:37.824293,1,628627.56000000,628627.56000000,1
2026-08-12 20:04:37.828365,1,147779.95000000,147779.95000000,1
2026-08-12 20:04:37.832444,1,1672959.68000000,1672959.68000000,1
2026-08-12 20:04:37.836516,1,1051871.84000000,1051871.84000000,1
2026-08-12 20:04:37.840589,1,2810249.70000000,2810249.70000000,1
2026-08-12 20:04:37.844661,1,2040941.62000000,2040941.62000000,1
2026-08-12 20:04:37.848732,1,2354039.64000000,2354039.64000000,1
2026-08-12 20:04:37.852804,1,756944.65000000,756944.65000000,1
2026-08-12 20:04:37.856874,1,787541.79000000,787541.79000000,1
2026-08-12 20:04:37.860947,1,796213.62000000,796213.62000000,1
2026-08-12 20:04:37.865020,1,1196799.83000000,1196799.83000000,1
2026-08-12 20:04:37.869092,1,1804885.81000000,1804885.81000000,1
2026-08-12 20:04:37.873166,1,4195982.57000000,4195982.57000000,1
2026-08-12 20:04:37.877236,1,1589741.82000000,1589741.82000000,1
2026-08-12 20:04:37.881314,1,1448243.51000000,1448243.51000000,1
2026-08-12 20:04:37.885387,1,1464723.16200000,1464723.16200000,1
2026-08-12 20:04:37.889460,1,171095.97000000,171095.97000000,1
2026-08-12 20:04:37.893533,1,2177915.74000000,2177915.74000000,1
2026-08-12 20:04:37.897603,1,2245211.73000000,2245211.73000000,1
2026-08-12 20:04:37.901680,1,3070888.63000000,3070888.63000000,1
2026-08-12 20:04:37.905753,1,2690119.60000000,2690119.60000000,1
2026-08-12 20:04:37.909824,1,2072615.61000000,2072615.61000000,1
2026-08-12 20:04:37.913897,1,127599.60000000,127599.60000000,1
2026-08-12 20:04:37.917974,1,1338839.64000000,1338839.64000000,1
2026-08-12 20:04:37.922049,1,1927024.75000000,1927024.75000000,1
2026-08-12 20:04:37.926137,1,1534519.60000000,1534519.60000000,1
2026-08-12 20:04:37.930225,1,41579.85000000,41579.85000000,1
2026-08-12 20:04:37.934302,1,1857498.76950000,1857498.76950000,1
2026-08-12 20:04:37.938386,1,156254.97000000,156254.97000000,1
2026-08-12 20:04:37.942474,1,2011585.97900000,2011585.97900000,1
2026-08-12 20:04:37.946559,1,1563245.82000000,1563245.82000000,1
2026-08-12 20:04:37.950644,1,643919.85000000,643919.85000000,1
2026-08-12 20:04:37.954729,1,477329.86000000,477329.86000000,1
2026-08-12 20:04:37.958813,1,3369867.07500000,3369867.07500000,1
2026-08-12 20:04:37.962897,1,89666.97000000,89666.97000000,1
2026-08-12 20:04:37.966990,1,320869.78000000,320869.78000000,1
2026-08-12 20:04:37.971079,1,2036979.78000000,2036979.78000000,1
2026-08-12 20:04:37.975168,1,2515889.70000000,2515889.70000000,1
2026-08-12 20:04:37.979257,1,258359.60000000,258359.60000000,1
2026-08-12 20:04:37.983341,1,849808.57000000,849808.57000000,1
2026-08-12 20:04:37.987426,1,3288166.57000000,3288166.57000000,1
2026-08-12 20:04:37.991511,1,109745.93000000,109745.93000000,1
2026-08-12 20:04:37.995596,1,448990.53000000,448990.53000000,1
2026-08-12 20:04:37.999681,1,1516639.68000000,1516639.68000000,1
2026-08-12 20:04:38.003764,1,730777.81000000,730777.81000000,1
2026-08-12 20:04:38.007848,1,2101372.59000000,2101372.59000000,1
2026-08-12 20:04:38.011937,1,808079.84000000,808079.84000000,1
2026-08-12 20:04:38.016027,1,3890111.52000000,3890111.52000000,1
2026-08-12 20:04:38.020110,1,291339.86000000,291339.86000000,1
2026-08-12 20:04:38.024195,1,2288659.56000000,2288659.56000000,1
2026-08-12 20:04:38.028279,1,2203390.71000000,2203390.71000000,1
2026-08-12 20:04:38.032364,1,985970.79000000,985970.79000000,1
2026-08-12 20:04:38.036448,1,1636799.69000000,1636799.69000000,1
2026-08-12 20:04:38.040532,1,879495.65450000,879495.65450000,1
2026-08-12 20:04:38.044616,1,1813371.78000000,1813371.78000000,1
2026-08-12 20:04:38.048701,1,1515849.65000000,1515849.65000000,1
2026-08-12 20:04:38.052781,1,44964.80450000,44964.80450000,1
2026-08-12 20:04:38.056864,1,90239.70000000,90239.70000000,1
2026-08-12 20:04:38.060947,1,2405610.18550000,2405610.18550000,1
2026-08-12 20:04:38.065036,1,872239.90000000,872239.90000000,1
2026-08-12 20:04:38.069125,1,713756.67000000,713756.67000000,1
2026-08-12 20:04:38.073212,1,484791.93000000,484791.93000000,1
2026-08-12 20:04:38.077301,1,308075.88000000,308075.88000000,1
2026-08-12 20:04:38.081390,1,2153423.74000000,2153423.74000000,1
2026-08-12 20:04:38.085478,1,3096581.62000000,3096581.62000000,1
2026-08-12 20:04:38.089567,1,71490.51000000,71490.51000000,1
2026-08-12 20:04:38.093651,1,4328849.50000000,4328849.50000000,1
2026-08-12 20:04:38.097734,1,3825873.59000000,3825873.59000000,1
2026-08-12 20:04:38.101817,1,2103.65650000,2103.65650000,1
2026-08-12 20:04:38.105900,1,752113.89000000,752113.89000000,1
2026-08-12 20:04:38.109984,1,1039191.78000000,1039191.78000000,1
2026-08-12 20:04:38.114072,1,2078867.78000000,2078867.78000000,1
2026-08-12 20:04:38.118161,1,1114063.71000000,1114063.71000000,1
2026-08-12 20:04:38.122249,1,339287.92000000,339287.92000000,1
2026-08-12 20:04:38.126338,1,323454.89000000,323454.89000000,1
2026-08-12 20:04:38.130430,2,7348586.11000000,3674293.05500000,2
2026-08-12 20:04:38.134524,1,48327.56600000,48327.56600000,1
2026-08-12 20:04:38.138603,1,288227.88000000,288227.88000000,1
2026-08-12 20:04:38.142684,1,1015199.80000000,1015199.80000000,1
2026-08-12 20:04:38.146863,1,1768959.60000000,1768959.60000000,1
2026-08-12 20:04:38.150951,1,4670.91000000,4670.91000000,1
2026-08-12 20:04:38.155028,1,1530891.56000000,1530891.56000000,1
2026-08-12 20:04:38.159106,1,1277657.82000000,1277657.82000000,1
2026-08-12 20:04:38.163185,1,2409623.51000000,2409623.51000000,1
2026-08-12 20:04:38.167272,1,1321340.79000000,1321340.79000000,1
2026-08-12 20:04:38.171350,1,80471.86000000,80471.86000000,1
2026-08-12 20:04:38.175429,1,3538871.54000000,3538871.54000000,1
2026-08-12 20:04:38.179514,1,207416.51000000,207416.51000000,1
2026-08-12 20:04:38.183599,1,1897649.70000000,1897649.70000000,1
2026-08-12 20:04:38.187681,1,1133387.62000000,1133387.62000000,1
2026-08-12 20:04:38.195907,1,3925079.55000000,3925079.55000000,1
2026-08-12 20:04:38.199979,1,341539.90000000,341539.90000000,1
2026-08-12 20:04:38.204047,1,1381659.65000000,1381659.65000000,1
2026-08-12 20:04:38.208124,1,1865837.74000000,1865837.74000000,1
2026-08-12 20:04:38.212197,1,723016.57050000,723016.57050000,1
2026-08-12 20:04:38.216270,1,3222856.20900000,3222856.20900000,1
2026-08-12 20:04:38.220349,1,128194.95000000,128194.95000000,1
2026-08-12 20:04:38.224420,2,4059316.50000000,2029658.25000000,2
2026-08-12 20:04:38.232570,1,499253.58000000,499253.58000000,1
2026-08-12 20:04:38.236641,1,3277754.55000000,3277754.55000000,1
2026-08-12 20:04:38.240715,1,92988.87000000,92988.87000000,1
2026-08-12 20:04:38.244787,1,772577.91000000,772577.91000000,1
2026-08-12 20:04:38.248860,1,165591.72000000,165591.72000000,1
2026-08-12 20:04:38.252929,1,1294719.65000000,1294719.65000000,1
2026-08-12 20:04:38.257002,1,1012967.78000000,1012967.78000000,1
2026-08-12 20:04:38.261076,1,671007.84000000,671007.84000000,1
2026-08-12 20:04:38.265150,1,1094059.80000000,1094059.80000000,1
2026-08-12 20:04:38.269224,1,3559880.61000000,3559880.61000000,1
2026-08-12 20:04:38.273298,1,3001487.52000000,3001487.52000000,1
2026-08-12 20:04:38.277371,1,818414.87000000,818414.87000000,1
2026-08-12 20:04:38.281445,2,1540153.31000000,770076.65500000,2
2026-08-12 20:04:38.289615,2,4023756.09000000,2011878.04500000,2
2026-08-12 20:04:38.297765,1,2742095.72000000,2742095.72000000,1
2026-08-12 20:04:38.301841,1,423979.90000000,423979.90000000,1
2026-08-12 20:04:38.305915,1,1858319.80000000,1858319.80000000,1
2026-08-12 20:04:38.309988,1,2212811.73000000,2212811.73000000,1
2026-08-12 20:04:38.314066,1,243431.51000000,243431.51000000,1
2026-08-12 20:04:38.318140,1,163907.96000000,163907.96000000,1
2026-08-12 20:04:38.322214,1,2048060.63000000,2048060.63000000,1
2026-08-12 20:04:38.326288,1,2572941.62000000,2572941.62000000,1
2026-08-12 20:04:38.330362,1,555471.84000000,555471.84000000,1
2026-08-12 20:04:38.334441,2,3708415.31250000,1854207.65625000,2
2026-08-12 20:04:38.342601,1,943480.89000000,943480.89000000,1
2026-08-12 20:04:38.346692,1,652049.86000000,652049.86000000,1
2026-08-12 20:04:38.350764,1,517921.91500000,517921.91500000,1
2026-08-12 20:04:38.354834,1,1892703.62000000,1892703.62000000,1
2026-08-12 20:04:38.358907,1,924191.64000000,924191.64000000,1
2026-08-12 20:04:38.362977,1,287051.96000000,287051.96000000,1
2026-08-12 20:04:38.367050,1,1016223.56000000,1016223.56000000,1
2026-08-12 20:04:38.371122,1,1017151.77000000,1017151.77000000,1
2026-08-12 20:04:38.375195,1,935486.69000000,935486.69000000,1
2026-08-12 20:04:38.379278,1,294902.97000000,294902.97000000,1
2026-08-12 20:04:38.383350,1,116339.86000000,116339.86000000,1
2026-08-12 20:04:38.387427,1,4515451.54000000,4515451.54000000,1
2026-08-12 20:04:38.391504,1,25474.99000000,25474.99000000,1
2026-08-12 20:04:38.395591,1,563583.94050000,563583.94050000,1
2026-08-12 20:04:38.399677,1,2920854.65000000,2920854.65000000,1
2026-08-12 20:04:38.403762,1,2333983.68000000,2333983.68000000,1
2026-08-12 20:04:38.407866,1,4535.92000000,4535.92000000,1
2026-08-12 20:04:38.411948,1,2770139.70000000,2770139.70000000,1
2026-08-12 20:04:38.416029,1,3466097.30900000,3466097.30900000,1
2026-08-12 20:04:38.420111,1,184211.64000000,184211.64000000,1
2026-08-12 20:04:38.424192,1,210330.89000000,210330.89000000,1
2026-08-12 20:04:38.428274,1,48355.93000000,48355.93000000,1
2026-08-12 20:04:38.432356,1,2796529.45250000,2796529.45250000,1
2026-08-12 20:04:38.436436,1,1691343.63000000,1691343.63000000,1
2026-08-12 20:04:38.440518,1,2275549.75000000,2275549.75000000,1
2026-08-12 20:04:38.444600,1,2128051.24500000,2128051.24500000,1
2026-08-12 20:04:38.448683,1,19821.99000000,19821.99000000,1
2026-08-12 20:04:38.452761,1,780740.91000000,780740.91000000,1
2026-08-12 20:04:38.456842,1,3180279.57000000,3180279.57000000,1
2026-08-12 20:04:38.460923,1,956311.72000000,956311.72000000,1
2026-08-12 20:04:38.465005,1,1806595.81000000,1806595.81000000,1
2026-08-12 20:04:38.469092,1,2924107.56000000,2924107.56000000,1
2026-08-12 20:04:38.473182,1,1747487.76000000,1747487.76000000,1
2026-08-12 20:04:38.477271,1,1025087.88000000,1025087.88000000,1
2026-08-12 20:04:38.481359,1,851004.71000000,851004.71000000,1
2026-08-12 20:04:38.485440,1,693719.88000000,693719.88000000,1
2026-08-12 20:04:38.489523,1,879803.88000000,879803.88000000,1
2026-08-12 20:04:38.493608,1,647540.73000000,647540.73000000,1
2026-08-12 20:04:38.497690,1,771559.60000000,771559.60000000,1
2026-08-12 20:04:38.501760,1,1288384.65000000,1288384.65000000,1
2026-08-12 20:04:38.505868,1,2525599.72000000,2525599.72000000,1
2026-08-12 20:04:38.509955,1,2002958.79000000,2002958.79000000,1
2026-08-12 20:04:38.514041,1,943814.85000000,943814.85000000,1
2026-08-12 20:04:38.518128,1,463864.95000000,463864.95000000,1
2026-08-12 20:04:38.522215,1,83627.77000000,83627.77000000,1
2026-08-12 20:04:38.526302,2,1925722.37000000,962861.18500000,2
2026-08-12 20:04:38.534481,1,129783.96000000,129783.96000000,1
2026-08-12 20:04:38.538570,2,3362667.44000000,1681333.72000000,2
2026-08-12 20:04:38.542653,1,2351355.72000000,2351355.72000000,1
2026-08-12 20:04:38.546732,1,3889005.57000000,3889005.57000000,1
2026-08-12 20:04:38.550853,1,3421574.55000000,3421574.55000000,1
2026-08-12 20:04:38.554933,1,275999.95000000,275999.95000000,1
2026-08-12 20:04:38.559012,1,1390640.79000000,1390640.79000000,1
2026-08-12 20:04:38.563099,1,614665.32800000,614665.32800000,1
2026-08-12 20:04:38.571257,1,6746.87000000,6746.87000000,1
2026-08-12 20:04:38.575328,1,2783549.70000000,2783549.70000000,1
2026-08-12 20:04:38.579404,1,84215.78000000,84215.78000000,1
2026-08-12 20:04:38.583479,2,5262139.50150000,2631069.75075000,2
2026-08-12 20:04:38.587556,1,985871.77000000,985871.77000000,1
2026-08-12 20:04:38.591633,1,2149649.75000000,2149649.75000000,1
2026-08-12 20:04:38.595718,1,2228940.98350000,2228940.98350000,1
2026-08-12 20:04:38.599821,1,3087349.65000000,3087349.65000000,1
2026-08-12 20:04:38.603902,1,1005743.52000000,1005743.52000000,1
2026-08-12 20:04:38.612051,1,300029.56600000,300029.56600000,1
2026-08-12 20:04:38.616128,1,1124239.80000000,1124239.80000000,1
2026-08-12 20:04:38.620204,1,4234854.57000000,4234854.57000000,1
2026-08-12 20:04:38.624282,1,1022286.69000000,1022286.69000000,1
2026-08-12 20:04:38.628354,1,2434481.73000000,2434481.73000000,1
2026-08-12 20:04:38.632424,1,348219.77000000,348219.77000000,1
2026-08-12 20:04:38.636495,1,3289925.62000000,3289925.62000000,1
2026-08-12 20:04:38.640567,1,1373695.68000000,1373695.68000000,1
2026-08-12 20:04:38.644639,1,871039.60000000,871039.60000000,1
2026-08-12 20:04:38.648716,1,4271959.56000000,4271959.56000000,1
2026-08-12 20:04:38.652792,1,1945799.60000000,1945799.60000000,1
2026-08-12 20:04:38.656868,1,901701.62000000,901701.62000000,1
2026-08-12 20:04:38.660942,1,2475999.75000000,2475999.75000000,1
2026-08-12 20:04:38.665018,1,3851369.55000000,3851369.55000000,1
2026-08-12 20:04:38.669093,1,476776.93000000,476776.93000000,1
2026-08-12 20:04:38.673167,1,782720.91000000,782720.91000000,1
2026-08-12 20:04:38.677243,1,3144419.55000000,3144419.55000000,1
2026-08-12 20:04:38.681319,1,3103154.55000000,3103154.55000000,1
2026-08-12 20:04:38.685395,1,1323475.56000000,1323475.56000000,1
2026-08-12 20:04:38.689471,2,1314511.71000000,657255.85500000,2
2026-08-12 20:04:38.693548,1,396759.93000000,396759.93000000,1
2026-08-12 20:04:38.701701,1,1615391.64000000,1615391.64000000,1
2026-08-12 20:04:38.705780,1,235563.53000000,235563.53000000,1
2026-08-12 20:04:38.709858,1,1048875.81000000,1048875.81000000,1
2026-08-12 20:04:38.713933,1,530291.93000000,530291.93000000,1
2026-08-12 20:04:38.718009,1,64091.98000000,64091.98000000,1
2026-08-12 20:04:38.722085,1,1212236.87000000,1212236.87000000,1
2026-08-12 20:04:38.726160,1,454841.91000000,454841.91000000,1
2026-08-12 20:04:38.730237,1,384227.87000000,384227.87000000,1
2026-08-12 20:04:38.734313,1,1504628.73000000,1504628.73000000,1
2026-08-12 20:04:38.738387,1,147812.97000000,147812.97000000,1
2026-08-12 20:04:38.742459,2,675327.25000000,337663.62500000,2
2026-08-12 20:04:38.746536,1,1720682.73000000,1720682.73000000,1
2026-08-12 20:04:38.750628,1,132144.36600000,132144.36600000,1
2026-08-12 20:04:38.754717,1,217711.89000000,217711.89000000,1
2026-08-12 20:04:38.758876,1,207663.92000000,207663.92000000,1
2026-08-12 20:04:38.762953,1,1639105.83000000,1639105.83000000,1
2026-08-12 20:04:38.767033,1,1502603.73000000,1502603.73000000,1
2026-08-12 20:04:38.771113,1,519077.93000000,519077.93000000,1
2026-08-12 20:04:38.775185,1,934949.90000000,934949.90000000,1
2026-08-12 20:04:38.783346,1,681425.82000000,681425.82000000,1
2026-08-12 20:04:38.787422,1,128949.98000000,128949.98000000,1
2026-08-12 20:04:38.791499,2,3505133.55050000,1752566.77525000,2
2026-08-12 20:04:38.795576,1,301337.91000000,301337.91000000,1
2026-08-12 20:04:38.799666,1,758079.54000000,758079.54000000,1
2026-08-12 20:04:38.807827,1,2074442.79000000,2074442.79000000,1
2026-08-12 20:04:38.811905,1,885589.24500000,885589.24500000,1
2026-08-12 20:04:38.815983,1,3321696.59000000,3321696.59000000,1
2026-08-12 20:04:38.820062,1,528252.89000000,528252.89000000,1
2026-08-12 20:04:38.824139,1,126521.67000000,126521.67000000,1
2026-08-12 20:04:38.828221,1,3029291.64000000,3029291.64000000,1
2026-08-12 20:04:38.832302,1,194615.66000000,194615.66000000,1
2026-08-12 20:04:38.836382,1,915515.86000000,915515.86000000,1
2026-08-12 20:04:38.840456,2,2814959.58000000,1407479.79000000,2
2026-08-12 20:04:38.844550,1,2090659.74000000,2090659.74000000,1
2026-08-12 20:04:38.848634,1,1357449.50000000,1357449.50000000,1
2026-08-12 20:04:38.852713,1,393939.96000000,393939.96000000,1
2026-08-12 20:04:38.856802,1,916512.87000000,916512.87000000,1
2026-08-12 20:04:38.860878,1,2615327.73000000,2615327.73000000,1
2026-08-12 20:04:38.869031,1,386763.96000000,386763.96000000,1
2026-08-12 20:04:38.873112,1,496896.30650000,496896.30650000,1
2026-08-12 20:04:38.877186,1,1537215.68000000,1537215.68000000,1
2026-08-12 20:04:38.881266,1,424615.92000000,424615.92000000,1
2026-08-12 20:04:38.885342,1,2069647.72000000,2069647.72000000,1
2026-08-12 20:04:38.889418,2,3288415.24000000,1644207.62000000,2
2026-08-12 20:04:38.893496,1,72794.77000000,72794.77000000,1
2026-08-12 20:04:38.897581,1,908387.87000000,908387.87000000,1
2026-08-12 20:04:38.901675,1,1394132.27700000,1394132.27700000,1
2026-08-12 20:04:38.905865,1,3953137.59000000,3953137.59000000,1
2026-08-12 20:04:38.909947,1,665433.71000000,665433.71000000,1
2026-08-12 20:04:38.914029,1,1321749.50000000,1321749.50000000,1
2026-08-12 20:04:38.918108,1,3925079.55000000,3925079.55000000,1
2026-08-12 20:04:38.922191,1,1391763.53000000,1391763.53000000,1
2026-08-12 20:04:38.926272,1,3367329.57000000,3367329.57000000,1
2026-08-12 20:04:38.930348,1,4151.92000000,4151.92000000,1
2026-08-12 20:04:38.940867,1,1444079.76000000,1444079.76000000,1
2026-08-12 20:04:38.944936,1,1307591.64000000,1307591.64000000,1
2026-08-12 20:04:38.949007,1,2252615.53000000,2252615.53000000,1
2026-08-12 20:04:38.953075,1,3213905.57000000,3213905.57000000,1
2026-08-12 20:04:38.957147,1,4758799.50000000,4758799.50000000,1
2026-08-12 20:04:38.961228,1,198951.87000000,198951.87000000,1
2026-08-12 20:04:38.965304,1,166102.93000000,166102.93000000,1
2026-08-12 20:04:38.969381,1,712989.59000000,712989.59000000,1
2026-08-12 20:04:38.973456,1,733774.75000000,733774.75000000,1
2026-08-12 20:04:38.977535,1,2037347.69400000,2037347.69400000,1
2026-08-12 20:04:38.981610,1,289660.53000000,289660.53000000,1
2026-08-12 20:04:38.985682,1,1852735.68000000,1852735.68000000,1
2026-08-12 20:04:38.989762,1,23655.96000000,23655.96000000,1
2026-08-12 20:04:38.993844,1,624426.77000000,624426.77000000,1
2026-08-12 20:04:38.997916,1,2650499.69000000,2650499.69000000,1
2026-08-12 20:04:39.001989,1,273735.92000000,273735.92000000,1
2026-08-12 20:04:39.006061,1,5229.95000000,5229.95000000,1
2026-08-12 20:04:39.010132,1,243018.93000000,243018.93000000,1
2026-08-12 20:04:39.014202,1,1672973.73000000,1672973.73000000,1
2026-08-12 20:04:39.018273,1,93846.78300000,93846.78300000,1
2026-08-12 20:04:39.022348,1,1137653.82000000,1137653.82000000,1
2026-08-12 20:04:39.026429,1,1451242.86750000,1451242.86750000,1
2026-08-12 20:04:39.030507,1,557199.60000000,557199.60000000,1
2026-08-12 20:04:39.034585,1,297142.89000000,297142.89000000,1
2026-08-12 20:04:39.038669,1,1038916.89000000,1038916.89000000,1
2026-08-12 20:04:39.042745,1,471379.90000000,471379.90000000,1
2026-08-12 20:04:39.050900,1,3146215.54000000,3146215.54000000,1
2026-08-12 20:04:39.054973,1,548833.81000000,548833.81000000,1
2026-08-12 20:04:39.059045,1,341083.53750000,341083.53750000,1
2026-08-12 20:04:39.063117,1,2987560.98550000,2987560.98550000,1
2026-08-12 20:04:39.067189,1,2375539.59000000,2375539.59000000,1
2026-08-12 20:04:39.071261,1,19603.74000000,19603.74000000,1
2026-08-12 20:04:39.075334,1,35523.99000000,35523.99000000,1
2026-08-12 20:04:39.079406,1,924959.84000000,924959.84000000,1
2026-08-12 20:04:39.083485,2,3674284.50000000,1837142.25000000,2
2026-08-12 20:04:39.087565,1,1304622.71000000,1304622.71000000,1
2026-08-12 20:04:39.091659,1,662591.92000000,662591.92000000,1
2026-08-12 20:04:39.095739,1,1514079.68000000,1514079.68000000,1
2026-08-12 20:04:39.099862,1,485699.50000000,485699.50000000,1
2026-08-12 20:04:39.103939,1,1884875.79000000,1884875.79000000,1
2026-08-12 20:04:39.108024,1,1111824.75000000,1111824.75000000,1
2026-08-12 20:04:39.112099,1,1895799.60000000,1895799.60000000,1
2026-08-12 20:04:39.116180,1,112575.68300000,112575.68300000,1
2026-08-12 20:04:39.120255,1,1013519.85000000,1013519.85000000,1
2026-08-12 20:04:39.128411,1,540191.92000000,540191.92000000,1
2026-08-12 20:04:39.132483,1,3183613.54000000,3183613.54000000,1
2026-08-12 20:04:39.136555,1,1531807.84000000,1531807.84000000,1
2026-08-12 20:04:39.140626,1,509831.92000000,509831.92000000,1
2026-08-12 20:04:39.144700,1,718775.91000000,718775.91000000,1
2026-08-12 20:04:39.148773,1,76875.69150000,76875.69150000,1
2026-08-12 20:04:39.152845,1,426287.88000000,426287.88000000,1
2026-08-12 20:04:39.156919,1,1356528.29400000,1356528.29400000,1
2026-08-12 20:04:39.160996,1,27873.93000000,27873.93000000,1
2026-08-12 20:04:39.165067,1,1795727.76000000,1795727.76000000,1
2026-08-12 20:04:39.169138,1,3253567.55050000,3253567.55050000,1
2026-08-12 20:04:39.173209,1,3631757.61000000,3631757.61000000,1
2026-08-12 20:04:39.177293,1,1264355.82000000,1264355.82000000,1
2026-08-12 20:04:39.185445,1,1563023.84000000,1563023.84000000,1
2026-08-12 20:04:39.189522,1,1388591.82000000,1388591.82000000,1
2026-08-12 20:04:39.193594,1,3550980.51000000,3550980.51000000,1
2026-08-12 20:04:39.197668,1,1032569.55000000,1032569.55000000,1
2026-08-12 20:04:39.201745,1,1901631.57000000,1901631.57000000,1
2026-08-12 20:04:39.205838,1,545391.84000000,545391.84000000,1
2026-08-12 20:04:39.209913,1,1291559.76000000,1291559.76000000,1
2026-08-12 20:04:39.213987,1,391639.90000000,391639.90000000,1
2026-08-12 20:04:39.218060,1,616134.87000000,616134.87000000,1
2026-08-12 20:04:39.222135,1,925649.90650000,925649.90650000,1
2026-08-12 20:04:39.226209,1,2981969.57500000,2981969.57500000,1
2026-08-12 20:04:39.230280,1,1208619.65000000,1208619.65000000,1
2026-08-12 20:04:39.234352,1,2340674.55000000,2340674.55000000,1
2026-08-12 20:04:39.238422,1,778695.81000000,778695.81000000,1
2026-08-12 20:04:39.242495,1,511936.71000000,511936.71000000,1
2026-08-12 20:04:39.246571,1,472149.90000000,472149.90000000,1
2026-08-12 20:04:39.250644,1,369682.81000000,369682.81000000,1
2026-08-12 20:04:39.254729,1,175941.20250000,175941.20250000,1
2026-08-12 20:04:39.258898,1,87045.98000000,87045.98000000,1
2026-08-12 20:04:39.267056,1,281591.92000000,281591.92000000,1
2026-08-12 20:04:39.271131,1,453111.81000000,453111.81000000,1
2026-08-12 20:04:39.275202,1,2255500.21950000,2255500.21950000,1
2026-08-12 20:04:39.279277,1,1139448.81000000,1139448.81000000,1
2026-08-12 20:04:39.283347,2,2424149.64000000,1212074.82000000,2
2026-08-12 20:04:39.287423,1,2688691.69000000,2688691.69000000,1
2026-08-12 20:04:39.295583,2,2724191.44000000,1362095.72000000,2
2026-08-12 20:04:39.299656,1,33175.56000000,33175.56000000,1
2026-08-12 20:04:39.303739,1,770447.52000000,770447.52000000,1
2026-08-12 20:04:39.307812,1,2369565.62000000,2369565.62000000,1
2026-08-12 20:04:39.311893,1,1016468.53000000,1016468.53000000,1
2026-08-12 20:04:39.315979,1,2197532.61000000,2197532.61000000,1
2026-08-12 20:04:39.320065,1,29087.92000000,29087.92000000,1
2026-08-12 20:04:39.324151,1,132110.26400000,132110.26400000,1
2026-08-12 20:04:39.328242,1,796991.76000000,796991.76000000,1
2026-08-12 20:04:39.332334,1,62630.91000000,62630.91000000,1
2026-08-12 20:04:39.336420,1,3017051.57000000,3017051.57000000,1
2026-08-12 20:04:39.340515,1,711344.45550000,711344.45550000,1
2026-08-12 20:04:39.344599,1,2133410.77000000,2133410.77000000,1
2026-08-12 20:04:39.348674,1,1089599.52000000,1089599.52000000,1
2026-08-12 20:04:39.352757,1,1859901.66000000,1859901.66000000,1
2026-08-12 20:04:39.360945,1,1872753.74000000,1872753.74000000,1
2026-08-12 20:04:39.365030,1,931535.82000000,931535.82000000,1
2026-08-12 20:04:39.369102,1,2792789.69000000,2792789.69000000,1
2026-08-12 20:04:39.373171,1,946679.65000000,946679.65000000,1
2026-08-12 20:04:39.377241,1,1058111.78000000,1058111.78000000,1
2026-08-12 20:04:39.381310,1,1191391.84000000,1191391.84000000,1
2026-08-12 20:04:39.385383,2,2521719.34800000,1260859.67400000,2
2026-08-12 20:04:39.389458,1,1759085.79000000,1759085.79000000,1
2026-08-12 20:04:39.397612,2,7082375.13000000,3541187.56500000,2
2026-08-12 20:04:39.401746,1,1938173.79000000,1938173.79000000,1
2026-08-12 20:04:39.405850,1,784199.85000000,784199.85000000,1
2026-08-12 20:04:39.409938,1,963654.89000000,963654.89000000,1
2026-08-12 20:04:39.414025,1,1381214.67000000,1381214.67000000,1
2026-08-12 20:04:39.418104,1,829747.77000000,829747.77000000,1
2026-08-12 20:04:39.422173,1,575135.88000000,575135.88000000,1
2026-08-12 20:04:39.430319,1,644923.93000000,644923.93000000,1
2026-08-12 20:04:39.434394,1,3212136.02600000,3212136.02600000,1
2026-08-12 20:04:39.438456,1,909529.62000000,909529.62000000,1
2026-08-12 20:04:39.442557,1,2794043.67000000,2794043.67000000,1
2026-08-12 20:04:39.446653,2,1480089.73000000,740044.86500000,2
2026-08-12 20:04:39.450744,1,486506.79000000,486506.79000000,1
2026-08-12 20:04:39.454804,1,1619039.68000000,1619039.68000000,1
2026-08-12 20:04:39.458888,1,2254.09800000,2254.09800000,1
2026-08-12 20:04:39.462966,1,32004.18300000,32004.18300000,1
2026-08-12 20:04:39.467045,1,285899.96000000,285899.96000000,1
2026-08-12 20:04:39.471127,1,542392.81000000,542392.81000000,1
2026-08-12 20:04:39.475205,1,1452575.84000000,1452575.84000000,1
2026-08-12 20:04:39.479283,1,946883.62000000,946883.62000000,1
2026-08-12 20:04:39.483362,1,279377.66000000,279377.66000000,1
2026-08-12 20:04:39.487441,1,83719.98000000,83719.98000000,1
2026-08-12 20:04:39.491517,1,1184378.51000000,1184378.51000000,1
2026-08-12 20:04:39.495599,1,447509.85000000,447509.85000000,1
2026-08-12 20:04:39.499677,1,1265853.83000000,1265853.83000000,1
2026-08-12 20:04:39.503804,1,231669.90000000,231669.90000000,1
2026-08-12 20:04:39.507874,1,1892599.60000000,1892599.60000000,1
2026-08-12 20:04:39.511946,1,1249247.76000000,1249247.76000000,1
2026-08-12 20:04:39.516016,1,1962311.56000000,1962311.56000000,1
2026-08-12 20:04:39.520087,1,3959311.54000000,3959311.54000000,1
2026-08-12 20:04:39.524160,1,1362151.54000000,1362151.54000000,1
2026-08-12 20:04:39.528232,1,1424710.53000000,1424710.53000000,1
2026-08-12 20:04:39.532303,1,2844134.55000000,2844134.55000000,1
2026-08-12 20:04:39.536374,1,1377747.83000000,1377747.83000000,1
2026-08-12 20:04:39.540445,1,1099624.75000000,1099624.75000000,1
2026-08-12 20:04:39.544516,1,255239.76000000,255239.76000000,1
2026-08-12 20:04:39.548587,1,163225.93000000,163225.93000000,1
2026-08-12 20:04:39.552659,1,3991539.51000000,3991539.51000000,1
2026-08-12 20:04:39.556731,1,66689.99000000,66689.99000000,1
2026-08-12 20:04:39.560801,1,1379345.83000000,1379345.83000000,1
2026-08-12 20:04:39.564872,1,2616602.67000000,2616602.67000000,1
2026-08-12 20:04:39.568943,1,2217527.62000000,2217527.62000000,1
2026-08-12 20:04:39.573013,1,1304121.62000000,1304121.62000000,1
2026-08-12 20:04:39.577084,1,166469.69000000,166469.69000000,1
2026-08-12 20:04:39.581154,1,756939.80000000,756939.80000000,1
2026-08-12 20:04:39.585225,1,837122.41500000,837122.41500000,1
2026-08-12 20:04:39.589295,1,1623239.73000000,1623239.73000000,1
2026-08-12 20:04:39.593366,1,346031.84000000,346031.84000000,1
2026-08-12 20:04:39.597439,1,2289095.76000000,2289095.76000000,1
2026-08-12 20:04:39.601520,1,2854475.64000000,2854475.64000000,1
2026-08-12 20:04:39.605595,1,3617522.61000000,3617522.61000000,1
2026-08-12 20:04:39.609666,1,464177.67000000,464177.67000000,1
2026-08-12 20:04:39.613735,1,1376927.72000000,1376927.72000000,1
2026-08-12 20:04:39.617804,1,2861369.70000000,2861369.70000000,1
2026-08-12 20:04:39.621873,1,1715503.66000000,1715503.66000000,1
2026-08-12 20:04:39.625947,1,264104.91000000,264104.91000000,1
2026-08-12 20:04:39.630016,1,519753.77000000,519753.77000000,1
2026-08-12 20:04:39.634087,1,837693.71000000,837693.71000000,1
2026-08-12 20:04:39.638159,1,1995119.52000000,1995119.52000000,1
2026-08-12 20:04:39.642230,1,2979749.50000000,2979749.50000000,1
2026-08-12 20:04:39.646300,1,735415.89000000,735415.89000000,1
2026-08-12 20:04:39.650371,2,533751.92000000,266875.96000000,2
2026-08-12 20:04:39.658515,1,122349.90000000,122349.90000000,1
2026-08-12 20:04:39.662587,2,557941.68900000,278970.84450000,2
2026-08-12 20:04:39.666661,1,1472444.73000000,1472444.73000000,1
2026-08-12 20:04:39.670754,1,390609.95000000,390609.95000000,1
2026-08-12 20:04:39.674839,1,215942.87000000,215942.87000000,1
2026-08-12 20:04:39.682986,1,3008519.55000000,3008519.55000000,1
2026-08-12 20:04:39.687063,1,2009279.52000000,2009279.52000000,1
2026-08-12 20:04:39.691136,1,565779.90000000,565779.90000000,1
2026-08-12 20:04:39.695208,1,4394264.53000000,4394264.53000000,1
2026-08-12 20:04:39.699281,1,208781.93000000,208781.93000000,1
2026-08-12 20:04:39.703355,1,178193.74500000,178193.74500000,1
2026-08-12 20:04:39.707427,1,2960003.69000000,2960003.69000000,1
2026-08-12 20:04:39.711499,1,91043.88000000,91043.88000000,1
2026-08-12 20:04:39.715571,1,44351.84000000,44351.84000000,1
2026-08-12 20:04:39.719644,1,1564307.62000000,1564307.62000000,1
2026-08-12 20:04:39.723717,1,83873.58000000,83873.58000000,1
2026-08-12 20:04:39.727793,1,472574.95000000,472574.95000000,1
2026-08-12 20:04:39.731866,1,4266941.53000000,4266941.53000000,1
2026-08-12 20:04:39.735940,1,366321.78000000,366321.78000000,1
2026-08-12 20:04:39.740012,1,1088363.88000000,1088363.88000000,1
2026-08-12 20:04:39.744087,1,828031.84000000,828031.84000000,1
2026-08-12 20:04:39.748166,1,312129.86000000,312129.86000000,1
2026-08-12 20:04:39.752240,1,554073.71000000,554073.71000000,1
2026-08-12 20:04:39.756314,1,132479.92000000,132479.92000000,1
2026-08-12 20:04:39.760388,2,742807.66000000,371403.83000000,2
2026-08-12 20:04:39.768539,2,1059587.76000000,529793.88000000,2
2026-08-12 20:04:39.772629,1,3142231.53000000,3142231.53000000,1
2026-08-12 20:04:39.776706,1,964439.81000000,964439.81000000,1
2026-08-12 20:04:39.780834,1,1529495.76000000,1529495.76000000,1
2026-08-12 20:04:39.784907,1,46558.99000000,46558.99000000,1
2026-08-12 20:04:39.788997,1,488036.68850000,488036.68850000,1
2026-08-12 20:04:39.797143,1,807002.73000000,807002.73000000,1
2026-08-12 20:04:39.801214,1,2162075.51000000,2162075.51000000,1
2026-08-12 20:04:39.805285,1,723533.86000000,723533.86000000,1
2026-08-12 20:04:39.809359,2,1041327.75000000,520663.87500000,2
2026-08-12 20:04:39.817512,2,2869849.70000000,1434924.85000000,2
2026-08-12 20:04:39.821598,1,124875.18300000,124875.18300000,1
2026-08-12 20:04:39.825675,1,1603907.82000000,1603907.82000000,1
2026-08-12 20:04:39.829753,1,5768.02350000,5768.02350000,1
2026-08-12 20:04:39.833882,1,957085.74000000,957085.74000000,1
2026-08-12 20:04:39.837962,1,695287.56000000,695287.56000000,1
2026-08-12 20:04:39.842035,1,2206541.61000000,2206541.61000000,1
2026-08-12 20:04:39.846118,1,2575232.73000000,2575232.73000000,1
2026-08-12 20:04:39.850197,1,693744.87000000,693744.87000000,1
2026-08-12 20:04:39.854278,1,1377973.74000000,1377973.74000000,1
2026-08-12 20:04:39.858359,1,513515.94000000,513515.94000000,1
2026-08-12 20:04:39.862445,1,291719.90000000,291719.90000000,1
2026-08-12 20:04:39.866533,1,1267109.81000000,1267109.81000000,1
2026-08-12 20:04:39.870619,1,2861361.69000000,2861361.69000000,1
2026-08-12 20:04:39.874707,1,2476002.63000000,2476002.63000000,1
2026-08-12 20:04:39.878787,1,1483929.65000000,1483929.65000000,1
2026-08-12 20:04:39.882864,1,447455.68000000,447455.68000000,1
2026-08-12 20:04:39.886940,1,231669.90000000,231669.90000000,1
2026-08-12 20:04:39.891058,1,3247719.60000000,3247719.60000000,1
2026-08-12 20:04:39.895136,1,689023.68000000,689023.68000000,1
2026-08-12 20:04:39.899213,1,2714761.57000000,2714761.57000000,1
2026-08-12 20:04:39.903293,1,3069119.68000000,3069119.68000000,1
2026-08-12 20:04:39.907368,1,1389551.84000000,1389551.84000000,1
2026-08-12 20:04:39.911447,1,2892005.61000000,2892005.61000000,1
2026-08-12 20:04:39.915522,1,1987775.76000000,1987775.76000000,1
2026-08-12 20:04:39.919601,1,900638.73000000,900638.73000000,1
2026-08-12 20:04:39.923673,1,2132619.65000000,2132619.65000000,1
2026-08-12 20:04:39.927748,1,682271.52000000,682271.52000000,1
2026-08-12 20:04:39.931834,1,419984.85000000,419984.85000000,1
2026-08-12 20:04:39.935907,1,1236833.82000000,1236833.82000000,1
2026-08-12 20:04:39.939982,1,167159.88000000,167159.88000000,1
2026-08-12 20:04:39.944053,1,584428.15050000,584428.15050000,1
2026-08-12 20:04:39.952204,1,515409.63000000,515409.63000000,1
2026-08-12 20:04:39.956272,1,1399184.55000000,1399184.55000000,1
2026-08-12 20:04:39.960359,1,1441139.70000000,1441139.70000000,1
2026-08-12 20:04:39.964440,1,1365605.82000000,1365605.82000000,1
2026-08-12 20:04:39.968524,1,2274624.75000000,2274624.75000000,1
2026-08-12 20:04:39.976696,1,4719.90000000,4719.90000000,1
2026-08-12 20:04:39.980768,1,5723.99000000,5723.99000000,1
2026-08-12 20:04:39.984839,1,400553.93000000,400553.93000000,1
2026-08-12 20:04:39.988910,1,6162.99000000,6162.99000000,1
2026-08-12 20:04:39.992993,1,2067467.61000000,2067467.61000000,1
2026-08-12 20:04:39.997071,1,442896.69000000,442896.69000000,1
2026-08-12 20:04:40.001165,1,2218209.71000000,2218209.71000000,1
2026-08-12 20:04:40.005258,1,272348.93000000,272348.93000000,1
2026-08-12 20:04:40.009332,1,75885.62000000,75885.62000000,1
2026-08-12 20:04:40.013405,1,3730155.62000000,3730155.62000000,1
2026-08-12 20:04:40.017479,1,200339.65000000,200339.65000000,1
2026-08-12 20:04:40.021550,1,2087986.35050000,2087986.35050000,1
2026-08-12 20:04:40.025622,1,4205039.52000000,4205039.52000000,1
2026-08-12 20:04:40.029693,1,674624.93000000,674624.93000000,1
2026-08-12 20:04:40.033765,1,2356703.51000000,2356703.51000000,1
2026-08-12 20:04:40.037836,1,304223.92000000,304223.92000000,1
2026-08-12 20:04:40.041906,1,2108609.58000000,2108609.58000000,1
2026-08-12 20:04:40.045978,1,1370887.62000000,1370887.62000000,1
2026-08-12 20:04:40.050048,1,690371.88000000,690371.88000000,1
2026-08-12 20:04:40.054119,1,1217069.85000000,1217069.85000000,1
2026-08-12 20:04:40.058190,1,3525053.57000000,3525053.57000000,1
2026-08-12 20:04:40.062264,1,477490.93000000,477490.93000000,1
2026-08-12 20:04:40.066338,1,3777971.56000000,3777971.56000000,1
2026-08-12 20:04:40.070410,1,92293.99000000,92293.99000000,1
2026-08-12 20:04:40.074482,1,543185.91000000,543185.91000000,1
2026-08-12 20:04:40.078554,1,2005679.70000000,2005679.70000000,1
2026-08-12 20:04:40.082626,1,1695996.95050000,1695996.95050000,1
2026-08-12 20:04:40.086697,1,841400.73000000,841400.73000000,1
2026-08-12 20:04:40.090767,1,1286661.77900000,1286661.77900000,1
2026-08-12 20:04:40.094838,1,173644.95000000,173644.95000000,1
2026-08-12 20:04:40.098909,1,3542563.59000000,3542563.59000000,1
2026-08-12 20:04:40.102979,1,1627647.56000000,1627647.56000000,1
2026-08-12 20:04:40.107040,1,995255.88000000,995255.88000000,1
2026-08-12 20:04:40.111115,1,2916689.64300000,2916689.64300000,1
2026-08-12 20:04:40.115190,1,881321.61000000,881321.61000000,1
2026-08-12 20:04:40.119265,1,2706578.69000000,2706578.69000000,1
2026-08-12 20:04:40.123339,1,3219887.58000000,3219887.58000000,1
2026-08-12 20:04:40.127412,1,1938460.69000000,1938460.69000000,1
2026-08-12 20:04:40.131486,1,2449567.07700000,2449567.07700000,1
2026-08-12 20:04:40.135566,1,1958672.69000000,1958672.69000000,1
2026-08-12 20:04:40.139638,1,3778477.59000000,3778477.59000000,1
2026-08-12 20:04:40.143712,1,1004512.63000000,1004512.63000000,1
2026-08-12 20:04:40.147784,1,212519.80000000,212519.80000000,1
2026-08-12 20:04:40.151857,1,179365.89000000,179365.89000000,1
2026-08-12 20:04:40.155929,1,1039124.75000000,1039124.75000000,1
2026-08-12 20:04:40.160003,1,2274399.50000000,2274399.50000000,1
2026-08-12 20:04:40.164077,1,2089999.62000000,2089999.62000000,1
2026-08-12 20:04:40.168149,1,2069381.58000000,2069381.58000000,1
2026-08-12 20:04:40.172224,1,1162175.84000000,1162175.84000000,1
2026-08-12 20:04:40.176298,1,1752512.70250000,1752512.70250000,1
2026-08-12 20:04:40.180372,1,2743697.63000000,2743697.63000000,1
2026-08-12 20:04:40.184450,1,1295314.51000000,1295314.51000000,1
2026-08-12 20:04:40.188526,1,2238845.62000000,2238845.62000000,1
2026-08-12 20:04:40.192606,1,1686911.68000000,1686911.68000000,1
2026-08-12 20:04:40.196678,1,1438565.62000000,1438565.62000000,1
2026-08-12 20:04:40.200752,1,192282.72450000,192282.72450000,1
2026-08-12 20:04:40.204824,1,821029.63000000,821029.63000000,1
2026-08-12 20:04:40.208895,1,88965.99000000,88965.99000000,1
2026-08-12 20:04:40.212965,1,1594750.77000000,1594750.77000000,1
2026-08-12 20:04:40.217036,1,2007060.71000000,2007060.71000000,1
2026-08-12 20:04:40.221109,1,3961599.60000000,3961599.60000000,1
2026-08-12 20:04:40.225180,1,724062.77000000,724062.77000000,1
2026-08-12 20:04:40.229254,1,1515583.83000000,1515583.83000000,1
2026-08-12 20:04:40.233325,1,890463.68000000,890463.68000000,1
2026-08-12 20:04:40.237397,1,657659.80000000,657659.80000000,1
2026-08-12 20:04:40.241469,1,938467.83000000,938467.83000000,1
2026-08-12 20:04:40.245542,1,343543.96000000,343543.96000000,1
2026-08-12 20:04:40.249613,1,1567435.74000000,1567435.74000000,1
2026-08-12 20:04:40.253699,1,1721487.66000000,1721487.66000000,1
2026-08-12 20:04:40.257780,1,2310719.60000000,2310719.60000000,1
2026-08-12 20:04:40.261862,1,416944.95000000,416944.95000000,1
2026-08-12 20:04:40.265943,1,659490.51000000,659490.51000000,1
2026-08-12 20:04:40.270021,1,767695.84000000,767695.84000000,1
2026-08-12 20:04:40.274112,1,580565.93000000,580565.93000000,1
2026-08-12 20:04:40.278194,1,2656315.54000000,2656315.54000000,1
2026-08-12 20:04:40.282277,1,332323.96000000,332323.96000000,1
2026-08-12 20:04:40.290442,1,343654.87000000,343654.87000000,1
2026-08-12 20:04:40.294529,1,260117.82000000,260117.82000000,1
2026-08-12 20:04:40.298626,1,1326842.79000000,1326842.79000000,1
2026-08-12 20:04:40.302711,1,880409.85000000,880409.85000000,1
2026-08-12 20:04:40.306795,1,654533.82000000,654533.82000000,1
2026-08-12 20:04:40.310877,1,1934771.79000000,1934771.79000000,1
2026-08-12 20:04:40.314958,1,1281359.85000000,1281359.85000000,1
2026-08-12 20:04:40.319059,1,810389.70000000,810389.70000000,1
2026-08-12 20:04:40.323145,1,164279.96000000,164279.96000000,1
2026-08-12 20:04:40.327223,1,66122.73000000,66122.73000000,1
2026-08-12 20:04:40.331303,1,874643.77000000,874643.77000000,1
2026-08-12 20:04:40.335383,1,1549061.59000000,1549061.59000000,1
2026-08-12 20:04:40.343552,2,2652527.10000000,1326263.55000000,2
2026-08-12 20:04:40.347646,1,1388947.78000000,1388947.78000000,1
2026-08-12 20:04:40.355822,1,1265741.81000000,1265741.81000000,1
2026-08-12 20:04:40.359903,1,336779.80000000,336779.80000000,1
2026-08-12 20:04:40.363983,1,1435199.74000000,1435199.74000000,1
2026-08-12 20:04:40.368072,1,2659.81000000,2659.81000000,1
2026-08-12 20:04:40.372159,1,2654015.68000000,2654015.68000000,1
2026-08-12 20:04:40.376246,1,339871.68000000,339871.68000000,1
2026-08-12 20:04:40.380335,1,756527.88000000,756527.88000000,1
2026-08-12 20:04:40.384417,1,279365.97000000,279365.97000000,1
2026-08-12 20:04:40.388491,1,80263.49400000,80263.49400000,1
2026-08-12 20:04:40.392562,1,1019.95000000,1019.95000000,1
2026-08-12 20:04:40.396635,1,3911123.58000000,3911123.58000000,1
2026-08-12 20:04:40.400710,1,2260922.77000000,2260922.77000000,1
2026-08-12 20:04:40.404782,1,2297711.76000000,2297711.76000000,1
2026-08-12 20:04:40.408856,1,443992.33200000,443992.33200000,1
2026-08-12 20:04:40.412929,1,3587815.63000000,3587815.63000000,1
2026-08-12 20:04:40.417008,1,11327.76000000,11327.76000000,1
2026-08-12 20:04:40.421086,1,49270.99000000,49270.99000000,1
2026-08-12 20:04:40.425163,1,1933523.64000000,1933523.64000000,1
2026-08-12 20:04:40.429240,1,176087.96000000,176087.96000000,1
2026-08-12 20:04:40.433317,2,3501729.28000000,1750864.64000000,2
2026-08-12 20:04:40.441471,1,1278164.65000000,1278164.65000000,1
2026-08-12 20:04:40.445550,2,2355130.54000000,1177565.27000000,2
2026-08-12 20:04:40.449627,1,819038.53750000,819038.53750000,1
2026-08-12 20:04:40.453704,1,672111.86000000,672111.86000000,1
2026-08-12 20:04:40.461921,1,4036603.56000000,4036603.56000000,1
2026-08-12 20:04:40.465995,1,1418351.84000000,1418351.84000000,1
2026-08-12 20:04:40.470070,1,2301344.55000000,2301344.55000000,1
2026-08-12 20:04:40.474150,1,2465819.55000000,2465819.55000000,1
2026-08-12 20:04:40.478230,1,783099.90000000,783099.90000000,1
2026-08-12 20:04:40.482304,1,859072.59000000,859072.59000000,1
2026-08-12 20:04:40.486377,1,178391.96000000,178391.96000000,1
2026-08-12 20:04:40.490450,1,929429.85000000,929429.85000000,1
2026-08-12 20:04:40.494525,1,2382855.72800000,2382855.72800000,1
2026-08-12 20:04:40.498607,1,242942.70750000,242942.70750000,1
2026-08-12 20:04:40.502683,1,2529507.62000000,2529507.62000000,1
2026-08-12 20:04:40.506759,1,650456.73000000,650456.73000000,1
2026-08-12 20:04:40.510836,1,1504711.78000000,1504711.78000000,1
2026-08-12 20:04:40.514912,1,144055.96000000,144055.96000000,1
2026-08-12 20:04:40.518983,1,468181.87000000,468181.87000000,1
2026-08-12 20:04:40.523054,1,2771807.52000000,2771807.52000000,1
2026-08-12 20:04:40.527124,1,513287.91000000,513287.91000000,1
2026-08-12 20:04:40.531194,1,4245523.54000000,4245523.54000000,1
2026-08-12 20:04:40.535265,1,1029598.63000000,1029598.63000000,1
2026-08-12 20:04:40.539346,1,731709.86000000,731709.86000000,1
2026-08-12 20:04:40.543417,1,1641503.76000000,1641503.76000000,1
2026-08-12 20:04:40.547488,1,760241.77000000,760241.77000000,1
2026-08-12 20:04:40.551558,1,1240303.74000000,1240303.74000000,1
2026-08-12 20:04:40.555629,1,252328.71000000,252328.71000000,1
2026-08-12 20:04:40.559700,1,2097714.77000000,2097714.77000000,1
2026-08-12 20:04:40.563770,1,92168.79000000,92168.79000000,1
2026-08-12 20:04:40.567840,1,1509533.82000000,1509533.82000000,1
2026-08-12 20:04:40.571911,1,1301649.65000000,1301649.65000000,1
2026-08-12 20:04:40.575991,1,207530.53450000,207530.53450000,1
2026-08-12 20:04:40.580077,1,1859901.66000000,1859901.66000000,1
2026-08-12 20:04:40.584166,1,391727.96000000,391727.96000000,1
2026-08-12 20:04:40.588253,1,1460890.77000000,1460890.77000000,1
2026-08-12 20:04:40.592338,1,1681284.69000000,1681284.69000000,1
2026-08-12 20:04:40.596424,1,680999.70000000,680999.70000000,1
2026-08-12 20:04:40.600511,1,548387.91000000,548387.91000000,1
2026-08-12 20:04:40.604581,1,264759.95000000,264759.95000000,1
2026-08-12 20:04:40.608657,1,3751487.61000000,3751487.61000000,1
2026-08-12 20:04:40.612738,1,4380499.50000000,4380499.50000000,1
2026-08-12 20:04:40.616823,1,3518889.53000000,3518889.53000000,1
2026-08-12 20:04:40.620909,1,597804.57500000,597804.57500000,1
2026-08-12 20:04:40.624999,1,198662.97000000,198662.97000000,1
2026-08-12 20:04:40.629085,1,987730.59000000,987730.59000000,1
2026-08-12 20:04:40.633167,1,97299.93000000,97299.93000000,1
2026-08-12 20:04:40.637254,1,3742429.62000000,3742429.62000000,1
2026-08-12 20:04:40.641340,1,1354469.61000000,1354469.61000000,1
2026-08-12 20:04:40.645427,1,2369565.62000000,2369565.62000000,1
2026-08-12 20:04:40.649514,1,1574049.50000000,1574049.50000000,1
2026-08-12 20:04:40.653593,1,1807511.79000000,1807511.79000000,1
2026-08-12 20:04:40.657674,1,495893.86000000,495893.86000000,1
2026-08-12 20:04:40.661863,1,115331.93000000,115331.93000000,1
2026-08-12 20:04:40.665947,1,1458599.50000000,1458599.50000000,1
2026-08-12 20:04:40.670009,1,1454919.80000000,1454919.80000000,1
2026-08-12 20:04:40.674089,1,252389.53000000,252389.53000000,1
2026-08-12 20:04:40.678169,1,1890299.80000000,1890299.80000000,1
2026-08-12 20:04:40.682243,1,2196419.70000000,2196419.70000000,1
2026-08-12 20:04:40.686325,1,1406195.82000000,1406195.82000000,1
2026-08-12 20:04:40.690406,1,2614863.72000000,2614863.72000000,1
2026-08-12 20:04:40.694479,1,2588217.62000000,2588217.62000000,1
2026-08-12 20:04:40.698554,1,744934.57700000,744934.57700000,1
2026-08-12 20:04:40.702632,1,246139.95000000,246139.95000000,1
2026-08-12 20:04:40.706707,1,2950415.64000000,2950415.64000000,1
2026-08-12 20:04:40.710843,1,16317.98000000,16317.98000000,1
2026-08-12 20:04:40.714923,1,918441.66000000,918441.66000000,1
2026-08-12 20:04:40.718997,1,3299264.55000000,3299264.55000000,1
2026-08-12 20:04:40.723071,1,661007.53000000,661007.53000000,1
2026-08-12 20:04:40.727145,1,2271279.71000000,2271279.71000000,1
2026-08-12 20:04:40.731219,1,115096.44300000,115096.44300000,1
2026-08-12 20:04:40.735293,1,1019347.56000000,1019347.56000000,1
2026-08-12 20:04:40.739367,1,149075.59000000,149075.59000000,1
2026-08-12 20:04:40.743441,1,1330079.68000000,1330079.68000000,1
2026-08-12 20:04:40.747517,1,567251.72000000,567251.72000000,1
2026-08-12 20:04:40.751592,1,2115164.61000000,2115164.61000000,1
2026-08-12 20:04:40.755677,1,1209729.81000000,1209729.81000000,1
2026-08-12 20:04:40.759753,1,3053905.63000000,3053905.63000000,1
2026-08-12 20:04:40.763835,1,1183359.84000000,1183359.84000000,1
2026-08-12 20:04:40.767908,1,1927583.68000000,1927583.68000000,1
2026-08-12 20:04:40.771982,1,1213778.51000000,1213778.51000000,1
2026-08-12 20:04:40.776054,1,106378.93000000,106378.93000000,1
2026-08-12 20:04:40.780128,1,138459.90000000,138459.90000000,1
2026-08-12 20:04:40.784213,1,2303087.52000000,2303087.52000000,1
2026-08-12 20:04:40.788289,1,1450142.73000000,1450142.73000000,1
2026-08-12 20:04:40.792368,1,2847559.60000000,2847559.60000000,1
2026-08-12 20:04:40.796448,1,991708.57000000,991708.57000000,1
2026-08-12 20:04:40.800548,1,2291395.69000000,2291395.69000000,1
2026-08-12 20:04:40.804630,1,2428975.56000000,2428975.56000000,1
2026-08-12 20:04:40.808713,1,305395.87000000,305395.87000000,1
2026-08-12 20:04:40.812802,1,880697.79000000,880697.79000000,1
2026-08-12 20:04:40.816883,1,722603.58950000,722603.58950000,1
2026-08-12 20:04:40.820964,1,2215547.64000000,2215547.64000000,1
2026-08-12 20:04:40.825050,1,1939167.72000000,1939167.72000000,1
2026-08-12 20:04:40.829141,1,790691.58000000,790691.58000000,1
2026-08-12 20:04:40.833228,1,584221.83000000,584221.83000000,1
2026-08-12 20:04:40.837315,1,1623138.40150000,1623138.40150000,1
2026-08-12 20:04:40.841403,1,743472.69000000,743472.69000000,1
2026-08-12 20:04:40.845491,1,1439725.57000000,1439725.57000000,1
2026-08-12 20:04:40.849578,1,2524160.45050000,2524160.45050000,1
2026-08-12 20:04:40.853660,1,500626.14900000,500626.14900000,1
2026-08-12 20:04:40.857748,1,2850940.39200000,2850940.39200000,1
2026-08-12 20:04:40.861828,1,596159.64000000,596159.64000000,1
2026-08-12 20:04:40.865908,1,848715.56000000,848715.56000000,1
2026-08-12 20:04:40.869985,1,1180785.66000000,1180785.66000000,1
2026-08-12 20:04:40.874066,1,1593218.59000000,1593218.59000000,1
2026-08-12 20:04:40.878147,1,2988351.68000000,2988351.68000000,1
2026-08-12 20:04:40.882233,1,3165029.67000000,3165029.67000000,1
2026-08-12 20:04:40.886319,1,1177633.15450000,1177633.15450000,1
2026-08-12 20:04:40.890407,1,2462313.66000000,2462313.66000000,1
2026-08-12 20:04:40.894498,1,2685109.71000000,2685109.71000000,1
2026-08-12 20:04:40.898580,1,741029.83000000,741029.83000000,1
2026-08-12 20:04:40.902662,1,1326719.70000000,1326719.70000000,1
2026-08-12 20:04:40.906747,1,895803.72000000,895803.72000000,1
2026-08-12 20:04:40.910835,1,98930.97000000,98930.97000000,1
2026-08-12 20:04:40.914916,1,1250495.74000000,1250495.74000000,1
2026-08-12 20:04:40.918986,1,37380.71000000,37380.71000000,1
2026-08-12 20:04:40.923058,1,913615.71000000,913615.71000000,1
2026-08-12 20:04:40.927129,1,865159.60000000,865159.60000000,1
2026-08-12 20:04:40.931201,1,60134.81000000,60134.81000000,1
2026-08-12 20:04:40.935272,1,1278815.79000000,1278815.79000000,1
2026-08-12 20:04:40.939355,1,173385.98000000,173385.98000000,1
2026-08-12 20:04:40.943437,1,1584615.56000000,1584615.56000000,1
2026-08-12 20:04:40.947527,1,148429.90000000,148429.90000000,1
2026-08-12 20:04:40.951604,1,665855.82000000,665855.82000000,1
2026-08-12 20:04:40.955681,1,4949999.50000000,4949999.50000000,1
2026-08-12 20:04:40.963901,1,81339.96000000,81339.96000000,1
2026-08-12 20:04:40.967970,1,1244207.54000000,1244207.54000000,1
2026-08-12 20:04:40.972054,1,1640761.71000000,1640761.71000000,1
2026-08-12 20:04:40.976141,1,1472439.60000000,1472439.60000000,1
2026-08-12 20:04:40.984317,1,2430863.64000000,2430863.64000000,1
2026-08-12 20:04:40.988404,1,104186.97000000,104186.97000000,1
2026-08-12 20:04:40.992484,1,2354894.12800000,2354894.12800000,1
2026-08-12 20:04:40.996565,1,1330285.59000000,1330285.59000000,1
2026-08-12 20:04:41.000646,1,3455355.63000000,3455355.63000000,1
2026-08-12 20:04:41.004732,1,140589.12450000,140589.12450000,1
2026-08-12 20:04:41.008812,1,1161917.82000000,1161917.82000000,1
2026-08-12 20:04:41.012895,1,2549159.60000000,2549159.60000000,1
2026-08-12 20:04:41.016981,1,976073.37700000,976073.37700000,1
2026-08-12 20:04:41.021054,1,957085.74000000,957085.74000000,1
2026-08-12 20:04:41.025128,1,99527.74000000,99527.74000000,1
2026-08-12 20:04:41.029202,1,1271460.81000000,1271460.81000000,1
2026-08-12 20:04:41.033277,1,1602356.03750000,1602356.03750000,1
2026-08-12 20:04:41.037350,1,4466139.54000000,4466139.54000000,1
2026-08-12 20:04:41.041428,1,162168.93000000,162168.93000000,1
2026-08-12 20:04:41.045501,1,715805.77000000,715805.77000000,1
2026-08-12 20:04:41.049579,1,1329535.68000000,1329535.68000000,1
2026-08-12 20:04:41.053659,1,2299.99000000,2299.99000000,1
2026-08-12 20:04:41.057733,1,140152.20750000,140152.20750000,1
2026-08-12 20:04:41.061816,1,123011.97000000,123011.97000000,1
2026-08-12 20:04:41.065899,1,334279.95000000,334279.95000000,1
2026-08-12 20:04:41.069977,1,684339.80000000,684339.80000000,1
2026-08-12 20:04:41.074057,1,1566559.60000000,1566559.60000000,1
2026-08-12 20:04:41.078130,1,2148901.66000000,2148901.66000000,1
2026-08-12 20:04:41.082201,1,3833471.52000000,3833471.52000000,1
2026-08-12 20:04:41.086281,1,344177.82000000,344177.82000000,1
2026-08-12 20:04:41.090357,1,2086324.75000000,2086324.75000000,1
2026-08-12 20:04:41.094429,1,9791.52000000,9791.52000000,1
2026-08-12 20:04:41.098503,1,440459.64000000,440459.64000000,1
2026-08-12 20:04:41.102574,1,12271.74000000,12271.74000000,1
2026-08-12 20:04:41.106654,1,1346596.97900000,1346596.97900000,1
2026-08-12 20:04:41.110741,1,127599.60000000,127599.60000000,1
2026-08-12 20:04:41.114818,1,439541.82000000,439541.82000000,1
2026-08-12 20:04:41.118902,1,363419.96000000,363419.96000000,1
2026-08-12 20:04:41.122987,1,1384397.73000000,1384397.73000000,1
2026-08-12 20:04:41.127072,1,3903797.57000000,3903797.57000000,1
2026-08-12 20:04:41.131160,1,3993.98000000,3993.98000000,1
2026-08-12 20:04:41.135246,1,392795.73000000,392795.73000000,1
2026-08-12 20:04:41.139330,1,686735.92000000,686735.92000000,1
2026-08-12 20:04:41.143416,1,400283.88000000,400283.88000000,1
2026-08-12 20:04:41.147503,1,261827.86000000,261827.86000000,1
2026-08-12 20:04:41.151588,1,4385519.52000000,4385519.52000000,1
2026-08-12 20:04:41.155675,1,755543.76000000,755543.76000000,1
2026-08-12 20:04:41.159761,1,1899879.80000000,1899879.80000000,1
2026-08-12 20:04:41.163841,1,2488589.73000000,2488589.73000000,1
2026-08-12 20:04:41.167921,1,1512584.55000000,1512584.55000000,1
2026-08-12 20:04:41.172009,1,608363.91000000,608363.91000000,1
2026-08-12 20:04:41.176107,1,4098065.51000000,4098065.51000000,1
2026-08-12 20:04:41.180184,1,708839.90000000,708839.90000000,1
2026-08-12 20:04:41.184260,1,147864.28300000,147864.28300000,1
2026-08-12 20:04:41.188340,1,114635.94000000,114635.94000000,1
2026-08-12 20:04:41.192420,1,1653791.68000000,1653791.68000000,1
2026-08-12 20:04:41.196500,1,902015.82000000,902015.82000000,1
2026-08-12 20:04:41.200585,1,1243366.12800000,1243366.12800000,1
2026-08-12 20:04:41.204666,1,3574849.50000000,3574849.50000000,1
2026-08-12 20:04:41.208739,1,113097.19200000,113097.19200000,1
2026-08-12 20:04:41.212829,1,2690552.57000000,2690552.57000000,1
2026-08-12 20:04:41.216900,1,1369263.71000000,1369263.71000000,1
2026-08-12 20:04:41.220980,1,855729.90000000,855729.90000000,1
2026-08-12 20:04:41.225055,1,354325.86000000,354325.86000000,1
2026-08-12 20:04:41.229132,1,631829.90000000,631829.90000000,1
2026-08-12 20:04:41.233204,1,142971.98000000,142971.98000000,1
2026-08-12 20:04:41.241349,1,430446.71000000,430446.71000000,1
2026-08-12 20:04:41.245425,1,3343247.64000000,3343247.64000000,1
2026-08-12 20:04:41.249502,1,2740346.57000000,2740346.57000000,1
2026-08-12 20:04:41.253573,1,484399.84000000,484399.84000000,1
2026-08-12 20:04:41.257663,1,207436.71000000,207436.71000000,1
2026-08-12 20:04:41.261745,1,3240158.61000000,3240158.61000000,1
2026-08-12 20:04:41.265821,1,1359890.61000000,1359890.61000000,1
2026-08-12 20:04:41.269905,1,778214.85000000,778214.85000000,1
2026-08-12 20:04:41.273979,1,20375.94000000,20375.94000000,1
2026-08-12 20:04:41.278052,1,588099.80000000,588099.80000000,1
2026-08-12 20:04:41.282124,1,3441104.55000000,3441104.55000000,1
2026-08-12 20:04:41.286198,1,1652524.65000000,1652524.65000000,1
2026-08-12 20:04:41.290272,1,300479.92000000,300479.92000000,1
2026-08-12 20:04:41.294348,1,213209.85000000,213209.85000000,1
2026-08-12 20:04:41.298438,1,1666339.83000000,1666339.83000000,1
2026-08-12 20:04:41.306616,1,1561919.68000000,1561919.68000000,1
2026-08-12 20:04:41.310699,1,778803.66000000,778803.66000000,1
2026-08-12 20:04:41.314749,1,2349242.61000000,2349242.61000000,1
2026-08-12 20:04:41.318847,1,2138937.97700000,2138937.97700000,1
2026-08-12 20:04:41.322924,1,1295975.78000000,1295975.78000000,1
2026-08-12 20:04:41.327001,1,2328367.72000000,2328367.72000000,1
2026-08-12 20:04:41.331076,1,3003650.51000000,3003650.51000000,1
2026-08-12 20:04:41.335149,1,2281731.59000000,2281731.59000000,1
2026-08-12 20:04:41.339221,1,535004.85000000,535004.85000000,1
2026-08-12 20:04:41.343292,1,1001810.77000000,1001810.77000000,1
2026-08-12 20:04:41.347364,1,675167.52000000,675167.52000000,1
2026-08-12 20:04:41.351448,1,1137947.86000000,1137947.86000000,1
2026-08-12 20:04:41.355522,1,2953663.68000000,2953663.68000000,1
2026-08-12 20:04:41.359594,1,184263.98000000,184263.98000000,1
2026-08-12 20:04:41.363668,1,2929519.56000000,2929519.56000000,1
2026-08-12 20:04:41.367743,1,1660191.68000000,1660191.68000000,1
2026-08-12 20:04:41.371817,1,940959.68000000,940959.68000000,1
2026-08-12 20:04:41.375890,1,1764697.54000000,1764697.54000000,1
2026-08-12 20:04:41.379961,1,723671.91000000,723671.91000000,1
2026-08-12 20:04:41.384031,1,3392808.58350000,3392808.58350000,1
2026-08-12 20:04:41.388102,1,3449879.55000000,3449879.55000000,1
2026-08-12 20:04:41.392172,1,841323.56000000,841323.56000000,1
2026-08-12 20:04:41.396251,1,2457055.68000000,2457055.68000000,1
2026-08-12 20:04:41.400323,1,1929719.70000000,1929719.70000000,1
2026-08-12 20:04:41.408484,1,553759.68000000,553759.68000000,1
2026-08-12 20:04:41.412571,1,2095631.56000000,2095631.56000000,1
2026-08-12 20:04:41.416656,1,4642800.53000000,4642800.53000000,1
2026-08-12 20:04:41.420732,1,2373038.59000000,2373038.59000000,1
2026-08-12 20:04:41.424807,1,1156214.85000000,1156214.85000000,1
2026-08-12 20:04:41.428893,1,594470.71000000,594470.71000000,1
2026-08-12 20:04:41.432974,1,1688324.75000000,1688324.75000000,1
2026-08-12 20:04:41.437053,1,1723199.68000000,1723199.68000000,1
2026-08-12 20:04:41.441127,1,453983.84000000,453983.84000000,1
2026-08-12 20:04:41.445209,1,736865.53000000,736865.53000000,1
2026-08-12 20:04:41.449290,1,35665.99000000,35665.99000000,1
2026-08-12 20:04:41.453382,1,3356963.64000000,3356963.64000000,1
2026-08-12 20:04:41.457462,1,679895.58000000,679895.58000000,1
2026-08-12 20:04:41.461538,2,3459734.55000000,1729867.27500000,2
2026-08-12 20:04:41.465623,1,1087163.74000000,1087163.74000000,1
2026-08-12 20:04:41.469719,1,2240444.59000000,2240444.59000000,1
2026-08-12 20:04:41.477894,1,111509.70000000,111509.70000000,1
2026-08-12 20:04:41.481983,1,251435.88000000,251435.88000000,1
2026-08-12 20:04:41.486071,1,1702014.51000000,1702014.51000000,1
2026-08-12 20:04:41.490158,1,1977760.63000000,1977760.63000000,1
2026-08-12 20:04:41.494234,1,1042209.74000000,1042209.74000000,1
2026-08-12 20:04:41.498307,1,278493.66000000,278493.66000000,1
2026-08-12 20:04:41.502378,1,2546231.74000000,2546231.74000000,1
2026-08-12 20:04:41.506450,1,18095.76000000,18095.76000000,1
2026-08-12 20:04:41.510521,1,1434941.73000000,1434941.73000000,1
2026-08-12 20:04:41.514593,1,582495.92000000,582495.92000000,1
2026-08-12 20:04:41.518665,1,1528136.61000000,1528136.61000000,1
2026-08-12 20:04:41.522737,1,2071399.75000000,2071399.75000000,1
2026-08-12 20:04:41.526808,1,3240047.58000000,3240047.58000000,1
2026-08-12 20:04:41.530880,1,586223.76000000,586223.76000000,1
2026-08-12 20:04:41.534952,1,2010762.59000000,2010762.59000000,1
2026-08-12 20:04:41.539024,1,1772977.54000000,1772977.54000000,1
2026-08-12 20:04:41.543095,1,8279.98000000,8279.98000000,1
2026-08-12 20:04:41.547167,1,8397.62000000,8397.62000000,1
2026-08-12 20:04:41.551242,1,1293278.61000000,1293278.61000000,1
2026-08-12 20:04:41.555314,2,4808659.36000000,2404329.68000000,2
2026-08-12 20:04:41.563459,2,1714435.67000000,857217.83500000,2
2026-08-12 20:04:41.567539,1,88919.85000000,88919.85000000,1
2026-08-12 20:04:41.571615,1,222848.89000000,222848.89000000,1
2026-08-12 20:04:41.575706,1,1562549.70000000,1562549.70000000,1
2026-08-12 20:04:41.579836,1,1600059.65000000,1600059.65000000,1
2026-08-12 20:04:41.583917,1,49873.99000000,49873.99000000,1
2026-08-12 20:04:41.587999,1,2151182.69000000,2151182.69000000,1
2026-08-12 20:04:41.592077,1,150611.89000000,150611.89000000,1
2026-08-12 20:04:41.596160,1,173735.70750000,173735.70750000,1
2026-08-12 20:04:41.600241,1,385899.83000000,385899.83000000,1
2026-08-12 20:04:41.604314,1,265994.91000000,265994.91000000,1
2026-08-12 20:04:41.608387,1,2385879.72000000,2385879.72000000,1
2026-08-12 20:04:41.612467,1,1439363.81000000,1439363.81000000,1
2026-08-12 20:04:41.616549,1,2845112.59000000,2845112.59000000,1
2026-08-12 20:04:41.620626,1,1871749.75000000,1871749.75000000,1
2026-08-12 20:04:41.624694,1,555917.89000000,555917.89000000,1
2026-08-12 20:04:41.628781,1,2400176.61000000,2400176.61000000,1
2026-08-12 20:04:41.632861,1,267185.97000000,267185.97000000,1
2026-08-12 20:04:41.636943,1,98519.98000000,98519.98000000,1
2026-08-12 20:04:41.641022,1,89755.99000000,89755.99000000,1
2026-08-12 20:04:41.645094,1,752230.71000000,752230.71000000,1
2026-08-12 20:04:41.649176,1,1072035.83550000,1072035.83550000,1
2026-08-12 20:04:41.653249,1,2476361.51000000,2476361.51000000,1
2026-08-12 20:04:41.657321,1,4102801.57000000,4102801.57000000,1
2026-08-12 20:04:41.661406,1,1134077.67000000,1134077.67000000,1
2026-08-12 20:04:41.665496,1,1836286.97700000,1836286.97700000,1
2026-08-12 20:04:41.669587,1,1704999.69000000,1704999.69000000,1
2026-08-12 20:04:41.673657,1,1884320.77000000,1884320.77000000,1
2026-08-12 20:04:41.677736,1,794349.75000000,794349.75000000,1
2026-08-12 20:04:41.685887,1,1337003.64000000,1337003.64000000,1
2026-08-12 20:04:41.689961,1,490840.91500000,490840.91500000,1
2026-08-12 20:04:41.694032,1,133760.91300000,133760.91300000,1
2026-08-12 20:04:41.698107,1,463960.81000000,463960.81000000,1
2026-08-12 20:04:41.702177,1,1020346.57000000,1020346.57000000,1
2026-08-12 20:04:41.706245,1,218591.56000000,218591.56000000,1
2026-08-12 20:04:41.710315,1,3267802.63000000,3267802.63000000,1
2026-08-12 20:04:41.714386,1,221864.97000000,221864.97000000,1
2026-08-12 20:04:41.718460,2,4079534.86400000,2039767.43200000,2
2026-08-12 20:04:41.722535,1,1957999.75000000,1957999.75000000,1
2026-08-12 20:04:41.730695,1,1099519.68000000,1099519.68000000,1
2026-08-12 20:04:41.734767,1,1807811.73000000,1807811.73000000,1
2026-08-12 20:04:41.738837,1,1610239.83000000,1610239.83000000,1
2026-08-12 20:04:41.742907,1,492239.65000000,492239.65000000,1
2026-08-12 20:04:41.746982,1,3302207.52000000,3302207.52000000,1
2026-08-12 20:04:41.751053,1,918135.83000000,918135.83000000,1
2026-08-12 20:04:41.755124,1,2545751.67000000,2545751.67000000,1
2026-08-12 20:04:41.759193,1,3485873.58000000,3485873.58000000,1
2026-08-12 20:04:41.763264,1,804379.63000000,804379.63000000,1
2026-08-12 20:04:41.767335,1,349265.60350000,349265.60350000,1
2026-08-12 20:04:41.771406,1,2471363.72000000,2471363.72000000,1
2026-08-12 20:04:41.775478,1,695599.60000000,695599.60000000,1
2026-08-12 20:04:41.779549,1,4636722.51000000,4636722.51000000,1
2026-08-12 20:04:41.783620,1,3084059.58000000,3084059.58000000,1
2026-08-12 20:04:41.787691,1,24490.81000000,24490.81000000,1
2026-08-12 20:04:41.791762,1,4522405.51000000,4522405.51000000,1
2026-08-12 20:04:41.795833,1,3076455.66000000,3076455.66000000,1
2026-08-12 20:04:41.799904,1,1640363.79600000,1640363.79600000,1
2026-08-12 20:04:41.803985,1,2037984.57000000,2037984.57000000,1
2026-08-12 20:04:41.808059,1,756527.88000000,756527.88000000,1
2026-08-12 20:04:41.812131,1,163935.96000000,163935.96000000,1
2026-08-12 20:04:41.816202,1,5737.24500000,5737.24500000,1
2026-08-12 20:04:41.820273,1,270647.96000000,270647.96000000,1
2026-08-12 20:04:41.824344,1,990926.73000000,990926.73000000,1
2026-08-12 20:04:41.828415,1,1553525.82000000,1553525.82000000,1
2026-08-12 20:04:41.832486,1,4460077.51000000,4460077.51000000,1
2026-08-12 20:04:41.836556,1,224171.64000000,224171.64000000,1
2026-08-12 20:04:41.840627,1,820751.88000000,820751.88000000,1
2026-08-12 20:04:41.844698,1,545648.83000000,545648.83000000,1
2026-08-12 20:04:41.848773,1,1590111.68000000,1590111.68000000,1
2026-08-12 20:04:41.852845,1,705285.60450000,705285.60450000,1
2026-08-12 20:04:41.856920,1,1930289.53000000,1930289.53000000,1
2026-08-12 20:04:41.860991,1,272735.82000000,272735.82000000,1
2026-08-12 20:04:41.865062,1,873079.60000000,873079.60000000,1
2026-08-12 20:04:41.869133,1,1578537.74000000,1578537.74000000,1
2026-08-12 20:04:41.873204,1,489818.67000000,489818.67000000,1
2026-08-12 20:04:41.877278,1,759488.37900000,759488.37900000,1
2026-08-12 20:04:41.881350,1,88214.97000000,88214.97000000,1
2026-08-12 20:04:41.885421,1,706133.78000000,706133.78000000,1
2026-08-12 20:04:41.889490,2,2266923.34000000,1133461.67000000,2
2026-08-12 20:04:41.893561,1,3052941.59000000,3052941.59000000,1
2026-08-12 20:04:41.897632,1,183167.88000000,183167.88000000,1
2026-08-12 20:04:41.901704,1,2225501.73000000,2225501.73000000,1
2026-08-12 20:04:41.905810,1,1807615.68000000,1807615.68000000,1
2026-08-12 20:04:41.909894,1,1121129.85000000,1121129.85000000,1
2026-08-12 20:04:41.913980,1,450692.91000000,450692.91000000,1
2026-08-12 20:04:41.918067,1,219183.96000000,219183.96000000,1
2026-08-12 20:04:41.922148,1,2878265.54000000,2878265.54000000,1
2026-08-12 20:04:41.926230,1,4077215.52000000,4077215.52000000,1
2026-08-12 20:04:41.930310,1,1263449.75000000,1263449.75000000,1
2026-08-12 20:04:41.934392,1,62570.99000000,62570.99000000,1
2026-08-12 20:04:41.938473,1,1256489.85000000,1256489.85000000,1
2026-08-12 20:04:41.942549,1,719333.89000000,719333.89000000,1
2026-08-12 20:04:41.946640,1,713188.83650000,713188.83650000,1
2026-08-12 20:04:41.950718,1,1202915.74000000,1202915.74000000,1
2026-08-12 20:04:41.954763,1,214835.96000000,214835.96000000,1
2026-08-12 20:04:41.958868,1,83823.74000000,83823.74000000,1
2026-08-12 20:04:41.962940,1,460659.95000000,460659.95000000,1
2026-08-12 20:04:41.967010,1,2058719.60000000,2058719.60000000,1
2026-08-12 20:04:41.975163,1,256906.93000000,256906.93000000,1
2026-08-12 20:04:41.979234,1,1027551.68000000,1027551.68000000,1
2026-08-12 20:04:41.987401,1,166058.97000000,166058.97000000,1
2026-08-12 20:04:41.991468,1,1384261.78000000,1384261.78000000,1
2026-08-12 20:04:41.995536,1,401813.79000000,401813.79000000,1
2026-08-12 20:04:41.999604,1,1765847.77000000,1765847.77000000,1
2026-08-12 20:04:42.003673,1,87103.96000000,87103.96000000,1
2026-08-12 20:04:42.007743,1,3702685.45050000,3702685.45050000,1
2026-08-12 20:04:42.011813,1,997871.88000000,997871.88000000,1
2026-08-12 20:04:42.015885,1,538097.67000000,538097.67000000,1
2026-08-12 20:04:42.019955,1,4322015.52000000,4322015.52000000,1
2026-08-12 20:04:42.024030,1,605674.65000000,605674.65000000,1
2026-08-12 20:04:42.028101,1,1007140.71000000,1007140.71000000,1
2026-08-12 20:04:42.032171,1,1149131.83000000,1149131.83000000,1
2026-08-12 20:04:42.036242,1,1376975.76000000,1376975.76000000,1
2026-08-12 20:04:42.040313,1,1505924.75000000,1505924.75000000,1
2026-08-12 20:04:42.044383,2,1188483.79000000,594241.89500000,2
2026-08-12 20:04:42.052537,2,1936461.62000000,968230.81000000,2
2026-08-12 20:04:42.056613,1,3224591.58000000,3224591.58000000,1
2026-08-12 20:04:42.060756,1,45114.65000000,45114.65000000,1
2026-08-12 20:04:42.064831,1,1461839.84000000,1461839.84000000,1
2026-08-12 20:04:42.068918,1,1766527.68000000,1766527.68000000,1
2026-08-12 20:04:42.072994,1,742957.69800000,742957.69800000,1
2026-08-12 20:04:42.077071,1,1181907.72000000,1181907.72000000,1
2026-08-12 20:04:42.081154,1,2540039.70000000,2540039.70000000,1
2026-08-12 20:04:42.085232,1,3001487.52000000,3001487.52000000,1
2026-08-12 20:04:42.089309,1,869099.85000000,869099.85000000,1
2026-08-12 20:04:42.093384,1,1604543.76000000,1604543.76000000,1
2026-08-12 20:04:42.097463,1,1056395.56000000,1056395.56000000,1
2026-08-12 20:04:42.101539,1,1090699.80000000,1090699.80000000,1
2026-08-12 20:04:42.105633,1,72071.74000000,72071.74000000,1
2026-08-12 20:04:42.109712,1,155973.74000000,155973.74000000,1
2026-08-12 20:04:42.113834,1,3320639.55000000,3320639.55000000,1
2026-08-12 20:04:42.117905,1,354041.93200000,354041.93200000,1
2026-08-12 20:04:42.121978,1,971713.57000000,971713.57000000,1
2026-08-12 20:04:42.126042,1,151613.97000000,151613.97000000,1
2026-08-12 20:04:42.130113,1,2358043.40350000,2358043.40350000,1
2026-08-12 20:04:42.134184,1,4410899.55000000,4410899.55000000,1
2026-08-12 20:04:42.138254,1,1181674.75000000,1181674.75000000,1
2026-08-12 20:04:42.142326,1,2575665.45250000,2575665.45250000,1
2026-08-12 20:04:42.146397,1,730231.92000000,730231.92000000,1
2026-08-12 20:04:42.150467,1,767123.91000000,767123.91000000,1
2026-08-12 20:04:42.154541,1,4455299.50000000,4455299.50000000,1
2026-08-12 20:04:42.158612,1,72191.76000000,72191.76000000,1
2026-08-12 20:04:42.162683,1,2294739.63000000,2294739.63000000,1
2026-08-12 20:04:42.166759,1,1111079.88000000,1111079.88000000,1
2026-08-12 20:04:42.170829,1,4638899.53000000,4638899.53000000,1
2026-08-12 20:04:42.174898,1,2409348.71000000,2409348.71000000,1
2026-08-12 20:04:42.178969,1,152926.02450000,152926.02450000,1
2026-08-12 20:04:42.183040,1,307714.95000000,307714.95000000,1
2026-08-12 20:04:42.187111,1,569511.92000000,569511.92000000,1
2026-08-12 20:04:42.191197,1,7963.98000000,7963.98000000,1
2026-08-12 20:04:42.195270,1,291809.94000000,291809.94000000,1
2026-08-12 20:04:42.199341,1,575252.91000000,575252.91000000,1
2026-08-12 20:04:42.203413,1,3820253.53000000,3820253.53000000,1
2026-08-12 20:04:42.207484,1,1065427.87000000,1065427.87000000,1
2026-08-12 20:04:42.211554,1,2365330.69000000,2365330.69000000,1
2026-08-12 20:04:42.215625,1,141055.84000000,141055.84000000,1
2026-08-12 20:04:42.219700,1,183161.98000000,183161.98000000,1
2026-08-12 20:04:42.223772,1,69123.99000000,69123.99000000,1
2026-08-12 20:04:42.227843,1,142369.98000000,142369.98000000,1
2026-08-12 20:04:42.231915,1,3881239.56000000,3881239.56000000,1
2026-08-12 20:04:42.235986,1,2262049.50000000,2262049.50000000,1
2026-08-12 20:04:42.240057,1,1481074.75000000,1481074.75000000,1
2026-08-12 20:04:42.244128,1,572285.87000000,572285.87000000,1
2026-08-12 20:04:42.248197,1,200538.69000000,200538.69000000,1
2026-08-12 20:04:42.252270,1,1074163.72000000,1074163.72000000,1
2026-08-12 20:04:42.256343,1,62607.84000000,62607.84000000,1
2026-08-12 20:04:42.260415,1,392224.71000000,392224.71000000,1
2026-08-12 20:04:42.264463,1,1416527.82000000,1416527.82000000,1
2026-08-12 20:04:42.268536,1,35111.92000000,35111.92000000,1
2026-08-12 20:04:42.272609,1,947719.60000000,947719.60000000,1
2026-08-12 20:04:42.276681,1,202527.96000000,202527.96000000,1
2026-08-12 20:04:42.280758,1,2886932.51000000,2886932.51000000,1
2026-08-12 20:04:42.284830,1,4414409.51000000,4414409.51000000,1
2026-08-12 20:04:42.288902,1,2909481.66000000,2909481.66000000,1
2026-08-12 20:04:42.292975,1,735719.85000000,735719.85000000,1
2026-08-12 20:04:42.297047,1,3029585.58000000,3029585.58000000,1
2026-08-12 20:04:42.301120,1,2271050.73000000,2271050.73000000,1
2026-08-12 20:04:42.305198,1,1245199.75000000,1245199.75000000,1
2026-08-12 20:04:42.309271,1,2566123.56000000,2566123.56000000,1
2026-08-12 20:04:42.313343,1,1907524.75000000,1907524.75000000,1
2026-08-12 20:04:42.317417,1,2678325.91950000,2678325.91950000,1
2026-08-12 20:04:42.321502,1,25949.50000000,25949.50000000,1
2026-08-12 20:04:42.325581,1,584329.75450000,584329.75450000,1
2026-08-12 20:04:42.329665,1,2661101.69000000,2661101.69000000,1
2026-08-12 20:04:42.333739,1,973919.84000000,973919.84000000,1
2026-08-12 20:04:42.337813,1,1373449.74000000,1373449.74000000,1
2026-08-12 20:04:42.341886,1,383558.89000000,383558.89000000,1
2026-08-12 20:04:42.345958,1,2144581.57000000,2144581.57000000,1
2026-08-12 20:04:42.350031,1,1008809.55000000,1008809.55000000,1
2026-08-12 20:04:42.354102,1,1152558.81000000,1152558.81000000,1
2026-08-12 20:04:42.358177,1,3079313.58000000,3079313.58000000,1
2026-08-12 20:04:42.362250,1,1464279.80000000,1464279.80000000,1
2026-08-12 20:04:42.366320,1,623591.73000000,623591.73000000,1
2026-08-12 20:04:42.370391,1,2391524.75000000,2391524.75000000,1
2026-08-12 20:04:42.374464,1,2653463.67000000,2653463.67000000,1
2026-08-12 20:04:42.378534,1,1248309.65000000,1248309.65000000,1
2026-08-12 20:04:42.382604,1,2206763.64000000,2206763.64000000,1
2026-08-12 20:04:42.386678,1,338111.84000000,338111.84000000,1
2026-08-12 20:04:42.390750,1,276319.60000000,276319.60000000,1
2026-08-12 20:04:42.394822,1,749359.80000000,749359.80000000,1
2026-08-12 20:04:42.398892,1,283227.59000000,283227.59000000,1
2026-08-12 20:04:42.402962,1,2194271.64000000,2194271.64000000,1
2026-08-12 20:04:42.407033,1,373554.93000000,373554.93000000,1
2026-08-12 20:04:42.411104,1,293871.80050000,293871.80050000,1
2026-08-12 20:04:42.415174,1,210135.92000000,210135.92000000,1
2026-08-12 20:04:42.419247,1,2958227.57000000,2958227.57000000,1
2026-08-12 20:04:42.423320,1,65207.89000000,65207.89000000,1
2026-08-12 20:04:42.427398,1,1172291.67000000,1172291.67000000,1
2026-08-12 20:04:42.431472,1,2904029.78550000,2904029.78550000,1
2026-08-12 20:04:42.439616,1,4642800.53000000,4642800.53000000,1
2026-08-12 20:04:42.443700,1,156340.37250000,156340.37250000,1
2026-08-12 20:04:42.447781,1,754271.82000000,754271.82000000,1
2026-08-12 20:04:42.451861,1,925521.25050000,925521.25050000,1
2026-08-12 20:04:42.455940,1,2347028.73000000,2347028.73000000,1
2026-08-12 20:04:42.460023,1,2931471.62000000,2931471.62000000,1
2026-08-12 20:04:42.464104,1,3075115.53000000,3075115.53000000,1
2026-08-12 20:04:42.468193,1,872711.76000000,872711.76000000,1
2026-08-12 20:04:42.472275,1,2387735.61000000,2387735.61000000,1
2026-08-12 20:04:42.476355,1,2451221.73000000,2451221.73000000,1
2026-08-12 20:04:42.480436,1,1727759.54000000,1727759.54000000,1
2026-08-12 20:04:42.484517,1,2534734.65000000,2534734.65000000,1
2026-08-12 20:04:42.488598,1,124155.20750000,124155.20750000,1
2026-08-12 20:04:42.492678,1,697766.79000000,697766.79000000,1
2026-08-12 20:04:42.496759,1,1058819.88000000,1058819.88000000,1
2026-08-12 20:04:42.500839,1,2479853.74000000,2479853.74000000,1
2026-08-12 20:04:42.504919,1,4263417.54000000,4263417.54000000,1
2026-08-12 20:04:42.509005,1,1854187.72000000,1854187.72000000,1
2026-08-12 20:04:42.513092,1,2330288.73000000,2330288.73000000,1
2026-08-12 20:04:42.517183,1,453929.95000000,453929.95000000,1
2026-08-12 20:04:42.521265,1,391829.90000000,391829.90000000,1
2026-08-12 20:04:42.525351,1,227645.94000000,227645.94000000,1
2026-08-12 20:04:42.529433,1,3053291.56000000,3053291.56000000,1
2026-08-12 20:04:42.533514,1,38027.99000000,38027.99000000,1
2026-08-12 20:04:42.537595,1,962009.90000000,962009.90000000,1
2026-08-12 20:04:42.541675,1,1126939.80000000,1126939.80000000,1
2026-08-12 20:04:42.545756,1,1017015.72000000,1017015.72000000,1
2026-08-12 20:04:42.549840,1,891631.84000000,891631.84000000,1
2026-08-12 20:04:42.553920,1,1511903.84000000,1511903.84000000,1
2026-08-12 20:04:42.558008,1,17341.77000000,17341.77000000,1
2026-08-12 20:04:42.562095,1,142424.55000000,142424.55000000,1
2026-08-12 20:04:42.566181,1,23729.79000000,23729.79000000,1
2026-08-12 20:04:42.570276,1,3078506.65050000,3078506.65050000,1
2026-08-12 20:04:42.574363,1,1068743.88000000,1068743.88000000,1
2026-08-12 20:04:42.578449,2,2355518.14800000,1177759.07400000,2
2026-08-12 20:04:42.582541,1,1092739.78000000,1092739.78000000,1
2026-08-12 20:04:42.586616,1,1163377.66000000,1163377.66000000,1
2026-08-12 20:04:42.590694,1,631993.89000000,631993.89000000,1
2026-08-12 20:04:42.594773,1,1207411.62000000,1207411.62000000,1
2026-08-12 20:04:42.598855,1,1094312.67000000,1094312.67000000,1
2026-08-12 20:04:42.602934,1,1508434.71000000,1508434.71000000,1
2026-08-12 20:04:42.607007,1,632737.62000000,632737.62000000,1
2026-08-12 20:04:42.611084,1,853460.91000000,853460.91000000,1
2026-08-12 20:04:42.615156,1,811799.91000000,811799.91000000,1
2026-08-12 20:04:42.619231,1,214479.40350000,214479.40350000,1
2026-08-12 20:04:42.623309,1,733769.55000000,733769.55000000,1
2026-08-12 20:04:42.627393,1,3676023.56000000,3676023.56000000,1
2026-08-12 20:04:42.631487,1,102271.66000000,102271.66000000,1
2026-08-12 20:04:42.635560,1,111303.98000000,111303.98000000,1
2026-08-12 20:04:42.639637,1,127925.91000000,127925.91000000,1
2026-08-12 20:04:42.643713,1,3534516.51000000,3534516.51000000,1
2026-08-12 20:04:42.647837,1,2254017.74000000,2254017.74000000,1
2026-08-12 20:04:42.651909,1,1690699.75000000,1690699.75000000,1
2026-08-12 20:04:42.655981,1,1653989.70000000,1653989.70000000,1
2026-08-12 20:04:42.660053,1,1367636.59000000,1367636.59000000,1
2026-08-12 20:04:42.664124,1,2928701.58000000,2928701.58000000,1
2026-08-12 20:04:42.668197,1,731447.64000000,731447.64000000,1
2026-08-12 20:04:42.672270,1,2024010.63000000,2024010.63000000,1
2026-08-12 20:04:42.676342,1,26486.97000000,26486.97000000,1
2026-08-12 20:04:42.680415,1,1486945.71000000,1486945.71000000,1
2026-08-12 20:04:42.684487,1,828613.83000000,828613.83000000,1
2026-08-12 20:04:42.688558,1,514674.83000000,514674.83000000,1
2026-08-12 20:04:42.692630,1,171911.71000000,171911.71000000,1
2026-08-12 20:04:42.696701,1,1176251.03750000,1176251.03750000,1
2026-08-12 20:04:42.700770,1,378191.52000000,378191.52000000,1
2026-08-12 20:04:42.704841,1,2267528.67000000,2267528.67000000,1
2026-08-12 20:04:42.708913,1,4158863.52000000,4158863.52000000,1
2026-08-12 20:04:42.712986,1,2812071.71000000,2812071.71000000,1
2026-08-12 20:04:42.717058,1,1028378.67000000,1028378.67000000,1
2026-08-12 20:04:42.721130,1,2978007.57000000,2978007.57000000,1
2026-08-12 20:04:42.725203,1,2275549.75000000,2275549.75000000,1
2026-08-12 20:04:42.729275,1,986391.56000000,986391.56000000,1
2026-08-12 20:04:42.733352,1,3666277.51000000,3666277.51000000,1
2026-08-12 20:04:42.737429,1,39129.90000000,39129.90000000,1
2026-08-12 20:04:42.741511,1,1360111.84000000,1360111.84000000,1
2026-08-12 20:04:42.745588,1,2847319.60000000,2847319.60000000,1
2026-08-12 20:04:42.749664,1,1038134.85000000,1038134.85000000,1
2026-08-12 20:04:42.753736,1,92131.99000000,92131.99000000,1
2026-08-12 20:04:42.757813,1,118676.77900000,118676.77900000,1
2026-08-12 20:04:42.761887,1,1200851.64000000,1200851.64000000,1
2026-08-12 20:04:42.765960,1,2157876.63000000,2157876.63000000,1
2026-08-12 20:04:42.770037,1,1707699.50000000,1707699.50000000,1
2026-08-12 20:04:42.774110,1,2277126.76950000,2277126.76950000,1
2026-08-12 20:04:42.778184,1,381698.91000000,381698.91000000,1
2026-08-12 20:04:42.782260,1,2252555.64000000,2252555.64000000,1
2026-08-12 20:04:42.786336,1,2490399.50000000,2490399.50000000,1
2026-08-12 20:04:42.790414,1,509739.89000000,509739.89000000,1
2026-08-12 20:04:42.794490,1,291854.85000000,291854.85000000,1
2026-08-12 20:04:42.798567,2,3548408.26000000,1774204.13000000,2
2026-08-12 20:04:42.802646,1,1091773.66000000,1091773.66000000,1
2026-08-12 20:04:42.806742,1,905309.70000000,905309.70000000,1
2026-08-12 20:04:42.810843,1,122458.62450000,122458.62450000,1
2026-08-12 20:04:42.814921,1,203799.92000000,203799.92000000,1
2026-08-12 20:04:42.819004,1,2738751.68000000,2738751.68000000,1
2026-08-12 20:04:42.823086,1,133979.65000000,133979.65000000,1
2026-08-12 20:04:42.827159,1,845778.89000000,845778.89000000,1
2026-08-12 20:04:42.831248,1,173957.98000000,173957.98000000,1
2026-08-12 20:04:42.835324,1,132479.68000000,132479.68000000,1
2026-08-12 20:04:42.839402,1,271813.62000000,271813.62000000,1
2026-08-12 20:04:42.843480,1,34505.91000000,34505.91000000,1
2026-08-12 20:04:42.847557,1,2243981.74000000,2243981.74000000,1
2026-08-12 20:04:42.851636,1,990747.78000000,990747.78000000,1
2026-08-12 20:04:42.855714,1,3494391.56000000,3494391.56000000,1
2026-08-12 20:04:42.859794,1,1947896.79000000,1947896.79000000,1
2026-08-12 20:04:42.863875,1,735821.82000000,735821.82000000,1
2026-08-12 20:04:42.872023,1,576323.86000000,576323.86000000,1
2026-08-12 20:04:42.876096,1,237424.75000000,237424.75000000,1
2026-08-12 20:04:42.880167,1,2729459.70000000,2729459.70000000,1
2026-08-12 20:04:42.884240,1,1844985.78000000,1844985.78000000,1
2026-08-12 20:04:42.888313,1,223175.83000000,223175.83000000,1
2026-08-12 20:04:42.892385,1,964439.81000000,964439.81000000,1
2026-08-12 20:04:42.896458,1,542282.83000000,542282.83000000,1
2026-08-12 20:04:42.900530,2,598684.79000000,299342.39500000,2
2026-08-12 20:04:42.904622,1,520389.90000000,520389.90000000,1
2026-08-12 20:04:42.908704,1,1733039.70000000,1733039.70000000,1
2026-08-12 20:04:42.912784,1,968799.68000000,968799.68000000,1
2026-08-12 20:04:42.920946,1,1202599.65000000,1202599.65000000,1
2026-08-12 20:04:42.925024,1,1476047.72000000,1476047.72000000,1
2026-08-12 20:04:42.929101,1,2237669.54000000,2237669.54000000,1
2026-08-12 20:04:42.933174,1,4183.96000000,4183.96000000,1
2026-08-12 20:04:42.937247,1,1257767.82000000,1257767.82000000,1
2026-08-12 20:04:42.941322,1,664159.80000000,664159.80000000,1
2026-08-12 20:04:42.945406,1,693989.85000000,693989.85000000,1
2026-08-12 20:04:42.949482,1,754396.53000000,754396.53000000,1
2026-08-12 20:04:42.953552,1,1623239.73000000,1623239.73000000,1
2026-08-12 20:04:42.957625,1,476630.73000000,476630.73000000,1
2026-08-12 20:04:42.961697,1,663641.82000000,663641.82000000,1
2026-08-12 20:04:42.965772,1,184573.87000000,184573.87000000,1
2026-08-12 20:04:42.969846,1,420661.78000000,420661.78000000,1
2026-08-12 20:04:42.973920,1,4121299.50000000,4121299.50000000,1
2026-08-12 20:04:42.977989,1,2550785.58000000,2550785.58000000,1
2026-08-12 20:04:42.982062,1,1827359.64000000,1827359.64000000,1
2026-08-12 20:04:42.986144,1,2412097.74000000,2412097.74000000,1
2026-08-12 20:04:42.990223,1,1685150.73000000,1685150.73000000,1
2026-08-12 20:04:42.994303,1,3384057.59000000,3384057.59000000,1
2026-08-12 20:04:42.998371,1,1975028.79000000,1975028.79000000,1
2026-08-12 20:04:43.002454,1,929159.90000000,929159.90000000,1
2026-08-12 20:04:43.006541,1,43528.24500000,43528.24500000,1
2026-08-12 20:04:43.010630,1,3142979.55000000,3142979.55000000,1
2026-08-12 20:04:43.014708,1,443771.79000000,443771.79000000,1
2026-08-12 20:04:43.018782,1,2498664.81100000,2498664.81100000,1
2026-08-12 20:04:43.022854,1,1576942.81000000,1576942.81000000,1
2026-08-12 20:04:43.031024,1,1620215.61000000,1620215.61000000,1
2026-08-12 20:04:43.035101,1,1263987.78000000,1263987.78000000,1
2026-08-12 20:04:43.039180,1,181001.52450000,181001.52450000,1
2026-08-12 20:04:43.043258,1,838629.90000000,838629.90000000,1
2026-08-12 20:04:43.047332,1,16475.99000000,16475.99000000,1
2026-08-12 20:04:43.051406,1,1242274.75000000,1242274.75000000,1
2026-08-12 20:04:43.055479,1,13978.93000000,13978.93000000,1
2026-08-12 20:04:43.059552,1,3275279.55000000,3275279.55000000,1
2026-08-12 20:04:43.063621,1,617489.85000000,617489.85000000,1
2026-08-12 20:04:43.067699,1,169380.87700000,169380.87700000,1
2026-08-12 20:04:43.071775,1,1800329.65000000,1800329.65000000,1
2026-08-12 20:04:43.075851,1,3025217.58000000,3025217.58000000,1
2026-08-12 20:04:43.079924,1,264473.93000000,264473.93000000,1
2026-08-12 20:04:43.083999,1,2647049.70000000,2647049.70000000,1
2026-08-12 20:04:43.088073,1,484863.68000000,484863.68000000,1
2026-08-12 20:04:43.092148,1,928860.53000000,928860.53000000,1
2026-08-12 20:04:43.100325,1,351053.73000000,351053.73000000,1
2026-08-12 20:04:43.104412,1,1685468.59000000,1685468.59000000,1
2026-08-12 20:04:43.108481,1,819779.90000000,819779.90000000,1
2026-08-12 20:04:43.112558,1,616634.85000000,616634.85000000,1
2026-08-12 20:04:43.116641,1,1268879.52000000,1268879.52000000,1
2026-08-12 20:04:43.120725,1,2256375.53000000,2256375.53000000,1
2026-08-12 20:04:43.124807,1,2266465.54000000,2266465.54000000,1
2026-08-12 20:04:43.128887,1,1785279.80000000,1785279.80000000,1
2026-08-12 20:04:43.132970,1,2826899.55000000,2826899.55000000,1
2026-08-12 20:04:43.137058,1,891186.89000000,891186.89000000,1
2026-08-12 20:04:43.141144,1,4294154.53000000,4294154.53000000,1
2026-08-12 20:04:43.145232,1,1005743.52000000,1005743.52000000,1
2026-08-12 20:04:43.149319,1,521711.88000000,521711.88000000,1
2026-08-12 20:04:43.153406,1,2508731.73000000,2508731.73000000,1
2026-08-12 20:04:43.157493,1,1110679.60000000,1110679.60000000,1
2026-08-12 20:04:43.161583,1,824837.86000000,824837.86000000,1
2026-08-12 20:04:43.165671,1,2260452.59000000,2260452.59000000,1
2026-08-12 20:04:43.169754,1,147437.82000000,147437.82000000,1
2026-08-12 20:04:43.173833,1,1000787.05050000,1000787.05050000,1
2026-08-12 20:04:43.177915,1,1062629.70000000,1062629.70000000,1
2026-08-12 20:04:43.181995,1,4078543.54000000,4078543.54000000,1
2026-08-12 20:04:43.186081,1,720119.85000000,720119.85000000,1
2026-08-12 20:04:43.190179,1,891339.59000000,891339.59000000,1
2026-08-12 20:04:43.194255,1,151399.90000000,151399.90000000,1
2026-08-12 20:04:43.198329,1,1300765.59000000,1300765.59000000,1
2026-08-12 20:04:43.202402,1,1069606.89000000,1069606.89000000,1
2026-08-12 20:04:43.206475,1,250911.84000000,250911.84000000,1
2026-08-12 20:04:43.210547,1,3527371.54000000,3527371.54000000,1
2026-08-12 20:04:43.214620,1,25791.92000000,25791.92000000,1
2026-08-12 20:04:43.218694,1,856323.70250000,856323.70250000,1
2026-08-12 20:04:43.222770,1,189131.97000000,189131.97000000,1
2026-08-12 20:04:43.226853,1,798993.51000000,798993.51000000,1
2026-08-12 20:04:43.230939,1,2723179.53000000,2723179.53000000,1
2026-08-12 20:04:43.235023,1,143087.94000000,143087.94000000,1
2026-08-12 20:04:43.239109,1,445289.70000000,445289.70000000,1
2026-08-12 20:04:43.243188,1,2016925.62000000,2016925.62000000,1
2026-08-12 20:04:43.247271,1,541859.89000000,541859.89000000,1
2026-08-12 20:04:43.251350,1,2276329.69000000,2276329.69000000,1
2026-08-12 20:04:43.255428,1,274364.97000000,274364.97000000,1
2026-08-12 20:04:43.259509,1,2323133.67000000,2323133.67000000,1
2026-08-12 20:04:43.263580,1,61255.81000000,61255.81000000,1
2026-08-12 20:04:43.267662,1,174920.97000000,174920.97000000,1
2026-08-12 20:04:43.271764,1,2185667.64000000,2185667.64000000,1
2026-08-12 20:04:43.275876,1,1993071.20250000,1993071.20250000,1
2026-08-12 20:04:43.279962,1,1872389.70000000,1872389.70000000,1
2026-08-12 20:04:43.284041,1,300461.94000000,300461.94000000,1
2026-08-12 20:04:43.288118,1,3074987.58000000,3074987.58000000,1
2026-08-12 20:04:43.292191,1,2602587.54000000,2602587.54000000,1
2026-08-12 20:04:43.296279,1,2400399.50000000,2400399.50000000,1
2026-08-12 20:04:43.300359,1,83875.98000000,83875.98000000,1
2026-08-12 20:04:43.304449,1,173970.71000000,173970.71000000,1
2026-08-12 20:04:43.308528,1,35660.97000000,35660.97000000,1
2026-08-12 20:04:43.312613,1,3384184.65000000,3384184.65000000,1
2026-08-12 20:04:43.316689,1,420564.95000000,420564.95000000,1
2026-08-12 20:04:43.320765,1,418624.75000000,418624.75000000,1
2026-08-12 20:04:43.324857,1,493991.88000000,493991.88000000,1
2026-08-12 20:04:43.328934,1,1271010.51000000,1271010.51000000,1
2026-08-12 20:04:43.333009,1,185044.93000000,185044.93000000,1
2026-08-12 20:04:43.337083,1,906539.88000000,906539.88000000,1
2026-08-12 20:04:43.341155,1,330409.81000000,330409.81000000,1
2026-08-12 20:04:43.345228,1,221747.89800000,221747.89800000,1
2026-08-12 20:04:43.349304,1,696831.68000000,696831.68000000,1
2026-08-12 20:04:43.353376,1,102079.68000000,102079.68000000,1
2026-08-12 20:04:43.357449,1,1876082.67000000,1876082.67000000,1
2026-08-12 20:04:43.361522,1,1859450.67000000,1859450.67000000,1
2026-08-12 20:04:43.365597,1,196745.94000000,196745.94000000,1
2026-08-12 20:04:43.369671,1,920564.73000000,920564.73000000,1
2026-08-12 20:04:43.373747,1,1570271.76000000,1570271.76000000,1
2026-08-12 20:04:43.377819,1,47474.85000000,47474.85000000,1
2026-08-12 20:04:43.381893,1,2048408.73000000,2048408.73000000,1
2026-08-12 20:04:43.385968,1,1196144.81000000,1196144.81000000,1
2026-08-12 20:04:43.390043,1,39863.88000000,39863.88000000,1
2026-08-12 20:04:43.394118,1,2654202.92800000,2654202.92800000,1
2026-08-12 20:04:43.398243,1,1174081.86000000,1174081.86000000,1
2026-08-12 20:04:43.402317,1,132443.61000000,132443.61000000,1
2026-08-12 20:04:43.406391,1,3556187.64000000,3556187.64000000,1
2026-08-12 20:04:43.414554,1,369011.93000000,369011.93000000,1
2026-08-12 20:04:43.418638,1,141388.98300000,141388.98300000,1
2026-08-12 20:04:43.422725,1,186809.70000000,186809.70000000,1
2026-08-12 20:04:43.426802,1,528712.81000000,528712.81000000,1
2026-08-12 20:04:43.430878,1,1857407.58000000,1857407.58000000,1
2026-08-12 20:04:43.434959,1,712851.51000000,712851.51000000,1
2026-08-12 20:04:43.439041,1,1636049.70000000,1636049.70000000,1
2026-08-12 20:04:43.443122,1,950099.88000000,950099.88000000,1
2026-08-12 20:04:43.447208,1,118795.83000000,118795.83000000,1
2026-08-12 20:04:43.451295,1,391727.96000000,391727.96000000,1
2026-08-12 20:04:43.455378,1,1269017.82000000,1269017.82000000,1
2026-08-12 20:04:43.459459,1,1236465.86000000,1236465.86000000,1
2026-08-12 20:04:43.463535,1,149871.83000000,149871.83000000,1
2026-08-12 20:04:43.467610,1,53174.95000000,53174.95000000,1
2026-08-12 20:04:43.471682,1,4247453.57000000,4247453.57000000,1
2026-08-12 20:04:43.475837,1,759269.70000000,759269.70000000,1
2026-08-12 20:04:43.484006,1,391103.55550000,391103.55550000,1
2026-08-12 20:04:43.488038,1,1116178.17150000,1116178.17150000,1
2026-08-12 20:04:43.492112,1,2566439.55000000,2566439.55000000,1
2026-08-12 20:04:43.496184,1,1559647.53000000,1559647.53000000,1
2026-08-12 20:04:43.500257,1,52272.42450000,52272.42450000,1
2026-08-12 20:04:43.504331,1,252731.96000000,252731.96000000,1
2026-08-12 20:04:43.508404,1,2562803.64000000,2562803.64000000,1
2026-08-12 20:04:43.512476,1,1248359.76000000,1248359.76000000,1
2026-08-12 20:04:43.516548,1,4013019.56000000,4013019.56000000,1
2026-08-12 20:04:43.520623,1,4725749.50000000,4725749.50000000,1
2026-08-12 20:04:43.524695,1,2849819.70000000,2849819.70000000,1
2026-08-12 20:04:43.528766,1,2288879.60000000,2288879.60000000,1
2026-08-12 20:04:43.532840,1,277010.97000000,277010.97000000,1
2026-08-12 20:04:43.536911,1,115295.97000000,115295.97000000,1
2026-08-12 20:04:43.540984,1,24418.99000000,24418.99000000,1
2026-08-12 20:04:43.545056,1,172255.92000000,172255.92000000,1
2026-08-12 20:04:43.549128,1,787834.81000000,787834.81000000,1
2026-08-12 20:04:43.553199,1,1845337.63000000,1845337.63000000,1
2026-08-12 20:04:43.557273,1,1883474.55000000,1883474.55000000,1
2026-08-12 20:04:43.561344,1,800205.89000000,800205.89000000,1
2026-08-12 20:04:43.565415,1,1610729.67000000,1610729.67000000,1
2026-08-12 20:04:43.569490,1,2507310.71000000,2507310.71000000,1
2026-08-12 20:04:43.573561,1,638640.77000000,638640.77000000,1
2026-08-12 20:04:43.577632,1,32976.99000000,32976.99000000,1
2026-08-12 20:04:43.581754,1,130855.98000000,130855.98000000,1
2026-08-12 20:04:43.585824,1,82855.99000000,82855.99000000,1
2026-08-12 20:04:43.589895,1,718176.69000000,718176.69000000,1
2026-08-12 20:04:43.593972,1,461684.95000000,461684.95000000,1
2026-08-12 20:04:43.598047,1,224391.93000000,224391.93000000,1
2026-08-12 20:04:43.602122,1,3122720.51000000,3122720.51000000,1
2026-08-12 20:04:43.606199,1,244943.58000000,244943.58000000,1
2026-08-12 20:04:43.610286,1,1062629.70000000,1062629.70000000,1
2026-08-12 20:04:43.614362,2,4583483.42000000,2291741.71000000,2
2026-08-12 20:04:43.618438,1,2720785.95250000,2720785.95250000,1
2026-08-12 20:04:43.622533,1,10799.52000000,10799.52000000,1
2026-08-12 20:04:43.630699,1,653519.80000000,653519.80000000,1
2026-08-12 20:04:43.634782,1,229215.74000000,229215.74000000,1
2026-08-12 20:04:43.638871,1,1979891.57000000,1979891.57000000,1
2026-08-12 20:04:43.642950,1,307484.85000000,307484.85000000,1
2026-08-12 20:04:43.647035,1,157199.94000000,157199.94000000,1
2026-08-12 20:04:43.651116,1,1040315.88000000,1040315.88000000,1
2026-08-12 20:04:43.655198,1,2274624.75000000,2274624.75000000,1
2026-08-12 20:04:43.659279,1,3361634.63000000,3361634.63000000,1
2026-08-12 20:04:43.663361,1,99339.98000000,99339.98000000,1
2026-08-12 20:04:43.667442,1,948407.55150000,948407.55150000,1
2026-08-12 20:04:43.671528,1,632939.85000000,632939.85000000,1
2026-08-12 20:04:43.675609,1,2403521.67000000,2403521.67000000,1
2026-08-12 20:04:43.679695,1,538499.90000000,538499.90000000,1
2026-08-12 20:04:43.683776,1,148556.77000000,148556.77000000,1
2026-08-12 20:04:43.687857,1,262919.93000000,262919.93000000,1
2026-08-12 20:04:43.691938,1,1773537.74000000,1773537.74000000,1
2026-08-12 20:04:43.696018,1,356125.59000000,356125.59000000,1
2026-08-12 20:04:43.700098,1,209599.92000000,209599.92000000,1
2026-08-12 20:04:43.704179,1,2542921.62000000,2542921.62000000,1
2026-08-12 20:04:43.708264,1,489884.89000000,489884.89000000,1
2026-08-12 20:04:43.712349,1,2135007.68000000,2135007.68000000,1
2026-08-12 20:04:43.716435,1,1185647.72800000,1185647.72800000,1
2026-08-12 20:04:43.720522,1,1070315.74000000,1070315.74000000,1
2026-08-12 20:04:43.724603,1,2214598.11750000,2214598.11750000,1
2026-08-12 20:04:43.728684,1,313639.80000000,313639.80000000,1
2026-08-12 20:04:43.732765,1,344045.93200000,344045.93200000,1
2026-08-12 20:04:43.736846,1,649139.80000000,649139.80000000,1
2026-08-12 20:04:43.740927,1,74723.87000000,74723.87000000,1
2026-08-12 20:04:43.745008,1,1770908.41950000,1770908.41950000,1
2026-08-12 20:04:43.749089,1,1352559.80000000,1352559.80000000,1
2026-08-12 20:04:43.753173,1,1553159.79000000,1553159.79000000,1
2026-08-12 20:04:43.757258,1,90215.82000000,90215.82000000,1
2026-08-12 20:04:43.761345,1,680237.89800000,680237.89800000,1
2026-08-12 20:04:43.765430,1,260117.82000000,260117.82000000,1
2026-08-12 20:04:43.769513,1,1232615.72000000,1232615.72000000,1
2026-08-12 20:04:43.773597,1,148262.04050000,148262.04050000,1
2026-08-12 20:04:43.777682,1,501479.64000000,501479.64000000,1
2026-08-12 20:04:43.781808,1,2647599.50000000,2647599.50000000,1
2026-08-12 20:04:43.785893,1,484863.68000000,484863.68000000,1
2026-08-12 20:04:43.789978,1,1547378.81000000,1547378.81000000,1
2026-08-12 20:04:43.794063,1,1060239.80000000,1060239.80000000,1
2026-08-12 20:04:43.798149,1,1385163.56000000,1385163.56000000,1
2026-08-12 20:04:43.802234,1,783974.85000000,783974.85000000,1
2026-08-12 20:04:43.806319,1,521429.65000000,521429.65000000,1
2026-08-12 20:04:43.810403,1,2309280.63000000,2309280.63000000,1
2026-08-12 20:04:43.814487,1,106451.82000000,106451.82000000,1
2026-08-12 20:04:43.818571,1,1331599.80000000,1331599.80000000,1
2026-08-12 20:04:43.822645,1,2200410.69000000,2200410.69000000,1
2026-08-12 20:04:43.826729,1,985578.26400000,985578.26400000,1
2026-08-12 20:04:43.830800,1,1412207.84000000,1412207.84000000,1
2026-08-12 20:04:43.834871,1,221227.86000000,221227.86000000,1
2026-08-12 20:04:43.838942,1,163551.92000000,163551.92000000,1
2026-08-12 20:04:43.843014,1,1779385.51000000,1779385.51000000,1
2026-08-12 20:04:43.847091,1,1530975.84000000,1530975.84000000,1
2026-08-12 20:04:43.851175,1,1894717.66000000,1894717.66000000,1
2026-08-12 20:04:43.855251,1,1848874.75000000,1848874.75000000,1
2026-08-12 20:04:43.859331,1,1866347.73000000,1866347.73000000,1
2026-08-12 20:04:43.863404,1,334770.56200000,334770.56200000,1
2026-08-12 20:04:43.867483,1,300464.55000000,300464.55000000,1
2026-08-12 20:04:43.871569,1,612611.79000000,612611.79000000,1
2026-08-12 20:04:43.875648,1,504661.66000000,504661.66000000,1
2026-08-12 20:04:43.879726,1,134451.96000000,134451.96000000,1
2026-08-12 20:04:43.883863,1,1393174.75000000,1393174.75000000,1
2026-08-12 20:04:43.887938,1,787879.92000000,787879.92000000,1
2026-08-12 20:04:43.896099,1,3144064.57500000,3144064.57500000,1
2026-08-12 20:04:43.900174,1,1544623.81000000,1544623.81000000,1
2026-08-12 20:04:43.904252,1,343659.90000000,343659.90000000,1
2026-08-12 20:04:43.908328,1,1585091.69000000,1585091.69000000,1
2026-08-12 20:04:43.912404,1,1676255.76000000,1676255.76000000,1
2026-08-12 20:04:43.916479,1,2567305.51000000,2567305.51000000,1
2026-08-12 20:04:43.920551,1,3384035.64000000,3384035.64000000,1
2026-08-12 20:04:43.924627,1,637533.83000000,637533.83000000,1
2026-08-12 20:04:43.928705,1,3113809.65000000,3113809.65000000,1
2026-08-12 20:04:43.932782,1,673829.91000000,673829.91000000,1
2026-08-12 20:04:43.936859,1,368631.96000000,368631.96000000,1
2026-08-12 20:04:43.940936,1,1726334.55000000,1726334.55000000,1
2026-08-12 20:04:43.945015,1,3611411.58000000,3611411.58000000,1
2026-08-12 20:04:43.949093,1,275791.96000000,275791.96000000,1
2026-08-12 20:04:43.953171,1,2943455.68000000,2943455.68000000,1
2026-08-12 20:04:43.957248,1,191086.74900000,191086.74900000,1
2026-08-12 20:04:43.961326,1,759296.81000000,759296.81000000,1
2026-08-12 20:04:43.965412,1,1033099.80000000,1033099.80000000,1
2026-08-12 20:04:43.969492,1,695321.12250000,695321.12250000,1
2026-08-12 20:04:43.973574,1,882615.86000000,882615.86000000,1
2026-08-12 20:04:43.977656,1,2557079.70000000,2557079.70000000,1
2026-08-12 20:04:43.981742,1,1283588.19600000,1283588.19600000,1
2026-08-12 20:04:43.985823,1,660089.85000000,660089.85000000,1
2026-08-12 20:04:43.989904,1,2346143.68000000,2346143.68000000,1
2026-08-12 20:04:43.993985,1,40881.59150000,40881.59150000,1
2026-08-12 20:04:43.998062,1,1571939.73000000,1571939.73000000,1
2026-08-12 20:04:44.002143,1,627899.85000000,627899.85000000,1
2026-08-12 20:04:44.006221,1,3306226.57000000,3306226.57000000,1
2026-08-12 20:04:44.010307,1,221119.95000000,221119.95000000,1
2026-08-12 20:04:44.014392,1,2197299.88650000,2197299.88650000,1
2026-08-12 20:04:44.018476,1,204305.83000000,204305.83000000,1
2026-08-12 20:04:44.022565,1,704967.67900000,704967.67900000,1
2026-08-12 20:04:44.026647,1,96716.99000000,96716.99000000,1
2026-08-12 20:04:44.030734,1,583434.82350000,583434.82350000,1
2026-08-12 20:04:44.034815,1,639881.62000000,639881.62000000,1
2026-08-12 20:04:44.038895,1,1528010.77050000,1528010.77050000,1
2026-08-12 20:04:44.042975,1,5507.73000000,5507.73000000,1
2026-08-12 20:04:44.047056,1,15050.71000000,15050.71000000,1
2026-08-12 20:04:44.051137,1,999947.77000000,999947.77000000,1
2026-08-12 20:04:44.055218,1,470399.50000000,470399.50000000,1
2026-08-12 20:04:44.059300,1,3970121.54000000,3970121.54000000,1
2026-08-12 20:04:44.063380,1,2076509.62000000,2076509.62000000,1
2026-08-12 20:04:44.067462,1,561240.81000000,561240.81000000,1
2026-08-12 20:04:44.071543,1,2573129.70000000,2573129.70000000,1
2026-08-12 20:04:44.075625,1,717567.92000000,717567.92000000,1
2026-08-12 20:04:44.079706,1,3528983.62000000,3528983.62000000,1
2026-08-12 20:04:44.083787,1,3143123.64000000,3143123.64000000,1
2026-08-12 20:04:44.087868,1,2520106.63000000,2520106.63000000,1
2026-08-12 20:04:44.091949,1,181445.94000000,181445.94000000,1
2026-08-12 20:04:44.096036,1,815676.83000000,815676.83000000,1
2026-08-12 20:04:44.100124,1,64170.57150000,64170.57150000,1
2026-08-12 20:04:44.104211,1,62099.85000000,62099.85000000,1
2026-08-12 20:04:44.108299,1,183745.27350000,183745.27350000,1
2026-08-12 20:04:44.112398,2,3926163.34000000,1963081.67000000,2
2026-08-12 20:04:44.120568,2,3675577.39000000,1837788.69500000,2
2026-08-12 20:04:44.124645,1,1046298.83000000,1046298.83000000,1
2026-08-12 20:04:44.128722,1,1752911.52000000,1752911.52000000,1
2026-08-12 20:04:44.132881,1,2377964.53000000,2377964.53000000,1
2026-08-12 20:04:44.141047,1,755575.92000000,755575.92000000,1
2026-08-12 20:04:44.145124,1,1356101.73000000,1356101.73000000,1
2026-08-12 20:04:44.149201,1,255707.97000000,255707.97000000,1
2026-08-12 20:04:44.153280,1,2996883.56000000,2996883.56000000,1
2026-08-12 20:04:44.157358,1,812213.91000000,812213.91000000,1
2026-08-12 20:04:44.161434,1,3484775.54000000,3484775.54000000,1
2026-08-12 20:04:44.165510,1,343189.90000000,343189.90000000,1
2026-08-12 20:04:44.169584,1,1433457.74000000,1433457.74000000,1
2026-08-12 20:04:44.173658,1,383472.53000000,383472.53000000,1
2026-08-12 20:04:44.177735,1,115125.98000000,115125.98000000,1
2026-08-12 20:04:44.181808,1,289489.95000000,289489.95000000,1
2026-08-12 20:04:44.185891,1,707399.73000000,707399.73000000,1
2026-08-12 20:04:44.189966,1,204527.96000000,204527.96000000,1
2026-08-12 20:04:44.194050,1,297878.69000000,297878.69000000,1
2026-08-12 20:04:44.198134,1,556709.94000000,556709.94000000,1
2026-08-12 20:04:44.202221,1,1101563.82000000,1101563.82000000,1
2026-08-12 20:04:44.206294,1,1721327.58000000,1721327.58000000,1
2026-08-12 20:04:44.210367,1,45891.98000000,45891.98000000,1
2026-08-12 20:04:44.214441,1,1885519.60000000,1885519.60000000,1
2026-08-12 20:04:44.218525,1,535210.81000000,535210.81000000,1
2026-08-12 20:04:44.222597,1,26071.13200000,26071.13200000,1
2026-08-12 20:04:44.226670,1,351053.73000000,351053.73000000,1
2026-08-12 20:04:44.230759,1,44330.99000000,44330.99000000,1
2026-08-12 20:04:44.234832,1,694055.78000000,694055.78000000,1
2026-08-12 20:04:44.238917,1,39939.80000000,39939.80000000,1
2026-08-12 20:04:44.242990,1,841454.91000000,841454.91000000,1
2026-08-12 20:04:44.247062,1,1764255.68000000,1764255.68000000,1
2026-08-12 20:04:44.251147,1,3749087.58000000,3749087.58000000,1
2026-08-12 20:04:44.255232,1,267539.88000000,267539.88000000,1
2026-08-12 20:04:44.259310,1,3358689.57500000,3358689.57500000,1
2026-08-12 20:04:44.263382,1,1394899.75000000,1394899.75000000,1
2026-08-12 20:04:44.267468,1,577063.92000000,577063.92000000,1
2026-08-12 20:04:44.271541,1,995462.73000000,995462.73000000,1
2026-08-12 20:04:44.275613,1,767969.77000000,767969.77000000,1
2026-08-12 20:04:44.279698,1,3480929.55000000,3480929.55000000,1
2026-08-12 20:04:44.283771,1,151519.90000000,151519.90000000,1
2026-08-12 20:04:44.287843,1,2205014.63000000,2205014.63000000,1
2026-08-12 20:04:44.291915,1,497951.84000000,497951.84000000,1
2026-08-12 20:04:44.295990,1,96363.96000000,96363.96000000,1
2026-08-12 20:04:44.300079,1,464111.67000000,464111.67000000,1
2026-08-12 20:04:44.304166,1,3854049.50000000,3854049.50000000,1
2026-08-12 20:04:44.308241,1,1052545.89000000,1052545.89000000,1
2026-08-12 20:04:44.312316,1,630058.81000000,630058.81000000,1
2026-08-12 20:04:44.316391,1,464579.95000000,464579.95000000,1
2026-08-12 20:04:44.324551,1,611597.61000000,611597.61000000,1
2026-08-12 20:04:44.328628,1,2651201.45050000,2651201.45050000,1
2026-08-12 20:04:44.332706,1,562189.93200000,562189.93200000,1
2026-08-12 20:04:44.336781,1,1133831.79000000,1133831.79000000,1
2026-08-12 20:04:44.340860,1,2513794.53000000,2513794.53000000,1
2026-08-12 20:04:44.344934,1,606079.60000000,606079.60000000,1
2026-08-12 20:04:44.349011,1,75806.99000000,75806.99000000,1
2026-08-12 20:04:44.353082,1,2461879.60000000,2461879.60000000,1
2026-08-12 20:04:44.357157,1,1550447.63000000,1550447.63000000,1
2026-08-12 20:04:44.361234,1,986489.70000000,986489.70000000,1
2026-08-12 20:04:44.365306,1,186367.84000000,186367.84000000,1
2026-08-12 20:04:44.369391,1,3005666.69000000,3005666.69000000,1
2026-08-12 20:04:44.373473,1,2031784.51000000,2031784.51000000,1
2026-08-12 20:04:44.377558,1,141455.18100000,141455.18100000,1
2026-08-12 20:04:44.381640,1,1851455.76000000,1851455.76000000,1
2026-08-12 20:04:44.385725,1,626513.79000000,626513.79000000,1
2026-08-12 20:04:44.389812,1,2231599.75000000,2231599.75000000,1
2026-08-12 20:04:44.393895,1,3402082.07500000,3402082.07500000,1
2026-08-12 20:04:44.397983,1,1144547.88000000,1144547.88000000,1
2026-08-12 20:04:44.402072,1,602797.93000000,602797.93000000,1
2026-08-12 20:04:44.406159,1,2010383.76000000,2010383.76000000,1
2026-08-12 20:04:44.410260,1,4725749.50000000,4725749.50000000,1
2026-08-12 20:04:44.414348,1,1275104.85000000,1275104.85000000,1
2026-08-12 20:04:44.418432,1,27119.76000000,27119.76000000,1
2026-08-12 20:04:44.422516,1,463049.86000000,463049.86000000,1
2026-08-12 20:04:44.426599,1,157535.88000000,157535.88000000,1
2026-08-12 20:04:44.430686,1,1128497.23850000,1128497.23850000,1
2026-08-12 20:04:44.434772,1,2144285.73000000,2144285.73000000,1
2026-08-12 20:04:44.438858,1,134169.98000000,134169.98000000,1
2026-08-12 20:04:44.442942,1,2517236.73000000,2517236.73000000,1
2026-08-12 20:04:44.447027,1,945759.68000000,945759.68000000,1
2026-08-12 20:04:44.451110,1,2611217.71000000,2611217.71000000,1
2026-08-12 20:04:44.455192,1,3942224.55000000,3942224.55000000,1
2026-08-12 20:04:44.459281,1,6031.92000000,6031.92000000,1
2026-08-12 20:04:44.463367,1,939189.86000000,939189.86000000,1
2026-08-12 20:04:44.467455,1,841469.90000000,841469.90000000,1
2026-08-12 20:04:44.471541,1,1016909.55000000,1016909.55000000,1
2026-08-12 20:04:44.475626,1,3750047.52000000,3750047.52000000,1
2026-08-12 20:04:44.479716,1,2683886.69000000,2683886.69000000,1
2026-08-12 20:04:44.483800,1,479219.65000000,479219.65000000,1
2026-08-12 20:04:44.487883,1,1088999.89000000,1088999.89000000,1
2026-08-12 20:04:44.491967,1,513951.92000000,513951.92000000,1
2026-08-12 20:04:44.496050,1,1454247.63000000,1454247.63000000,1
2026-08-12 20:04:44.500132,1,2699785.54000000,2699785.54000000,1
2026-08-12 20:04:44.504216,1,2288659.56000000,2288659.56000000,1
2026-08-12 20:04:44.508301,1,1209011.63000000,1209011.63000000,1
2026-08-12 20:04:44.512385,1,624375.66000000,624375.66000000,1
2026-08-12 20:04:44.516468,1,1125981.69000000,1125981.69000000,1
2026-08-12 20:04:44.520550,1,2272826.69000000,2272826.69000000,1
2026-08-12 20:04:44.524634,1,1673549.55000000,1673549.55000000,1
2026-08-12 20:04:44.528717,1,43985.51100000,43985.51100000,1
2026-08-12 20:04:44.532800,1,924191.64000000,924191.64000000,1
2026-08-12 20:04:44.536883,1,502340.93000000,502340.93000000,1
2026-08-12 20:04:44.540971,1,3135658.11750000,3135658.11750000,1
2026-08-12 20:04:44.545059,1,158103.92000000,158103.92000000,1
2026-08-12 20:04:44.549146,1,3089873.53000000,3089873.53000000,1
2026-08-12 20:04:44.553233,1,1011138.36750000,1011138.36750000,1
2026-08-12 20:04:44.557322,1,428479.74000000,428479.74000000,1
2026-08-12 20:04:44.561404,1,191339.90000000,191339.90000000,1
2026-08-12 20:04:44.565501,1,97715.83000000,97715.83000000,1
2026-08-12 20:04:44.569586,1,929823.72000000,929823.72000000,1
2026-08-12 20:04:44.573668,1,1224446.79000000,1224446.79000000,1
2026-08-12 20:04:44.577753,1,79343.91000000,79343.91000000,1
2026-08-12 20:04:44.581831,1,173982.81000000,173982.81000000,1
2026-08-12 20:04:44.585915,1,208519.90000000,208519.90000000,1
2026-08-12 20:04:44.589998,1,353027.96000000,353027.96000000,1
2026-08-12 20:04:44.594083,1,331792.69000000,331792.69000000,1
2026-08-12 20:04:44.598168,1,669855.89000000,669855.89000000,1
2026-08-12 20:04:44.602252,1,2603061.70050000,2603061.70050000,1
2026-08-12 20:04:44.606336,1,1351919.80000000,1351919.80000000,1
2026-08-12 20:04:44.610421,1,1618679.72000000,1618679.72000000,1
2026-08-12 20:04:44.614513,1,1294208.11300000,1294208.11300000,1
2026-08-12 20:04:44.618600,1,1136259.48100000,1136259.48100000,1
2026-08-12 20:04:44.622695,1,2331224.75000000,2331224.75000000,1
2026-08-12 20:04:44.626776,1,732643.56000000,732643.56000000,1
2026-08-12 20:04:44.630859,1,1622299.50000000,1622299.50000000,1
2026-08-12 20:04:44.634940,1,2475489.54000000,2475489.54000000,1
2026-08-12 20:04:44.639029,1,84391.98000000,84391.98000000,1
2026-08-12 20:04:44.643118,1,2897139.66000000,2897139.66000000,1
2026-08-12 20:04:44.647206,1,1230783.68000000,1230783.68000000,1
2026-08-12 20:04:44.651295,1,193913.98000000,193913.98000000,1
2026-08-12 20:04:44.655382,1,3793029.57000000,3793029.57000000,1
2026-08-12 20:04:44.659469,1,141683.96000000,141683.96000000,1
2026-08-12 20:04:44.663559,1,485927.91000000,485927.91000000,1
2026-08-12 20:04:44.667649,1,1316567.76000000,1316567.76000000,1
2026-08-12 20:04:44.671742,1,1052141.58000000,1052141.58000000,1
2026-08-12 20:04:44.675827,1,1821263.62000000,1821263.62000000,1
2026-08-12 20:04:44.679911,1,988522.71000000,988522.71000000,1
2026-08-12 20:04:44.683998,1,4173455.52000000,4173455.52000000,1
2026-08-12 20:04:44.688080,1,3573643.57000000,3573643.57000000,1
2026-08-12 20:04:44.692167,1,4534173.54000000,4534173.54000000,1
2026-08-12 20:04:44.696254,1,350538.93000000,350538.93000000,1
2026-08-12 20:04:44.700341,1,557495.94000000,557495.94000000,1
2026-08-12 20:04:44.704434,1,608004.77000000,608004.77000000,1
2026-08-12 20:04:44.708520,1,672251.72000000,672251.72000000,1
2026-08-12 20:04:44.712604,1,2363639.76000000,2363639.76000000,1
2026-08-12 20:04:44.716695,1,2154144.65000000,2154144.65000000,1
2026-08-12 20:04:44.720777,1,152433.84900000,152433.84900000,1
2026-08-12 20:04:44.724863,1,1438649.85000000,1438649.85000000,1
2026-08-12 20:04:44.728944,1,1941297.66000000,1941297.66000000,1
2026-08-12 20:04:44.733029,1,55439.80000000,55439.80000000,1
2026-08-12 20:04:44.737112,1,3897263.52000000,3897263.52000000,1
2026-08-12 20:04:44.741194,1,829690.53000000,829690.53000000,1
2026-08-12 20:04:44.745278,1,391343.76000000,391343.76000000,1
2026-08-12 20:04:44.749362,1,720342.87000000,720342.87000000,1
2026-08-12 20:04:44.753445,1,3417241.88450000,3417241.88450000,1
2026-08-12 20:04:44.757530,1,1337356.51000000,1337356.51000000,1
2026-08-12 20:04:44.761613,1,2430359.55000000,2430359.55000000,1
2026-08-12 20:04:44.765699,1,381101.94000000,381101.94000000,1
2026-08-12 20:04:44.769781,1,429209.95000000,429209.95000000,1
2026-08-12 20:04:44.773863,1,1782719.82000000,1782719.82000000,1
2026-08-12 20:04:44.777944,1,985571.72000000,985571.72000000,1
2026-08-12 20:04:44.782031,1,665433.71000000,665433.71000000,1
2026-08-12 20:04:44.786116,1,1220575.84000000,1220575.84000000,1
2026-08-12 20:04:44.790201,1,47681.94000000,47681.94000000,1
2026-08-12 20:04:44.794286,1,1953435.66000000,1953435.66000000,1
2026-08-12 20:04:44.798372,1,985871.77000000,985871.77000000,1
2026-08-12 20:04:44.802456,1,2428319.68000000,2428319.68000000,1
2026-08-12 20:04:44.806541,1,1872753.74000000,1872753.74000000,1
2026-08-12 20:04:44.810628,1,950289.78000000,950289.78000000,1
2026-08-12 20:04:44.814714,1,1829471.66000000,1829471.66000000,1
2026-08-12 20:04:44.818799,1,4057659.54000000,4057659.54000000,1
2026-08-12 20:04:44.822874,1,1923099.50000000,1923099.50000000,1
2026-08-12 20:04:44.826946,1,245729.70000000,245729.70000000,1
2026-08-12 20:04:44.831021,1,586133.94000000,586133.94000000,1
2026-08-12 20:04:44.835093,1,790304.53000000,790304.53000000,1
2026-08-12 20:04:44.839164,1,810383.63350000,810383.63350000,1
2026-08-12 20:04:44.843236,1,262853.92350000,262853.92350000,1
2026-08-12 20:04:44.847313,1,3739615.54000000,3739615.54000000,1
2026-08-12 20:04:44.851390,1,3403294.65000000,3403294.65000000,1
2026-08-12 20:04:44.855466,1,613755.89000000,613755.89000000,1
2026-08-12 20:04:44.859543,1,1050092.89000000,1050092.89000000,1
2026-08-12 20:04:44.863617,1,2508154.53000000,2508154.53000000,1
2026-08-12 20:04:44.867695,1,4061069.55000000,4061069.55000000,1
2026-08-12 20:04:44.871771,1,336779.80000000,336779.80000000,1
2026-08-12 20:04:44.875862,1,673008.60550000,673008.60550000,1
2026-08-12 20:04:44.879933,1,427816.87000000,427816.87000000,1
2026-08-12 20:04:44.884002,1,1979999.80000000,1979999.80000000,1
2026-08-12 20:04:44.888072,1,1900399.80000000,1900399.80000000,1
2026-08-12 20:04:44.892142,1,446032.30650000,446032.30650000,1
2026-08-12 20:04:44.896213,1,2942351.52000000,2942351.52000000,1
2026-08-12 20:04:44.900284,1,1021868.73000000,1021868.73000000,1
2026-08-12 20:04:44.904355,1,2898746.18550000,2898746.18550000,1
2026-08-12 20:04:44.908430,1,439999.92000000,439999.92000000,1
2026-08-12 20:04:44.912505,1,1385903.76000000,1385903.76000000,1
2026-08-12 20:04:44.916578,1,2994119.64000000,2994119.64000000,1
2026-08-12 20:04:44.920650,1,1634147.82000000,1634147.82000000,1
2026-08-12 20:04:44.924728,1,2054289.65000000,2054289.65000000,1
2026-08-12 20:04:44.928800,1,1614897.83000000,1614897.83000000,1
2026-08-12 20:04:44.932877,1,921965.63000000,921965.63000000,1
2026-08-12 20:04:44.936947,1,1620223.68000000,1620223.68000000,1
2026-08-12 20:04:44.941022,1,1225448.59000000,1225448.59000000,1
2026-08-12 20:04:44.945094,1,941541.86000000,941541.86000000,1
2026-08-12 20:04:44.949166,1,3131861.57000000,3131861.57000000,1
2026-08-12 20:04:44.953236,1,642719.61000000,642719.61000000,1
2026-08-12 20:04:44.957306,1,1168607.68000000,1168607.68000000,1
2026-08-12 20:04:44.961379,1,716015.84000000,716015.84000000,1
2026-08-12 20:04:44.965457,1,877590.81000000,877590.81000000,1
2026-08-12 20:04:44.969524,1,49427.97000000,49427.97000000,1
2026-08-12 20:04:44.973599,1,1494490.59000000,1494490.59000000,1
2026-08-12 20:04:44.977674,1,166924.75000000,166924.75000000,1
2026-08-12 20:04:44.981749,1,481076.91000000,481076.91000000,1
2026-08-12 20:04:44.985824,1,978299.55000000,978299.55000000,1
2026-08-12 20:04:44.989898,1,2261.97000000,2261.97000000,1
2026-08-12 20:04:44.993971,1,827531.91000000,827531.91000000,1
2026-08-12 20:04:44.998048,1,1846367.76000000,1846367.76000000,1
2026-08-12 20:04:45.002125,1,3754285.62000000,3754285.62000000,1
2026-08-12 20:04:45.006201,1,1242183.77000000,1242183.77000000,1
2026-08-12 20:04:45.010280,1,1784442.59000000,1784442.59000000,1
2026-08-12 20:04:45.014357,1,1958179.80000000,1958179.80000000,1
2026-08-12 20:04:45.018442,1,3489401.58000000,3489401.58000000,1
2026-08-12 20:04:45.022515,1,340869.90000000,340869.90000000,1
2026-08-12 20:04:45.026603,1,1639250.73000000,1639250.73000000,1
2026-08-12 20:04:45.030692,1,1697219.55000000,1697219.55000000,1
2026-08-12 20:04:45.034837,1,212307.96000000,212307.96000000,1
2026-08-12 20:04:45.038910,1,2293868.33550000,2293868.33550000,1
2026-08-12 20:04:45.042997,1,136425.98000000,136425.98000000,1
2026-08-12 20:04:45.047070,1,2590334.55000000,2590334.55000000,1
2026-08-12 20:04:45.051158,1,727839.90000000,727839.90000000,1
2026-08-12 20:04:45.055239,1,255799.60000000,255799.60000000,1
2026-08-12 20:04:45.059313,1,1595967.68000000,1595967.68000000,1
2026-08-12 20:04:45.063387,1,1069969.78000000,1069969.78000000,1
2026-08-12 20:04:45.067467,1,473423.76000000,473423.76000000,1
2026-08-12 20:04:45.071551,1,2851295.58000000,2851295.58000000,1
2026-08-12 20:04:45.075634,1,3658863.56000000,3658863.56000000,1
2026-08-12 20:04:45.079708,1,732569.70000000,732569.70000000,1
2026-08-12 20:04:45.083855,1,1762361.82000000,1762361.82000000,1
2026-08-12 20:04:45.087941,1,1888325.67000000,1888325.67000000,1
2026-08-12 20:04:45.092027,1,436939.80000000,436939.80000000,1
2026-08-12 20:04:45.096114,1,503651.81000000,503651.81000000,1
2026-08-12 20:04:45.100199,1,1581953.67000000,1581953.67000000,1
2026-08-12 20:04:45.104287,1,322979.85000000,322979.85000000,1
2026-08-12 20:04:45.108372,1,988740.81000000,988740.81000000,1
2026-08-12 20:04:45.112464,1,1174524.75550000,1174524.75550000,1
2026-08-12 20:04:45.116554,1,2300189.85350000,2300189.85350000,1
2026-08-12 20:04:45.120640,1,890705.71000000,890705.71000000,1
2026-08-12 20:04:45.124727,1,365478.63950000,365478.63950000,1
2026-08-12 20:04:45.128812,1,300479.92000000,300479.92000000,1
2026-08-12 20:04:45.132895,1,165281.98000000,165281.98000000,1
2026-08-12 20:04:45.136978,1,51671.92000000,51671.92000000,1
2026-08-12 20:04:45.141017,1,235097.94000000,235097.94000000,1
2026-08-12 20:04:45.145100,1,3435669.65000000,3435669.65000000,1
2026-08-12 20:04:45.149173,1,137425.98000000,137425.98000000,1
2026-08-12 20:04:45.153246,1,825679.80000000,825679.80000000,1
2026-08-12 20:04:45.157330,1,1228184.55000000,1228184.55000000,1
2026-08-12 20:04:45.161416,1,26938.89000000,26938.89000000,1
2026-08-12 20:04:45.165501,1,2622179.56000000,2622179.56000000,1
2026-08-12 20:04:45.169585,1,939103.84000000,939103.84000000,1
2026-08-12 20:04:45.173670,1,2274518.61000000,2274518.61000000,1
2026-08-12 20:04:45.177755,1,4563949.50000000,4563949.50000000,1
2026-08-12 20:04:45.181836,1,1477611.77000000,1477611.77000000,1
2026-08-12 20:04:45.185920,1,198508.95750000,198508.95750000,1
2026-08-12 20:04:45.190003,1,1127918.87000000,1127918.87000000,1
2026-08-12 20:04:45.194082,1,2120137.66000000,2120137.66000000,1
2026-08-12 20:04:45.198156,1,7987.96000000,7987.96000000,1
2026-08-12 20:04:45.202228,1,4238466.57000000,4238466.57000000,1
2026-08-12 20:04:45.206300,1,1370655.72000000,1370655.72000000,1
2026-08-12 20:04:45.210373,1,1166063.52000000,1166063.52000000,1
2026-08-12 20:04:45.214445,1,437813.74000000,437813.74000000,1
2026-08-12 20:04:45.218517,1,2543947.66000000,2543947.66000000,1
2026-08-12 20:04:45.222590,1,689723.74500000,689723.74500000,1
2026-08-12 20:04:45.226662,1,1205066.12250000,1205066.12250000,1
2026-08-12 20:04:45.230734,1,479555.88000000,479555.88000000,1
2026-08-12 20:04:45.234806,1,2061223.56000000,2061223.56000000,1
2026-08-12 20:04:45.238877,1,154754.91000000,154754.91000000,1
2026-08-12 20:04:45.242948,1,3283351.62000000,3283351.62000000,1
2026-08-12 20:04:45.247021,1,1912863.54000000,1912863.54000000,1
2026-08-12 20:04:45.251092,1,3917279.60000000,3917279.60000000,1
2026-08-12 20:04:45.255162,1,122349.90000000,122349.90000000,1
2026-08-12 20:04:45.259243,1,779622.87000000,779622.87000000,1
2026-08-12 20:04:45.263313,1,2992879.60000000,2992879.60000000,1
2026-08-12 20:04:45.267384,1,2235551.71000000,2235551.71000000,1
2026-08-12 20:04:45.271456,1,2439746.23650000,2439746.23650000,1
2026-08-12 20:04:45.275528,1,584912.51000000,584912.51000000,1
2026-08-12 20:04:45.279608,1,100153.98000000,100153.98000000,1
2026-08-12 20:04:45.283685,1,1019.95000000,1019.95000000,1
2026-08-12 20:04:45.287760,1,588790.93000000,588790.93000000,1
2026-08-12 20:04:45.291832,1,2761163.58000000,2761163.58000000,1
2026-08-12 20:04:45.295904,1,1387711.84000000,1387711.84000000,1
2026-08-12 20:04:45.299975,1,115037.86000000,115037.86000000,1
2026-08-12 20:04:45.304047,1,33263.88000000,33263.88000000,1
2026-08-12 20:04:45.308128,1,1518119.76000000,1518119.76000000,1
2026-08-12 20:04:45.312208,1,269179.80000000,269179.80000000,1
2026-08-12 20:04:45.316287,1,1125500.87000000,1125500.87000000,1
2026-08-12 20:04:45.320368,1,1370684.77000000,1370684.77000000,1
2026-08-12 20:04:45.324443,1,1419914.79000000,1419914.79000000,1
2026-08-12 20:04:45.328524,1,1493346.57000000,1493346.57000000,1
2026-08-12 20:04:45.332605,1,3271359.60000000,3271359.60000000,1
2026-08-12 20:04:45.336680,1,539523.62000000,539523.62000000,1
2026-08-12 20:04:45.340759,1,2067294.53000000,2067294.53000000,1
2026-08-12 20:04:45.344840,1,1210144.83000000,1210144.83000000,1
2026-08-12 20:04:45.348915,1,1969026.69000000,1969026.69000000,1
2026-08-12 20:04:45.352988,1,724247.88000000,724247.88000000,1
2026-08-12 20:04:45.357065,1,1227589.74000000,1227589.74000000,1
2026-08-12 20:04:45.361143,1,2343431.58000000,2343431.58000000,1
2026-08-12 20:04:45.365219,1,588524.65000000,588524.65000000,1
2026-08-12 20:04:45.369293,1,1240140.51000000,1240140.51000000,1
2026-08-12 20:04:45.373373,1,4523087.54000000,4523087.54000000,1
2026-08-12 20:04:45.377455,1,3167999.55000000,3167999.55000000,1
2026-08-12 20:04:45.381551,2,4190287.22000000,2095143.61000000,2
2026-08-12 20:04:45.385630,1,889237.86000000,889237.86000000,1
2026-08-12 20:04:45.389719,1,2713259.70000000,2713259.70000000,1
2026-08-12 20:04:45.393847,1,78125.99000000,78125.99000000,1
2026-08-12 20:04:45.397927,1,121465.98000000,121465.98000000,1
2026-08-12 20:04:45.402020,1,698638.71000000,698638.71000000,1
2026-08-12 20:04:45.406095,1,694070.77000000,694070.77000000,1
2026-08-12 20:04:45.410175,1,2276774.55000000,2276774.55000000,1
2026-08-12 20:04:45.414257,1,116984.89000000,116984.89000000,1
2026-08-12 20:04:45.418333,1,1950550.69000000,1950550.69000000,1
2026-08-12 20:04:45.422410,1,3921599.52000000,3921599.52000000,1
2026-08-12 20:04:45.426487,1,690039.87000000,690039.87000000,1
2026-08-12 20:04:45.430576,1,1112015.52000000,1112015.52000000,1
2026-08-12 20:04:45.438749,1,120657.54000000,120657.54000000,1
2026-08-12 20:04:45.442829,1,554303.76000000,554303.76000000,1
2026-08-12 20:04:45.446900,1,2672549.55000000,2672549.55000000,1
2026-08-12 20:04:45.450977,1,923867.64000000,923867.64000000,1
2026-08-12 20:04:45.455048,1,346691.94000000,346691.94000000,1
2026-08-12 20:04:45.459136,1,556539.80000000,556539.80000000,1
2026-08-12 20:04:45.463223,1,287795.88000000,287795.88000000,1
2026-08-12 20:04:45.467310,1,1452879.60000000,1452879.60000000,1
2026-08-12 20:04:45.471390,1,2632793.71000000,2632793.71000000,1
2026-08-12 20:04:45.475472,1,68637.98000000,68637.98000000,1
2026-08-12 20:04:45.479553,1,688744.69800000,688744.69800000,1
2026-08-12 20:04:45.483625,1,157555.96600000,157555.96600000,1
2026-08-12 20:04:45.487697,1,2412409.74000000,2412409.74000000,1
2026-08-12 20:04:45.491776,1,844535.89000000,844535.89000000,1
2026-08-12 20:04:45.495862,1,115851.89000000,115851.89000000,1
2026-08-12 20:04:45.499937,1,193130.73000000,193130.73000000,1
2026-08-12 20:04:45.504010,1,3192077.54000000,3192077.54000000,1
2026-08-12 20:04:45.508091,1,189123.87000000,189123.87000000,1
2026-08-12 20:04:45.512178,1,1490688.82600000,1490688.82600000,1
2026-08-12 20:04:45.516249,1,2765990.71000000,2765990.71000000,1
2026-08-12 20:04:45.520321,1,1547584.71000000,1547584.71000000,1
2026-08-12 20:04:45.524393,1,234429.86000000,234429.86000000,1
2026-08-12 20:04:45.528483,1,23561.91500000,23561.91500000,1
2026-08-12 20:04:45.532572,1,551608.77000000,551608.77000000,1
2026-08-12 20:04:45.536663,2,1434002.60000000,717001.30000000,2
2026-08-12 20:04:45.540753,1,1941723.71000000,1941723.71000000,1
2026-08-12 20:04:45.544834,1,1299087.84000000,1299087.84000000,1
2026-08-12 20:04:45.548922,1,1787294.57000000,1787294.57000000,1
2026-08-12 20:04:45.553010,1,985738.81000000,985738.81000000,1
2026-08-12 20:04:45.557099,1,1847559.60000000,1847559.60000000,1
2026-08-12 20:04:45.561179,1,222461.97000000,222461.97000000,1
2026-08-12 20:04:45.565267,1,245099.97000000,245099.97000000,1
2026-08-12 20:04:45.569343,1,3188511.63000000,3188511.63000000,1
2026-08-12 20:04:45.573418,1,1346361.36750000,1346361.36750000,1
2026-08-12 20:04:45.577493,1,3529022.63000000,3529022.63000000,1
2026-08-12 20:04:45.581573,1,1778607.72800000,1778607.72800000,1
2026-08-12 20:04:45.585656,1,4088012.53000000,4088012.53000000,1
2026-08-12 20:04:45.589716,1,2357084.69000000,2357084.69000000,1
2026-08-12 20:04:45.593798,1,249833.74000000,249833.74000000,1
2026-08-12 20:04:45.597884,1,28611.96000000,28611.96000000,1
2026-08-12 20:04:45.601973,1,1171469.70000000,1171469.70000000,1
2026-08-12 20:04:45.606047,1,2006151.77000000,2006151.77000000,1
2026-08-12 20:04:45.610121,1,242929.90000000,242929.90000000,1
2026-08-12 20:04:45.614210,1,1230671.52000000,1230671.52000000,1
2026-08-12 20:04:45.618290,1,1383845.81000000,1383845.81000000,1
2026-08-12 20:04:45.622367,1,404627.72000000,404627.72000000,1
2026-08-12 20:04:45.626450,1,239883.96000000,239883.96000000,1
2026-08-12 20:04:45.630542,1,24035.98000000,24035.98000000,1
2026-08-12 20:04:45.634623,1,431647.59000000,431647.59000000,1
2026-08-12 20:04:45.642791,1,1833639.60000000,1833639.60000000,1
2026-08-12 20:04:45.646863,1,2289737.67000000,2289737.67000000,1
2026-08-12 20:04:45.650935,1,1169211.78000000,1169211.78000000,1
2026-08-12 20:04:45.655011,1,57866.97000000,57866.97000000,1
2026-08-12 20:04:45.659084,1,2288948.61000000,2288948.61000000,1
2026-08-12 20:04:45.663163,1,51765.87000000,51765.87000000,1
2026-08-12 20:04:45.667237,1,2139391.68000000,2139391.68000000,1
2026-08-12 20:04:45.671315,1,1357964.55000000,1357964.55000000,1
2026-08-12 20:04:45.675389,2,4347991.31000000,2173995.65500000,2
2026-08-12 20:04:45.679468,1,250644.29400000,250644.29400000,1
2026-08-12 20:04:45.683543,1,4014431.52000000,4014431.52000000,1
2026-08-12 20:04:45.691698,1,88212.83000000,88212.83000000,1
2026-08-12 20:04:45.695772,1,2252123.58000000,2252123.58000000,1
2026-08-12 20:04:45.699843,1,993524.61000000,993524.61000000,1
2026-08-12 20:04:45.703913,1,2981490.57000000,2981490.57000000,1
2026-08-12 20:04:45.707984,1,2032429.62000000,2032429.62000000,1
2026-08-12 20:04:45.712055,1,221213.94000000,221213.94000000,1
2026-08-12 20:04:45.716127,1,1630277.61000000,1630277.61000000,1
2026-08-12 20:04:45.720199,1,1137622.83000000,1137622.83000000,1
2026-08-12 20:04:45.724271,1,2575619.59000000,2575619.59000000,1
2026-08-12 20:04:45.728343,1,2051507.54000000,2051507.54000000,1
2026-08-12 20:04:45.732415,1,1386967.78000000,1386967.78000000,1
2026-08-12 20:04:45.736486,2,1368998.70000000,684499.35000000,2
2026-08-12 20:04:45.744652,1,1140639.80000000,1140639.80000000,1
2026-08-12 20:04:45.748730,1,415649.90000000,415649.90000000,1
2026-08-12 20:04:45.752805,1,1639790.73000000,1639790.73000000,1
2026-08-12 20:04:45.756880,1,1243592.87000000,1243592.87000000,1
2026-08-12 20:04:45.760957,1,1196975.76000000,1196975.76000000,1
2026-08-12 20:04:45.765037,1,2098337.78000000,2098337.78000000,1
2026-08-12 20:04:45.769110,1,1352111.52000000,1352111.52000000,1
2026-08-12 20:04:45.773182,1,391549.95000000,391549.95000000,1
2026-08-12 20:04:45.777254,1,1381488.50150000,1381488.50150000,1
2026-08-12 20:04:45.781325,1,1901215.68000000,1901215.68000000,1
2026-08-12 20:04:45.785397,1,277010.97000000,277010.97000000,1
2026-08-12 20:04:45.789471,1,3468959.55000000,3468959.55000000,1
2026-08-12 20:04:45.793542,1,560319.66000000,560319.66000000,1
2026-08-12 20:04:45.797615,1,111151.77150000,111151.77150000,1
2026-08-12 20:04:45.801686,1,1214649.50000000,1214649.50000000,1
2026-08-12 20:04:45.805761,1,700496.79000000,700496.79000000,1
2026-08-12 20:04:45.809833,1,3247199.64000000,3247199.64000000,1
2026-08-12 20:04:45.813905,1,711619.83000000,711619.83000000,1
2026-08-12 20:04:45.817976,1,2451935.52000000,2451935.52000000,1
2026-08-12 20:04:45.822049,1,686399.87000000,686399.87000000,1
2026-08-12 20:04:45.826120,1,399420.89000000,399420.89000000,1
2026-08-12 20:04:45.830191,1,397956.93000000,397956.93000000,1
2026-08-12 20:04:45.834261,1,699408.81000000,699408.81000000,1
2026-08-12 20:04:45.838332,1,3282003.56000000,3282003.56000000,1
2026-08-12 20:04:45.842403,1,304898.93000000,304898.93000000,1
2026-08-12 20:04:45.846475,1,738695.92000000,738695.92000000,1
2026-08-12 20:04:45.850546,1,687446.77000000,687446.77000000,1
2026-08-12 20:04:45.854617,1,97222.81000000,97222.81000000,1
2026-08-12 20:04:45.858687,1,45228.69000000,45228.69000000,1
2026-08-12 20:04:45.862757,1,2352071.54000000,2352071.54000000,1
2026-08-12 20:04:45.866827,1,463864.95000000,463864.95000000,1
2026-08-12 20:04:45.870898,1,751215.84000000,751215.84000000,1
2026-08-12 20:04:45.874969,1,731813.94300000,731813.94300000,1
2026-08-12 20:04:45.879039,1,130094.65000000,130094.65000000,1
2026-08-12 20:04:45.883117,1,278354.97000000,278354.97000000,1
2026-08-12 20:04:45.887188,1,180399.98000000,180399.98000000,1
2026-08-12 20:04:45.891267,1,889572.24300000,889572.24300000,1
2026-08-12 20:04:45.895344,1,482287.92000000,482287.92000000,1
2026-08-12 20:04:45.899411,1,758470.77000000,758470.77000000,1
2026-08-12 20:04:45.903485,1,523847.76000000,523847.76000000,1
2026-08-12 20:04:45.907556,1,2443229.70000000,2443229.70000000,1
2026-08-12 20:04:45.911626,1,3827726.53000000,3827726.53000000,1
2026-08-12 20:04:45.915701,1,39103.87000000,39103.87000000,1
2026-08-12 20:04:45.919772,1,431759.85000000,431759.85000000,1
2026-08-12 20:04:45.923846,1,456677.73000000,456677.73000000,1
2026-08-12 20:04:45.927916,1,400679.88000000,400679.88000000,1
2026-08-12 20:04:45.931986,1,1343705.58000000,1343705.58000000,1
2026-08-12 20:04:45.936055,1,833571.10650000,833571.10650000,1
2026-08-12 20:04:45.940130,1,584673.63000000,584673.63000000,1
2026-08-12 20:04:45.944196,1,1590588.51000000,1590588.51000000,1
2026-08-12 20:04:45.948287,1,333735.87000000,333735.87000000,1
2026-08-12 20:04:45.952356,1,632079.60000000,632079.60000000,1
2026-08-12 20:04:45.956425,1,759703.78000000,759703.78000000,1
2026-08-12 20:04:45.960492,1,1563701.79000000,1563701.79000000,1
2026-08-12 20:04:45.964562,1,3513687.07500000,3513687.07500000,1
2026-08-12 20:04:45.968633,1,1218127.62000000,1218127.62000000,1
2026-08-12 20:04:45.972703,1,693263.76000000,693263.76000000,1
2026-08-12 20:04:45.976781,1,1010015.79000000,1010015.79000000,1
2026-08-12 20:04:45.980858,1,400960.89000000,400960.89000000,1
2026-08-12 20:04:45.984931,1,2897279.64000000,2897279.64000000,1
2026-08-12 20:04:45.989008,1,552511.84000000,552511.84000000,1
2026-08-12 20:04:45.993077,1,1339103.76000000,1339103.76000000,1
2026-08-12 20:04:45.997148,1,168132.93000000,168132.93000000,1
2026-08-12 20:04:46.001219,1,2755079.55000000,2755079.55000000,1
2026-08-12 20:04:46.005289,1,1355874.75000000,1355874.75000000,1
2026-08-12 20:04:46.009360,1,796917.28750000,796917.28750000,1
2026-08-12 20:04:46.013435,1,685679.85000000,685679.85000000,1
2026-08-12 20:04:46.017508,1,1143863.64000000,1143863.64000000,1
2026-08-12 20:04:46.021593,1,1773279.80000000,1773279.80000000,1
2026-08-12 20:04:46.025672,1,829232.42600000,829232.42600000,1
2026-08-12 20:04:46.029763,1,7346.97000000,7346.97000000,1
2026-08-12 20:04:46.033849,1,2331831.71000000,2331831.71000000,1
2026-08-12 20:04:46.037931,1,2128598.67000000,2128598.67000000,1
2026-08-12 20:04:46.042018,1,706285.51000000,706285.51000000,1
2026-08-12 20:04:46.046105,1,1480499.85000000,1480499.85000000,1
2026-08-12 20:04:46.050186,1,2039344.65000000,2039344.65000000,1
2026-08-12 20:04:46.054271,1,1647794.63000000,1647794.63000000,1
2026-08-12 20:04:46.058357,1,1599649.50000000,1599649.50000000,1
2026-08-12 20:04:46.062443,1,2865389.62000000,2865389.62000000,1
2026-08-12 20:04:46.066528,1,1286102.61000000,1286102.61000000,1
2026-08-12 20:04:46.070608,1,690967.43950000,690967.43950000,1
2026-08-12 20:04:46.074686,1,2395343.58000000,2395343.58000000,1
2026-08-12 20:04:46.078806,1,117911.97000000,117911.97000000,1
2026-08-12 20:04:46.082894,1,55599.96000000,55599.96000000,1
2026-08-12 20:04:46.086980,1,192383.98000000,192383.98000000,1
2026-08-12 20:04:46.091053,1,139676.97000000,139676.97000000,1
2026-08-12 20:04:46.095125,1,179043.83000000,179043.83000000,1
2026-08-12 20:04:46.099197,1,283246.69000000,283246.69000000,1
2026-08-12 20:04:46.103264,1,2656511.64000000,2656511.64000000,1
2026-08-12 20:04:46.107336,1,3492199.50000000,3492199.50000000,1
2026-08-12 20:04:46.111407,1,1412822.19600000,1412822.19600000,1
2026-08-12 20:04:46.115478,1,2137935.53000000,2137935.53000000,1
2026-08-12 20:04:46.119551,1,1267399.60000000,1267399.60000000,1
2026-08-12 20:04:46.123622,1,3292379.64000000,3292379.64000000,1
2026-08-12 20:04:46.127694,1,16381.98000000,16381.98000000,1
2026-08-12 20:04:46.131855,1,789815.76000000,789815.76000000,1
2026-08-12 20:04:46.135926,1,650099.50000000,650099.50000000,1
2026-08-12 20:04:46.139998,1,1310672.79000000,1310672.79000000,1
2026-08-12 20:04:46.144066,1,974911.84000000,974911.84000000,1
2026-08-12 20:04:46.148137,1,855986.67000000,855986.67000000,1
2026-08-12 20:04:46.152223,1,857279.80000000,857279.80000000,1
2026-08-12 20:04:46.156308,1,1306395.86000000,1306395.86000000,1
2026-08-12 20:04:46.160392,1,1097562.71000000,1097562.71000000,1
2026-08-12 20:04:46.164471,1,59109.98000000,59109.98000000,1
2026-08-12 20:04:46.168547,1,1248309.83000000,1248309.83000000,1
2026-08-12 20:04:46.172621,1,395131.96000000,395131.96000000,1
2026-08-12 20:04:46.176703,1,418580.91000000,418580.91000000,1
2026-08-12 20:04:46.180900,1,4347067.56000000,4347067.56000000,1
2026-08-12 20:04:46.184980,1,423849.86000000,423849.86000000,1
2026-08-12 20:04:46.189052,1,1933523.64000000,1933523.64000000,1
2026-08-12 20:04:46.193128,1,516303.39600000,516303.39600000,1
2026-08-12 20:04:46.197208,1,1671035.17050000,1671035.17050000,1
2026-08-12 20:04:46.201295,1,1539232.71000000,1539232.71000000,1
2026-08-12 20:04:46.205378,1,661418.83000000,661418.83000000,1
2026-08-12 20:04:46.209453,1,2437973.67000000,2437973.67000000,1
2026-08-12 20:04:46.213538,1,598571.87000000,598571.87000000,1
2026-08-12 20:04:46.217622,1,2171229.71000000,2171229.71000000,1
2026-08-12 20:04:46.221704,1,3614907.56000000,3614907.56000000,1
2026-08-12 20:04:46.225793,1,92015.76000000,92015.76000000,1
2026-08-12 20:04:46.229872,1,667897.93000000,667897.93000000,1
2026-08-12 20:04:46.233946,1,1103673.66000000,1103673.66000000,1
2026-08-12 20:04:46.238022,1,760766.83000000,760766.83000000,1
2026-08-12 20:04:46.242097,1,844775.76000000,844775.76000000,1
2026-08-12 20:04:46.246173,1,295389.90000000,295389.90000000,1
2026-08-12 20:04:46.250249,1,169591.96000000,169591.96000000,1
2026-08-12 20:04:46.254335,1,472873.71000000,472873.71000000,1
2026-08-12 20:04:46.258420,1,2610469.59000000,2610469.59000000,1
2026-08-12 20:04:46.262504,1,196039.98000000,196039.98000000,1
2026-08-12 20:04:46.266590,1,18122.99000000,18122.99000000,1
2026-08-12 20:04:46.270672,1,933932.79000000,933932.79000000,1
2026-08-12 20:04:46.274751,1,467429.90000000,467429.90000000,1
2026-08-12 20:04:46.278843,1,277087.86000000,277087.86000000,1
2026-08-12 20:04:46.282922,1,1287851.83000000,1287851.83000000,1
2026-08-12 20:04:46.287002,1,2896277.58000000,2896277.58000000,1
2026-08-12 20:04:46.291081,1,4004967.56000000,4004967.56000000,1
2026-08-12 20:04:46.299260,1,664647.92000000,664647.92000000,1
2026-08-12 20:04:46.303358,2,247855.65000000,123927.82500000,2
2026-08-12 20:04:46.307455,1,1765589.17050000,1765589.17050000,1
2026-08-12 20:04:46.311540,1,181569.95000000,181569.95000000,1
2026-08-12 20:04:46.315622,1,673829.91000000,673829.91000000,1
2026-08-12 20:04:46.319694,1,55258.45750000,55258.45750000,1
2026-08-12 20:04:46.327845,1,55028.87000000,55028.87000000,1
2026-08-12 20:04:46.331916,1,4188329.55000000,4188329.55000000,1
2026-08-12 20:04:46.335989,1,3785079.60000000,3785079.60000000,1
2026-08-12 20:04:46.340062,1,1115397.71000000,1115397.71000000,1
2026-08-12 20:04:46.344140,1,1347213.62000000,1347213.62000000,1
2026-08-12 20:04:46.348219,1,439095.72000000,439095.72000000,1
2026-08-12 20:04:46.352297,1,1056635.64000000,1056635.64000000,1
2026-08-12 20:04:46.356369,1,583799.58000000,583799.58000000,1
2026-08-12 20:04:46.360448,1,1174032.46950000,1174032.46950000,1
2026-08-12 20:04:46.364531,1,2318434.51000000,2318434.51000000,1
2026-08-12 20:04:46.368613,1,508775.88000000,508775.88000000,1
2026-08-12 20:04:46.372694,1,208157.97000000,208157.97000000,1
2026-08-12 20:04:46.376771,1,2758617.53000000,2758617.53000000,1
2026-08-12 20:04:46.380852,1,3597768.63000000,3597768.63000000,1
2026-08-12 20:04:46.384942,1,461333.94000000,461333.94000000,1
2026-08-12 20:04:46.389023,1,518753.94000000,518753.94000000,1
2026-08-12 20:04:46.393107,1,933995.72000000,933995.72000000,1
2026-08-12 20:04:46.397192,1,4305699.50000000,4305699.50000000,1
2026-08-12 20:04:46.401266,1,1669349.69000000,1669349.69000000,1
2026-08-12 20:04:46.405351,1,926367.84000000,926367.84000000,1
2026-08-12 20:04:46.409431,1,806606.81000000,806606.81000000,1
2026-08-12 20:04:46.413518,1,243815.88000000,243815.88000000,1
2026-08-12 20:04:46.417593,1,185949.95000000,185949.95000000,1
2026-08-12 20:04:46.421670,1,231087.92000000,231087.92000000,1
2026-08-12 20:04:46.425751,1,641819.88000000,641819.88000000,1
2026-08-12 20:04:46.429827,1,187373.67000000,187373.67000000,1
2026-08-12 20:04:46.433902,1,83169.99000000,83169.99000000,1
2026-08-12 20:04:46.437978,1,1049837.63000000,1049837.63000000,1
2026-08-12 20:04:46.442053,1,48644.99000000,48644.99000000,1
2026-08-12 20:04:46.446141,1,233195.94000000,233195.94000000,1
2026-08-12 20:04:46.450218,1,1927149.50000000,1927149.50000000,1
2026-08-12 20:04:46.454299,1,2676525.71000000,2676525.71000000,1
2026-08-12 20:04:46.458371,1,1558385.82000000,1558385.82000000,1
2026-08-12 20:04:46.462451,1,1279803.69000000,1279803.69000000,1
2026-08-12 20:04:46.466525,1,409927.92000000,409927.92000000,1
2026-08-12 20:04:46.470610,1,2584999.53000000,2584999.53000000,1
2026-08-12 20:04:46.474687,1,2421791.73000000,2421791.73000000,1
2026-08-12 20:04:46.478746,1,439782.77000000,439782.77000000,1
2026-08-12 20:04:46.486918,1,125455.92000000,125455.92000000,1
2026-08-12 20:04:46.491005,1,68279.60000000,68279.60000000,1
2026-08-12 20:04:46.495093,1,2360323.06950000,2360323.06950000,1
2026-08-12 20:04:46.499180,1,2822276.77700000,2822276.77700000,1
2026-08-12 20:04:46.503267,1,1952747.59000000,1952747.59000000,1
2026-08-12 20:04:46.507353,1,730439.88000000,730439.88000000,1
2026-08-12 20:04:46.511435,1,3575707.57000000,3575707.57000000,1
2026-08-12 20:04:46.515516,1,1074989.65000000,1074989.65000000,1
2026-08-12 20:04:46.519598,1,1389719.63000000,1389719.63000000,1
2026-08-12 20:04:46.523680,1,1123835.66000000,1123835.66000000,1
2026-08-12 20:04:46.527760,1,1027445.66000000,1027445.66000000,1
2026-08-12 20:04:46.531841,1,1593585.69000000,1593585.69000000,1
2026-08-12 20:04:46.535922,1,1361951.52000000,1361951.52000000,1
2026-08-12 20:04:46.540004,1,89057.94000000,89057.94000000,1
2026-08-12 20:04:46.544081,1,164949.50000000,164949.50000000,1
2026-08-12 20:04:46.548161,1,571629.90000000,571629.90000000,1
2026-08-12 20:04:46.552245,1,399790.51000000,399790.51000000,1
2026-08-12 20:04:46.556335,1,511127.64000000,511127.64000000,1
2026-08-12 20:04:46.560422,1,1176170.69000000,1176170.69000000,1
2026-08-12 20:04:46.564507,1,1527605.73000000,1527605.73000000,1
2026-08-12 20:04:46.568592,1,608562.59000000,608562.59000000,1
2026-08-12 20:04:46.572674,1,458977.74000000,458977.74000000,1
2026-08-12 20:04:46.576763,1,1123835.79000000,1123835.79000000,1
2026-08-12 20:04:46.580842,1,1287944.85000000,1287944.85000000,1
2026-08-12 20:04:46.584922,1,8504.85000000,8504.85000000,1
2026-08-12 20:04:46.589001,1,1337313.78000000,1337313.78000000,1
2026-08-12 20:04:46.593083,1,63117.81000000,63117.81000000,1
2026-08-12 20:04:46.597168,1,585485.94000000,585485.94000000,1
2026-08-12 20:04:46.601254,1,821535.68000000,821535.68000000,1
2026-08-12 20:04:46.605339,1,2018892.57000000,2018892.57000000,1
2026-08-12 20:04:46.609419,1,975535.62000000,975535.62000000,1
2026-08-12 20:04:46.613504,1,798166.83000000,798166.83000000,1
2026-08-12 20:04:46.617590,1,568021.74000000,568021.74000000,1
2026-08-12 20:04:46.621674,1,1131703.51000000,1131703.51000000,1
2026-08-12 20:04:46.625756,1,1650767.58000000,1650767.58000000,1
2026-08-12 20:04:46.629837,1,578039.60000000,578039.60000000,1
2026-08-12 20:04:46.633918,1,683079.80000000,683079.80000000,1
2026-08-12 20:04:46.637999,1,611015.58000000,611015.58000000,1
2026-08-12 20:04:46.642080,1,1381743.74000000,1381743.74000000,1
2026-08-12 20:04:46.646164,1,1891319.70000000,1891319.70000000,1
2026-08-12 20:04:46.650250,1,109724.75000000,109724.75000000,1
2026-08-12 20:04:46.654332,1,3390239.65000000,3390239.65000000,1
2026-08-12 20:04:46.658418,1,2263363.59000000,2263363.59000000,1
2026-08-12 20:04:46.662503,1,954839.90000000,954839.90000000,1
2026-08-12 20:04:46.666585,1,308807.94000000,308807.94000000,1
2026-08-12 20:04:46.670671,1,1941169.78000000,1941169.78000000,1
2026-08-12 20:04:46.674753,1,2024063.79000000,2024063.79000000,1
2026-08-12 20:04:46.678848,1,1899127.56000000,1899127.56000000,1
2026-08-12 20:04:46.682931,1,129725.91000000,129725.91000000,1
2026-08-12 20:04:46.687003,1,2385879.72000000,2385879.72000000,1
2026-08-12 20:04:46.691075,1,361019.94000000,361019.94000000,1
2026-08-12 20:04:46.695147,1,3333263.56000000,3333263.56000000,1
2026-08-12 20:04:46.699219,1,145491.98000000,145491.98000000,1
2026-08-12 20:04:46.703292,1,444179.85000000,444179.85000000,1
2026-08-12 20:04:46.707365,1,2194155.59000000,2194155.59000000,1
2026-08-12 20:04:46.711438,1,3349699.50000000,3349699.50000000,1
2026-08-12 20:04:46.715513,1,2600749.50000000,2600749.50000000,1
2026-08-12 20:04:46.719586,1,1339139.78000000,1339139.78000000,1
2026-08-12 20:04:46.723667,1,999074.75000000,999074.75000000,1
2026-08-12 20:04:46.727751,1,101189.98000000,101189.98000000,1
2026-08-12 20:04:46.731848,1,152417.58000000,152417.58000000,1
2026-08-12 20:04:46.735922,1,86524.95000000,86524.95000000,1
2026-08-12 20:04:46.739993,1,3892685.58000000,3892685.58000000,1
2026-08-12 20:04:46.744061,1,3473393.53000000,3473393.53000000,1
2026-08-12 20:04:46.748131,1,377024.95000000,377024.95000000,1
2026-08-12 20:04:46.752202,1,1949823.68000000,1949823.68000000,1
2026-08-12 20:04:46.756273,1,2421887.52000000,2421887.52000000,1
2026-08-12 20:04:46.760344,1,1380076.83000000,1380076.83000000,1
2026-08-12 20:04:46.764414,1,250166.97000000,250166.97000000,1
2026-08-12 20:04:46.768484,1,221311.81000000,221311.81000000,1
2026-08-12 20:04:46.772555,1,1142987.58000000,1142987.58000000,1
2026-08-12 20:04:46.776626,1,1995326.73000000,1995326.73000000,1
2026-08-12 20:04:46.780698,1,332579.85000000,332579.85000000,1
2026-08-12 20:04:46.784770,1,703247.74000000,703247.74000000,1
2026-08-12 20:04:46.788841,1,31547.99000000,31547.99000000,1
2026-08-12 20:04:46.792911,1,1661989.78000000,1661989.78000000,1
2026-08-12 20:04:46.796982,1,371762.51000000,371762.51000000,1
2026-08-12 20:04:46.801053,1,696439.54000000,696439.54000000,1
2026-08-12 20:04:46.805125,1,512779.80000000,512779.80000000,1
2026-08-12 20:04:46.809195,1,1144502.81000000,1144502.81000000,1
2026-08-12 20:04:46.813267,1,1164431.76000000,1164431.76000000,1
2026-08-12 20:04:46.817338,1,3141183.68000000,3141183.68000000,1
2026-08-12 20:04:46.821410,1,624905.82000000,624905.82000000,1
2026-08-12 20:04:46.825480,1,1270687.84000000,1270687.84000000,1
2026-08-12 20:04:46.829552,1,675515.59000000,675515.59000000,1
2026-08-12 20:04:46.833622,1,100445.97000000,100445.97000000,1
2026-08-12 20:04:46.837693,1,1158855.86400000,1158855.86400000,1
2026-08-12 20:04:46.841762,1,1162149.78000000,1162149.78000000,1
2026-08-12 20:04:46.845834,1,1480730.51000000,1480730.51000000,1
2026-08-12 20:04:46.849902,1,247019.54000000,247019.54000000,1
2026-08-12 20:04:46.853973,1,1374399.60000000,1374399.60000000,1
2026-08-12 20:04:46.858049,1,415092.81000000,415092.81000000,1
2026-08-12 20:04:46.862121,1,698638.71000000,698638.71000000,1
2026-08-12 20:04:46.866195,1,1694107.74000000,1694107.74000000,1
2026-08-12 20:04:46.870270,1,1648455.83000000,1648455.83000000,1
2026-08-12 20:04:46.874346,1,4662449.50000000,4662449.50000000,1
2026-08-12 20:04:46.878418,1,526599.50000000,526599.50000000,1
2026-08-12 20:04:46.882494,2,5479151.22000000,2739575.61000000,2
2026-08-12 20:04:46.886570,1,819774.75000000,819774.75000000,1
2026-08-12 20:04:46.890662,1,469615.84000000,469615.84000000,1
2026-08-12 20:04:46.894739,1,1661435.82000000,1661435.82000000,1
2026-08-12 20:04:46.898822,1,1932959.52000000,1932959.52000000,1
2026-08-12 20:04:46.902896,1,41992.93000000,41992.93000000,1
2026-08-12 20:04:46.906970,1,665343.84000000,665343.84000000,1
2026-08-12 20:04:46.911043,1,430378.53000000,430378.53000000,1
2026-08-12 20:04:46.915120,1,155255.97000000,155255.97000000,1
2026-08-12 20:04:46.919198,1,516809.90000000,516809.90000000,1
2026-08-12 20:04:46.923283,1,1123394.65000000,1123394.65000000,1
2026-08-12 20:04:46.927360,1,154311.92000000,154311.92000000,1
2026-08-12 20:04:46.931436,1,1412098.04700000,1412098.04700000,1
2026-08-12 20:04:46.935511,1,1849904.55000000,1849904.55000000,1
2026-08-12 20:04:46.939580,1,4148731.51000000,4148731.51000000,1
2026-08-12 20:04:46.943657,1,859578.81000000,859578.81000000,1
2026-08-12 20:04:46.947735,1,586819.90000000,586819.90000000,1
2026-08-12 20:04:46.951859,1,1219970.83000000,1219970.83000000,1
2026-08-12 20:04:46.955932,1,3883814.55000000,3883814.55000000,1
2026-08-12 20:04:46.960003,1,1305797.61000000,1305797.61000000,1
2026-08-12 20:04:46.964080,1,401783.88000000,401783.88000000,1
2026-08-12 20:04:46.968157,1,1704800.79000000,1704800.79000000,1
2026-08-12 20:04:46.972233,1,1711199.69000000,1711199.69000000,1
2026-08-12 20:04:46.976309,1,74590.99000000,74590.99000000,1
2026-08-12 20:04:46.980383,1,430252.83000000,430252.83000000,1
2026-08-12 20:04:46.984459,1,1796139.69000000,1796139.69000000,1
2026-08-12 20:04:46.988533,1,1259954.55000000,1259954.55000000,1
2026-08-12 20:04:46.992614,1,13287.96000000,13287.96000000,1
2026-08-12 20:04:46.996695,1,493984.95000000,493984.95000000,1
2026-08-12 20:04:47.000769,1,1273919.76000000,1273919.76000000,1
2026-08-12 20:04:47.004842,1,168258.57000000,168258.57000000,1
2026-08-12 20:04:47.008919,1,2139399.60000000,2139399.60000000,1
2026-08-12 20:04:47.012994,1,3604053.53000000,3604053.53000000,1
2026-08-12 20:04:47.017067,1,1238833.63000000,1238833.63000000,1
2026-08-12 20:04:47.021139,1,144962.61000000,144962.61000000,1
2026-08-12 20:04:47.025213,1,413844.95000000,413844.95000000,1
2026-08-12 20:04:47.029299,1,1392735.68000000,1392735.68000000,1
2026-08-12 20:04:47.037492,1,733927.92000000,733927.92000000,1
2026-08-12 20:04:47.041563,1,294167.82150000,294167.82150000,1
2026-08-12 20:04:47.049708,1,2209793.77000000,2209793.77000000,1
2026-08-12 20:04:47.053780,1,960725.87000000,960725.87000000,1
2026-08-12 20:04:47.057861,1,120044.95000000,120044.95000000,1
2026-08-12 20:04:47.066025,1,945119.70000000,945119.70000000,1
2026-08-12 20:04:47.070109,1,1948631.76000000,1948631.76000000,1
2026-08-12 20:04:47.074193,1,3240551.58000000,3240551.58000000,1
2026-08-12 20:04:47.078278,1,3246174.59000000,3246174.59000000,1
2026-08-12 20:04:47.082364,1,2233784.34300000,2233784.34300000,1
2026-08-12 20:04:47.086438,1,393203.96000000,393203.96000000,1
2026-08-12 20:04:47.090516,1,573126.71000000,573126.71000000,1
2026-08-12 20:04:47.094602,1,3071319.60000000,3071319.60000000,1
2026-08-12 20:04:47.098688,1,1668435.78000000,1668435.78000000,1
2026-08-12 20:04:47.102773,1,2823519.68000000,2823519.68000000,1
2026-08-12 20:04:47.106859,1,249833.74000000,249833.74000000,1
2026-08-12 20:04:47.110945,1,1163377.66000000,1163377.66000000,1
2026-08-12 20:04:47.115030,1,1575494.37150000,1575494.37150000,1
2026-08-12 20:04:47.119117,1,189259.96000000,189259.96000000,1
2026-08-12 20:04:47.123199,1,388145.30900000,388145.30900000,1
2026-08-12 20:04:47.127271,1,2191839.60000000,2191839.60000000,1
2026-08-12 20:04:47.131354,1,2484367.54000000,2484367.54000000,1
2026-08-12 20:04:47.135437,1,1508941.81000000,1508941.81000000,1
2026-08-12 20:04:47.139520,1,226691.94000000,226691.94000000,1
2026-08-12 20:04:47.143595,1,2510732.71000000,2510732.71000000,1
2026-08-12 20:04:47.147670,1,157244.85000000,157244.85000000,1
2026-08-12 20:04:47.151746,1,843074.91000000,843074.91000000,1
2026-08-12 20:04:47.155822,1,2596745.69000000,2596745.69000000,1
2026-08-12 20:04:47.159897,1,1799494.63000000,1799494.63000000,1
2026-08-12 20:04:47.163969,1,517684.93000000,517684.93000000,1
2026-08-12 20:04:47.168045,1,119979.80000000,119979.80000000,1
2026-08-12 20:04:47.172120,1,1704405.78000000,1704405.78000000,1
2026-08-12 20:04:47.176195,1,102494.95000000,102494.95000000,1
2026-08-12 20:04:47.180270,1,4114497.57000000,4114497.57000000,1
2026-08-12 20:04:47.184346,1,308351.96000000,308351.96000000,1
2026-08-12 20:04:47.188422,1,271192.24500000,271192.24500000,1
2026-08-12 20:04:47.192510,2,5718821.34000000,2859410.67000000,2
2026-08-12 20:04:47.196585,1,13929.99000000,13929.99000000,1
2026-08-12 20:04:47.200661,1,232583.97000000,232583.97000000,1
2026-08-12 20:04:47.204740,1,670550.63000000,670550.63000000,1
2026-08-12 20:04:47.208823,1,2687159.65000000,2687159.65000000,1
2026-08-12 20:04:47.216980,1,1501531.81000000,1501531.81000000,1
2026-08-12 20:04:47.221056,1,1199123.82000000,1199123.82000000,1
2026-08-12 20:04:47.225127,1,512324.89000000,512324.89000000,1
2026-08-12 20:04:47.229208,1,454333.42350000,454333.42350000,1
2026-08-12 20:04:47.233284,1,3296461.62000000,3296461.62000000,1
2026-08-12 20:04:47.237368,1,109972.83000000,109972.83000000,1
2026-08-12 20:04:47.245857,1,97965.87450000,97965.87450000,1
2026-08-12 20:04:47.249932,2,3883873.38000000,1941936.69000000,2
2026-08-12 20:04:47.259855,1,69229.95000000,69229.95000000,1
2026-08-12 20:04:47.263927,1,77615.72000000,77615.72000000,1
2026-08-12 20:04:47.268001,1,25514.55000000,25514.55000000,1
2026-08-12 20:04:47.276142,1,979769.78000000,979769.78000000,1
2026-08-12 20:04:47.280224,1,727855.92000000,727855.92000000,1
2026-08-12 20:04:47.288390,1,396063.25450000,396063.25450000,1
2026-08-12 20:04:47.292458,1,784391.71000000,784391.71000000,1
2026-08-12 20:04:47.296535,1,1307447.82000000,1307447.82000000,1
2026-08-12 20:04:47.304718,1,118853.69000000,118853.69000000,1
2026-08-12 20:04:47.312916,1,295603.96000000,295603.96000000,1
2026-08-12 20:04:47.316991,1,574539.90000000,574539.90000000,1
2026-08-12 20:04:47.321075,1,624371.86000000,624371.86000000,1
2026-08-12 20:04:47.325171,1,112393.49400000,112393.49400000,1
2026-08-12 20:04:47.329253,1,252290.61000000,252290.61000000,1
2026-08-12 20:04:47.337411,1,3549857.61000000,3549857.61000000,1
2026-08-12 20:04:47.341488,1,2622.99000000,2622.99000000,1
2026-08-12 20:04:47.345598,1,543880.83000000,543880.83000000,1
2026-08-12 20:04:47.349704,1,717920.95650000,717920.95650000,1
2026-08-12 20:04:47.358115,1,2466485.67000000,2466485.67000000,1
2026-08-12 20:04:47.362196,1,18605.86000000,18605.86000000,1
2026-08-12 20:04:47.370358,2,1939272.28000000,969636.14000000,2
2026-08-12 20:04:47.378606,1,960159.80000000,960159.80000000,1
2026-08-12 20:04:47.382682,1,124713.98000000,124713.98000000,1
2026-08-12 20:04:47.390856,1,453693.63000000,453693.63000000,1
2026-08-12 20:04:47.394927,1,1000803.86000000,1000803.86000000,1
2026-08-12 20:04:47.398995,1,809841.78000000,809841.78000000,1
2026-08-12 20:04:47.403063,1,2431133.73000000,2431133.73000000,1
2026-08-12 20:04:47.407131,1,1608659.70000000,1608659.70000000,1
2026-08-12 20:04:47.411199,1,1158449.75000000,1158449.75000000,1
2026-08-12 20:04:47.415267,1,2263199.59000000,2263199.59000000,1
2026-08-12 20:04:47.419336,1,722758.26400000,722758.26400000,1
2026-08-12 20:04:47.423404,1,460187.91000000,460187.91000000,1
2026-08-12 20:04:47.427475,1,1016378.74500000,1016378.74500000,1
2026-08-12 20:04:47.431548,1,2018239.60000000,2018239.60000000,1
2026-08-12 20:04:47.435621,1,1606918.71000000,1606918.71000000,1
2026-08-12 20:04:47.439694,1,1888891.69000000,1888891.69000000,1
2026-08-12 20:04:47.443766,1,77731.98000000,77731.98000000,1
2026-08-12 20:04:47.447838,1,1545155.82000000,1545155.82000000,1
2026-08-12 20:04:47.451910,1,33119.98000000,33119.98000000,1
2026-08-12 20:04:47.455981,1,1419065.78000000,1419065.78000000,1
2026-08-12 20:04:47.460053,1,1108043.88000000,1108043.88000000,1
2026-08-12 20:04:47.464126,1,498558.83000000,498558.83000000,1
2026-08-12 20:04:47.468198,1,1227589.74000000,1227589.74000000,1
2026-08-12 20:04:47.472271,1,271844.85000000,271844.85000000,1
2026-08-12 20:04:47.476347,1,474557.79000000,474557.79000000,1
2026-08-12 20:04:47.480420,1,224225.97000000,224225.97000000,1
2026-08-12 20:04:47.484492,1,366963.96000000,366963.96000000,1
2026-08-12 20:04:47.488563,1,1141939.80000000,1141939.80000000,1
2026-08-12 20:04:47.492635,1,815299.50000000,815299.50000000,1
2026-08-12 20:04:47.496705,1,1980269.55000000,1980269.55000000,1
2026-08-12 20:04:47.500777,1,104204.97000000,104204.97000000,1
2026-08-12 20:04:47.504850,1,1920319.60000000,1920319.60000000,1
2026-08-12 20:04:47.508925,1,1677829.65000000,1677829.65000000,1
2026-08-12 20:04:47.512998,1,2382552.71000000,2382552.71000000,1
2026-08-12 20:04:47.517071,1,2284559.62000000,2284559.62000000,1
2026-08-12 20:04:47.521143,1,1319549.70000000,1319549.70000000,1
2026-08-12 20:04:47.525215,1,1340273.61000000,1340273.61000000,1
2026-08-12 20:04:47.529289,1,2244456.63000000,2244456.63000000,1
2026-08-12 20:04:47.533365,1,1380275.82000000,1380275.82000000,1
2026-08-12 20:04:47.537442,1,80123.88000000,80123.88000000,1
2026-08-12 20:04:47.541519,2,5723048.25000000,2861524.12500000,2
2026-08-12 20:04:47.545596,1,886324.75000000,886324.75000000,1
2026-08-12 20:04:47.549692,1,433733.93000000,433733.93000000,1
2026-08-12 20:04:47.557851,1,2792550.59000000,2792550.59000000,1
2026-08-12 20:04:47.561929,1,265719.95000000,265719.95000000,1
2026-08-12 20:04:47.566001,1,55440.36600000,55440.36600000,1
2026-08-12 20:04:47.570073,1,486899.64000000,486899.64000000,1
2026-08-12 20:04:47.574145,1,1840991.68000000,1840991.68000000,1
2026-08-12 20:04:47.578218,1,21278.59000000,21278.59000000,1
2026-08-12 20:04:47.582291,1,233450.91000000,233450.91000000,1
2026-08-12 20:04:47.586363,1,3002845.66000000,3002845.66000000,1
2026-08-12 20:04:47.590441,1,2631513.57000000,2631513.57000000,1
2026-08-12 20:04:47.594518,2,440049.35950000,220024.67975000,2
2026-08-12 20:04:47.598592,1,2235934.59000000,2235934.59000000,1
2026-08-12 20:04:47.602674,1,2360799.50000000,2360799.50000000,1
2026-08-12 20:04:47.606766,1,209659.80000000,209659.80000000,1
2026-08-12 20:04:47.610887,1,1881524.75000000,1881524.75000000,1
2026-08-12 20:04:47.614961,1,93247.69000000,93247.69000000,1
2026-08-12 20:04:47.619044,1,102481.98000000,102481.98000000,1
2026-08-12 20:04:47.627200,1,337687.92000000,337687.92000000,1
2026-08-12 20:04:47.631272,1,1368591.54000000,1368591.54000000,1
2026-08-12 20:04:47.635346,1,980671.89000000,980671.89000000,1
2026-08-12 20:04:47.639419,1,1623419.55000000,1623419.55000000,1
2026-08-12 20:04:47.643490,1,2676759.60000000,2676759.60000000,1
2026-08-12 20:04:47.647564,2,2565807.51000000,1282903.75500000,2
2026-08-12 20:04:47.651641,1,728251.69000000,728251.69000000,1
2026-08-12 20:04:47.655736,1,414839.88000000,414839.88000000,1
2026-08-12 20:04:47.659802,1,260215.56000000,260215.56000000,1
2026-08-12 20:04:47.668049,1,3411314.55000000,3411314.55000000,1
2026-08-12 20:04:47.672139,1,1419659.55000000,1419659.55000000,1
2026-08-12 20:04:47.676228,1,183965.98000000,183965.98000000,1
2026-08-12 20:04:47.680317,1,604616.87000000,604616.87000000,1
2026-08-12 20:04:47.684407,1,1511001.69000000,1511001.69000000,1
2026-08-12 20:04:47.688497,1,1981367.73000000,1981367.73000000,1
2026-08-12 20:04:47.692582,1,260895.84000000,260895.84000000,1
2026-08-12 20:04:47.696669,1,66575.84000000,66575.84000000,1
2026-08-12 20:04:47.700757,1,987983.76000000,987983.76000000,1
2026-08-12 20:04:47.704841,1,3809387.56000000,3809387.56000000,1
2026-08-12 20:04:47.708926,1,938999.75000000,938999.75000000,1
2026-08-12 20:04:47.713011,1,403355.88000000,403355.88000000,1
2026-08-12 20:04:47.717100,1,2169777.74000000,2169777.74000000,1
2026-08-12 20:04:47.721180,1,3030094.69000000,3030094.69000000,1
2026-08-12 20:04:47.725257,1,1608159.80000000,1608159.80000000,1
2026-08-12 20:04:47.729344,1,178324.93000000,178324.93000000,1
2026-08-12 20:04:47.733430,1,293059.95000000,293059.95000000,1
2026-08-12 20:04:47.741605,2,1542885.63450000,771442.81725000,2
2026-08-12 20:04:47.745701,1,588167.82000000,588167.82000000,1
2026-08-12 20:04:47.749800,1,914300.56200000,914300.56200000,1
2026-08-12 20:04:47.753886,1,4347349.50000000,4347349.50000000,1
2026-08-12 20:04:47.757971,1,655784.61000000,655784.61000000,1
2026-08-12 20:04:47.762058,1,33959.90000000,33959.90000000,1
2026-08-12 20:04:47.766148,1,1046374.75000000,1046374.75000000,1
2026-08-12 20:04:47.770233,1,753735.45150000,753735.45150000,1
2026-08-12 20:04:47.778445,1,661066.81000000,661066.81000000,1
2026-08-12 20:04:47.782530,1,832460.79000000,832460.79000000,1
2026-08-12 20:04:47.786614,1,1309634.85000000,1309634.85000000,1
2026-08-12 20:04:47.790699,1,300212.91000000,300212.91000000,1
2026-08-12 20:04:47.794783,1,3180374.67000000,3180374.67000000,1
2026-08-12 20:04:47.798871,1,382013.56200000,382013.56200000,1
2026-08-12 20:04:47.802950,1,1292717.86000000,1292717.86000000,1
2026-08-12 20:04:47.807024,1,3530279.60000000,3530279.60000000,1
2026-08-12 20:04:47.811099,1,3645764.55000000,3645764.55000000,1
2026-08-12 20:04:47.815177,1,647881.59000000,647881.59000000,1
2026-08-12 20:04:47.823348,1,110009.37150000,110009.37150000,1
2026-08-12 20:04:47.827436,1,1927023.75450000,1927023.75450000,1
2026-08-12 20:04:47.831521,1,188585.22450000,188585.22450000,1
2026-08-12 20:04:47.835609,1,981444.81000000,981444.81000000,1
2026-08-12 20:04:47.839694,1,222833.94000000,222833.94000000,1
2026-08-12 20:04:47.843781,1,696439.54000000,696439.54000000,1
2026-08-12 20:04:47.847866,1,1223193.59000000,1223193.59000000,1
2026-08-12 20:04:47.851950,1,361589.66000000,361589.66000000,1
2026-08-12 20:04:47.856024,1,101899.96000000,101899.96000000,1
2026-08-12 20:04:47.860105,1,2393035.57000000,2393035.57000000,1
2026-08-12 20:04:47.864183,1,570312.40450000,570312.40450000,1
2026-08-12 20:04:47.868261,1,7539.90000000,7539.90000000,1
2026-08-12 20:04:47.876436,1,510819.90000000,510819.90000000,1
2026-08-12 20:04:47.880518,2,3777273.14000000,1888636.57000000,2
2026-08-12 20:04:47.884610,1,796213.62000000,796213.62000000,1
2026-08-12 20:04:47.888697,1,195239.96000000,195239.96000000,1
2026-08-12 20:04:47.892879,1,589714.71000000,589714.71000000,1
2026-08-12 20:04:47.896957,1,2198393.67000000,2198393.67000000,1
2026-08-12 20:04:47.901041,1,704759.70000000,704759.70000000,1
2026-08-12 20:04:47.905119,1,2075895.53000000,2075895.53000000,1
2026-08-12 20:04:47.909201,1,40084.99000000,40084.99000000,1
2026-08-12 20:04:47.913284,1,2271374.75000000,2271374.75000000,1
2026-08-12 20:04:47.917365,1,1502331.74000000,1502331.74000000,1
2026-08-12 20:04:47.921453,1,157889.81000000,157889.81000000,1
2026-08-12 20:04:47.925527,1,1010127.72000000,1010127.72000000,1
2026-08-12 20:04:47.929601,1,2108609.58000000,2108609.58000000,1
2026-08-12 20:04:47.933686,1,1829099.80000000,1829099.80000000,1
2026-08-12 20:04:47.937776,1,1159620.83000000,1159620.83000000,1
2026-08-12 20:04:47.941868,1,1268999.75000000,1268999.75000000,1
2026-08-12 20:04:47.945949,1,2525249.50000000,2525249.50000000,1
2026-08-12 20:04:47.950033,1,1644174.98350000,1644174.98350000,1
2026-08-12 20:04:47.954112,1,540084.93000000,540084.93000000,1
2026-08-12 20:04:47.958192,1,1907107.72000000,1907107.72000000,1
2026-08-12 20:04:47.962273,1,1018163.72000000,1018163.72000000,1
2026-08-12 20:04:47.966353,1,4552607.53000000,4552607.53000000,1
2026-08-12 20:04:47.970426,1,495549.75000000,495549.75000000,1
2026-08-12 20:04:47.974509,1,1596734.79000000,1596734.79000000,1
2026-08-12 20:04:47.978588,1,226414.65000000,226414.65000000,1
2026-08-12 20:04:47.982665,1,257295.96000000,257295.96000000,1
2026-08-12 20:04:47.986746,1,814469.70000000,814469.70000000,1
2026-08-12 20:04:47.990824,1,158609.94000000,158609.94000000,1
2026-08-12 20:04:47.994905,1,34439.94000000,34439.94000000,1
2026-08-12 20:04:47.998985,1,2668759.60000000,2668759.60000000,1
2026-08-12 20:04:48.003072,1,388435.81000000,388435.81000000,1
2026-08-12 20:04:48.007153,1,1872896.61000000,1872896.61000000,1
2026-08-12 20:04:48.011234,1,1403279.80000000,1403279.80000000,1
2026-08-12 20:04:48.015309,1,146767.98000000,146767.98000000,1
2026-08-12 20:04:48.019393,1,874835.81000000,874835.81000000,1
2026-08-12 20:04:48.023474,1,2120137.66000000,2120137.66000000,1
2026-08-12 20:04:48.027552,1,282964.95750000,282964.95750000,1
2026-08-12 20:04:48.031631,1,259451.82000000,259451.82000000,1
2026-08-12 20:04:48.039748,1,2769551.64000000,2769551.64000000,1
2026-08-12 20:04:48.043861,1,960867.53000000,960867.53000000,1
2026-08-12 20:04:48.052010,1,1582872.57000000,1582872.57000000,1
2026-08-12 20:04:48.056084,1,552039.90000000,552039.90000000,1
2026-08-12 20:04:48.060153,1,772154.94300000,772154.94300000,1
2026-08-12 20:04:48.064224,1,153059.45750000,153059.45750000,1
2026-08-12 20:04:48.068295,1,511991.61000000,511991.61000000,1
2026-08-12 20:04:48.072366,1,1841256.95250000,1841256.95250000,1
2026-08-12 20:04:48.076441,1,1831619.80000000,1831619.80000000,1
2026-08-12 20:04:48.080512,1,347639.94000000,347639.94000000,1
2026-08-12 20:04:48.084582,1,153822.78300000,153822.78300000,1
2026-08-12 20:04:48.088657,1,316490.51000000,316490.51000000,1
2026-08-12 20:04:48.092733,1,859403.74000000,859403.74000000,1
2026-08-12 20:04:48.096803,1,233045.94000000,233045.94000000,1
2026-08-12 20:04:48.100880,1,1364775.72000000,1364775.72000000,1
2026-08-12 20:04:48.104955,1,3188621.57000000,3188621.57000000,1
2026-08-12 20:04:48.109030,1,1473679.74000000,1473679.74000000,1
2026-08-12 20:04:48.113102,1,2551657.14300000,2551657.14300000,1
2026-08-12 20:04:48.117185,1,1583459.64000000,1583459.64000000,1
2026-08-12 20:04:48.121269,1,339183.92000000,339183.92000000,1
2026-08-12 20:04:48.125354,1,3286043.64000000,3286043.64000000,1
2026-08-12 20:04:48.129439,1,1722347.82000000,1722347.82000000,1
2026-08-12 20:04:48.133523,1,278221.51000000,278221.51000000,1
2026-08-12 20:04:48.137608,1,880349.70000000,880349.70000000,1
2026-08-12 20:04:48.141693,1,1391231.68000000,1391231.68000000,1
2026-08-12 20:04:48.145843,1,864683.64000000,864683.64000000,1
2026-08-12 20:04:48.149916,1,338808.63000000,338808.63000000,1
2026-08-12 20:04:48.153988,1,1771007.76000000,1771007.76000000,1
2026-08-12 20:04:48.158061,1,2232309.62000000,2232309.62000000,1
2026-08-12 20:04:48.162133,1,3542015.52000000,3542015.52000000,1
2026-08-12 20:04:48.166206,1,418624.75000000,418624.75000000,1
2026-08-12 20:04:48.170279,1,886811.88000000,886811.88000000,1
2026-08-12 20:04:48.174355,1,2025989.70000000,2025989.70000000,1
2026-08-12 20:04:48.178436,1,1336481.86000000,1336481.86000000,1
2026-08-12 20:04:48.182515,1,807119.85000000,807119.85000000,1
2026-08-12 20:04:48.186594,1,108932.97000000,108932.97000000,1
2026-08-12 20:04:48.190670,1,3296537.66000000,3296537.66000000,1
2026-08-12 20:04:48.194746,1,2119071.68000000,2119071.68000000,1
2026-08-12 20:04:48.198851,1,2264591.56000000,2264591.56000000,1
2026-08-12 20:04:48.202935,1,2549910.51000000,2549910.51000000,1
2026-08-12 20:04:48.207014,1,1105650.75150000,1105650.75150000,1
2026-08-12 20:04:48.211095,1,225169.95000000,225169.95000000,1
2026-08-12 20:04:48.215174,1,2618993.58000000,2618993.58000000,1
2026-08-12 20:04:48.219258,1,1121217.66000000,1121217.66000000,1
2026-08-12 20:04:48.223335,1,639772.78950000,639772.78950000,1
2026-08-12 20:04:48.227419,1,1232006.51000000,1232006.51000000,1
2026-08-12 20:04:48.231497,1,64502.99000000,64502.99000000,1
2026-08-12 20:04:48.235582,1,1468867.83000000,1468867.83000000,1
2026-08-12 20:04:48.239657,1,831524.28100000,831524.28100000,1
2026-08-12 20:04:48.243730,1,500367.89000000,500367.89000000,1
2026-08-12 20:04:48.247805,1,527474.61000000,527474.61000000,1
2026-08-12 20:04:48.251877,1,1131074.85000000,1131074.85000000,1
2026-08-12 20:04:48.255950,1,2763023.52000000,2763023.52000000,1
2026-08-12 20:04:48.260023,1,102029.81000000,102029.81000000,1
2026-08-12 20:04:48.264096,1,2366719.68000000,2366719.68000000,1
2026-08-12 20:04:48.268170,1,640419.89000000,640419.89000000,1
2026-08-12 20:04:48.272243,1,1321340.79000000,1321340.79000000,1
2026-08-12 20:04:48.276318,1,550255.86000000,550255.86000000,1
2026-08-12 20:04:48.280391,1,2454424.69000000,2454424.69000000,1
2026-08-12 20:04:48.284464,1,229559.85000000,229559.85000000,1
2026-08-12 20:04:48.288538,1,2371693.62000000,2371693.62000000,1
2026-08-12 20:04:48.292611,1,650294.55000000,650294.55000000,1
2026-08-12 20:04:48.296685,1,173051.67000000,173051.67000000,1
2026-08-12 20:04:48.300762,1,349235.96000000,349235.96000000,1
2026-08-12 20:04:48.304834,1,777113.74000000,777113.74000000,1
2026-08-12 20:04:48.308912,1,3896339.58000000,3896339.58000000,1
2026-08-12 20:04:48.312985,1,2122691.67000000,2122691.67000000,1
2026-08-12 20:04:48.317056,1,1702125.71000000,1702125.71000000,1
2026-08-12 20:04:48.321129,1,705302.63850000,705302.63850000,1
2026-08-12 20:04:48.325202,1,162392.63000000,162392.63000000,1
2026-08-12 20:04:48.329284,1,46574.99000000,46574.99000000,1
2026-08-12 20:04:48.333360,1,807729.89000000,807729.89000000,1
2026-08-12 20:04:48.337439,1,878579.82000000,878579.82000000,1
2026-08-12 20:04:48.341517,1,2556318.58550000,2556318.58550000,1
2026-08-12 20:04:48.345592,1,507041.83000000,507041.83000000,1
2026-08-12 20:04:48.349667,1,582773.59000000,582773.59000000,1
2026-08-12 20:04:48.353751,1,1013869.89000000,1013869.89000000,1
2026-08-12 20:04:48.357834,1,732797.89000000,732797.89000000,1
2026-08-12 20:04:48.361920,1,115387.87000000,115387.87000000,1
2026-08-12 20:04:48.366006,1,1198209.87000000,1198209.87000000,1
2026-08-12 20:04:48.370092,1,2523793.74000000,2523793.74000000,1
2026-08-12 20:04:48.374178,1,572431.72000000,572431.72000000,1
2026-08-12 20:04:48.378264,1,1480520.79000000,1480520.79000000,1
2026-08-12 20:04:48.382348,1,426663.93000000,426663.93000000,1
2026-08-12 20:04:48.386425,1,961445.77000000,961445.77000000,1
2026-08-12 20:04:48.390510,1,1525919.71100000,1525919.71100000,1
2026-08-12 20:04:48.394599,1,1824099.80000000,1824099.80000000,1
2026-08-12 20:04:48.398688,1,93858.53000000,93858.53000000,1
2026-08-12 20:04:48.402828,1,1148879.52000000,1148879.52000000,1
2026-08-12 20:04:48.406912,1,1689225.78000000,1689225.78000000,1
2026-08-12 20:04:48.410989,1,537431.93000000,537431.93000000,1
2026-08-12 20:04:48.415068,1,157199.85000000,157199.85000000,1
2026-08-12 20:04:48.419143,1,180491.98000000,180491.98000000,1
2026-08-12 20:04:48.423222,1,2641094.55000000,2641094.55000000,1
2026-08-12 20:04:48.427305,1,881471.52000000,881471.52000000,1
2026-08-12 20:04:48.431390,1,433659.95000000,433659.95000000,1
2026-08-12 20:04:48.435489,1,207801.86000000,207801.86000000,1
2026-08-12 20:04:48.439578,1,1893691.00450000,1893691.00450000,1
2026-08-12 20:04:48.443670,1,1467679.80000000,1467679.80000000,1
2026-08-12 20:04:48.447756,1,417729.95000000,417729.95000000,1
2026-08-12 20:04:48.451844,1,230104.27350000,230104.27350000,1
2026-08-12 20:04:48.455929,1,3163395.59000000,3163395.59000000,1
2026-08-12 20:04:48.460011,1,776279.85000000,776279.85000000,1
2026-08-12 20:04:48.464088,1,59111.98000000,59111.98000000,1
2026-08-12 20:04:48.468162,1,1552559.70000000,1552559.70000000,1
2026-08-12 20:04:48.472238,1,10479.99000000,10479.99000000,1
2026-08-12 20:04:48.476313,1,668367.92000000,668367.92000000,1
2026-08-12 20:04:48.480391,1,1159229.66000000,1159229.66000000,1
2026-08-12 20:04:48.484469,1,3298223.52000000,3298223.52000000,1
2026-08-12 20:04:48.492630,1,3968.93000000,3968.93000000,1
2026-08-12 20:04:48.496704,1,3336141.63000000,3336141.63000000,1
2026-08-12 20:04:48.500776,1,640936.89000000,640936.89000000,1
2026-08-12 20:04:48.504845,1,3707773.62000000,3707773.62000000,1
2026-08-12 20:04:48.508924,1,3444440.61000000,3444440.61000000,1
2026-08-12 20:04:48.512996,1,763783.77000000,763783.77000000,1
2026-08-12 20:04:48.517067,1,1480599.50000000,1480599.50000000,1
2026-08-12 20:04:48.521137,1,3394498.44300000,3394498.44300000,1
2026-08-12 20:04:48.525214,1,419796.93000000,419796.93000000,1
2026-08-12 20:04:48.529290,1,2155271.72000000,2155271.72000000,1
2026-08-12 20:04:48.533367,1,833678.91000000,833678.91000000,1
2026-08-12 20:04:48.537446,2,1483007.74000000,741503.87000000,2
2026-08-12 20:04:48.541523,1,1118834.77000000,1118834.77000000,1
2026-08-12 20:04:48.545607,1,2076002.73000000,2076002.73000000,1
2026-08-12 20:04:48.549687,1,9439.80000000,9439.80000000,1
2026-08-12 20:04:48.553769,1,685327.86000000,685327.86000000,1
2026-08-12 20:04:48.557846,1,575444.85000000,575444.85000000,1
2026-08-12 20:04:48.561928,1,3876399.50000000,3876399.50000000,1
2026-08-12 20:04:48.566007,1,657119.84000000,657119.84000000,1
2026-08-12 20:04:48.570085,1,208301.94000000,208301.94000000,1
2026-08-12 20:04:48.574166,1,975136.83000000,975136.83000000,1
2026-08-12 20:04:48.578252,1,87969.98000000,87969.98000000,1
2026-08-12 20:04:48.582324,1,1262679.80000000,1262679.80000000,1
2026-08-12 20:04:48.586404,1,179777.52450000,179777.52450000,1
2026-08-12 20:04:48.590483,1,540809.55000000,540809.55000000,1
2026-08-12 20:04:48.594569,1,468463.62000000,468463.62000000,1
2026-08-12 20:04:48.598643,1,3248999.62000000,3248999.62000000,1
2026-08-12 20:04:48.602724,1,1635699.75000000,1635699.75000000,1
2026-08-12 20:04:48.606807,1,4463199.50000000,4463199.50000000,1
2026-08-12 20:04:48.610886,1,151957.98000000,151957.98000000,1
2026-08-12 20:04:48.614970,1,2451804.71000000,2451804.71000000,1
2026-08-12 20:04:48.619047,1,3778984.86750000,3778984.86750000,1
2026-08-12 20:04:48.623123,1,730919.92000000,730919.92000000,1
2026-08-12 20:04:48.627200,1,1972655.64000000,1972655.64000000,1
2026-08-12 20:04:48.635372,1,829769.83000000,829769.83000000,1
2026-08-12 20:04:48.639462,1,134252.97000000,134252.97000000,1
2026-08-12 20:04:48.643553,2,2624290.06850000,1312145.03425000,2
2026-08-12 20:04:48.647645,1,1793854.65000000,1793854.65000000,1
2026-08-12 20:04:48.651728,1,1056847.87000000,1056847.87000000,1
2026-08-12 20:04:48.659896,1,2392689.54000000,2392689.54000000,1
2026-08-12 20:04:48.663983,1,2289951.72000000,2289951.72000000,1
2026-08-12 20:04:48.668071,1,2398647.51000000,2398647.51000000,1
2026-08-12 20:04:48.672158,1,357070.89000000,357070.89000000,1
2026-08-12 20:04:48.676239,1,347439.60000000,347439.60000000,1
2026-08-12 20:04:48.680319,1,1366679.72000000,1366679.72000000,1
2026-08-12 20:04:48.684400,1,3096143.52000000,3096143.52000000,1
2026-08-12 20:04:48.688482,1,996159.80000000,996159.80000000,1
2026-08-12 20:04:48.692563,1,2452399.50000000,2452399.50000000,1
2026-08-12 20:04:48.696645,1,568559.60000000,568559.60000000,1
2026-08-12 20:04:48.700727,1,2337554.69000000,2337554.69000000,1
2026-08-12 20:04:48.704805,1,1071473.57000000,1071473.57000000,1
2026-08-12 20:04:48.708886,1,95255.98000000,95255.98000000,1
2026-08-12 20:04:48.712967,1,2345199.74000000,2345199.74000000,1
2026-08-12 20:04:48.717048,1,1368429.86000000,1368429.86000000,1
2026-08-12 20:04:48.721128,1,2063199.68000000,2063199.68000000,1
2026-08-12 20:04:48.725209,1,1573208.73000000,1573208.73000000,1
2026-08-12 20:04:48.729295,1,837724.65000000,837724.65000000,1
2026-08-12 20:04:48.733381,1,1243055.71000000,1243055.71000000,1
2026-08-12 20:04:48.737467,1,2400839.64000000,2400839.64000000,1
2026-08-12 20:04:48.741553,1,1396433.74000000,1396433.74000000,1
2026-08-12 20:04:48.745639,1,909615.84000000,909615.84000000,1
2026-08-12 20:04:48.749726,1,845279.60000000,845279.60000000,1
2026-08-12 20:04:48.753814,1,302516.91000000,302516.91000000,1
2026-08-12 20:04:48.757900,1,77731.98000000,77731.98000000,1
2026-08-12 20:04:48.761986,1,2242259.70000000,2242259.70000000,1
2026-08-12 20:04:48.766068,1,18993.98000000,18993.98000000,1
2026-08-12 20:04:48.770142,1,914279.60000000,914279.60000000,1
2026-08-12 20:04:48.774221,1,652601.77000000,652601.77000000,1
2026-08-12 20:04:48.778297,1,93477.86000000,93477.86000000,1
2026-08-12 20:04:48.782369,1,531327.84000000,531327.84000000,1
2026-08-12 20:04:48.786445,1,904931.81000000,904931.81000000,1
2026-08-12 20:04:48.790518,1,910219.90000000,910219.90000000,1
2026-08-12 20:04:48.794592,1,2969499.50000000,2969499.50000000,1
2026-08-12 20:04:48.798672,1,1326879.68000000,1326879.68000000,1
2026-08-12 20:04:48.802826,1,677735.64000000,677735.64000000,1
2026-08-12 20:04:48.806901,1,1104380.73000000,1104380.73000000,1
2026-08-12 20:04:48.810976,1,122855.96000000,122855.96000000,1
2026-08-12 20:04:48.815052,1,1162561.69000000,1162561.69000000,1
2026-08-12 20:04:48.819131,1,332351.92000000,332351.92000000,1
2026-08-12 20:04:48.827310,1,959789.70000000,959789.70000000,1
2026-08-12 20:04:48.831397,1,82425.99000000,82425.99000000,1
2026-08-12 20:04:48.835484,1,1228415.84000000,1228415.84000000,1
2026-08-12 20:04:48.839572,1,2460309.54000000,2460309.54000000,1
2026-08-12 20:04:48.843653,1,2295383.72000000,2295383.72000000,1
2026-08-12 20:04:48.847735,1,535647.92000000,535647.92000000,1
2026-08-12 20:04:48.851817,1,1141316.03750000,1141316.03750000,1
2026-08-12 20:04:48.855898,1,3092084.55000000,3092084.55000000,1
2026-08-12 20:04:48.859979,1,496620.83000000,496620.83000000,1
2026-08-12 20:04:48.864060,1,1446323.78000000,1446323.78000000,1
2026-08-12 20:04:48.868145,1,165995.71000000,165995.71000000,1
2026-08-12 20:04:48.872229,1,736865.53000000,736865.53000000,1
2026-08-12 20:04:48.876315,1,1729328.79000000,1729328.79000000,1
2026-08-12 20:04:48.880400,1,366490.81000000,366490.81000000,1
2026-08-12 20:04:48.884488,1,1984639.68000000,1984639.68000000,1
2026-08-12 20:04:48.888578,1,1723283.82000000,1723283.82000000,1
2026-08-12 20:04:48.892668,1,482712.93000000,482712.93000000,1
2026-08-12 20:04:48.896755,1,704759.70000000,704759.70000000,1
2026-08-12 20:04:48.900836,1,998783.73000000,998783.73000000,1
2026-08-12 20:04:48.904914,1,13917.98000000,13917.98000000,1
2026-08-12 20:04:48.908993,1,2382539.70000000,2382539.70000000,1
2026-08-12 20:04:48.913075,1,97307.83000000,97307.83000000,1
2026-08-12 20:04:48.917161,1,640023.86000000,640023.86000000,1
2026-08-12 20:04:48.921247,1,1326439.60000000,1326439.60000000,1
2026-08-12 20:04:48.925332,1,735983.64000000,735983.64000000,1
2026-08-12 20:04:48.929411,1,181709.98000000,181709.98000000,1
2026-08-12 20:04:48.933483,1,1045599.80000000,1045599.80000000,1
2026-08-12 20:04:48.937562,1,509009.85000000,509009.85000000,1
2026-08-12 20:04:48.941634,1,912317.89000000,912317.89000000,1
2026-08-12 20:04:48.945716,1,468747.86000000,468747.86000000,1
2026-08-12 20:04:48.953888,1,2090607.74000000,2090607.74000000,1
2026-08-12 20:04:48.957971,1,576275.88000000,576275.88000000,1
2026-08-12 20:04:48.962053,1,1234811.83000000,1234811.83000000,1
2026-08-12 20:04:48.966139,1,1128977.73000000,1128977.73000000,1
2026-08-12 20:04:48.970227,1,829299.80000000,829299.80000000,1
2026-08-12 20:04:48.974313,1,1992619.57000000,1992619.57000000,1
2026-08-12 20:04:48.978400,2,782121.72000000,391060.86000000,2
2026-08-12 20:04:48.982494,1,858170.59000000,858170.59000000,1
2026-08-12 20:04:48.986574,1,528218.91000000,528218.91000000,1
2026-08-12 20:04:48.990654,1,4362133.54000000,4362133.54000000,1
2026-08-12 20:04:48.998830,1,1390693.08350000,1390693.08350000,1
2026-08-12 20:04:49.002915,1,481412.77000000,481412.77000000,1
2026-08-12 20:04:49.007006,1,90215.82000000,90215.82000000,1
2026-08-12 20:04:49.011097,1,2892434.65000000,2892434.65000000,1
2026-08-12 20:04:49.015187,1,247186.74050000,247186.74050000,1
2026-08-12 20:04:49.019260,1,2489568.02600000,2489568.02600000,1
2026-08-12 20:04:49.023331,1,3032279.60000000,3032279.60000000,1
2026-08-12 20:04:49.027404,1,3770249.50000000,3770249.50000000,1
2026-08-12 20:04:49.031476,1,1348686.63000000,1348686.63000000,1
2026-08-12 20:04:49.035547,1,2567632.95250000,2567632.95250000,1
2026-08-12 20:04:49.039620,1,635479.80000000,635479.80000000,1
2026-08-12 20:04:49.043693,1,1176440.51000000,1176440.51000000,1
2026-08-12 20:04:49.047811,1,93313.99000000,93313.99000000,1
2026-08-12 20:04:49.051907,1,456024.95000000,456024.95000000,1
2026-08-12 20:04:49.060077,1,838061.82000000,838061.82000000,1
2026-08-12 20:04:49.064153,1,1653749.50000000,1653749.50000000,1
2026-08-12 20:04:49.068225,1,1589969.70000000,1589969.70000000,1
2026-08-12 20:04:49.072302,1,3077976.23350000,3077976.23350000,1
2026-08-12 20:04:49.076377,1,373554.93000000,373554.93000000,1
2026-08-12 20:04:49.080450,1,1687652.67000000,1687652.67000000,1
2026-08-12 20:04:49.084522,1,3578528.63000000,3578528.63000000,1
2026-08-12 20:04:49.088595,1,1354664.61000000,1354664.61000000,1
2026-08-12 20:04:49.092669,1,378289.78000000,378289.78000000,1
2026-08-12 20:04:49.096744,1,3061004.36850000,3061004.36850000,1
2026-08-12 20:04:49.100817,1,171225.57000000,171225.57000000,1
2026-08-12 20:04:49.104890,1,796991.76000000,796991.76000000,1
2026-08-12 20:04:49.108963,1,495011.58000000,495011.58000000,1
2026-08-12 20:04:49.113037,1,1526327.64000000,1526327.64000000,1
2026-08-12 20:04:49.117109,1,1927583.54000000,1927583.54000000,1
2026-08-12 20:04:49.121182,1,297974.95000000,297974.95000000,1
2026-08-12 20:04:49.125255,1,588369.66000000,588369.66000000,1
2026-08-12 20:04:49.129328,1,2606111.68000000,2606111.68000000,1
2026-08-12 20:04:49.133401,1,1867759.80000000,1867759.80000000,1
2026-08-12 20:04:49.137474,1,80359.86000000,80359.86000000,1
2026-08-12 20:04:49.141545,1,339947.79000000,339947.79000000,1
2026-08-12 20:04:49.145620,1,2435131.72000000,2435131.72000000,1
2026-08-12 20:04:49.149695,1,1739627.67000000,1739627.67000000,1
2026-08-12 20:04:49.153765,1,871922.92800000,871922.92800000,1
2026-08-12 20:04:49.157839,1,1062087.36750000,1062087.36750000,1
2026-08-12 20:04:49.161910,1,3862941.54000000,3862941.54000000,1
2026-08-12 20:04:49.165984,1,2544327.62000000,2544327.62000000,1
2026-08-12 20:04:49.170056,1,365219.94000000,365219.94000000,1
2026-08-12 20:04:49.174126,1,2620894.69000000,2620894.69000000,1
2026-08-12 20:04:49.178197,1,495914.65000000,495914.65000000,1
2026-08-12 20:04:49.182274,1,1653028.83000000,1653028.83000000,1
2026-08-12 20:04:49.186345,1,270647.96000000,270647.96000000,1
2026-08-12 20:04:49.190769,1,214835.96000000,214835.96000000,1
2026-08-12 20:04:49.194945,1,475968.81000000,475968.81000000,1
2026-08-12 20:04:49.199030,1,2908751.58000000,2908751.58000000,1
2026-08-12 20:04:49.203109,1,2198906.73000000,2198906.73000000,1
2026-08-12 20:04:49.211280,1,71762.99000000,71762.99000000,1
2026-08-12 20:04:49.215363,1,153097.78000000,153097.78000000,1
2026-08-12 20:04:49.219449,1,379097.94000000,379097.94000000,1
2026-08-12 20:04:49.223537,1,708954.87000000,708954.87000000,1
2026-08-12 20:04:49.227622,1,1781879.80000000,1781879.80000000,1
2026-08-12 20:04:49.231703,1,719366.67000000,719366.67000000,1
2026-08-12 20:04:49.235747,1,367658.83000000,367658.83000000,1
2026-08-12 20:04:49.239818,1,957505.78000000,957505.78000000,1
2026-08-12 20:04:49.243837,1,417325.74000000,417325.74000000,1
2026-08-12 20:04:49.247914,1,512148.89000000,512148.89000000,1
2026-08-12 20:04:49.251998,1,945506.77000000,945506.77000000,1
2026-08-12 20:04:49.256079,1,1836652.52800000,1836652.52800000,1
2026-08-12 20:04:49.260157,1,2699150.61000000,2699150.61000000,1
2026-08-12 20:04:49.264241,1,722484.58100000,722484.58100000,1
2026-08-12 20:04:49.268319,1,1149829.78000000,1149829.78000000,1
2026-08-12 20:04:49.272401,1,7670.37450000,7670.37450000,1
2026-08-12 20:04:49.276493,1,947719.60000000,947719.60000000,1
2026-08-12 20:04:49.280572,1,455109.95000000,455109.95000000,1
2026-08-12 20:04:49.284650,1,997797.83000000,997797.83000000,1
2026-08-12 20:04:49.288727,1,2042499.75000000,2042499.75000000,1
2026-08-12 20:04:49.292807,1,2937269.70000000,2937269.70000000,1
2026-08-12 20:04:49.296883,1,88052.97000000,88052.97000000,1
2026-08-12 20:04:49.300953,1,1013336.60350000,1013336.60350000,1
2026-08-12 20:04:49.305031,1,739839.80000000,739839.80000000,1
2026-08-12 20:04:49.309105,1,1295861.69000000,1295861.69000000,1
2026-08-12 20:04:49.313186,1,150142.28300000,150142.28300000,1
2026-08-12 20:04:49.317265,1,2463929.65000000,2463929.65000000,1
2026-08-12 20:04:49.321343,1,1457105.79000000,1457105.79000000,1
2026-08-12 20:04:49.325420,1,1317402.81000000,1317402.81000000,1
2026-08-12 20:04:49.329498,1,1908587.62000000,1908587.62000000,1
2026-08-12 20:04:49.333574,1,584170.93000000,584170.93000000,1
2026-08-12 20:04:49.341753,1,1225499.85000000,1225499.85000000,1
2026-08-12 20:04:49.345849,1,882179.91000000,882179.91000000,1
2026-08-12 20:04:49.349937,1,43185.87000000,43185.87000000,1
2026-08-12 20:04:49.354021,1,194153.98000000,194153.98000000,1
2026-08-12 20:04:49.358109,1,449707.93000000,449707.93000000,1
2026-08-12 20:04:49.362197,1,2495099.70000000,2495099.70000000,1
2026-08-12 20:04:49.366284,1,280475.51000000,280475.51000000,1
2026-08-12 20:04:49.370372,1,692559.90000000,692559.90000000,1
2026-08-12 20:04:49.374464,2,746247.49000000,373123.74500000,2
2026-08-12 20:04:49.378557,1,2690764.71000000,2690764.71000000,1
2026-08-12 20:04:49.382637,1,1650092.81000000,1650092.81000000,1
2026-08-12 20:04:49.386721,1,1085511.53000000,1085511.53000000,1
2026-08-12 20:04:49.390854,1,1840707.53000000,1840707.53000000,1
2026-08-12 20:04:49.394932,1,2224439.63000000,2224439.63000000,1
2026-08-12 20:04:49.399008,1,911804.85000000,911804.85000000,1
2026-08-12 20:04:49.403090,1,2855217.66000000,2855217.66000000,1
2026-08-12 20:04:49.407162,1,962527.68000000,962527.68000000,1
2026-08-12 20:04:49.411247,1,1501123.51950000,1501123.51950000,1
2026-08-12 20:04:49.415320,1,3490782.57000000,3490782.57000000,1
2026-08-12 20:04:49.423485,1,73737.98000000,73737.98000000,1
2026-08-12 20:04:49.427568,1,330868.89000000,330868.89000000,1
2026-08-12 20:04:49.431655,1,4185171.54000000,4185171.54000000,1
2026-08-12 20:04:49.435744,1,2565468.63000000,2565468.63000000,1
2026-08-12 20:04:49.439824,1,560087.02350000,560087.02350000,1
2026-08-12 20:04:49.443904,1,960724.75000000,960724.75000000,1
2026-08-12 20:04:49.447983,1,39918.89000000,39918.89000000,1
2026-08-12 20:04:49.456141,1,3378451.56000000,3378451.56000000,1
2026-08-12 20:04:49.460220,1,288872.91000000,288872.91000000,1
2026-08-12 20:04:49.464300,1,1732399.60000000,1732399.60000000,1
2026-08-12 20:04:49.468380,1,222989.95000000,222989.95000000,1
2026-08-12 20:04:49.472450,1,1046351.52000000,1046351.52000000,1
2026-08-12 20:04:49.476523,1,555036.93000000,555036.93000000,1
2026-08-12 20:04:49.480596,1,93495.71000000,93495.71000000,1
2026-08-12 20:04:49.484669,1,1167699.75000000,1167699.75000000,1
2026-08-12 20:04:49.488751,1,183167.88000000,183167.88000000,1
2026-08-12 20:04:49.492833,1,1602299.50000000,1602299.50000000,1
2026-08-12 20:04:49.496912,1,1103163.66000000,1103163.66000000,1
2026-08-12 20:04:49.500990,1,1371647.68000000,1371647.68000000,1
2026-08-12 20:04:49.509149,1,97064.73000000,97064.73000000,1
2026-08-12 20:04:49.513222,1,1800177.39600000,1800177.39600000,1
2026-08-12 20:04:49.517314,1,2646391.51000000,2646391.51000000,1
2026-08-12 20:04:49.521402,1,1962674.55000000,1962674.55000000,1
2026-08-12 20:04:49.525489,1,345599.85000000,345599.85000000,1
2026-08-12 20:04:49.529574,1,2652583.56000000,2652583.56000000,1
2026-08-12 20:04:49.533661,1,187153.53000000,187153.53000000,1
2026-08-12 20:04:49.537750,1,191863.92000000,191863.92000000,1
2026-08-12 20:04:49.541840,1,245327.88000000,245327.88000000,1
2026-08-12 20:04:49.545925,1,636126.17900000,636126.17900000,1
2026-08-12 20:04:49.550016,1,23908.78300000,23908.78300000,1
2026-08-12 20:04:49.554106,1,3034975.66000000,3034975.66000000,1
2026-08-12 20:04:49.558198,1,2439983.52000000,2439983.52000000,1
2026-08-12 20:04:49.562288,1,1846409.70000000,1846409.70000000,1
2026-08-12 20:04:49.566379,1,406359.80000000,406359.80000000,1
2026-08-12 20:04:49.570475,2,5341934.35000000,2670967.17500000,2
2026-08-12 20:04:49.578666,2,4366330.26000000,2183165.13000000,2
2026-08-12 20:04:49.582758,1,83087.98000000,83087.98000000,1
2026-08-12 20:04:49.586850,1,38540.71000000,38540.71000000,1
2026-08-12 20:04:49.590951,1,674955.81000000,674955.81000000,1
2026-08-12 20:04:49.595041,1,1965257.53000000,1965257.53000000,1
2026-08-12 20:04:49.599131,1,4344561.54000000,4344561.54000000,1
2026-08-12 20:04:49.603207,1,57803.96000000,57803.96000000,1
2026-08-12 20:04:49.607333,1,3420521.58000000,3420521.58000000,1
2026-08-12 20:04:49.611419,1,1745423.82000000,1745423.82000000,1
2026-08-12 20:04:49.615502,1,2930591.68000000,2930591.68000000,1
2026-08-12 20:04:49.619579,1,249242.97000000,249242.97000000,1
2026-08-12 20:04:49.623665,1,850607.73000000,850607.73000000,1
2026-08-12 20:04:49.627746,1,1353351.74000000,1353351.74000000,1
2026-08-12 20:04:49.631834,1,373497.57000000,373497.57000000,1
2026-08-12 20:04:49.635920,1,1618679.72000000,1618679.72000000,1
2026-08-12 20:04:49.639995,1,429314.95000000,429314.95000000,1
2026-08-12 20:04:49.644067,1,1742936.79000000,1742936.79000000,1
2026-08-12 20:04:49.648152,1,914715.89000000,914715.89000000,1
2026-08-12 20:04:49.652225,1,2424199.75000000,2424199.75000000,1
2026-08-12 20:04:49.656301,1,926063.84000000,926063.84000000,1
2026-08-12 20:04:49.660393,1,5624.75000000,5624.75000000,1
2026-08-12 20:04:49.664468,1,1875191.78000000,1875191.78000000,1
2026-08-12 20:04:49.668547,1,1912574.65000000,1912574.65000000,1
2026-08-12 20:04:49.672626,1,3218981.61000000,3218981.61000000,1
2026-08-12 20:04:49.676699,1,89423.82000000,89423.82000000,1
2026-08-12 20:04:49.680772,1,3483730.57000000,3483730.57000000,1
2026-08-12 20:04:49.684850,1,1133339.74000000,1133339.74000000,1
2026-08-12 20:04:49.688933,1,1290414.65000000,1290414.65000000,1
2026-08-12 20:04:49.693017,1,3013997.66000000,3013997.66000000,1
2026-08-12 20:04:49.697102,1,142869.90000000,142869.90000000,1
2026-08-12 20:04:49.701187,1,1514303.52000000,1514303.52000000,1
2026-08-12 20:04:49.705273,1,1150271.76000000,1150271.76000000,1
2026-08-12 20:04:49.709360,1,1842015.68000000,1842015.68000000,1
2026-08-12 20:04:49.713447,1,1149454.83000000,1149454.83000000,1
2026-08-12 20:04:49.717537,1,1770209.66000000,1770209.66000000,1
2026-08-12 20:04:49.721622,1,4059049.50000000,4059049.50000000,1
2026-08-12 20:04:49.725708,1,2289095.76000000,2289095.76000000,1
2026-08-12 20:04:49.729791,1,847209.62000000,847209.62000000,1
2026-08-12 20:04:49.733875,1,131163.48300000,131163.48300000,1
2026-08-12 20:04:49.737958,1,201893.54000000,201893.54000000,1
2026-08-12 20:04:49.742053,1,1704856.51000000,1704856.51000000,1
2026-08-12 20:04:49.746133,1,11024.51000000,11024.51000000,1
2026-08-12 20:04:49.750217,1,1201847.76000000,1201847.76000000,1
2026-08-12 20:04:49.754300,1,1588391.82000000,1588391.82000000,1
2026-08-12 20:04:49.758383,1,729992.89000000,729992.89000000,1
2026-08-12 20:04:49.762466,1,903713.86000000,903713.86000000,1
2026-08-12 20:04:49.766549,1,809517.57000000,809517.57000000,1
2026-08-12 20:04:49.770632,1,1081399.50000000,1081399.50000000,1
2026-08-12 20:04:49.774716,1,2470817.58000000,2470817.58000000,1
2026-08-12 20:04:49.778802,1,163283.94000000,163283.94000000,1
2026-08-12 20:04:49.782887,1,1136306.71000000,1136306.71000000,1
2026-08-12 20:04:49.786972,1,1154399.50000000,1154399.50000000,1
2026-08-12 20:04:49.791062,1,1498633.77000000,1498633.77000000,1
2026-08-12 20:04:49.795153,1,443495.94000000,443495.94000000,1
2026-08-12 20:04:49.799243,1,3633.58850000,3633.58850000,1
2026-08-12 20:04:49.803334,1,23092.93000000,23092.93000000,1
2026-08-12 20:04:49.807427,2,1104857.40000000,552428.70000000,2
2026-08-12 20:04:49.811522,1,346691.94000000,346691.94000000,1
2026-08-12 20:04:49.815622,1,583879.89000000,583879.89000000,1
2026-08-12 20:04:49.819705,1,3039517.99200000,3039517.99200000,1
2026-08-12 20:04:49.823791,1,1818986.69000000,1818986.69000000,1
2026-08-12 20:04:49.827882,1,1966499.77000000,1966499.77000000,1
2026-08-12 20:04:49.831967,1,813977.91000000,813977.91000000,1
2026-08-12 20:04:49.836046,1,547082.91000000,547082.91000000,1
2026-08-12 20:04:49.840122,1,270599.97000000,270599.97000000,1
2026-08-12 20:04:49.844202,1,922031.76000000,922031.76000000,1
2026-08-12 20:04:49.848280,1,1605236.71000000,1605236.71000000,1
2026-08-12 20:04:49.852357,1,2271893.77000000,2271893.77000000,1
2026-08-12 20:04:49.856435,1,3261104.55000000,3261104.55000000,1
2026-08-12 20:04:49.860515,1,322979.56600000,322979.56600000,1
2026-08-12 20:04:49.864594,1,570319.90000000,570319.90000000,1
2026-08-12 20:04:49.868667,1,1117477.54000000,1117477.54000000,1
2026-08-12 20:04:49.872740,1,2388828.69000000,2388828.69000000,1
2026-08-12 20:04:49.876831,1,1222815.72000000,1222815.72000000,1
2026-08-12 20:04:49.880909,1,688823.64000000,688823.64000000,1
2026-08-12 20:04:49.884983,1,1004068.89000000,1004068.89000000,1
2026-08-12 20:04:49.889072,1,17652.42600000,17652.42600000,1
2026-08-12 20:04:49.893146,1,578003.94000000,578003.94000000,1
2026-08-12 20:04:49.897220,1,93073.99000000,93073.99000000,1
2026-08-12 20:04:49.901295,1,82799.80000000,82799.80000000,1
2026-08-12 20:04:49.905374,1,3186217.63000000,3186217.63000000,1
2026-08-12 20:04:49.909452,1,1022831.88000000,1022831.88000000,1
2026-08-12 20:04:49.913530,1,3311424.54300000,3311424.54300000,1
2026-08-12 20:04:49.917608,1,1939365.74000000,1939365.74000000,1
2026-08-12 20:04:49.921684,1,58828.99000000,58828.99000000,1
2026-08-12 20:04:49.925770,1,1854779.62000000,1854779.62000000,1
2026-08-12 20:04:49.929845,1,1097191.77000000,1097191.77000000,1
2026-08-12 20:04:49.933919,1,681680.79000000,681680.79000000,1
2026-08-12 20:04:49.937994,1,744588.69000000,744588.69000000,1
2026-08-12 20:04:49.942069,1,1295975.78000000,1295975.78000000,1
2026-08-12 20:04:49.946141,1,94024.95150000,94024.95150000,1
2026-08-12 20:04:49.950214,1,627209.85000000,627209.85000000,1
2026-08-12 20:04:49.954289,1,1308803.72000000,1308803.72000000,1
2026-08-12 20:04:49.958365,1,2682121.54000000,2682121.54000000,1
2026-08-12 20:04:49.962444,1,4185171.54000000,4185171.54000000,1
2026-08-12 20:04:49.966519,1,3349009.65000000,3349009.65000000,1
2026-08-12 20:04:49.970598,1,577819.90000000,577819.90000000,1
2026-08-12 20:04:49.974681,1,255041.82000000,255041.82000000,1
2026-08-12 20:04:49.978811,1,1746099.75000000,1746099.75000000,1
2026-08-12 20:04:49.982887,1,316307.57000000,316307.57000000,1
2026-08-12 20:04:49.986960,1,73103.84000000,73103.84000000,1
2026-08-12 20:04:49.991033,1,2040941.62000000,2040941.62000000,1
2026-08-12 20:04:49.995107,1,73723.93000000,73723.93000000,1
2026-08-12 20:04:49.999180,1,2307959.70000000,2307959.70000000,1
2026-08-12 20:04:50.003252,1,3024139.65000000,3024139.65000000,1
2026-08-12 20:04:50.007325,1,151919.52000000,151919.52000000,1
2026-08-12 20:04:50.011398,1,1895211.62000000,1895211.62000000,1
2026-08-12 20:04:50.015471,1,1127615.52000000,1127615.52000000,1
2026-08-12 20:04:50.019544,1,2160767.68000000,2160767.68000000,1
2026-08-12 20:04:50.023617,1,2319967.72000000,2319967.72000000,1
2026-08-12 20:04:50.027690,1,1561372.57000000,1561372.57000000,1
2026-08-12 20:04:50.031762,1,617857.80900000,617857.80900000,1
2026-08-12 20:04:50.035838,1,911123.64000000,911123.64000000,1
2026-08-12 20:04:50.039912,1,303951.56000000,303951.56000000,1
2026-08-12 20:04:50.043984,1,864160.83000000,864160.83000000,1
2026-08-12 20:04:50.048056,1,621023.88000000,621023.88000000,1
2026-08-12 20:04:50.052131,1,2208159.60000000,2208159.60000000,1
2026-08-12 20:04:50.056205,1,1819141.69000000,1819141.69000000,1
2026-08-12 20:04:50.060310,1,1773239.60000000,1773239.60000000,1
2026-08-12 20:04:50.068477,1,725462.10550000,725462.10550000,1
2026-08-12 20:04:50.072547,1,269322.41500000,269322.41500000,1
2026-08-12 20:04:50.076621,1,492375.92000000,492375.92000000,1
2026-08-12 20:04:50.080704,1,449155.20650000,449155.20650000,1
2026-08-12 20:04:50.084861,1,1457543.67000000,1457543.67000000,1
2026-08-12 20:04:50.088943,1,350836.57000000,350836.57000000,1
2026-08-12 20:04:50.093020,1,34067.94000000,34067.94000000,1
2026-08-12 20:04:50.101183,1,178211.98000000,178211.98000000,1
2026-08-12 20:04:50.105271,1,473441.81000000,473441.81000000,1
2026-08-12 20:04:50.109359,1,878156.91000000,878156.91000000,1
2026-08-12 20:04:50.113439,1,841585.81000000,841585.81000000,1
2026-08-12 20:04:50.117522,1,400814.91000000,400814.91000000,1
2026-08-12 20:04:50.121605,1,209419.63000000,209419.63000000,1
2026-08-12 20:04:50.125689,1,2950455.69000000,2950455.69000000,1
2026-08-12 20:04:50.129774,1,2733743.52000000,2733743.52000000,1
2026-08-12 20:04:50.133860,1,777509.82000000,777509.82000000,1
2026-08-12 20:04:50.137943,1,1144967.88000000,1144967.88000000,1
2026-08-12 20:04:50.142025,1,468350.91000000,468350.91000000,1
2026-08-12 20:04:50.146108,1,3509845.54000000,3509845.54000000,1
2026-08-12 20:04:50.150191,1,280724.85000000,280724.85000000,1
2026-08-12 20:04:50.154274,1,829401.86000000,829401.86000000,1
2026-08-12 20:04:50.158357,1,748599.60000000,748599.60000000,1
2026-08-12 20:04:50.162440,1,120668.71000000,120668.71000000,1
2026-08-12 20:04:50.166524,1,2305907.67000000,2305907.67000000,1
2026-08-12 20:04:50.170599,1,392976.63000000,392976.63000000,1
2026-08-12 20:04:50.174683,1,1211132.67000000,1211132.67000000,1
2026-08-12 20:04:50.178754,1,4435604.55000000,4435604.55000000,1
2026-08-12 20:04:50.182837,1,130447.92000000,130447.92000000,1
2026-08-12 20:04:50.186920,1,324047.94000000,324047.94000000,1
2026-08-12 20:04:50.191002,1,3260939.66000000,3260939.66000000,1
2026-08-12 20:04:50.195074,1,308807.94000000,308807.94000000,1
2026-08-12 20:04:50.199144,1,792124.75000000,792124.75000000,1
2026-08-12 20:04:50.203213,1,3642131.61000000,3642131.61000000,1
2026-08-12 20:04:50.207282,1,424027.53200000,424027.53200000,1
2026-08-12 20:04:50.211352,1,42506.97000000,42506.97000000,1
2026-08-12 20:04:50.215427,1,959742.63000000,959742.63000000,1
2026-08-12 20:04:50.219498,1,1525175.73000000,1525175.73000000,1
2026-08-12 20:04:50.223572,1,798011.73000000,798011.73000000,1
2026-08-12 20:04:50.227643,1,3246174.59000000,3246174.59000000,1
2026-08-12 20:04:50.231718,1,1328255.82000000,1328255.82000000,1
2026-08-12 20:04:50.235794,1,1503807.68000000,1503807.68000000,1
2026-08-12 20:04:50.239868,1,2985284.57500000,2985284.57500000,1
2026-08-12 20:04:50.243949,1,22316.57000000,22316.57000000,1
2026-08-12 20:04:50.248019,1,2573999.74000000,2573999.74000000,1
2026-08-12 20:04:50.252091,1,4014422.51000000,4014422.51000000,1
2026-08-12 20:04:50.256162,1,3334715.64000000,3334715.64000000,1
2026-08-12 20:04:50.260230,1,545953.71000000,545953.71000000,1
2026-08-12 20:04:50.264301,2,2530851.34000000,1265425.67000000,2
2026-08-12 20:04:50.272443,2,3148052.58000000,1574026.29000000,2
2026-08-12 20:04:50.276515,1,2766315.72000000,2766315.72000000,1
2026-08-12 20:04:50.280599,1,1465076.74500000,1465076.74500000,1
2026-08-12 20:04:50.284673,1,4113143.58000000,4113143.58000000,1
2026-08-12 20:04:50.288758,1,1352968.39200000,1352968.39200000,1
2026-08-12 20:04:50.292853,1,2087123.61000000,2087123.61000000,1
2026-08-12 20:04:50.296938,1,637955.91000000,637955.91000000,1
2026-08-12 20:04:50.301018,1,3171335.57000000,3171335.57000000,1
2026-08-12 20:04:50.305094,1,4183.96000000,4183.96000000,1
2026-08-12 20:04:50.309174,1,1091783.88000000,1091783.88000000,1
2026-08-12 20:04:50.313249,1,180069.95000000,180069.95000000,1
2026-08-12 20:04:50.317327,1,2941449.50000000,2941449.50000000,1
2026-08-12 20:04:50.321408,1,91824.75000000,91824.75000000,1
2026-08-12 20:04:50.325493,1,3848542.90050000,3848542.90050000,1
2026-08-12 20:04:50.329571,1,521759.76000000,521759.76000000,1
2026-08-12 20:04:50.333648,1,3778983.56000000,3778983.56000000,1
2026-08-12 20:04:50.337725,1,168957.54000000,168957.54000000,1
2026-08-12 20:04:50.341817,1,1388332.53000000,1388332.53000000,1
2026-08-12 20:04:50.345888,1,138439.92000000,138439.92000000,1
2026-08-12 20:04:50.349958,1,27049.98000000,27049.98000000,1
2026-08-12 20:04:50.354028,1,963008.73000000,963008.73000000,1
2026-08-12 20:04:50.358100,1,1706095.72000000,1706095.72000000,1
2026-08-12 20:04:50.362170,1,1448901.74000000,1448901.74000000,1
2026-08-12 20:04:50.366244,1,379634.85000000,379634.85000000,1
2026-08-12 20:04:50.370316,1,588090.79200000,588090.79200000,1
2026-08-12 20:04:50.374389,1,1151183.52000000,1151183.52000000,1
2026-08-12 20:04:50.378459,1,2758476.53000000,2758476.53000000,1
2026-08-12 20:04:50.382530,1,850805.82000000,850805.82000000,1
2026-08-12 20:04:50.386608,1,210507.96000000,210507.96000000,1
2026-08-12 20:04:50.390681,1,4853849.50000000,4853849.50000000,1
2026-08-12 20:04:50.394757,1,136347.96000000,136347.96000000,1
2026-08-12 20:04:50.398829,1,42191.97000000,42191.97000000,1
2026-08-12 20:04:50.402899,1,3286279.60000000,3286279.60000000,1
2026-08-12 20:04:50.406969,1,153715.96000000,153715.96000000,1
2026-08-12 20:04:50.411040,1,1305875.74000000,1305875.74000000,1
2026-08-12 20:04:50.415110,1,1021868.73000000,1021868.73000000,1
2026-08-12 20:04:50.419181,1,1946195.58000000,1946195.58000000,1
2026-08-12 20:04:50.423253,1,1165229.70000000,1165229.70000000,1
2026-08-12 20:04:50.427327,1,2406453.59000000,2406453.59000000,1
2026-08-12 20:04:50.431394,1,2576347.69000000,2576347.69000000,1
2026-08-12 20:04:50.435466,1,62891.91000000,62891.91000000,1
2026-08-12 20:04:50.439538,1,1002670.09800000,1002670.09800000,1
2026-08-12 20:04:50.443619,1,2103471.51000000,2103471.51000000,1
2026-08-12 20:04:50.447691,1,3902207.52000000,3902207.52000000,1
2026-08-12 20:04:50.451877,1,285071.94000000,285071.94000000,1
2026-08-12 20:04:50.455952,1,1889719.65000000,1889719.65000000,1
2026-08-12 20:04:50.460024,1,1170971.88000000,1170971.88000000,1
2026-08-12 20:04:50.464096,1,2816799.65000000,2816799.65000000,1
2026-08-12 20:04:50.468169,1,2839031.58000000,2839031.58000000,1
2026-08-12 20:04:50.472245,1,63958.93000000,63958.93000000,1
2026-08-12 20:04:50.476320,1,1435454.55000000,1435454.55000000,1
2026-08-12 20:04:50.480397,1,177194.19600000,177194.19600000,1
2026-08-12 20:04:50.484481,1,276509.97000000,276509.97000000,1
2026-08-12 20:04:50.488562,1,52511.96000000,52511.96000000,1
2026-08-12 20:04:50.492644,1,850303.84000000,850303.84000000,1
2026-08-12 20:04:50.496723,1,278249.86000000,278249.86000000,1
2026-08-12 20:04:50.500804,1,2140469.66000000,2140469.66000000,1
2026-08-12 20:04:50.504878,1,2916049.50000000,2916049.50000000,1
2026-08-12 20:04:50.508948,1,2324735.76000000,2324735.76000000,1
2026-08-12 20:04:50.513018,1,2619699.50000000,2619699.50000000,1
2026-08-12 20:04:50.517088,1,93218.93000000,93218.93000000,1
2026-08-12 20:04:50.521164,1,3708077.62000000,3708077.62000000,1
2026-08-12 20:04:50.525250,1,1440515.07700000,1440515.07700000,1
2026-08-12 20:04:50.529334,1,1787424.75000000,1787424.75000000,1
2026-08-12 20:04:50.537508,1,278039.94000000,278039.94000000,1
2026-08-12 20:04:50.541579,1,3308799.53000000,3308799.53000000,1
2026-08-12 20:04:50.545652,1,1779141.77000000,1779141.77000000,1
2026-08-12 20:04:50.549722,1,2349759.68000000,2349759.68000000,1
2026-08-12 20:04:50.553795,1,438620.33200000,438620.33200000,1
2026-08-12 20:04:50.557867,1,3159274.51000000,3159274.51000000,1
2026-08-12 20:04:50.561955,1,1487599.50000000,1487599.50000000,1
2026-08-12 20:04:50.566029,1,216383.77000000,216383.77000000,1
2026-08-12 20:04:50.570100,1,511409.90000000,511409.90000000,1
2026-08-12 20:04:50.574174,1,1153334.85000000,1153334.85000000,1
2026-08-12 20:04:50.578246,1,1166879.60000000,1166879.60000000,1
2026-08-12 20:04:50.582323,1,765577.83000000,765577.83000000,1
2026-08-12 20:04:50.586394,1,2405122.27700000,2405122.27700000,1
2026-08-12 20:04:50.590467,1,2607155.64000000,2607155.64000000,1
2026-08-12 20:04:50.594539,1,395160.67350000,395160.67350000,1
2026-08-12 20:04:50.598610,1,1556099.50000000,1556099.50000000,1
2026-08-12 20:04:50.602682,1,27782.51000000,27782.51000000,1
2026-08-12 20:04:50.606753,1,2386193.69000000,2386193.69000000,1
2026-08-12 20:04:50.610826,1,901196.89000000,901196.89000000,1
2026-08-12 20:04:50.614896,1,1048252.80150000,1048252.80150000,1
2026-08-12 20:04:50.618969,1,735385.66000000,735385.66000000,1
2026-08-12 20:04:50.623042,1,504932.87000000,504932.87000000,1
2026-08-12 20:04:50.627112,1,897567.72000000,897567.72000000,1
2026-08-12 20:04:50.631181,1,346063.84000000,346063.84000000,1
2026-08-12 20:04:50.635256,1,165859.96000000,165859.96000000,1
2026-08-12 20:04:50.639343,1,455309.94000000,455309.94000000,1
2026-08-12 20:04:50.643430,1,704123.88000000,704123.88000000,1
2026-08-12 20:04:50.647517,1,411669.86000000,411669.86000000,1
2026-08-12 20:04:50.651597,1,3145192.53000000,3145192.53000000,1
2026-08-12 20:04:50.655670,1,1059039.80000000,1059039.80000000,1
2026-08-12 20:04:50.659742,1,3350829.65000000,3350829.65000000,1
2026-08-12 20:04:50.663824,1,122395.98000000,122395.98000000,1
2026-08-12 20:04:50.667905,1,1051259.88000000,1051259.88000000,1
2026-08-12 20:04:50.671990,1,211995.96000000,211995.96000000,1
2026-08-12 20:04:50.676065,1,2056889.78000000,2056889.78000000,1
2026-08-12 20:04:50.680156,1,828973.99200000,828973.99200000,1
2026-08-12 20:04:50.684245,1,242239.84000000,242239.84000000,1
2026-08-12 20:04:50.688326,1,1675181.77000000,1675181.77000000,1
2026-08-12 20:04:50.692400,1,476882.67000000,476882.67000000,1
2026-08-12 20:04:50.696475,1,612029.38450000,612029.38450000,1
2026-08-12 20:04:50.700552,1,3636008.61000000,3636008.61000000,1
2026-08-12 20:04:50.704627,1,647196.73200000,647196.73200000,1
2026-08-12 20:04:50.708704,1,509201.91000000,509201.91000000,1
2026-08-12 20:04:50.716864,1,209796.59000000,209796.59000000,1
2026-08-12 20:04:50.720933,1,175459.69000000,175459.69000000,1
2026-08-12 20:04:50.725004,1,260936.97000000,260936.97000000,1
2026-08-12 20:04:50.729074,1,493712.91000000,493712.91000000,1
2026-08-12 20:04:50.733145,1,1527284.90450000,1527284.90450000,1
2026-08-12 20:04:50.737216,1,520295.62000000,520295.62000000,1
2026-08-12 20:04:50.741287,1,2423924.75000000,2423924.75000000,1
2026-08-12 20:04:50.745364,1,1298393.82000000,1298393.82000000,1
2026-08-12 20:04:50.749434,1,2236094.55000000,2236094.55000000,1
2026-08-12 20:04:50.753510,1,996971.88000000,996971.88000000,1
2026-08-12 20:04:50.757581,1,1617134.61000000,1617134.61000000,1
2026-08-12 20:04:50.761653,1,1052551.59000000,1052551.59000000,1
2026-08-12 20:04:50.765724,1,2479439.52000000,2479439.52000000,1
2026-08-12 20:04:50.769792,1,52064.99000000,52064.99000000,1
2026-08-12 20:04:50.773865,1,1582872.57000000,1582872.57000000,1
2026-08-12 20:04:50.777940,1,525659.94000000,525659.94000000,1
2026-08-12 20:04:50.782010,1,3186523.56000000,3186523.56000000,1
2026-08-12 20:04:50.786080,1,125061.98000000,125061.98000000,1
2026-08-12 20:04:50.790151,1,1104380.73000000,1104380.73000000,1
2026-08-12 20:04:50.794222,1,1032695.79000000,1032695.79000000,1
2026-08-12 20:04:50.798298,1,1889439.60000000,1889439.60000000,1
2026-08-12 20:04:50.802370,1,3809387.56000000,3809387.56000000,1
2026-08-12 20:04:50.806442,1,46265.99000000,46265.99000000,1
2026-08-12 20:04:50.810513,1,333599.76000000,333599.76000000,1
2026-08-12 20:04:50.814588,1,38267.98000000,38267.98000000,1
2026-08-12 20:04:50.818659,1,1148060.83000000,1148060.83000000,1
2026-08-12 20:04:50.822729,1,262613.78000000,262613.78000000,1
2026-08-12 20:04:50.826804,1,4337817.53000000,4337817.53000000,1
2026-08-12 20:04:50.830876,1,1018029.87000000,1018029.87000000,1
2026-08-12 20:04:50.834947,1,2465887.68000000,2465887.68000000,1
2026-08-12 20:04:50.839019,1,767662.09800000,767662.09800000,1
2026-08-12 20:04:50.843091,1,822219.65000000,822219.65000000,1
2026-08-12 20:04:50.847163,1,93183.92000000,93183.92000000,1
2026-08-12 20:04:50.851235,1,2461703.58000000,2461703.58000000,1
2026-08-12 20:04:50.855311,1,598591.03750000,598591.03750000,1
2026-08-12 20:04:50.859383,2,408576.51900000,204288.25950000,2
2026-08-12 20:04:50.867538,1,332579.85000000,332579.85000000,1
2026-08-12 20:04:50.871607,1,789519.80000000,789519.80000000,1
2026-08-12 20:04:50.875682,1,1959869.67000000,1959869.67000000,1
2026-08-12 20:04:50.879758,1,1120631.88000000,1120631.88000000,1
2026-08-12 20:04:50.883830,1,789205.71000000,789205.71000000,1
2026-08-12 20:04:50.887911,1,2207974.75000000,2207974.75000000,1
2026-08-12 20:04:50.891992,1,635969.85000000,635969.85000000,1
2026-08-12 20:04:50.896074,1,356423.96000000,356423.96000000,1
2026-08-12 20:04:50.900152,1,2660435.64000000,2660435.64000000,1
2026-08-12 20:04:50.904233,1,3856008.59000000,3856008.59000000,1
2026-08-12 20:04:50.908311,1,677728.39200000,677728.39200000,1
2026-08-12 20:04:50.912393,1,832715.88000000,832715.88000000,1
2026-08-12 20:04:50.916474,1,227279.85000000,227279.85000000,1
2026-08-12 20:04:50.920556,1,420734.95000000,420734.95000000,1
2026-08-12 20:04:50.924642,1,283544.97000000,283544.97000000,1
2026-08-12 20:04:50.928731,1,598505.29800000,598505.29800000,1
2026-08-12 20:04:50.932863,1,1671809.70000000,1671809.70000000,1
2026-08-12 20:04:50.936949,1,326359.60000000,326359.60000000,1
2026-08-12 20:04:50.941036,1,139688.67000000,139688.67000000,1
2026-08-12 20:04:50.945109,1,2136712.57000000,2136712.57000000,1
2026-08-12 20:04:50.949182,1,1639549.50000000,1639549.50000000,1
2026-08-12 20:04:50.953254,1,142373.94000000,142373.94000000,1
2026-08-12 20:04:50.957332,1,3476119.53000000,3476119.53000000,1
2026-08-12 20:04:50.961407,1,1363799.60000000,1363799.60000000,1
2026-08-12 20:04:50.965487,1,1340927.68000000,1340927.68000000,1
2026-08-12 20:04:50.969549,1,1064136.03750000,1064136.03750000,1
2026-08-12 20:04:50.973624,1,855051.78000000,855051.78000000,1
2026-08-12 20:04:50.977715,1,2898161.34300000,2898161.34300000,1
2026-08-12 20:04:50.981776,1,1603907.82000000,1603907.82000000,1
2026-08-12 20:04:50.985857,1,1841163.53750000,1841163.53750000,1
2026-08-12 20:04:50.989929,1,1206009.87000000,1206009.87000000,1
2026-08-12 20:04:50.998101,1,248211.82350000,248211.82350000,1
2026-08-12 20:04:51.002176,1,74312.97000000,74312.97000000,1
2026-08-12 20:04:51.006253,1,669939.90000000,669939.90000000,1
2026-08-12 20:04:51.010328,1,424295.64000000,424295.64000000,1
2026-08-12 20:04:51.014403,1,436209.68950000,436209.68950000,1
2026-08-12 20:04:51.018478,1,222081.93000000,222081.93000000,1
2026-08-12 20:04:51.022553,1,2588655.71000000,2588655.71000000,1
2026-08-12 20:04:51.026629,1,355239.90000000,355239.90000000,1
2026-08-12 20:04:51.030704,1,947009.85000000,947009.85000000,1
2026-08-12 20:04:51.034780,1,4049408.51000000,4049408.51000000,1
2026-08-12 20:04:51.038855,1,125405.97000000,125405.97000000,1
2026-08-12 20:04:51.042930,1,654713.91000000,654713.91000000,1
2026-08-12 20:04:51.047005,1,852567.81000000,852567.81000000,1
2026-08-12 20:04:51.051080,1,960449.75000000,960449.75000000,1
2026-08-12 20:04:51.055154,1,2845059.62000000,2845059.62000000,1
2026-08-12 20:04:51.059229,1,1677851.78000000,1677851.78000000,1
2026-08-12 20:04:51.063305,1,997797.83000000,997797.83000000,1
2026-08-12 20:04:51.067382,1,3804344.55000000,3804344.55000000,1
2026-08-12 20:04:51.071466,1,417867.56000000,417867.56000000,1
2026-08-12 20:04:51.079617,1,92159.96000000,92159.96000000,1
2026-08-12 20:04:51.083690,1,709858.56200000,709858.56200000,1
2026-08-12 20:04:51.087800,1,5915.71000000,5915.71000000,1
2026-08-12 20:04:51.095979,1,659622.81000000,659622.81000000,1
2026-08-12 20:04:51.100062,1,2644622.59000000,2644622.59000000,1
2026-08-12 20:04:51.104142,1,2412409.74000000,2412409.74000000,1
2026-08-12 20:04:51.108226,1,1126277.82000000,1126277.82000000,1
2026-08-12 20:04:51.112310,1,950151.72000000,950151.72000000,1
2026-08-12 20:04:51.116395,1,59818.59000000,59818.59000000,1
2026-08-12 20:04:51.120481,1,899835.51000000,899835.51000000,1
2026-08-12 20:04:51.124567,1,490391.92000000,490391.92000000,1
2026-08-12 20:04:51.128652,1,6958.99000000,6958.99000000,1
2026-08-12 20:04:51.132730,1,570128.79000000,570128.79000000,1
2026-08-12 20:04:51.136813,1,445215.92000000,445215.92000000,1
2026-08-12 20:04:51.140895,1,61811.83000000,61811.83000000,1
2026-08-12 20:04:51.144971,1,106703.82000000,106703.82000000,1
2026-08-12 20:04:51.149051,1,2056239.60000000,2056239.60000000,1
2026-08-12 20:04:51.153127,1,1461257.82000000,1461257.82000000,1
2026-08-12 20:04:51.157205,1,1997159.74500000,1997159.74500000,1
2026-08-12 20:04:51.161291,1,2996099.55000000,2996099.55000000,1
2026-08-12 20:04:51.165369,1,1262323.86000000,1262323.86000000,1
2026-08-12 20:04:51.169443,1,1717999.50000000,1717999.50000000,1
2026-08-12 20:04:51.173524,1,224423.88000000,224423.88000000,1
2026-08-12 20:04:51.177606,1,1835749.75000000,1835749.75000000,1
2026-08-12 20:04:51.181687,1,1243487.68000000,1243487.68000000,1
2026-08-12 20:04:51.185825,1,85130.88300000,85130.88300000,1
2026-08-12 20:04:51.189898,1,2141522.63000000,2141522.63000000,1
2026-08-12 20:04:51.193977,1,539659.67900000,539659.67900000,1
2026-08-12 20:04:51.198050,1,628445.74000000,628445.74000000,1
2026-08-12 20:04:51.202125,1,1705472.67000000,1705472.67000000,1
2026-08-12 20:04:51.206209,1,2726327.56000000,2726327.56000000,1
2026-08-12 20:04:51.210290,1,277999.80000000,277999.80000000,1
2026-08-12 20:04:51.214372,1,3712181.62000000,3712181.62000000,1
2026-08-12 20:04:51.218453,1,915389.79000000,915389.79000000,1
2026-08-12 20:04:51.222527,1,447509.90000000,447509.90000000,1
2026-08-12 20:04:51.226608,1,3477879.60000000,3477879.60000000,1
2026-08-12 20:04:51.230686,1,850022.91000000,850022.91000000,1
2026-08-12 20:04:51.234840,1,1094059.80000000,1094059.80000000,1
2026-08-12 20:04:51.238919,1,4707821.51000000,4707821.51000000,1
2026-08-12 20:04:51.243005,1,808807.72000000,808807.72000000,1
2026-08-12 20:04:51.247097,1,1691549.75000000,1691549.75000000,1
2026-08-12 20:04:51.251175,1,36991.99000000,36991.99000000,1
2026-08-12 20:04:51.255259,1,572483.94000000,572483.94000000,1
2026-08-12 20:04:51.259345,1,1842895.63000000,1842895.63000000,1
2026-08-12 20:04:51.263433,1,1387439.76000000,1387439.76000000,1
2026-08-12 20:04:51.267519,1,628792.89000000,628792.89000000,1
2026-08-12 20:04:51.271604,1,454166.79000000,454166.79000000,1
2026-08-12 20:04:51.275690,1,1132276.53000000,1132276.53000000,1
2026-08-12 20:04:51.279773,1,115311.92000000,115311.92000000,1
2026-08-12 20:04:51.283857,1,1684615.81000000,1684615.81000000,1
2026-08-12 20:04:51.287940,1,145757.94000000,145757.94000000,1
2026-08-12 20:04:51.292024,1,1995353.73000000,1995353.73000000,1
2026-08-12 20:04:51.296109,1,292321.49400000,292321.49400000,1
2026-08-12 20:04:51.300196,1,2252249.75000000,2252249.75000000,1
2026-08-12 20:04:51.304276,1,345694.83000000,345694.83000000,1
2026-08-12 20:04:51.308356,1,4451894.51000000,4451894.51000000,1
2026-08-12 20:04:51.312432,1,4051725.54000000,4051725.54000000,1
2026-08-12 20:04:51.316514,1,2743707.56000000,2743707.56000000,1
2026-08-12 20:04:51.320599,1,158147.97000000,158147.97000000,1
2026-08-12 20:04:51.324679,1,551768.83000000,551768.83000000,1
2026-08-12 20:04:51.328822,1,2467534.65000000,2467534.65000000,1
2026-08-12 20:04:51.336996,1,1252214.55000000,1252214.55000000,1
2026-08-12 20:04:51.341083,1,2100815.64000000,2100815.64000000,1
2026-08-12 20:04:51.345171,1,1190111.56000000,1190111.56000000,1
2026-08-12 20:04:51.349257,1,2219151.53000000,2219151.53000000,1
2026-08-12 20:04:51.353348,2,2642546.55000000,1321273.27500000,2
2026-08-12 20:04:51.357440,1,2099424.75000000,2099424.75000000,1
2026-08-12 20:04:51.361526,1,4122527.52000000,4122527.52000000,1
2026-08-12 20:04:51.369694,2,678870.89000000,339435.44500000,2
2026-08-12 20:04:51.373775,1,2201973.77000000,2201973.77000000,1
2026-08-12 20:04:51.377857,1,384050.19600000,384050.19600000,1
2026-08-12 20:04:51.381950,1,84899.85000000,84899.85000000,1
2026-08-12 20:04:51.386040,1,835196.67000000,835196.67000000,1
2026-08-12 20:04:51.390119,1,735038.91000000,735038.91000000,1
2026-08-12 20:04:51.394197,1,1401098.79000000,1401098.79000000,1
2026-08-12 20:04:51.402366,1,322949.50000000,322949.50000000,1
2026-08-12 20:04:51.406458,2,1978479.35000000,989239.67500000,2
2026-08-12 20:04:51.410551,1,1711268.79000000,1711268.79000000,1
2026-08-12 20:04:51.414639,1,257339.95000000,257339.95000000,1
2026-08-12 20:04:51.418728,1,967711.68000000,967711.68000000,1
2026-08-12 20:04:51.422818,1,1211678.26400000,1211678.26400000,1
2026-08-12 20:04:51.430988,1,498647.94000000,498647.94000000,1
2026-08-12 20:04:51.435076,1,16317.98000000,16317.98000000,1
2026-08-12 20:04:51.439161,1,2494967.72000000,2494967.72000000,1
2026-08-12 20:04:51.443249,1,2488139.70000000,2488139.70000000,1
2026-08-12 20:04:51.447332,1,1620239.70000000,1620239.70000000,1
2026-08-12 20:04:51.451416,1,582671.92000000,582671.92000000,1
2026-08-12 20:04:51.455501,1,2047895.73000000,2047895.73000000,1
2026-08-12 20:04:51.459584,1,4387433.54000000,4387433.54000000,1
2026-08-12 20:04:51.463669,1,1650308.83000000,1650308.83000000,1
2026-08-12 20:04:51.467754,1,417359.76000000,417359.76000000,1
2026-08-12 20:04:51.471837,1,1866173.77000000,1866173.77000000,1
2026-08-12 20:04:51.475920,1,2864743.53000000,2864743.53000000,1
2026-08-12 20:04:51.480003,1,369764.55000000,369764.55000000,1
2026-08-12 20:04:51.484085,1,195623.67000000,195623.67000000,1
2026-08-12 20:04:51.488170,1,4029829.54000000,4029829.54000000,1
2026-08-12 20:04:51.492255,1,838355.81000000,838355.81000000,1
2026-08-12 20:04:51.496339,1,2217613.77000000,2217613.77000000,1
2026-08-12 20:04:51.500422,1,111591.98000000,111591.98000000,1
2026-08-12 20:04:51.504508,1,642563.61000000,642563.61000000,1
2026-08-12 20:04:51.508596,1,157807.92000000,157807.92000000,1
2026-08-12 20:04:51.512684,1,412437.87000000,412437.87000000,1
2026-08-12 20:04:51.516769,1,3466595.58000000,3466595.58000000,1
2026-08-12 20:04:51.520866,1,322740.69000000,322740.69000000,1
2026-08-12 20:04:51.524949,1,325826.59000000,325826.59000000,1
2026-08-12 20:04:51.529033,1,31649.90000000,31649.90000000,1
2026-08-12 20:04:51.533116,1,1561949.70000000,1561949.70000000,1
2026-08-12 20:04:51.537201,1,10531.99000000,10531.99000000,1
2026-08-12 20:04:51.541285,1,2844542.61000000,2844542.61000000,1
2026-08-12 20:04:51.545369,1,62847.24900000,62847.24900000,1
2026-08-12 20:04:51.549453,1,973139.79000000,973139.79000000,1
2026-08-12 20:04:51.553536,1,3081737.67000000,3081737.67000000,1
2026-08-12 20:04:51.557621,1,256718.97000000,256718.97000000,1
2026-08-12 20:04:51.561706,1,861519.89000000,861519.89000000,1
2026-08-12 20:04:51.565789,1,345266.91000000,345266.91000000,1
2026-08-12 20:04:51.569868,1,3008519.55000000,3008519.55000000,1
2026-08-12 20:04:51.573952,1,87990.07050000,87990.07050000,1
2026-08-12 20:04:51.578036,1,271991.72000000,271991.72000000,1
2026-08-12 20:04:51.582117,1,880163.54000000,880163.54000000,1
2026-08-12 20:04:51.586200,1,1134137.66000000,1134137.66000000,1
2026-08-12 20:04:51.590281,1,1443039.60000000,1443039.60000000,1
2026-08-12 20:04:51.594365,1,81043.99000000,81043.99000000,1
2026-08-12 20:04:51.598450,1,165135.96000000,165135.96000000,1
2026-08-12 20:04:51.602537,1,2375882.71000000,2375882.71000000,1
2026-08-12 20:04:51.606625,1,1117103.72800000,1117103.72800000,1
2026-08-12 20:04:51.610708,1,18164.65000000,18164.65000000,1
2026-08-12 20:04:51.614791,1,697309.90000000,697309.90000000,1
2026-08-12 20:04:51.618874,1,2529837.63000000,2529837.63000000,1
2026-08-12 20:04:51.622963,1,1554524.53000000,1554524.53000000,1
2026-08-12 20:04:51.627042,1,2473671.63000000,2473671.63000000,1
2026-08-12 20:04:51.631130,1,57093.98000000,57093.98000000,1
2026-08-12 20:04:51.635219,1,371004.54900000,371004.54900000,1
2026-08-12 20:04:51.639302,1,1041123.81000000,1041123.81000000,1
2026-08-12 20:04:51.643383,1,1124216.56200000,1124216.56200000,1
2026-08-12 20:04:51.647470,1,2561898.01100000,2561898.01100000,1
2026-08-12 20:04:51.651554,1,1557163.81000000,1557163.81000000,1
2026-08-12 20:04:51.655642,1,1100759.85000000,1100759.85000000,1
2026-08-12 20:04:51.659729,1,855859.90000000,855859.90000000,1
2026-08-12 20:04:51.663811,1,528263.88000000,528263.88000000,1
2026-08-12 20:04:51.667895,1,4213313.51000000,4213313.51000000,1
2026-08-12 20:04:51.671978,1,3800002.59000000,3800002.59000000,1
2026-08-12 20:04:51.676061,1,1215549.65000000,1215549.65000000,1
2026-08-12 20:04:51.680146,1,2637247.95250000,2637247.95250000,1
2026-08-12 20:04:51.684230,1,264241.13200000,264241.13200000,1
2026-08-12 20:04:51.688314,1,580031.62000000,580031.62000000,1
2026-08-12 20:04:51.692398,1,3207815.64000000,3207815.64000000,1
2026-08-12 20:04:51.696482,1,1981367.73000000,1981367.73000000,1
2026-08-12 20:04:51.700592,1,741949.41100000,741949.41100000,1
2026-08-12 20:04:51.704671,1,35503.96000000,35503.96000000,1
2026-08-12 20:04:51.708756,1,46007.88000000,46007.88000000,1
2026-08-12 20:04:51.712840,1,733022.73000000,733022.73000000,1
2026-08-12 20:04:51.716926,1,520495.92000000,520495.92000000,1
2026-08-12 20:04:51.721010,1,2383799.60000000,2383799.60000000,1
2026-08-12 20:04:51.725094,1,230959.90000000,230959.90000000,1
2026-08-12 20:04:51.729182,1,248567.97000000,248567.97000000,1
2026-08-12 20:04:51.733270,1,1310011.81000000,1310011.81000000,1
2026-08-12 20:04:51.737353,1,2845706.63000000,2845706.63000000,1
2026-08-12 20:04:51.741440,1,755887.86000000,755887.86000000,1
2026-08-12 20:04:51.745527,1,783455.92000000,783455.92000000,1
2026-08-12 20:04:51.749618,1,1793609.55000000,1793609.55000000,1
2026-08-12 20:04:51.753704,1,510951.87000000,510951.87000000,1
2026-08-12 20:04:51.757786,1,2465021.58000000,2465021.58000000,1
2026-08-12 20:04:51.761867,1,767695.84000000,767695.84000000,1
2026-08-12 20:04:51.765945,1,2768819.70000000,2768819.70000000,1
2026-08-12 20:04:51.770023,1,679418.36200000,679418.36200000,1
2026-08-12 20:04:51.774103,1,540263.92000000,540263.92000000,1
2026-08-12 20:04:51.778180,1,881976.83000000,881976.83000000,1
2026-08-12 20:04:51.782258,1,203447.41500000,203447.41500000,1
2026-08-12 20:04:51.786333,1,541941.14700000,541941.14700000,1
2026-08-12 20:04:51.790416,1,195159.66000000,195159.66000000,1
2026-08-12 20:04:51.794491,1,44000.98950000,44000.98950000,1
2026-08-12 20:04:51.798576,1,187862.87000000,187862.87000000,1
2026-08-12 20:04:51.802654,1,762203.88000000,762203.88000000,1
2026-08-12 20:04:51.806732,1,1452680.73000000,1452680.73000000,1
2026-08-12 20:04:51.810831,1,134615.97000000,134615.97000000,1
2026-08-12 20:04:51.814902,1,64865.62000000,64865.62000000,1
2026-08-12 20:04:51.818972,1,18585.85350000,18585.85350000,1
2026-08-12 20:04:51.823043,1,2789567.71000000,2789567.71000000,1
2026-08-12 20:04:51.827114,1,82172.79000000,82172.79000000,1
2026-08-12 20:04:51.831186,1,3089069.66000000,3089069.66000000,1
2026-08-12 20:04:51.835257,1,2352485.54000000,2352485.54000000,1
2026-08-12 20:04:51.839328,1,21545.62000000,21545.62000000,1
2026-08-12 20:04:51.843399,1,2989769.58000000,2989769.58000000,1
2026-08-12 20:04:51.847471,1,429429.95000000,429429.95000000,1
2026-08-12 20:04:51.851542,1,912317.89000000,912317.89000000,1
2026-08-12 20:04:51.855613,1,703289.58000000,703289.58000000,1
2026-08-12 20:04:51.859685,1,2376959.76000000,2376959.76000000,1
2026-08-12 20:04:51.863761,1,591251.88000000,591251.88000000,1
2026-08-12 20:04:51.867831,1,3283351.62000000,3283351.62000000,1
2026-08-12 20:04:51.871901,1,1179611.88000000,1179611.88000000,1
2026-08-12 20:04:51.875971,1,3397694.65000000,3397694.65000000,1
2026-08-12 20:04:51.880040,1,66918.99000000,66918.99000000,1
2026-08-12 20:04:51.884113,1,2349236.67000000,2349236.67000000,1
2026-08-12 20:04:51.888184,1,2004287.74000000,2004287.74000000,1
2026-08-12 20:04:51.892255,1,1201969.86000000,1201969.86000000,1
2026-08-12 20:04:51.896325,1,830245.66000000,830245.66000000,1
2026-08-12 20:04:51.900399,1,83862.99000000,83862.99000000,1
2026-08-12 20:04:51.904486,1,1957787.74500000,1957787.74500000,1
2026-08-12 20:04:51.908562,1,2091.98000000,2091.98000000,1
2026-08-12 20:04:51.912646,1,20431.84000000,20431.84000000,1
2026-08-12 20:04:51.916725,1,108107.61000000,108107.61000000,1
2026-08-12 20:04:51.920798,1,730047.78000000,730047.78000000,1
2026-08-12 20:04:51.924877,1,97337.97000000,97337.97000000,1
2026-08-12 20:04:51.928950,1,1626151.78000000,1626151.78000000,1
2026-08-12 20:04:51.933024,1,1436848.24500000,1436848.24500000,1
2026-08-12 20:04:51.937095,1,151625.98000000,151625.98000000,1
2026-08-12 20:04:51.941181,1,1757495.74000000,1757495.74000000,1
2026-08-12 20:04:51.945260,1,664715.87000000,664715.87000000,1
2026-08-12 20:04:51.949335,1,659964.81000000,659964.81000000,1
2026-08-12 20:04:51.953428,1,1593261.78000000,1593261.78000000,1
2026-08-12 20:04:51.957505,1,72833.99000000,72833.99000000,1
2026-08-12 20:04:51.961589,1,1787835.54000000,1787835.54000000,1
2026-08-12 20:04:51.969755,2,3408054.51000000,1704027.25500000,2
2026-08-12 20:04:51.977940,1,946791.86000000,946791.86000000,1
2026-08-12 20:04:51.982015,1,1051198.59000000,1051198.59000000,1
2026-08-12 20:04:51.986163,1,1749287.54000000,1749287.54000000,1
2026-08-12 20:04:51.990246,1,3558639.60000000,3558639.60000000,1
2026-08-12 20:04:51.994326,1,1270989.65000000,1270989.65000000,1
2026-08-12 20:04:51.998404,1,1381659.65000000,1381659.65000000,1
2026-08-12 20:04:52.002491,1,1329803.82000000,1329803.82000000,1
2026-08-12 20:04:52.006578,1,1986069.62000000,1986069.62000000,1
2026-08-12 20:04:52.010661,1,2141131.72000000,2141131.72000000,1
2026-08-12 20:04:52.014750,1,46052.91000000,46052.91000000,1
2026-08-12 20:04:52.018831,1,1477799.70000000,1477799.70000000,1
2026-08-12 20:04:52.022913,1,727301.57000000,727301.57000000,1
2026-08-12 20:04:52.026998,1,216399.84000000,216399.84000000,1
2026-08-12 20:04:52.031079,1,261863.82000000,261863.82000000,1
2026-08-12 20:04:52.035162,1,1148168.67000000,1148168.67000000,1
2026-08-12 20:04:52.039244,1,2803701.69000000,2803701.69000000,1
2026-08-12 20:04:52.043326,1,13001.99000000,13001.99000000,1
2026-08-12 20:04:52.047410,1,1495214.55000000,1495214.55000000,1
2026-08-12 20:04:52.051494,1,79415.92000000,79415.92000000,1
2026-08-12 20:04:52.055577,1,408491.93000000,408491.93000000,1
2026-08-12 20:04:52.059662,1,1111571.88000000,1111571.88000000,1
2026-08-12 20:04:52.063747,1,1030103.88000000,1030103.88000000,1
2026-08-12 20:04:52.067830,1,2874807.57000000,2874807.57000000,1
2026-08-12 20:04:52.071913,1,1324160.73000000,1324160.73000000,1
2026-08-12 20:04:52.075998,1,196601.98000000,196601.98000000,1
2026-08-12 20:04:52.080081,1,247804.70750000,247804.70750000,1
2026-08-12 20:04:52.084164,1,327515.88000000,327515.88000000,1
2026-08-12 20:04:52.088240,1,1744700.79000000,1744700.79000000,1
2026-08-12 20:04:52.092322,1,875433.86000000,875433.86000000,1
2026-08-12 20:04:52.096398,1,3112523.64000000,3112523.64000000,1
2026-08-12 20:04:52.100482,1,657675.53200000,657675.53200000,1
2026-08-12 20:04:52.104557,1,379034.95000000,379034.95000000,1
2026-08-12 20:04:52.108640,1,720698.79000000,720698.79000000,1
2026-08-12 20:04:52.112723,1,282638.79000000,282638.79000000,1
2026-08-12 20:04:52.116832,1,331775.36600000,331775.36600000,1
2026-08-12 20:04:52.120908,1,1210999.60000000,1210999.60000000,1
2026-08-12 20:04:52.124989,1,264731.97000000,264731.97000000,1
2026-08-12 20:04:52.133164,1,411729.78000000,411729.78000000,1
2026-08-12 20:04:52.141330,1,1872413.61750000,1872413.61750000,1
2026-08-12 20:04:52.145406,1,390212.78100000,390212.78100000,1
2026-08-12 20:04:52.149478,1,548742.87000000,548742.87000000,1
2026-08-12 20:04:52.153561,1,592507.65550000,592507.65550000,1
2026-08-12 20:04:52.157639,1,1090218.87000000,1090218.87000000,1
2026-08-12 20:04:52.161721,1,1505411.82000000,1505411.82000000,1
2026-08-12 20:04:52.169861,1,711889.90000000,711889.90000000,1
2026-08-12 20:04:52.173938,1,1287851.83000000,1287851.83000000,1
2026-08-12 20:04:52.178015,1,472469.95000000,472469.95000000,1
2026-08-12 20:04:52.182103,1,306435.74000000,306435.74000000,1
2026-08-12 20:04:52.186190,1,93495.71000000,93495.71000000,1
2026-08-12 20:04:52.194348,1,51739.49150000,51739.49150000,1
2026-08-12 20:04:52.198420,1,304898.93000000,304898.93000000,1
2026-08-12 20:04:52.202492,1,1350479.80000000,1350479.80000000,1
2026-08-12 20:04:52.206564,1,2815000.71000000,2815000.71000000,1
2026-08-12 20:04:52.210636,1,23729.79000000,23729.79000000,1
2026-08-12 20:04:52.214709,1,1626151.78000000,1626151.78000000,1
2026-08-12 20:04:52.218783,1,194137.98000000,194137.98000000,1
2026-08-12 20:04:52.222856,1,991787.72000000,991787.72000000,1
2026-08-12 20:04:52.226930,1,516248.91000000,516248.91000000,1
2026-08-12 20:04:52.231010,1,837249.50000000,837249.50000000,1
2026-08-12 20:04:52.235087,1,1796897.77000000,1796897.77000000,1
2026-08-12 20:04:52.239161,1,64151.89000000,64151.89000000,1
2026-08-12 20:04:52.243233,1,816645.83000000,816645.83000000,1
2026-08-12 20:04:52.247306,1,459737.91000000,459737.91000000,1
2026-08-12 20:04:52.251379,1,1011899.80000000,1011899.80000000,1
2026-08-12 20:04:52.255452,1,1254395.57000000,1254395.57000000,1
2026-08-12 20:04:52.259528,1,2343942.76200000,2343942.76200000,1
2026-08-12 20:04:52.263599,1,669759.84000000,669759.84000000,1
2026-08-12 20:04:52.267674,1,544337.82000000,544337.82000000,1
2026-08-12 20:04:52.271746,1,508451.93000000,508451.93000000,1
2026-08-12 20:04:52.275871,1,1634115.56000000,1634115.56000000,1
2026-08-12 20:04:52.279954,1,1534081.78000000,1534081.78000000,1
2026-08-12 20:04:52.284039,1,938399.83000000,938399.83000000,1
2026-08-12 20:04:52.288127,1,998549.55000000,998549.55000000,1
2026-08-12 20:04:52.292215,1,357911.88000000,357911.88000000,1
2026-08-12 20:04:52.296302,1,2365609.74000000,2365609.74000000,1
2026-08-12 20:04:52.300387,1,2125353.78000000,2125353.78000000,1
2026-08-12 20:04:52.304478,2,1793931.71000000,896965.85500000,2
2026-08-12 20:04:52.308576,1,51343.98000000,51343.98000000,1
2026-08-12 20:04:52.312652,1,96690.99000000,96690.99000000,1
2026-08-12 20:04:52.316733,1,265008.57000000,265008.57000000,1
2026-08-12 20:04:52.320819,1,1249583.58000000,1249583.58000000,1
2026-08-12 20:04:52.324913,1,419314.95000000,419314.95000000,1
2026-08-12 20:04:52.328997,1,3706793.58000000,3706793.58000000,1
2026-08-12 20:04:52.333074,1,40840.76600000,40840.76600000,1
2026-08-12 20:04:52.337154,1,3469959.60000000,3469959.60000000,1
2026-08-12 20:04:52.341234,1,161618.95750000,161618.95750000,1
2026-08-12 20:04:52.349391,1,3722810.57000000,3722810.57000000,1
2026-08-12 20:04:52.353466,1,954592.37250000,954592.37250000,1
2026-08-12 20:04:52.357541,2,3495749.63000000,1747874.81500000,2
2026-08-12 20:04:52.361612,1,953553.86000000,953553.86000000,1
2026-08-12 20:04:52.369781,1,1650548.77000000,1650548.77000000,1
2026-08-12 20:04:52.373864,1,1032816.57000000,1032816.57000000,1
2026-08-12 20:04:52.377936,1,1213266.63000000,1213266.63000000,1
2026-08-12 20:04:52.382008,1,489677.79000000,489677.79000000,1
2026-08-12 20:04:52.386078,1,615905.82000000,615905.82000000,1
2026-08-12 20:04:52.390149,1,520849.90000000,520849.90000000,1
2026-08-12 20:04:52.394219,1,1131635.78000000,1131635.78000000,1
2026-08-12 20:04:52.398290,1,131144.78300000,131144.78300000,1
2026-08-12 20:04:52.402360,1,64193.98000000,64193.98000000,1
2026-08-12 20:04:52.406431,1,152735.52000000,152735.52000000,1
2026-08-12 20:04:52.410506,1,744487.71000000,744487.71000000,1
2026-08-12 20:04:52.414581,1,272927.94000000,272927.94000000,1
2026-08-12 20:04:52.418651,1,3765211.56000000,3765211.56000000,1
2026-08-12 20:04:52.422724,1,2463167.68000000,2463167.68000000,1
2026-08-12 20:04:52.426794,1,375436.59000000,375436.59000000,1
2026-08-12 20:04:52.430865,1,3960886.59000000,3960886.59000000,1
2026-08-12 20:04:52.434937,1,249287.94000000,249287.94000000,1
2026-08-12 20:04:52.439012,1,2753327.52000000,2753327.52000000,1
2026-08-12 20:04:52.443090,1,254164.95000000,254164.95000000,1
2026-08-12 20:04:52.447169,1,2425851.56000000,2425851.56000000,1
2026-08-12 20:04:52.451245,1,1062853.74000000,1062853.74000000,1
2026-08-12 20:04:52.455322,1,670409.55000000,670409.55000000,1
2026-08-12 20:04:52.459399,1,2212079.76000000,2212079.76000000,1
2026-08-12 20:04:52.463485,1,711129.65000000,711129.65000000,1
2026-08-12 20:04:52.467558,1,650209.78000000,650209.78000000,1
2026-08-12 20:04:52.471640,1,345407.88000000,345407.88000000,1
2026-08-12 20:04:52.475723,1,59684.95000000,59684.95000000,1
2026-08-12 20:04:52.479807,1,284689.86000000,284689.86000000,1
2026-08-12 20:04:52.483891,1,38813.94000000,38813.94000000,1
2026-08-12 20:04:52.492052,1,515849.70000000,515849.70000000,1
2026-08-12 20:04:52.496123,1,3181793.67000000,3181793.67000000,1
2026-08-12 20:04:52.500194,1,217972.18950000,217972.18950000,1
2026-08-12 20:04:52.504267,1,1662407.56000000,1662407.56000000,1
2026-08-12 20:04:52.508340,1,1910099.70000000,1910099.70000000,1
2026-08-12 20:04:52.512412,1,1626398.73000000,1626398.73000000,1
2026-08-12 20:04:52.516491,1,2011327.56000000,2011327.56000000,1
2026-08-12 20:04:52.520564,1,2759079.29400000,2759079.29400000,1
2026-08-12 20:04:52.524638,1,688679.55000000,688679.55000000,1
2026-08-12 20:04:52.528710,1,862883.82000000,862883.82000000,1
2026-08-12 20:04:52.532783,1,34478.73000000,34478.73000000,1
2026-08-12 20:04:52.536855,1,897364.65000000,897364.65000000,1
2026-08-12 20:04:52.540926,1,1026519.60000000,1026519.60000000,1
2026-08-12 20:04:52.545003,1,518066.91000000,518066.91000000,1
2026-08-12 20:04:52.549075,1,933464.61000000,933464.61000000,1
2026-08-12 20:04:52.553147,1,2483612.67000000,2483612.67000000,1
2026-08-12 20:04:52.557220,1,1214159.84000000,1214159.84000000,1
2026-08-12 20:04:52.561291,1,94446.99000000,94446.99000000,1
2026-08-12 20:04:52.565364,1,873439.80000000,873439.80000000,1
2026-08-12 20:04:52.569436,2,1531924.66000000,765962.33000000,2
2026-08-12 20:04:52.573509,1,3073897.57000000,3073897.57000000,1
2026-08-12 20:04:52.577591,1,399281.87000000,399281.87000000,1
2026-08-12 20:04:52.585742,1,1849599.50000000,1849599.50000000,1
2026-08-12 20:04:52.589816,1,858527.64000000,858527.64000000,1
2026-08-12 20:04:52.593890,1,231784.40900000,231784.40900000,1
2026-08-12 20:04:52.597967,1,25662.99000000,25662.99000000,1
2026-08-12 20:04:52.602040,1,850160.61000000,850160.61000000,1
2026-08-12 20:04:52.606112,1,925859.88000000,925859.88000000,1
2026-08-12 20:04:52.610188,1,3920663.56000000,3920663.56000000,1
2026-08-12 20:04:52.614261,1,461591.94000000,461591.94000000,1
2026-08-12 20:04:52.618335,1,489884.89000000,489884.89000000,1
2026-08-12 20:04:52.622407,1,390333.39600000,390333.39600000,1
2026-08-12 20:04:52.626479,2,3061001.34000000,1530500.67000000,2
2026-08-12 20:04:52.630581,1,36013.99000000,36013.99000000,1
2026-08-12 20:04:52.634667,1,276395.97000000,276395.97000000,1
2026-08-12 20:04:52.638751,1,4568.99000000,4568.99000000,1
2026-08-12 20:04:52.642912,1,2633135.52000000,2633135.52000000,1
2026-08-12 20:04:52.647002,1,183167.68000000,183167.68000000,1
2026-08-12 20:04:52.651081,1,197039.96000000,197039.96000000,1
2026-08-12 20:04:52.655168,1,500015.67000000,500015.67000000,1
2026-08-12 20:04:52.659252,1,636157.81000000,636157.81000000,1
2026-08-12 20:04:52.663335,1,61215.96000000,61215.96000000,1
2026-08-12 20:04:52.667421,1,883263.84000000,883263.84000000,1
2026-08-12 20:04:52.671503,1,22190.87000000,22190.87000000,1
2026-08-12 20:04:52.679658,1,455905.77000000,455905.77000000,1
2026-08-12 20:04:52.683732,1,681299.55000000,681299.55000000,1
2026-08-12 20:04:52.687805,1,1017551.76000000,1017551.76000000,1
2026-08-12 20:04:52.691878,1,3366719.65000000,3366719.65000000,1
2026-08-12 20:04:52.695951,1,19133.99000000,19133.99000000,1
2026-08-12 20:04:52.700026,1,1675079.67000000,1675079.67000000,1
2026-08-12 20:04:52.704098,1,1491983.84000000,1491983.84000000,1
2026-08-12 20:04:52.708171,1,312064.95000000,312064.95000000,1
2026-08-12 20:04:52.712244,1,3471387.59000000,3471387.59000000,1
2026-08-12 20:04:52.716319,1,82855.99000000,82855.99000000,1
2026-08-12 20:04:52.720392,1,2112983.64000000,2112983.64000000,1
2026-08-12 20:04:52.724467,1,20767.56000000,20767.56000000,1
2026-08-12 20:04:52.728548,1,408701.94000000,408701.94000000,1
2026-08-12 20:04:52.732629,1,385779.80000000,385779.80000000,1
2026-08-12 20:04:52.736702,1,98648.97000000,98648.97000000,1
2026-08-12 20:04:52.740779,1,771439.90000000,771439.90000000,1
2026-08-12 20:04:52.744855,1,1616887.72000000,1616887.72000000,1
2026-08-12 20:04:52.748930,1,181870.94700000,181870.94700000,1
2026-08-12 20:04:52.753006,1,1302419.79000000,1302419.79000000,1
2026-08-12 20:04:52.757081,1,2160319.60000000,2160319.60000000,1
2026-08-12 20:04:52.761154,1,1726479.60000000,1726479.60000000,1
2026-08-12 20:04:52.765227,1,86946.99000000,86946.99000000,1
2026-08-12 20:04:52.769304,1,1061063.20250000,1061063.20250000,1
2026-08-12 20:04:52.773377,1,2447919.60000000,2447919.60000000,1
2026-08-12 20:04:52.777448,1,1781261.58000000,1781261.58000000,1
2026-08-12 20:04:52.781526,2,479407.89450000,239703.94725000,2
2026-08-12 20:04:52.785611,1,531725.74500000,531725.74500000,1
2026-08-12 20:04:52.789700,1,2928559.60000000,2928559.60000000,1
2026-08-12 20:04:52.793796,1,1618700.79000000,1618700.79000000,1
2026-08-12 20:04:52.797877,1,713567.84000000,713567.84000000,1
2026-08-12 20:04:52.801960,1,1210533.74000000,1210533.74000000,1
2026-08-12 20:04:52.806047,1,89387.94000000,89387.94000000,1
2026-08-12 20:04:52.810128,1,215003.59000000,215003.59000000,1
2026-08-12 20:04:52.814204,1,887669.55000000,887669.55000000,1
2026-08-12 20:04:52.818282,1,1623003.53000000,1623003.53000000,1
2026-08-12 20:04:52.822358,1,119369.90000000,119369.90000000,1
2026-08-12 20:04:52.826431,1,28901.98000000,28901.98000000,1
2026-08-12 20:04:52.830516,1,4783049.50000000,4783049.50000000,1
2026-08-12 20:04:52.838687,2,3510565.37000000,1755282.68500000,2
2026-08-12 20:04:52.846966,1,206975.78000000,206975.78000000,1
2026-08-12 20:04:52.851040,1,152069.98000000,152069.98000000,1
2026-08-12 20:04:52.855113,1,1528763.71000000,1528763.71000000,1
2026-08-12 20:04:52.859186,1,1495805.74000000,1495805.74000000,1
2026-08-12 20:04:52.863260,1,2304927.68000000,2304927.68000000,1
2026-08-12 20:04:52.867335,1,1166671.74000000,1166671.74000000,1
2026-08-12 20:04:52.871409,2,4041605.14000000,2020802.57000000,2
2026-08-12 20:04:52.879561,1,1384001.82000000,1384001.82000000,1
2026-08-12 20:04:52.883638,2,2248634.61000000,1124317.30500000,2
2026-08-12 20:04:52.887738,1,2177290.71000000,2177290.71000000,1
2026-08-12 20:04:52.891820,1,360947.88000000,360947.88000000,1
2026-08-12 20:04:52.895899,1,540263.92000000,540263.92000000,1
2026-08-12 20:04:52.899983,1,263063.92000000,263063.92000000,1
2026-08-12 20:04:52.904075,1,180935.94000000,180935.94000000,1
2026-08-12 20:04:52.908151,1,2458908.63000000,2458908.63000000,1
2026-08-12 20:04:52.912236,1,3052839.65000000,3052839.65000000,1
2026-08-12 20:04:52.916312,1,247141.86000000,247141.86000000,1
2026-08-12 20:04:52.920384,1,1400993.58000000,1400993.58000000,1
2026-08-12 20:04:52.924466,1,4266107.56000000,4266107.56000000,1
2026-08-12 20:04:52.928547,1,1191053.74500000,1191053.74500000,1
2026-08-12 20:04:52.932623,1,1824089.57900000,1824089.57900000,1
2026-08-12 20:04:52.936707,1,577007.82000000,577007.82000000,1
2026-08-12 20:04:52.940784,1,1184069.38850000,1184069.38850000,1
2026-08-12 20:04:52.944858,1,1664843.83000000,1664843.83000000,1
2026-08-12 20:04:52.948933,1,1046499.75000000,1046499.75000000,1
2026-08-12 20:04:52.953018,1,1550075.67000000,1550075.67000000,1
2026-08-12 20:04:52.957098,1,3288861.54000000,3288861.54000000,1
2026-08-12 20:04:52.961179,1,516683.94000000,516683.94000000,1
2026-08-12 20:04:52.965250,1,1595384.55000000,1595384.55000000,1
2026-08-12 20:04:52.969319,1,912789.90000000,912789.90000000,1
2026-08-12 20:04:52.973412,1,2139313.66000000,2139313.66000000,1
2026-08-12 20:04:52.977482,1,1481439.84000000,1481439.84000000,1
2026-08-12 20:04:52.981561,1,840324.75000000,840324.75000000,1
2026-08-12 20:04:52.985652,1,1747563.72000000,1747563.72000000,1
2026-08-12 20:04:52.989746,1,1511685.78000000,1511685.78000000,1
2026-08-12 20:04:52.997909,1,267483.86000000,267483.86000000,1
2026-08-12 20:04:53.001984,1,2792797.54000000,2792797.54000000,1
2026-08-12 20:04:53.006059,1,1710431.64000000,1710431.64000000,1
2026-08-12 20:04:53.010133,1,50537.99000000,50537.99000000,1
2026-08-12 20:04:53.014208,1,1517487.83000000,1517487.83000000,1
2026-08-12 20:04:53.018283,1,1549649.70000000,1549649.70000000,1
2026-08-12 20:04:53.022357,1,1349179.54000000,1349179.54000000,1
2026-08-12 20:04:53.026430,1,538247.59000000,538247.59000000,1
2026-08-12 20:04:53.030505,1,1854964.65000000,1854964.65000000,1
2026-08-12 20:04:53.034580,1,2308321.69000000,2308321.69000000,1
2026-08-12 20:04:53.038654,1,2857040.67000000,2857040.67000000,1
2026-08-12 20:04:53.042728,1,368792.91000000,368792.91000000,1
2026-08-12 20:04:53.046801,1,77154.99000000,77154.99000000,1
2026-08-12 20:04:53.050876,1,879200.91000000,879200.91000000,1
2026-08-12 20:04:53.054949,1,1174263.72000000,1174263.72000000,1
2026-08-12 20:04:53.059030,1,2075.96000000,2075.96000000,1
2026-08-12 20:04:53.063108,1,246519.60000000,246519.60000000,1
2026-08-12 20:04:53.067180,1,2405756.59000000,2405756.59000000,1
2026-08-12 20:04:53.071257,1,2254017.74000000,2254017.74000000,1
2026-08-12 20:04:53.075340,1,250509.90000000,250509.90000000,1
2026-08-12 20:04:53.079420,1,730652.79000000,730652.79000000,1
2026-08-12 20:04:53.083506,1,153570.77000000,153570.77000000,1
2026-08-12 20:04:53.087583,1,1203709.31850000,1203709.31850000,1
2026-08-12 20:04:53.091664,1,910994.85000000,910994.85000000,1
2026-08-12 20:04:53.095746,1,60695.92000000,60695.92000000,1
2026-08-12 20:04:53.103947,1,564127.83000000,564127.83000000,1
2026-08-12 20:04:53.108017,1,1464924.65000000,1464924.65000000,1
2026-08-12 20:04:53.112098,1,102505.98000000,102505.98000000,1
2026-08-12 20:04:53.116178,1,2025011.54000000,2025011.54000000,1
2026-08-12 20:04:53.124345,1,59139.90000000,59139.90000000,1
2026-08-12 20:04:53.128433,1,247922.97000000,247922.97000000,1
2026-08-12 20:04:53.132521,1,837161.82000000,837161.82000000,1
2026-08-12 20:04:53.136609,1,874835.81000000,874835.81000000,1
2026-08-12 20:04:53.140693,1,3338119.60000000,3338119.60000000,1
2026-08-12 20:04:53.144771,1,1788998.04300000,1788998.04300000,1
2026-08-12 20:04:53.148864,1,1362851.64000000,1362851.64000000,1
2026-08-12 20:04:53.152937,1,156177.89000000,156177.89000000,1
2026-08-12 20:04:53.157024,1,92756.99000000,92756.99000000,1
2026-08-12 20:04:53.161111,1,606038.93000000,606038.93000000,1
2026-08-12 20:04:53.165197,1,1214579.85000000,1214579.85000000,1
2026-08-12 20:04:53.169287,1,1136704.57000000,1136704.57000000,1
2026-08-12 20:04:53.173378,1,793049.70000000,793049.70000000,1
2026-08-12 20:04:53.177455,1,1241267.72000000,1241267.72000000,1
2026-08-12 20:04:53.181537,1,2145361.71000000,2145361.71000000,1
2026-08-12 20:04:53.189690,1,2025497.92050000,2025497.92050000,1
2026-08-12 20:04:53.193771,1,3386027.62000000,3386027.62000000,1
2026-08-12 20:04:53.197843,1,1994705.73000000,1994705.73000000,1
2026-08-12 20:04:53.201911,1,182254.95000000,182254.95000000,1
2026-08-12 20:04:53.205990,1,91079.78000000,91079.78000000,1
2026-08-12 20:04:53.210065,1,323015.76000000,323015.76000000,1
2026-08-12 20:04:53.214137,1,3091274.67000000,3091274.67000000,1
2026-08-12 20:04:53.218207,1,28206.39150000,28206.39150000,1
2026-08-12 20:04:53.222288,1,1884623.58000000,1884623.58000000,1
2026-08-12 20:04:53.226371,1,586469.94000000,586469.94000000,1
2026-08-12 20:04:53.230450,1,1785279.80000000,1785279.80000000,1
2026-08-12 20:04:53.234529,1,1841089.69000000,1841089.69000000,1
2026-08-12 20:04:53.242685,1,383629.90000000,383629.90000000,1
2026-08-12 20:04:53.246761,1,313851.86000000,313851.86000000,1
2026-08-12 20:04:53.250830,1,2192255.64000000,2192255.64000000,1
2026-08-12 20:04:53.254899,1,2213671.59000000,2213671.59000000,1
2026-08-12 20:04:53.258971,1,1538607.63000000,1538607.63000000,1
2026-08-12 20:04:53.263042,1,89517.89000000,89517.89000000,1
2026-08-12 20:04:53.267117,1,2497861.53000000,2497861.53000000,1
2026-08-12 20:04:53.271195,1,1052459.85000000,1052459.85000000,1
2026-08-12 20:04:53.275271,1,560933.82000000,560933.82000000,1
2026-08-12 20:04:53.279346,1,703133.91000000,703133.91000000,1
2026-08-12 20:04:53.283422,1,776719.92000000,776719.92000000,1
2026-08-12 20:04:53.287497,1,2324699.65000000,2324699.65000000,1
2026-08-12 20:04:53.291572,1,979769.78000000,979769.78000000,1
2026-08-12 20:04:53.295647,1,3382547.61000000,3382547.61000000,1
2026-08-12 20:04:53.299719,1,1034361.32800000,1034361.32800000,1
2026-08-12 20:04:53.303802,1,350783.93000000,350783.93000000,1
2026-08-12 20:04:53.307874,1,505615.92000000,505615.92000000,1
2026-08-12 20:04:53.311956,1,2349699.50000000,2349699.50000000,1
2026-08-12 20:04:53.316028,1,307385.91000000,307385.91000000,1
2026-08-12 20:04:53.320115,1,874404.57000000,874404.57000000,1
2026-08-12 20:04:53.324203,1,854957.74000000,854957.74000000,1
2026-08-12 20:04:53.328278,1,1076312.79000000,1076312.79000000,1
2026-08-12 20:04:53.332363,1,384955.87000000,384955.87000000,1
2026-08-12 20:04:53.336435,1,230591.94000000,230591.94000000,1
2026-08-12 20:04:53.340506,1,2659311.30050000,2659311.30050000,1
2026-08-12 20:04:53.344590,1,1588359.80000000,1588359.80000000,1
2026-08-12 20:04:53.348674,1,77264.78750000,77264.78750000,1
2026-08-12 20:04:53.352746,1,505907.91000000,505907.91000000,1
2026-08-12 20:04:53.356828,1,1875929.70000000,1875929.70000000,1
2026-08-12 20:04:53.360912,1,2144694.71000000,2144694.71000000,1
2026-08-12 20:04:53.364999,1,2008911.54000000,2008911.54000000,1
2026-08-12 20:04:53.369074,1,742943.92000000,742943.92000000,1
2026-08-12 20:04:53.373161,1,95983.84000000,95983.84000000,1
2026-08-12 20:04:53.377248,1,360271.92000000,360271.92000000,1
2026-08-12 20:04:53.381335,1,2529837.63000000,2529837.63000000,1
2026-08-12 20:04:53.385425,2,601274.87000000,300637.43500000,2
2026-08-12 20:04:53.393604,1,689233.51000000,689233.51000000,1
2026-08-12 20:04:53.397682,1,183679.68000000,183679.68000000,1
2026-08-12 20:04:53.401753,1,2364414.12800000,2364414.12800000,1
2026-08-12 20:04:53.405824,1,1113079.60000000,1113079.60000000,1
2026-08-12 20:04:53.409899,1,300015.92000000,300015.92000000,1
2026-08-12 20:04:53.413971,1,754459.66000000,754459.66000000,1
2026-08-12 20:04:53.418041,1,1951619.80000000,1951619.80000000,1
2026-08-12 20:04:53.422111,1,1045263.78000000,1045263.78000000,1
2026-08-12 20:04:53.426186,1,85283.94000000,85283.94000000,1
2026-08-12 20:04:53.430262,1,3616687.62000000,3616687.62000000,1
2026-08-12 20:04:53.434335,1,750043.81000000,750043.81000000,1
2026-08-12 20:04:53.438408,1,1677479.65000000,1677479.65000000,1
2026-08-12 20:04:53.442478,1,389369.85000000,389369.85000000,1
2026-08-12 20:04:53.446554,2,3465027.27000000,1732513.63500000,2
2026-08-12 20:04:53.450628,1,2846985.54000000,2846985.54000000,1
2026-08-12 20:04:53.454712,1,2393035.57000000,2393035.57000000,1
2026-08-12 20:04:53.458791,1,1733459.70000000,1733459.70000000,1
2026-08-12 20:04:53.462860,1,4234079.52000000,4234079.52000000,1
2026-08-12 20:04:53.466937,1,88318.99000000,88318.99000000,1
2026-08-12 20:04:53.471018,1,162400.83000000,162400.83000000,1
2026-08-12 20:04:53.475089,1,80426.81000000,80426.81000000,1
2026-08-12 20:04:53.479169,1,265408.77700000,265408.77700000,1
2026-08-12 20:04:53.483248,1,1000092.83000000,1000092.83000000,1
2026-08-12 20:04:53.487328,1,196055.94000000,196055.94000000,1
2026-08-12 20:04:53.491403,1,159099.50000000,159099.50000000,1
2026-08-12 20:04:53.495477,1,416679.92000000,416679.92000000,1
2026-08-12 20:04:53.499555,1,102481.98000000,102481.98000000,1
2026-08-12 20:04:53.503633,1,1974027.72000000,1974027.72000000,1
2026-08-12 20:04:53.507711,1,833730.83000000,833730.83000000,1
2026-08-12 20:04:53.511782,1,300483.57000000,300483.57000000,1
2026-08-12 20:04:53.515861,1,1381795.74000000,1381795.74000000,1
2026-08-12 20:04:53.519932,1,4030340.59000000,4030340.59000000,1
2026-08-12 20:04:53.524004,1,460697.94000000,460697.94000000,1
2026-08-12 20:04:53.528079,1,499615.87000000,499615.87000000,1
2026-08-12 20:04:53.532163,1,748109.85000000,748109.85000000,1
2026-08-12 20:04:53.540341,1,2109271.56000000,2109271.56000000,1
2026-08-12 20:04:53.544417,1,188135.88000000,188135.88000000,1
2026-08-12 20:04:53.548492,1,1506528.81000000,1506528.81000000,1
2026-08-12 20:04:53.552583,1,264568.97700000,264568.97700000,1
2026-08-12 20:04:53.556670,1,827689.90000000,827689.90000000,1
2026-08-12 20:04:53.560752,1,3364635.56000000,3364635.56000000,1
2026-08-12 20:04:53.564834,1,355584.81000000,355584.81000000,1
2026-08-12 20:04:53.568917,1,1523229.62000000,1523229.62000000,1
2026-08-12 20:04:53.573002,1,194179.98000000,194179.98000000,1
2026-08-12 20:04:53.577084,1,423991.92000000,423991.92000000,1
2026-08-12 20:04:53.581156,1,1904641.57000000,1904641.57000000,1
2026-08-12 20:04:53.585226,1,26938.89000000,26938.89000000,1
2026-08-12 20:04:53.589298,1,1329915.86000000,1329915.86000000,1
2026-08-12 20:04:53.593381,1,1575759.84000000,1575759.84000000,1
2026-08-12 20:04:53.597453,1,2962126.59000000,2962126.59000000,1
2026-08-12 20:04:53.601536,1,934065.86000000,934065.86000000,1
2026-08-12 20:04:53.605619,1,3878195.58000000,3878195.58000000,1
2026-08-12 20:04:53.609694,1,1135695.84000000,1135695.84000000,1
2026-08-12 20:04:53.613766,1,1353974.79000000,1353974.79000000,1
2026-08-12 20:04:53.617847,1,2064921.66000000,2064921.66000000,1
2026-08-12 20:04:53.621918,1,256607.56000000,256607.56000000,1
2026-08-12 20:04:53.625993,1,2224149.75000000,2224149.75000000,1
2026-08-12 20:04:53.630083,1,1467218.83000000,1467218.83000000,1
2026-08-12 20:04:53.634165,1,210150.77000000,210150.77000000,1
2026-08-12 20:04:53.638269,1,534563.94000000,534563.94000000,1
2026-08-12 20:04:53.642352,1,356319.66000000,356319.66000000,1
2026-08-12 20:04:53.646439,1,3564855.53000000,3564855.53000000,1
2026-08-12 20:04:53.650539,1,2463167.68000000,2463167.68000000,1
2026-08-12 20:04:53.654618,1,1841423.61000000,1841423.61000000,1
2026-08-12 20:04:53.658711,1,2251233.62000000,2251233.62000000,1
2026-08-12 20:04:53.662815,1,86306.99000000,86306.99000000,1
2026-08-12 20:04:53.666908,1,1116023.72000000,1116023.72000000,1
2026-08-12 20:04:53.670981,1,1607135.52000000,1607135.52000000,1
2026-08-12 20:04:53.675063,1,2394934.14300000,2394934.14300000,1
2026-08-12 20:04:53.679138,1,284279.80000000,284279.80000000,1
2026-08-12 20:04:53.687324,1,1223503.84000000,1223503.84000000,1
2026-08-12 20:04:53.691415,1,404645.67000000,404645.67000000,1
2026-08-12 20:04:53.695507,1,604905.61100000,604905.61100000,1
2026-08-12 20:04:53.699601,2,4435524.00150000,2217762.00075000,2
2026-08-12 20:04:53.703697,1,1130596.87000000,1130596.87000000,1
2026-08-12 20:04:53.707853,1,809841.78000000,809841.78000000,1
2026-08-12 20:04:53.711934,1,49541.98000000,49541.98000000,1
2026-08-12 20:04:53.716017,1,562274.83000000,562274.83000000,1
2026-08-12 20:04:53.720101,1,646463.72000000,646463.72000000,1
2026-08-12 20:04:53.724177,1,2493239.70000000,2493239.70000000,1
2026-08-12 20:04:53.728260,1,1830779.58000000,1830779.58000000,1
2026-08-12 20:04:53.732346,1,775683.74000000,775683.74000000,1
2026-08-12 20:04:53.736428,1,1229309.70000000,1229309.70000000,1
2026-08-12 20:04:53.740510,1,1449011.83000000,1449011.83000000,1
2026-08-12 20:04:53.744598,1,4091327.52000000,4091327.52000000,1
2026-08-12 20:04:53.748675,1,286223.94000000,286223.94000000,1
2026-08-12 20:04:53.752831,1,330511.93000000,330511.93000000,1
2026-08-12 20:04:53.756917,1,2177999.78000000,2177999.78000000,1
2026-08-12 20:04:53.761002,1,1428434.87700000,1428434.87700000,1
2026-08-12 20:04:53.765038,1,24839.94000000,24839.94000000,1
2026-08-12 20:04:53.769115,1,4504499.50000000,4504499.50000000,1
2026-08-12 20:04:53.777278,1,1400313.59000000,1400313.59000000,1
2026-08-12 20:04:53.781351,1,4512299.50000000,4512299.50000000,1
2026-08-12 20:04:53.785426,2,823604.58450000,411802.29225000,2
2026-08-12 20:04:53.789502,1,1248743.72000000,1248743.72000000,1
2026-08-12 20:04:53.797668,2,2033751.25350000,1016875.62675000,2
2026-08-12 20:04:53.801748,1,86127.96000000,86127.96000000,1
2026-08-12 20:04:53.805823,1,1246805.67000000,1246805.67000000,1
2026-08-12 20:04:53.809902,1,495914.65000000,495914.65000000,1
2026-08-12 20:04:53.818068,1,1494207.84000000,1494207.84000000,1
2026-08-12 20:04:53.822155,1,735415.89000000,735415.89000000,1
2026-08-12 20:04:53.826241,1,1769417.82000000,1769417.82000000,1
2026-08-12 20:04:53.830329,1,1549883.70150000,1549883.70150000,1
2026-08-12 20:04:53.834417,1,1223277.86000000,1223277.86000000,1
2026-08-12 20:04:53.838505,2,1890611.67000000,945305.83500000,2
2026-08-12 20:04:53.842597,1,1065345.69000000,1065345.69000000,1
2026-08-12 20:04:53.846687,1,427478.87000000,427478.87000000,1
2026-08-12 20:04:53.850846,1,925275.66000000,925275.66000000,1
2026-08-12 20:04:53.854930,1,1299710.79000000,1299710.79000000,1
2026-08-12 20:04:53.859011,1,173853.98000000,173853.98000000,1
2026-08-12 20:04:53.867170,1,23599.50000000,23599.50000000,1
2026-08-12 20:04:53.871246,1,1705151.52000000,1705151.52000000,1
2026-08-12 20:04:53.875322,1,1534247.82000000,1534247.82000000,1
2026-08-12 20:04:53.879397,1,2360749.50000000,2360749.50000000,1
2026-08-12 20:04:53.883473,2,1086913.87000000,543456.93500000,2
2026-08-12 20:04:53.887551,1,4274729.55000000,4274729.55000000,1
2026-08-12 20:04:53.891635,1,4719743.52000000,4719743.52000000,1
2026-08-12 20:04:53.895715,1,491869.24500000,491869.24500000,1
2026-08-12 20:04:53.899789,1,133151.68000000,133151.68000000,1
2026-08-12 20:04:53.903869,1,1068479.68000000,1068479.68000000,1
2026-08-12 20:04:53.912033,1,2563747.56000000,2563747.56000000,1
2026-08-12 20:04:53.916112,1,1626236.83000000,1626236.83000000,1
2026-08-12 20:04:53.920188,1,994311.56000000,994311.56000000,1
2026-08-12 20:04:53.924265,1,1002839.85000000,1002839.85000000,1
2026-08-12 20:04:53.928339,1,2296463.76000000,2296463.76000000,1
2026-08-12 20:04:53.932416,1,1582872.57000000,1582872.57000000,1
2026-08-12 20:04:53.936494,1,1490773.71000000,1490773.71000000,1
2026-08-12 20:04:53.940573,1,2681887.56000000,2681887.56000000,1
2026-08-12 20:04:53.944652,1,1669989.50050000,1669989.50050000,1
2026-08-12 20:04:53.948741,1,1553103.84000000,1553103.84000000,1
2026-08-12 20:04:53.952872,1,1220949.50000000,1220949.50000000,1
2026-08-12 20:04:53.956945,1,2549979.18350000,2549979.18350000,1
2026-08-12 20:04:53.961016,1,3196293.62000000,3196293.62000000,1
2026-08-12 20:04:53.965089,1,622511.84000000,622511.84000000,1
2026-08-12 20:04:53.969163,1,478388.10900000,478388.10900000,1
2026-08-12 20:04:53.973237,1,3664844.55000000,3664844.55000000,1
2026-08-12 20:04:53.977310,1,2380559.58000000,2380559.58000000,1
2026-08-12 20:04:53.981388,1,3932999.54000000,3932999.54000000,1
2026-08-12 20:04:53.985464,1,552827.54000000,552827.54000000,1
2026-08-12 20:04:53.989540,1,1032137.79600000,1032137.79600000,1
2026-08-12 20:04:53.993621,1,23982.99000000,23982.99000000,1
2026-08-12 20:04:53.998138,1,2989679.60000000,2989679.60000000,1
2026-08-12 20:04:54.002214,1,583069.90000000,583069.90000000,1
2026-08-12 20:04:54.006287,1,1927319.70000000,1927319.70000000,1
2026-08-12 20:04:54.010362,1,2238963.74000000,2238963.74000000,1
2026-08-12 20:04:54.014440,1,1757204.55000000,1757204.55000000,1
2026-08-12 20:04:54.018516,1,2772473.48350000,2772473.48350000,1
2026-08-12 20:04:54.022590,1,289660.53000000,289660.53000000,1
2026-08-12 20:04:54.026674,1,325104.89000000,325104.89000000,1
2026-08-12 20:04:54.030816,1,2037224.75000000,2037224.75000000,1
2026-08-12 20:04:54.034888,1,585711.92000000,585711.92000000,1
2026-08-12 20:04:54.038959,1,3368585.62000000,3368585.62000000,1
2026-08-12 20:04:54.047110,1,4238071.54000000,4238071.54000000,1
2026-08-12 20:04:54.051192,1,873879.60000000,873879.60000000,1
2026-08-12 20:04:54.055274,1,471197.74000000,471197.74000000,1
2026-08-12 20:04:54.059355,1,2067603.51000000,2067603.51000000,1
2026-08-12 20:04:54.063436,1,87604.99000000,87604.99000000,1
2026-08-12 20:04:54.067518,1,64195.56000000,64195.56000000,1
2026-08-12 20:04:54.071600,1,4884449.50000000,4884449.50000000,1
2026-08-12 20:04:54.075687,1,508112.83000000,508112.83000000,1
2026-08-12 20:04:54.079770,1,1215663.84000000,1215663.84000000,1
2026-08-12 20:04:54.083850,1,61114.83000000,61114.83000000,1
2026-08-12 20:04:54.087938,1,1914823.63000000,1914823.63000000,1
2026-08-12 20:04:54.092029,1,2275439.70000000,2275439.70000000,1
2026-08-12 20:04:54.096117,1,381567.84000000,381567.84000000,1
2026-08-12 20:04:54.100204,1,1960331.78000000,1960331.78000000,1
2026-08-12 20:04:54.104292,1,258203.96000000,258203.96000000,1
2026-08-12 20:04:54.108379,1,1426090.63000000,1426090.63000000,1
2026-08-12 20:04:54.112465,1,1026437.86000000,1026437.86000000,1
2026-08-12 20:04:54.120652,1,4391144.55000000,4391144.55000000,1
2026-08-12 20:04:54.124731,1,375599.90000000,375599.90000000,1
2026-08-12 20:04:54.128809,1,310929.90000000,310929.90000000,1
2026-08-12 20:04:54.132884,1,2368178.67000000,2368178.67000000,1
2026-08-12 20:04:54.136969,1,1835551.68000000,1835551.68000000,1
2026-08-12 20:04:54.141051,1,3280843.51000000,3280843.51000000,1
2026-08-12 20:04:54.145127,1,963731.58000000,963731.58000000,1
2026-08-12 20:04:54.149203,1,4454999.55000000,4454999.55000000,1
2026-08-12 20:04:54.153281,1,2229359.58000000,2229359.58000000,1
2026-08-12 20:04:54.157360,1,2058448.71000000,2058448.71000000,1
2026-08-12 20:04:54.161435,1,1847549.75000000,1847549.75000000,1
2026-08-12 20:04:54.165510,1,46738.93000000,46738.93000000,1
2026-08-12 20:04:54.169586,2,1138857.51000000,569428.75500000,2
2026-08-12 20:04:54.177732,1,445689.93000000,445689.93000000,1
2026-08-12 20:04:54.181808,1,1360064.65000000,1360064.65000000,1
2026-08-12 20:04:54.185884,1,4835849.50000000,4835849.50000000,1
2026-08-12 20:04:54.189982,1,1264769.74000000,1264769.74000000,1
2026-08-12 20:04:54.194068,1,1904090.51000000,1904090.51000000,1
2026-08-12 20:04:54.198154,1,133911.98000000,133911.98000000,1
2026-08-12 20:04:54.202239,1,3614636.61000000,3614636.61000000,1
2026-08-12 20:04:54.206327,1,1149959.72000000,1149959.72000000,1
2026-08-12 20:04:54.210401,1,49042.99000000,49042.99000000,1
2026-08-12 20:04:54.214476,1,2086273.57000000,2086273.57000000,1
2026-08-12 20:04:54.218547,1,494815.53000000,494815.53000000,1
2026-08-12 20:04:54.222621,1,81995.96000000,81995.96000000,1
2026-08-12 20:04:54.226696,1,1085887.68000000,1085887.68000000,1
2026-08-12 20:04:54.230837,1,1550484.83000000,1550484.83000000,1
2026-08-12 20:04:54.234914,1,180933.74000000,180933.74000000,1
2026-08-12 20:04:54.238991,1,201349.95000000,201349.95000000,1
2026-08-12 20:04:54.243071,1,3076771.63000000,3076771.63000000,1
2026-08-12 20:04:54.247153,1,245037.83000000,245037.83000000,1
2026-08-12 20:04:54.251236,1,310929.90000000,310929.90000000,1
2026-08-12 20:04:54.255319,1,354209.90000000,354209.90000000,1
2026-08-12 20:04:54.259415,1,187349.98000000,187349.98000000,1
2026-08-12 20:04:54.263502,1,93858.53000000,93858.53000000,1
2026-08-12 20:04:54.271663,1,427931.64000000,427931.64000000,1
2026-08-12 20:04:54.275739,1,2776813.66000000,2776813.66000000,1
2026-08-12 20:04:54.279813,1,2438079.60000000,2438079.60000000,1
2026-08-12 20:04:54.283889,1,1427639.85000000,1427639.85000000,1
2026-08-12 20:04:54.287964,1,1647907.81000000,1647907.81000000,1
2026-08-12 20:04:54.292045,1,348656.69000000,348656.69000000,1
2026-08-12 20:04:54.296120,1,1214043.87000000,1214043.87000000,1
2026-08-12 20:04:54.300195,1,968483.78000000,968483.78000000,1
2026-08-12 20:04:54.304274,1,1944260.67000000,1944260.67000000,1
2026-08-12 20:04:54.308353,1,1227089.70000000,1227089.70000000,1
2026-08-12 20:04:54.312429,2,686014.73000000,343007.36500000,2
2026-08-12 20:04:54.320585,1,1718155.56000000,1718155.56000000,1
2026-08-12 20:04:54.324658,1,1024673.69000000,1024673.69000000,1
2026-08-12 20:04:54.328736,1,1055113.14300000,1055113.14300000,1
2026-08-12 20:04:54.332815,1,2034999.63000000,2034999.63000000,1
2026-08-12 20:04:54.336894,1,360932.89050000,360932.89050000,1
2026-08-12 20:04:54.340969,1,1272725.73000000,1272725.73000000,1
2026-08-12 20:04:54.345041,1,2469879.72000000,2469879.72000000,1
2026-08-12 20:04:54.349119,1,942574.63000000,942574.63000000,1
2026-08-12 20:04:54.353196,1,554111.76000000,554111.76000000,1
2026-08-12 20:04:54.357273,1,472469.95000000,472469.95000000,1
2026-08-12 20:04:54.361350,1,487140.81000000,487140.81000000,1
2026-08-12 20:04:54.365428,2,2536389.01050000,1268194.50525000,2
2026-08-12 20:04:54.369516,1,218293.46400000,218293.46400000,1
2026-08-12 20:04:54.373600,1,743799.75000000,743799.75000000,1
2026-08-12 20:04:54.377677,1,1458743.81000000,1458743.81000000,1
2026-08-12 20:04:54.381867,1,1933066.69000000,1933066.69000000,1
2026-08-12 20:04:54.385945,1,22999.90000000,22999.90000000,1
2026-08-12 20:04:54.390021,1,2936989.38550000,2936989.38550000,1
2026-08-12 20:04:54.394096,1,3065976.82600000,3065976.82600000,1
2026-08-12 20:04:54.398181,1,733624.75000000,733624.75000000,1
2026-08-12 20:04:54.402266,1,1362851.64000000,1362851.64000000,1
2026-08-12 20:04:54.410442,2,1187422.25850000,593711.12925000,2
2026-08-12 20:04:54.414535,1,1280304.87000000,1280304.87000000,1
2026-08-12 20:04:54.418614,1,713339.80000000,713339.80000000,1
2026-08-12 20:04:54.422709,1,1077289.66000000,1077289.66000000,1
2026-08-12 20:04:54.426859,1,1113089.78000000,1113089.78000000,1
2026-08-12 20:04:54.435017,1,818505.74000000,818505.74000000,1
2026-08-12 20:04:54.439093,1,123570.93000000,123570.93000000,1
2026-08-12 20:04:54.443169,1,3178091.62000000,3178091.62000000,1
2026-08-12 20:04:54.447240,1,3002411.58000000,3002411.58000000,1
2026-08-12 20:04:54.451313,1,1783263.68000000,1783263.68000000,1
2026-08-12 20:04:54.455387,1,392309.91000000,392309.91000000,1
2026-08-12 20:04:54.459464,2,5022928.11000000,2511464.05500000,2
2026-08-12 20:04:54.463546,1,935331.81000000,935331.81000000,1
2026-08-12 20:04:54.467638,1,625448.54700000,625448.54700000,1
2026-08-12 20:04:54.471716,1,1775709.59000000,1775709.59000000,1
2026-08-12 20:04:54.475796,1,434844.95000000,434844.95000000,1
2026-08-12 20:04:54.483948,1,535175.88000000,535175.88000000,1
2026-08-12 20:04:54.488024,1,1205401.66000000,1205401.66000000,1
2026-08-12 20:04:54.492100,1,1907573.77000000,1907573.77000000,1
2026-08-12 20:04:54.496173,1,49605.66000000,49605.66000000,1
2026-08-12 20:04:54.500248,1,3568094.55000000,3568094.55000000,1
2026-08-12 20:04:54.504318,1,1904641.57000000,1904641.57000000,1
2026-08-12 20:04:54.508394,2,4302783.08000000,2151391.54000000,2
2026-08-12 20:04:54.512472,1,545471.64000000,545471.64000000,1
2026-08-12 20:04:54.520622,2,2857278.63000000,1428639.31500000,2
2026-08-12 20:04:54.524708,1,4501095.53000000,4501095.53000000,1
2026-08-12 20:04:54.528780,1,360508.66400000,360508.66400000,1
2026-08-12 20:04:54.532858,1,1368531.62000000,1368531.62000000,1
2026-08-12 20:04:54.536935,1,561059.70000000,561059.70000000,1
2026-08-12 20:04:54.541009,1,1445350.02150000,1445350.02150000,1
2026-08-12 20:04:54.545095,1,694339.80000000,694339.80000000,1
2026-08-12 20:04:54.553258,1,92301.99000000,92301.99000000,1
2026-08-12 20:04:54.557331,1,1079687.76000000,1079687.76000000,1
2026-08-12 20:04:54.561402,1,1056599.50000000,1056599.50000000,1
2026-08-12 20:04:54.565475,1,3379218.79200000,3379218.79200000,1
2026-08-12 20:04:54.569550,1,1246388.83000000,1246388.83000000,1
2026-08-12 20:04:54.573620,1,146831.72000000,146831.72000000,1
2026-08-12 20:04:54.577695,1,4005743.52000000,4005743.52000000,1
2026-08-12 20:04:54.581768,1,625103.50650000,625103.50650000,1
2026-08-12 20:04:54.585843,1,1264841.73000000,1264841.73000000,1
2026-08-12 20:04:54.589915,1,1136551.83000000,1136551.83000000,1
2026-08-12 20:04:54.593985,1,187153.53000000,187153.53000000,1
2026-08-12 20:04:54.598061,1,167880.93000000,167880.93000000,1
2026-08-12 20:04:54.602136,1,580526.91000000,580526.91000000,1
2026-08-12 20:04:54.606208,1,1908279.80000000,1908279.80000000,1
2026-08-12 20:04:54.610284,1,1635263.83000000,1635263.83000000,1
2026-08-12 20:04:54.614359,1,552039.90000000,552039.90000000,1
2026-08-12 20:04:54.618430,2,1450487.76000000,725243.88000000,2
2026-08-12 20:04:54.626610,2,3527426.01150000,1763713.00575000,2
2026-08-12 20:04:54.630693,1,70461.49800000,70461.49800000,1
2026-08-12 20:04:54.634773,1,1437839.70000000,1437839.70000000,1
2026-08-12 20:04:54.638860,1,689023.68000000,689023.68000000,1
2026-08-12 20:04:54.642945,1,22745.99150000,22745.99150000,1
2026-08-12 20:04:54.647031,1,1000115.87000000,1000115.87000000,1
2026-08-12 20:04:54.651113,1,25397.94000000,25397.94000000,1
2026-08-12 20:04:54.655201,1,993034.81000000,993034.81000000,1
2026-08-12 20:04:54.659288,1,216494.61750000,216494.61750000,1
2026-08-12 20:04:54.663376,1,192667.98000000,192667.98000000,1
2026-08-12 20:04:54.667462,1,2349299.70000000,2349299.70000000,1
2026-08-12 20:04:54.671550,1,734559.60000000,734559.60000000,1
2026-08-12 20:04:54.675627,1,500769.90000000,500769.90000000,1
2026-08-12 20:04:54.679708,1,2597309.70000000,2597309.70000000,1
2026-08-12 20:04:54.683790,1,52626.99000000,52626.99000000,1
2026-08-12 20:04:54.691955,1,347768.89800000,347768.89800000,1
2026-08-12 20:04:54.700124,1,542651.94000000,542651.94000000,1
2026-08-12 20:04:54.704202,1,2430917.58000000,2430917.58000000,1
2026-08-12 20:04:54.712356,1,230271.92000000,230271.92000000,1
2026-08-12 20:04:54.716432,1,601457.87000000,601457.87000000,1
2026-08-12 20:04:54.720507,1,685166.51000000,685166.51000000,1
2026-08-12 20:04:54.724581,1,2130899.75000000,2130899.75000000,1
2026-08-12 20:04:54.728653,1,497062.83000000,497062.83000000,1
2026-08-12 20:04:54.732725,1,463209.05550000,463209.05550000,1
2026-08-12 20:04:54.736799,1,2204927.56000000,2204927.56000000,1
2026-08-12 20:04:54.740879,1,169799.70000000,169799.70000000,1
2026-08-12 20:04:54.744956,1,1666079.68000000,1666079.68000000,1
2026-08-12 20:04:54.749032,1,1241687.62000000,1241687.62000000,1
2026-08-12 20:04:54.753112,1,2221166.61000000,2221166.61000000,1
2026-08-12 20:04:54.757193,1,3875.81000000,3875.81000000,1
2026-08-12 20:04:54.761265,1,1181114.87000000,1181114.87000000,1
2026-08-12 20:04:54.765341,1,2131775.68000000,2131775.68000000,1
2026-08-12 20:04:54.769418,2,2214846.65000000,1107423.32500000,2
2026-08-12 20:04:54.777580,2,2308386.65000000,1154193.32500000,2
2026-08-12 20:04:54.781662,1,261969.95000000,261969.95000000,1
2026-08-12 20:04:54.785745,1,125639.98000000,125639.98000000,1
2026-08-12 20:04:54.793915,1,621367.89000000,621367.89000000,1
2026-08-12 20:04:54.797996,1,102687.96000000,102687.96000000,1
2026-08-12 20:04:54.802077,1,1240720.20550000,1240720.20550000,1
2026-08-12 20:04:54.806157,1,944404.89000000,944404.89000000,1
2026-08-12 20:04:54.810241,1,783080.87000000,783080.87000000,1
2026-08-12 20:04:54.814320,1,349507.96000000,349507.96000000,1
2026-08-12 20:04:54.818400,1,423129.83850000,423129.83850000,1
2026-08-12 20:04:54.822481,2,5278685.27000000,2639342.63500000,2
2026-08-12 20:04:54.826573,1,2914880.03550000,2914880.03550000,1
2026-08-12 20:04:54.830662,1,879053.81000000,879053.81000000,1
2026-08-12 20:04:54.834748,1,1967231.52000000,1967231.52000000,1
2026-08-12 20:04:54.838841,1,355934.85000000,355934.85000000,1
2026-08-12 20:04:54.847026,1,312149.85000000,312149.85000000,1
2026-08-12 20:04:54.851103,1,3206231.64000000,3206231.64000000,1
2026-08-12 20:04:54.855175,1,58653.98000000,58653.98000000,1
2026-08-12 20:04:54.859250,1,3687599.50000000,3687599.50000000,1
2026-08-12 20:04:54.863326,2,5541763.30000000,2770881.65000000,2
2026-08-12 20:04:54.871489,1,337271.94000000,337271.94000000,1
2026-08-12 20:04:54.875559,2,3184707.07250000,1592353.53625000,2
2026-08-12 20:04:54.879650,1,147447.86000000,147447.86000000,1
2026-08-12 20:04:54.883734,1,615563.91000000,615563.91000000,1
2026-08-12 20:04:54.887810,1,112511.92000000,112511.92000000,1
2026-08-12 20:04:54.891882,1,2368757.51000000,2368757.51000000,1
2026-08-12 20:04:54.895960,1,582175.86000000,582175.86000000,1
2026-08-12 20:04:54.900046,1,1969959.66000000,1969959.66000000,1
2026-08-12 20:04:54.904121,1,434813.94000000,434813.94000000,1
2026-08-12 20:04:54.908208,1,264743.94000000,264743.94000000,1
2026-08-12 20:04:54.912288,1,461933.82000000,461933.82000000,1
2026-08-12 20:04:54.916370,1,1196530.51000000,1196530.51000000,1
2026-08-12 20:04:54.920451,1,283087.87000000,283087.87000000,1
2026-08-12 20:04:54.924532,1,2355864.77700000,2355864.77700000,1
2026-08-12 20:04:54.928612,1,870427.62000000,870427.62000000,1
2026-08-12 20:04:54.932692,1,62259.89000000,62259.89000000,1
2026-08-12 20:04:54.936866,1,290471.51000000,290471.51000000,1
2026-08-12 20:04:54.940937,1,3508672.63000000,3508672.63000000,1
2026-08-12 20:04:54.945008,1,2280889.66000000,2280889.66000000,1
2026-08-12 20:04:54.949079,1,443799.80000000,443799.80000000,1
2026-08-12 20:04:54.953149,1,466227.72000000,466227.72000000,1
2026-08-12 20:04:54.957221,1,926612.73000000,926612.73000000,1
2026-08-12 20:04:54.961307,1,280457.94000000,280457.94000000,1
2026-08-12 20:04:54.965388,1,2548905.54000000,2548905.54000000,1
2026-08-12 20:04:54.969462,1,2489909.70000000,2489909.70000000,1
2026-08-12 20:04:54.973534,1,9199.96000000,9199.96000000,1
2026-08-12 20:04:54.977602,1,1125739.86000000,1125739.86000000,1
2026-08-12 20:04:54.981676,1,579599.65000000,579599.65000000,1
2026-08-12 20:04:54.985748,1,307502.76600000,307502.76600000,1
2026-08-12 20:04:54.989821,1,1866871.63000000,1866871.63000000,1
2026-08-12 20:04:54.993893,1,1538193.66000000,1538193.66000000,1
2026-08-12 20:04:54.997966,1,1540769.65000000,1540769.65000000,1
2026-08-12 20:04:55.002041,1,833876.89000000,833876.89000000,1
2026-08-12 20:04:55.006116,1,966839.80000000,966839.80000000,1
2026-08-12 20:04:55.010190,1,590973.59000000,590973.59000000,1
2026-08-12 20:04:55.014266,1,2328049.75000000,2328049.75000000,1
2026-08-12 20:04:55.018343,1,626479.92000000,626479.92000000,1
2026-08-12 20:04:55.022422,1,2531707.66000000,2531707.66000000,1
2026-08-12 20:04:55.026499,1,210491.97000000,210491.97000000,1
2026-08-12 20:04:55.030580,1,339132.07350000,339132.07350000,1
2026-08-12 20:04:55.034659,1,2761002.51000000,2761002.51000000,1
2026-08-12 20:04:55.038740,1,1632060.84300000,1632060.84300000,1
2026-08-12 20:04:55.042817,1,281889.93000000,281889.93000000,1
2026-08-12 20:04:55.046895,1,184196.87000000,184196.87000000,1
2026-08-12 20:04:55.050974,1,2771.99000000,2771.99000000,1
2026-08-12 20:04:55.055051,1,4455299.50000000,4455299.50000000,1
2026-08-12 20:04:55.059124,1,53267.96000000,53267.96000000,1
2026-08-12 20:04:55.063199,1,2917.98000000,2917.98000000,1
2026-08-12 20:04:55.067272,1,1472217.78000000,1472217.78000000,1
2026-08-12 20:04:55.071346,1,374084.91000000,374084.91000000,1
2026-08-12 20:04:55.075418,1,2352356.86950000,2352356.86950000,1
2026-08-12 20:04:55.079496,1,39544.89000000,39544.89000000,1
2026-08-12 20:04:55.083574,1,3374433.51000000,3374433.51000000,1
2026-08-12 20:04:55.087653,1,1159751.78000000,1159751.78000000,1
2026-08-12 20:04:55.091731,1,96077.99000000,96077.99000000,1
2026-08-12 20:04:55.095815,1,328031.92000000,328031.92000000,1
2026-08-12 20:04:55.099901,1,2602403.58000000,2602403.58000000,1
2026-08-12 20:04:55.103990,1,950372.73000000,950372.73000000,1
2026-08-12 20:04:55.108078,1,697318.81000000,697318.81000000,1
2026-08-12 20:04:55.112166,1,909760.72050000,909760.72050000,1
2026-08-12 20:04:55.116256,1,1244627.67000000,1244627.67000000,1
2026-08-12 20:04:55.120335,1,1429503.84000000,1429503.84000000,1
2026-08-12 20:04:55.124413,1,553119.84000000,553119.84000000,1
2026-08-12 20:04:55.128499,1,385094.85000000,385094.85000000,1
2026-08-12 20:04:55.132586,1,2412097.74000000,2412097.74000000,1
2026-08-12 20:04:55.136673,1,1053629.85000000,1053629.85000000,1
2026-08-12 20:04:55.140760,1,426287.88000000,426287.88000000,1
2026-08-12 20:04:55.144791,1,1761122.79000000,1761122.79000000,1
2026-08-12 20:04:55.148871,1,1730650.77900000,1730650.77900000,1
2026-08-12 20:04:55.152951,1,74789.91000000,74789.91000000,1
2026-08-12 20:04:55.157035,1,792124.75000000,792124.75000000,1
2026-08-12 20:04:55.161121,1,41084.95000000,41084.95000000,1
2026-08-12 20:04:55.165209,1,1266028.63000000,1266028.63000000,1
2026-08-12 20:04:55.169294,1,120657.54000000,120657.54000000,1
2026-08-12 20:04:55.173381,1,3325544.55000000,3325544.55000000,1
2026-08-12 20:04:55.177466,1,110821.98000000,110821.98000000,1
2026-08-12 20:04:55.181550,1,3252303.56000000,3252303.56000000,1
2026-08-12 20:04:55.185634,1,2986334.55000000,2986334.55000000,1
2026-08-12 20:04:55.189719,1,1436095.84000000,1436095.84000000,1
2026-08-12 20:04:55.193802,1,1517263.84000000,1517263.84000000,1
2026-08-12 20:04:55.197886,1,898840.63000000,898840.63000000,1
2026-08-12 20:04:55.201972,1,434234.95000000,434234.95000000,1
2026-08-12 20:04:55.206060,1,38807.86000000,38807.86000000,1
2026-08-12 20:04:55.210146,1,433744.95000000,433744.95000000,1
2026-08-12 20:13:14.211012,2,122499.93500000,61249.96750000,1
