Aaron Powell,2026-08-12 20:04:44.475626,3750047.52000000,5066633.11800000,1,256906.93000000,2217613.77000000
Aaron Powell,2026-08-12 20:04:51.496339,2217613.77000000,7284246.88800000,2,3750047.52000000,460991.51000000
Aaron Powell,2026-08-12 20:04:37.852804,756944.65000000,756944.65000000,3,,2254.09800000
Aaron Powell,2026-08-12 20:04:54.508394,460991.51000000,7745238.39800000,4,2217613.77000000,210491.97000000
Aaron Powell,2026-08-12 20:04:41.290272,300479.92000000,1059678.66800000,5,2254.09800000,256906.93000000
Aaron Powell,2026-08-12 20:04:41.975163,256906.93000000,1316585.59800000,6,300479.92000000,3750047.52000000
Aaron Powell,2026-08-12 20:04:55.026499,210491.97000000,7955730.36800000,7,460991.51000000,
Aaron Powell,2026-08-12 20:04:39.458888,2254.09800000,759198.74800000,8,756944.65000000,300479.92000000
Abraham Pitts,2026-08-12 20:04:36.988608,2542007.96850000,3216432.88850000,1,228104.97000000,674330.79000000
Abraham Pitts,2026-08-12 20:04:50.818659,1148060.83000000,9158891.45850000,2,509201.91000000,
Abraham Pitts,2026-08-12 20:04:42.252270,1074163.72000000,5200490.92850000,3,235563.53000000,520389.90000000
Abraham Pitts,2026-08-12 20:04:44.361234,986489.70000000,7007835.07850000,4,300464.55000000,27119.76000000
Abraham Pitts,2026-08-12 20:04:37.563276,674330.79000000,3890763.67850000,5,2542007.96850000,235563.53000000
Abraham Pitts,2026-08-12 20:04:42.904622,520389.90000000,5720880.82850000,6,1074163.72000000,300464.55000000
Abraham Pitts,2026-08-12 20:04:50.708704,509201.91000000,8010830.62850000,7,4183.96000000,1148060.83000000
Abraham Pitts,2026-08-12 20:04:34.459054,446319.95000000,446319.95000000,8,,228104.97000000
Abraham Pitts,2026-08-12 20:04:49.795153,443495.94000000,7497444.75850000,9,18993.98000000,4183.96000000
Abraham Pitts,2026-08-12 20:04:43.867483,300464.55000000,6021345.37850000,10,520389.90000000,986489.70000000
Abraham Pitts,2026-08-12 20:04:38.705780,235563.53000000,4126327.20850000,11,674330.79000000,1074163.72000000
Abraham Pitts,2026-08-12 20:04:36.331113,228104.97000000,674424.92000000,12,446319.95000000,2542007.96850000
Abraham Pitts,2026-08-12 20:04:44.418432,27119.76000000,7034954.83850000,13,986489.70000000,18993.98000000
Abraham Pitts,2026-08-12 20:04:48.766068,18993.98000000,7053948.81850000,14,27119.76000000,443495.94000000
Abraham Pitts,2026-08-12 20:04:50.305094,4183.96000000,7501628.71850000,15,443495.94000000,509201.91000000
Adam Coleman,2026-08-12 20:04:53.381335,2529837.63000000,9929218.99400000,1,776279.85000000,472469.95000000
Adam Coleman,2026-08-12 20:04:37.538816,1895324.75000000,3502201.09000000,2,792811.66000000,1163377.66000000
Adam Coleman,2026-08-12 20:04:54.414535,1280304.87000000,11681993.81400000,3,472469.95000000,
Adam Coleman,2026-08-12 20:04:42.586616,1163377.66000000,4665578.75000000,4,1895324.75000000,148262.04050000
Adam Coleman,2026-08-12 20:04:48.043861,960867.53000000,6623101.51400000,5,664647.92000000,776279.85000000
Adam Coleman,2026-08-12 20:04:36.249560,792811.66000000,1606876.34000000,6,247046.97000000,1895324.75000000
Adam Coleman,2026-08-12 20:04:48.460011,776279.85000000,7399381.36400000,7,960867.53000000,2529837.63000000
Adam Coleman,2026-08-12 20:04:46.299260,664647.92000000,5662233.98400000,8,183745.27350000,960867.53000000
Adam Coleman,2026-08-12 20:04:54.357273,472469.95000000,10401688.94400000,9,2529837.63000000,1280304.87000000
Adam Coleman,2026-08-12 20:04:35.886757,442823.92000000,567017.71000000,10,124193.79000000,247046.97000000
Adam Coleman,2026-08-12 20:04:36.119073,247046.97000000,814064.68000000,11,442823.92000000,792811.66000000
Adam Coleman,2026-08-12 20:04:44.108299,183745.27350000,4997586.06400000,12,148262.04050000,664647.92000000
Adam Coleman,2026-08-12 20:04:43.773597,148262.04050000,4813840.79050000,13,1163377.66000000,183745.27350000
Adam Coleman,2026-08-12 20:04:35.222263,124193.79000000,124193.79000000,14,,442823.92000000
Adrian Pacheco,2026-08-12 20:04:47.860105,2393035.57000000,7273947.61000000,1,172255.92000000,1448901.74000000
Adrian Pacheco,2026-08-12 20:04:42.455940,2347028.73000000,4708656.12000000,2,1666339.83000000,172255.92000000
Adrian Pacheco,2026-08-12 20:04:41.298438,1666339.83000000,2361627.39000000,3,695287.56000000,2347028.73000000
Adrian Pacheco,2026-08-12 20:04:50.362170,1448901.74000000,8722849.35000000,4,2393035.57000000,416679.92000000
Adrian Pacheco,2026-08-12 20:04:39.837962,695287.56000000,695287.56000000,5,,1666339.83000000
Adrian Pacheco,2026-08-12 20:04:53.495477,416679.92000000,9139529.27000000,6,1448901.74000000,
Adrian Pacheco,2026-08-12 20:04:43.545056,172255.92000000,4880912.04000000,7,2347028.73000000,2393035.57000000
Agnes Farrell,2026-08-12 20:04:44.083787,3143123.64000000,5235295.75000000,1,486506.79000000,1765589.17050000
Agnes Farrell,2026-08-12 20:04:52.863260,2304927.68000000,13010385.11050000,2,901196.89000000,
Agnes Farrell,2026-08-12 20:04:46.307455,1765589.17050000,7000884.92050000,3,3143123.64000000,1661435.82000000
Agnes Farrell,2026-08-12 20:04:46.894739,1661435.82000000,8662320.74050000,4,1765589.17050000,1141939.80000000
Agnes Farrell,2026-08-12 20:04:37.424630,1521449.54000000,1521449.54000000,5,,84215.78000000
Agnes Farrell,2026-08-12 20:04:47.488563,1141939.80000000,9804260.54050000,6,1661435.82000000,901196.89000000
Agnes Farrell,2026-08-12 20:04:50.610826,901196.89000000,10705457.43050000,7,1141939.80000000,2304927.68000000
Agnes Farrell,2026-08-12 20:04:39.450744,486506.79000000,2092172.11000000,8,84215.78000000,3143123.64000000
Agnes Farrell,2026-08-12 20:04:38.579404,84215.78000000,1605665.32000000,9,1521449.54000000,486506.79000000
Aida Lindsey,2026-08-12 20:04:39.695208,4394264.53000000,5523157.06000000,1,1128892.53000000,624375.66000000
Aida Lindsey,2026-08-12 20:04:52.096398,3112523.64000000,9714223.15000000,2,454166.79000000,434844.95000000
Aida Lindsey,2026-08-12 20:04:33.981507,1128892.53000000,1128892.53000000,3,,4394264.53000000
Aida Lindsey,2026-08-12 20:04:44.512385,624375.66000000,6147532.72000000,4,4394264.53000000,454166.79000000
Aida Lindsey,2026-08-12 20:04:51.271604,454166.79000000,6601699.51000000,5,624375.66000000,3112523.64000000
Aida Lindsey,2026-08-12 20:04:54.475796,434844.95000000,10149068.10000000,6,3112523.64000000,
Aiden Schmidt,2026-08-12 20:04:53.912033,2563747.56000000,6628669.90000000,1,1310672.79000000,
Aiden Schmidt,2026-08-12 20:04:46.139998,1310672.79000000,4064922.34000000,2,695599.60000000,2563747.56000000
Aiden Schmidt,2026-08-12 20:04:40.735293,1019347.56000000,2058649.95000000,3,423167.52000000,695599.60000000
Aiden Schmidt,2026-08-12 20:04:41.775478,695599.60000000,2754249.55000000,4,1019347.56000000,1310672.79000000
Aiden Schmidt,2026-08-12 20:04:39.218060,616134.87000000,616134.87000000,5,,423167.52000000
Aiden Schmidt,2026-08-12 20:04:40.343552,423167.52000000,1039302.39000000,6,616134.87000000,1019347.56000000
Aileen Lindsey,2026-08-12 20:04:35.140647,3394431.54000000,6039376.25000000,1,2644944.71000000,1958672.69000000
Aileen Lindsey,2026-08-12 20:04:33.997848,2644944.71000000,2644944.71000000,2,,3394431.54000000
Aileen Lindsey,2026-08-12 20:04:54.332815,2034999.63000000,10257274.54000000,3,224225.97000000,
Aileen Lindsey,2026-08-12 20:04:40.135566,1958672.69000000,7998048.94000000,4,3394431.54000000,224225.97000000
Aileen Lindsey,2026-08-12 20:04:47.480420,224225.97000000,8222274.91000000,5,1958672.69000000,2034999.63000000
Alan Castillo,2026-08-12 20:04:41.327001,2328367.72000000,2720095.68000000,1,391727.96000000,1953435.66000000
Alan Castillo,2026-08-12 20:04:44.794286,1953435.66000000,4673531.34000000,2,2328367.72000000,224423.88000000
Alan Castillo,2026-08-12 20:04:40.584166,391727.96000000,391727.96000000,3,,2328367.72000000
Alan Castillo,2026-08-12 20:04:51.173524,224423.88000000,4897955.22000000,4,1953435.66000000,
Alan Pierce,2026-08-12 20:04:47.337411,3549857.61000000,6158051.10000000,1,2465819.55000000,2160319.60000000
Alan Pierce,2026-08-12 20:04:40.474150,2465819.55000000,2608193.49000000,2,142373.94000000,3549857.61000000
Alan Pierce,2026-08-12 20:04:53.401753,2364414.12800000,10682784.82800000,3,2160319.60000000,508112.83000000
Alan Pierce,2026-08-12 20:04:52.757081,2160319.60000000,8318370.70000000,4,3549857.61000000,2364414.12800000
Alan Pierce,2026-08-12 20:04:54.410442,613709.82000000,11804607.47800000,5,508112.83000000,
Alan Pierce,2026-08-12 20:04:54.075687,508112.83000000,11190897.65800000,6,2364414.12800000,613709.82000000
Alan Pierce,2026-08-12 20:04:35.128409,142373.94000000,142373.94000000,7,,2465819.55000000
Albert West,2026-08-12 20:04:36.604655,2556299.70000000,2556299.70000000,1,,1635467.59200000
Albert West,2026-08-12 20:04:54.945008,2280889.66000000,7743344.79200000,2,1270687.84000000,
Albert West,2026-08-12 20:04:37.290112,1635467.59200000,4191767.29200000,3,2556299.70000000,1270687.84000000
Albert West,2026-08-12 20:04:46.825480,1270687.84000000,5462455.13200000,4,1635467.59200000,2280889.66000000
Alberta York,2026-08-12 20:04:37.473531,1683569.58000000,2105969.52000000,1,422399.94000000,80123.88000000
Alberta York,2026-08-12 20:04:51.863761,591251.88000000,2777345.28000000,2,80123.88000000,23729.79000000
Alberta York,2026-08-12 20:04:37.146269,422399.94000000,422399.94000000,3,,1683569.58000000
Alberta York,2026-08-12 20:04:47.537442,80123.88000000,2186093.40000000,4,1683569.58000000,591251.88000000
Alberta York,2026-08-12 20:04:52.210636,23729.79000000,2801075.07000000,5,591251.88000000,
Alex Banks,2026-08-12 20:04:45.809833,3247199.64000000,7126734.92000000,1,653599.92000000,151957.98000000
Alex Banks,2026-08-12 20:04:34.418267,3033743.52000000,3033743.52000000,2,,192191.84000000
Alex Banks,2026-08-12 20:04:50.508948,2324735.76000000,10029553.53000000,3,330868.89000000,1064136.03750000
Alex Banks,2026-08-12 20:04:53.670981,1607135.52000000,12984166.05750000,4,283340.97000000,
Alex Banks,2026-08-12 20:04:50.969549,1064136.03750000,11093689.56750000,5,2324735.76000000,283340.97000000
Alex Banks,2026-08-12 20:04:35.295630,653599.92000000,3879535.28000000,6,192191.84000000,3247199.64000000
Alex Banks,2026-08-12 20:04:49.427568,330868.89000000,7704817.77000000,7,95255.98000000,2324735.76000000
Alex Banks,2026-08-12 20:04:52.781526,283340.97000000,11377030.53750000,8,1064136.03750000,1607135.52000000
Alex Banks,2026-08-12 20:04:35.234482,192191.84000000,3225935.36000000,9,3033743.52000000,653599.92000000
Alex Banks,2026-08-12 20:04:48.610886,151957.98000000,7278692.90000000,10,3247199.64000000,95255.98000000
Alex Banks,2026-08-12 20:04:48.708886,95255.98000000,7373948.88000000,11,151957.98000000,330868.89000000
Alexander Gray,2026-08-12 20:04:44.479716,2683886.69000000,7661081.91850000,1,417647.52000000,2191839.60000000
Alexander Gray,2026-08-12 20:04:47.127271,2191839.60000000,9852921.51850000,2,2683886.69000000,222833.94000000
Alexander Gray,2026-08-12 20:04:37.612259,1827658.61850000,4559547.70850000,3,874547.64000000,417647.52000000
Alexander Gray,2026-08-12 20:04:34.732648,964781.69000000,964781.69000000,4,,892559.76000000
Alexander Gray,2026-08-12 20:04:34.908164,892559.76000000,1857341.45000000,5,964781.69000000,874547.64000000
Alexander Gray,2026-08-12 20:04:37.493999,874547.64000000,2731889.09000000,6,892559.76000000,1827658.61850000
Alexander Gray,2026-08-12 20:04:38.289615,417647.52000000,4977195.22850000,7,1827658.61850000,2683886.69000000
Alexander Gray,2026-08-12 20:04:47.839694,222833.94000000,10075755.45850000,8,2191839.60000000,40084.99000000
Alexander Gray,2026-08-12 20:04:51.782258,203447.41500000,10319287.86350000,9,40084.99000000,
Alexander Gray,2026-08-12 20:04:47.909201,40084.99000000,10115840.44850000,10,222833.94000000,203447.41500000
Alfonso Friedman,2026-08-12 20:04:46.874346,4662449.50000000,9123086.66000000,1,767969.77000000,396063.25450000
Alfonso Friedman,2026-08-12 20:04:52.924466,4266107.56000000,26452318.66450000,2,3960886.59000000,2067603.51000000
Alfonso Friedman,2026-08-12 20:04:52.430865,3960886.59000000,22186211.10450000,3,767695.84000000,4266107.56000000
Alfonso Friedman,2026-08-12 20:04:49.607333,3420521.58000000,14935013.15450000,4,576275.88000000,850805.82000000
Alfonso Friedman,2026-08-12 20:04:37.449068,2868916.57000000,2898174.55000000,5,29257.98000000,540191.92000000
Alfonso Friedman,2026-08-12 20:04:54.059355,2067603.51000000,28519922.17450000,6,4266107.56000000,1904641.57000000
Alfonso Friedman,2026-08-12 20:04:54.504318,1904641.57000000,30424563.74450000,7,2067603.51000000,
Alfonso Friedman,2026-08-12 20:04:50.932863,1671809.70000000,17457628.67450000,8,850805.82000000,767695.84000000
Alfonso Friedman,2026-08-12 20:04:47.455981,1419065.78000000,10938215.69450000,9,396063.25450000,576275.88000000
Alfonso Friedman,2026-08-12 20:04:50.382530,850805.82000000,15785818.97450000,10,3420521.58000000,1671809.70000000
Alfonso Friedman,2026-08-12 20:04:44.275613,767969.77000000,4460637.16000000,11,92131.99000000,4662449.50000000
Alfonso Friedman,2026-08-12 20:04:51.761867,767695.84000000,18225324.51450000,12,1671809.70000000,3960886.59000000
Alfonso Friedman,2026-08-12 20:04:48.957971,576275.88000000,11514491.57450000,13,1419065.78000000,3420521.58000000
Alfonso Friedman,2026-08-12 20:04:39.128411,540191.92000000,3438366.47000000,14,2868916.57000000,162168.93000000
Alfonso Friedman,2026-08-12 20:04:47.288390,396063.25450000,9519149.91450000,15,4662449.50000000,1419065.78000000
Alfonso Friedman,2026-08-12 20:04:41.041428,162168.93000000,3600535.40000000,16,540191.92000000,92131.99000000
Alfonso Friedman,2026-08-12 20:04:42.753736,92131.99000000,3692667.39000000,17,162168.93000000,767969.77000000
Alfonso Friedman,2026-08-12 20:04:34.426436,29257.98000000,29257.98000000,18,,2868916.57000000
Alice Murray,2026-08-12 20:04:53.956945,2549979.18350000,9715586.35900000,1,2349699.50000000,
Alice Murray,2026-08-12 20:04:38.060947,2405610.18550000,2405610.18550000,2,,1483929.65000000
Alice Murray,2026-08-12 20:04:53.311956,2349699.50000000,7165607.17550000,3,926367.84000000,2549979.18350000
Alice Murray,2026-08-12 20:04:39.878787,1483929.65000000,3889539.83550000,4,2405610.18550000,926367.84000000
Alice Murray,2026-08-12 20:04:46.405351,926367.84000000,4815907.67550000,5,1483929.65000000,2349699.50000000
Alma Hutchinson,2026-08-12 20:04:52.496123,3181793.67000000,7368371.03000000,1,960725.87000000,86127.96000000
Alma Hutchinson,2026-08-12 20:04:36.686358,2078999.79000000,2078999.79000000,2,,227420.97000000
Alma Hutchinson,2026-08-12 20:04:47.053780,960725.87000000,4186577.36000000,3,575252.91000000,3181793.67000000
Alma Hutchinson,2026-08-12 20:04:53.822155,735415.89000000,8189914.88000000,4,86127.96000000,22999.90000000
Alma Hutchinson,2026-08-12 20:04:54.545095,694339.80000000,8907254.58000000,5,22999.90000000,
Alma Hutchinson,2026-08-12 20:04:42.199341,575252.91000000,3225851.49000000,6,344177.82000000,960725.87000000
Alma Hutchinson,2026-08-12 20:04:41.086281,344177.82000000,2650598.58000000,7,227420.97000000,575252.91000000
Alma Hutchinson,2026-08-12 20:04:36.833526,227420.97000000,2306420.76000000,8,2078999.79000000,344177.82000000
Alma Hutchinson,2026-08-12 20:04:53.801748,86127.96000000,7454498.99000000,9,3181793.67000000,735415.89000000
Alma Hutchinson,2026-08-12 20:04:54.385945,22999.90000000,8212914.78000000,10,735415.89000000,694339.80000000
Amanda Baker,2026-08-12 20:04:47.958192,1907107.72000000,3671791.39250000,1,1412822.19600000,
Amanda Baker,2026-08-12 20:04:46.111407,1412822.19600000,1764683.67250000,2,2103.65650000,1907107.72000000
Amanda Baker,2026-08-12 20:04:36.061984,349757.82000000,349757.82000000,3,,2103.65650000
Amanda Baker,2026-08-12 20:04:38.101817,2103.65650000,351861.47650000,4,349757.82000000,1412822.19600000
Amber Chavez,2026-08-12 20:04:38.542653,2351355.72000000,2351355.72000000,1,,252389.53000000
Amber Chavez,2026-08-12 20:04:54.079770,1215663.84000000,4546359.66000000,2,22190.87000000,
Amber Chavez,2026-08-12 20:04:48.896755,704759.70000000,3308504.95000000,3,252389.53000000,22190.87000000
Amber Chavez,2026-08-12 20:04:40.674089,252389.53000000,2603745.25000000,4,2351355.72000000,704759.70000000
Amber Chavez,2026-08-12 20:04:52.671503,22190.87000000,3330695.82000000,5,704759.70000000,1215663.84000000
Amy Morris,2026-08-12 20:04:41.669587,1704999.69000000,3325933.46000000,1,519077.93000000,73737.98000000
Amy Morris,2026-08-12 20:04:33.961118,1101855.84000000,1101855.84000000,2,,519077.93000000
Amy Morris,2026-08-12 20:04:38.771113,519077.93000000,1620933.77000000,3,1101855.84000000,1704999.69000000
Amy Morris,2026-08-12 20:04:49.423485,73737.98000000,3399671.44000000,4,1704999.69000000,
Andre Hampton,2026-08-12 20:04:40.396635,3911123.58000000,3987622.53450000,1,76498.95450000,111509.70000000
Andre Hampton,2026-08-12 20:04:49.513222,1800177.39600000,9268911.77050000,2,1045599.80000000,1077289.66000000
Andre Hampton,2026-08-12 20:04:45.944196,1590588.51000000,5689720.74450000,3,111509.70000000,233045.94000000
Andre Hampton,2026-08-12 20:04:54.422709,1077289.66000000,10346201.43050000,4,1800177.39600000,423129.83850000
Andre Hampton,2026-08-12 20:04:48.933483,1045599.80000000,7468734.37450000,5,500367.89000000,1800177.39600000
Andre Hampton,2026-08-12 20:04:48.243730,500367.89000000,6423134.57450000,6,233045.94000000,1045599.80000000
Andre Hampton,2026-08-12 20:04:54.818400,423129.83850000,10769331.26900000,7,1077289.66000000,
Andre Hampton,2026-08-12 20:04:48.096803,233045.94000000,5922766.68450000,8,1590588.51000000,500367.89000000
Andre Hampton,2026-08-12 20:04:41.477894,111509.70000000,4099132.23450000,9,3911123.58000000,1590588.51000000
Andre Hampton,2026-08-12 20:04:34.022282,76498.95450000,76498.95450000,10,,3911123.58000000
Andrea Reyes,2026-08-12 20:04:53.193771,3386027.62000000,8076750.24750000,1,539659.67900000,1052459.85000000
Andrea Reyes,2026-08-12 20:04:34.532474,1281324.75000000,1281324.75000000,2,,845151.78000000
Andrea Reyes,2026-08-12 20:04:53.271195,1052459.85000000,9129210.09750000,3,3386027.62000000,310929.90000000
Andrea Reyes,2026-08-12 20:04:42.451861,925521.25050000,4151062.94850000,4,484399.84000000,539659.67900000
Andrea Reyes,2026-08-12 20:04:36.547493,845151.78000000,2126476.53000000,5,1281324.75000000,614665.32800000
Andrea Reyes,2026-08-12 20:04:38.563099,614665.32800000,2741141.85800000,6,845151.78000000,484399.84000000
Andrea Reyes,2026-08-12 20:04:51.193977,539659.67900000,4690722.62750000,7,925521.25050000,3386027.62000000
Andrea Reyes,2026-08-12 20:04:41.253573,484399.84000000,3225541.69800000,8,614665.32800000,925521.25050000
Andrea Reyes,2026-08-12 20:04:54.128809,310929.90000000,9440139.99750000,9,1052459.85000000,
Andrew Wright,2026-08-12 20:04:53.189690,2025497.92050000,3496855.78450000,1,748599.60000000,
Andrew Wright,2026-08-12 20:04:50.158357,748599.60000000,1471357.86400000,2,722758.26400000,2025497.92050000
Andrew Wright,2026-08-12 20:04:47.419336,722758.26400000,722758.26400000,3,,748599.60000000
Angela Murphy,2026-08-12 20:04:37.469450,4044361.51000000,4209395.32000000,1,165033.81000000,308075.88000000
Angela Murphy,2026-08-12 20:04:43.010630,3142979.55000000,17415463.64000000,2,1245199.75000000,2272826.69000000
Angela Murphy,2026-08-12 20:04:39.442557,2794043.67000000,7311514.87000000,3,308075.88000000,1354469.61000000
Angela Murphy,2026-08-12 20:04:44.520550,2272826.69000000,19688290.33000000,4,3142979.55000000,2122691.67000000
Angela Murphy,2026-08-12 20:04:48.312985,2122691.67000000,21810982.00000000,5,2272826.69000000,7670.37450000
Angela Murphy,2026-08-12 20:04:49.742053,1704856.51000000,23523508.88450000,6,7670.37450000,858527.64000000
Angela Murphy,2026-08-12 20:04:41.167921,1512584.55000000,10894374.80000000,7,715805.77000000,1042209.74000000
Angela Murphy,2026-08-12 20:04:40.641340,1354469.61000000,8665984.48000000,8,2794043.67000000,715805.77000000
Angela Murphy,2026-08-12 20:04:42.305198,1245199.75000000,14272484.09000000,9,1090699.80000000,3142979.55000000
Angela Murphy,2026-08-12 20:04:42.101539,1090699.80000000,13027284.34000000,10,1042209.74000000,1245199.75000000
Angela Murphy,2026-08-12 20:04:41.494234,1042209.74000000,11936584.54000000,11,1512584.55000000,1090699.80000000
Angela Murphy,2026-08-12 20:04:52.589816,858527.64000000,24382036.52450000,12,1704856.51000000,
Angela Murphy,2026-08-12 20:04:41.045501,715805.77000000,9381790.25000000,13,1354469.61000000,1512584.55000000
Angela Murphy,2026-08-12 20:04:38.077301,308075.88000000,4517471.20000000,14,4044361.51000000,2794043.67000000
Angela Murphy,2026-08-12 20:04:36.070124,165033.81000000,165033.81000000,15,,4044361.51000000
Angela Murphy,2026-08-12 20:04:49.272401,7670.37450000,21818652.37450000,16,2122691.67000000,1704856.51000000
Angelo Nolan,2026-08-12 20:04:37.367612,2278980.55150000,4006780.15150000,1,1727799.60000000,2218209.71000000
Angelo Nolan,2026-08-12 20:04:40.001165,2218209.71000000,6224989.86150000,2,2278980.55150000,1162175.84000000
Angelo Nolan,2026-08-12 20:04:33.842959,1727799.60000000,1727799.60000000,3,,2278980.55150000
Angelo Nolan,2026-08-12 20:04:40.172224,1162175.84000000,7387165.70150000,4,2218209.71000000,207530.53450000
Angelo Nolan,2026-08-12 20:04:48.970227,829299.80000000,9751245.43600000,5,814469.70000000,
Angelo Nolan,2026-08-12 20:04:47.986746,814469.70000000,8921945.63600000,6,179043.83000000,829299.80000000
Angelo Nolan,2026-08-12 20:04:45.948287,333735.87000000,7928432.10600000,7,207530.53450000,179043.83000000
Angelo Nolan,2026-08-12 20:04:40.575991,207530.53450000,7594696.23600000,8,1162175.84000000,333735.87000000
Angelo Nolan,2026-08-12 20:04:46.095125,179043.83000000,8107475.93600000,9,333735.87000000,814469.70000000
Angelo Pacheco,2026-08-12 20:04:37.958813,3369867.07500000,8578760.95500000,1,1338839.64000000,237424.75000000
Angelo Pacheco,2026-08-12 20:04:50.977715,2898161.34300000,13495006.80800000,2,841469.90000000,145757.94000000
Angelo Pacheco,2026-08-12 20:04:34.177375,1996784.73000000,1996784.73000000,3,,1873269.51000000
Angelo Pacheco,2026-08-12 20:04:37.816149,1873269.51000000,3870054.24000000,4,1996784.73000000,1338839.64000000
Angelo Pacheco,2026-08-12 20:04:37.917974,1338839.64000000,5208893.88000000,5,1873269.51000000,3369867.07500000
Angelo Pacheco,2026-08-12 20:04:51.422818,1211678.26400000,14852443.01200000,6,145757.94000000,1026519.60000000
Angelo Pacheco,2026-08-12 20:04:52.540926,1026519.60000000,15878962.61200000,7,1211678.26400000,
Angelo Pacheco,2026-08-12 20:04:44.463367,939189.86000000,9755375.56500000,8,237424.75000000,841469.90000000
Angelo Pacheco,2026-08-12 20:04:44.467455,841469.90000000,10596845.46500000,9,939189.86000000,2898161.34300000
Angelo Pacheco,2026-08-12 20:04:42.876096,237424.75000000,8816185.70500000,10,3369867.07500000,939189.86000000
Angelo Pacheco,2026-08-12 20:04:51.287940,145757.94000000,13640764.74800000,11,2898161.34300000,1211678.26400000
Ann Marshall,2026-08-12 20:04:37.392048,1980621.77000000,1980621.77000000,1,,835811.91000000
Ann Marshall,2026-08-12 20:04:47.029299,1392735.68000000,5081881.12000000,2,872711.76000000,997797.83000000
Ann Marshall,2026-08-12 20:04:53.834417,1223277.86000000,7551524.78000000,3,248567.97000000,
Ann Marshall,2026-08-12 20:04:51.063305,997797.83000000,6079678.95000000,4,1392735.68000000,248567.97000000
Ann Marshall,2026-08-12 20:04:42.468193,872711.76000000,3689145.44000000,5,835811.91000000,1392735.68000000
Ann Marshall,2026-08-12 20:04:38.689471,835811.91000000,2816433.68000000,6,1980621.77000000,872711.76000000
Ann Marshall,2026-08-12 20:04:51.729182,248567.97000000,6328246.92000000,7,997797.83000000,1223277.86000000
Anna Ortiz,2026-08-12 20:04:51.161291,2996099.55000000,6645299.54000000,1,570319.90000000,
Anna Ortiz,2026-08-12 20:04:42.545756,1017015.72000000,2564205.26000000,2,882149.70000000,514674.83000000
Anna Ortiz,2026-08-12 20:04:35.409752,882149.70000000,1547189.54000000,3,665039.84000000,1017015.72000000
Anna Ortiz,2026-08-12 20:04:34.573339,665039.84000000,665039.84000000,4,,882149.70000000
Anna Ortiz,2026-08-12 20:04:49.864594,570319.90000000,3649199.99000000,5,514674.83000000,2996099.55000000
Anna Ortiz,2026-08-12 20:04:42.688558,514674.83000000,3078880.09000000,6,1017015.72000000,570319.90000000
Anna Sherman,2026-08-12 20:04:49.415320,3490782.57000000,9846106.61000000,1,1056185.82000000,612029.38450000
Anna Sherman,2026-08-12 20:04:35.536074,1983386.79000000,1983386.79000000,2,,1938823.71000000
Anna Sherman,2026-08-12 20:04:39.083485,1938823.71000000,3922210.50000000,3,1983386.79000000,1376927.72000000
Anna Sherman,2026-08-12 20:04:39.613735,1376927.72000000,5299138.22000000,4,1938823.71000000,1056185.82000000
Anna Sherman,2026-08-12 20:04:51.234840,1094059.80000000,11552195.79450000,5,612029.38450000,263063.92000000
Anna Sherman,2026-08-12 20:04:39.768539,1056185.82000000,6355324.04000000,6,1376927.72000000,3490782.57000000
Anna Sherman,2026-08-12 20:04:50.696475,612029.38450000,10458135.99450000,7,3490782.57000000,1094059.80000000
Anna Sherman,2026-08-12 20:04:52.899983,263063.92000000,11815259.71450000,8,1094059.80000000,
Annie Carroll,2026-08-12 20:04:45.785397,277010.97000000,413436.95000000,1,136425.98000000,
Annie Carroll,2026-08-12 20:04:45.042997,136425.98000000,136425.98000000,2,,277010.97000000
Anthony Harris,2026-08-12 20:04:36.498519,1630331.77000000,1630331.77000000,1,,584428.15050000
Anthony Harris,2026-08-12 20:04:50.879758,1120631.88000000,3335391.80050000,2,584428.15050000,
Anthony Harris,2026-08-12 20:04:39.944053,584428.15050000,2214759.92050000,3,1630331.77000000,1120631.88000000
Antoinette Barrera,2026-08-12 20:04:45.218517,2543947.66000000,5015919.03000000,1,1416527.82000000,1986069.62000000
Antoinette Barrera,2026-08-12 20:04:52.006578,1986069.62000000,7001988.65000000,2,2543947.66000000,
Antoinette Barrera,2026-08-12 20:04:42.264463,1416527.82000000,2471971.37000000,3,538097.67000000,2543947.66000000
Antoinette Barrera,2026-08-12 20:04:42.015885,538097.67000000,1055443.55000000,4,472149.90000000,1416527.82000000
Antoinette Barrera,2026-08-12 20:04:39.246571,472149.90000000,517345.88000000,5,45195.98000000,538097.67000000
Antoinette Barrera,2026-08-12 20:04:35.858255,45195.98000000,45195.98000000,6,,472149.90000000
Antoinette Brennan,2026-08-12 20:04:37.134034,3472349.58000000,3993299.43000000,1,520949.85000000,810389.70000000
Antoinette Brennan,2026-08-12 20:04:40.649514,1574049.50000000,6377738.63000000,2,810389.70000000,
Antoinette Brennan,2026-08-12 20:04:40.319059,810389.70000000,4803689.13000000,3,3472349.58000000,1574049.50000000
Antoinette Brennan,2026-08-12 20:04:35.336441,520949.85000000,520949.85000000,4,,3472349.58000000
Antonia Brennan,2026-08-12 20:04:49.978811,1746099.75000000,2554459.40000000,1,808359.65000000,
Antonia Brennan,2026-08-12 20:04:34.283524,808359.65000000,808359.65000000,2,,1746099.75000000
Arlene Moon,2026-08-12 20:04:38.957147,4758799.50000000,8089060.84000000,1,1836871.77000000,1472439.60000000
Arlene Moon,2026-08-12 20:04:42.977989,2550785.58000000,12112286.02000000,2,1472439.60000000,25059.95000000
Arlene Moon,2026-08-12 20:04:36.461786,1836871.77000000,3330261.34000000,3,1493389.57000000,4758799.50000000
Arlene Moon,2026-08-12 20:04:34.724484,1493389.57000000,1493389.57000000,4,,1836871.77000000
Arlene Moon,2026-08-12 20:04:40.976141,1472439.60000000,9561500.44000000,5,4758799.50000000,2550785.58000000
Arlene Moon,2026-08-12 20:04:52.178015,472469.95000000,12609815.92000000,6,25059.95000000,
Arlene Moon,2026-08-12 20:04:49.374464,25059.95000000,12137345.97000000,7,2550785.58000000,472469.95000000
Arthur Cole,2026-08-12 20:04:54.626610,3274509.54000000,9966612.16750000,1,72833.99000000,2412097.74000000
Arthur Cole,2026-08-12 20:04:48.794592,2969499.50000000,4380760.83000000,2,25791.92000000,1141316.03750000
Arthur Cole,2026-08-12 20:04:55.132586,2412097.74000000,12378709.90750000,3,3274509.54000000,
Arthur Cole,2026-08-12 20:04:48.851817,1141316.03750000,5522076.86750000,4,2969499.50000000,1097191.77000000
Arthur Cole,2026-08-12 20:04:49.929845,1097191.77000000,6619268.63750000,5,1141316.03750000,72833.99000000
Arthur Cole,2026-08-12 20:04:40.923058,913615.71000000,1047357.57000000,6,133741.86000000,338111.84000000
Arthur Cole,2026-08-12 20:04:42.386678,338111.84000000,1385469.41000000,7,913615.71000000,25791.92000000
Arthur Cole,2026-08-12 20:04:34.475339,133741.86000000,133741.86000000,8,,913615.71000000
Arthur Cole,2026-08-12 20:04:51.957505,72833.99000000,6692102.62750000,9,1097191.77000000,3274509.54000000
Arthur Cole,2026-08-12 20:04:43.214620,25791.92000000,1411261.33000000,10,338111.84000000,2969499.50000000
Ashley Robinson,2026-08-12 20:04:36.898922,1060505.82000000,1060505.82000000,1,,985970.79000000
Ashley Robinson,2026-08-12 20:04:38.032364,985970.79000000,2046476.61000000,2,1060505.82000000,221227.86000000
Ashley Robinson,2026-08-12 20:04:54.483948,535175.88000000,3454680.98000000,3,26938.89000000,
Ashley Robinson,2026-08-12 20:04:48.937562,509009.85000000,2892566.21000000,4,115851.89000000,26938.89000000
Ashley Robinson,2026-08-12 20:04:43.834871,221227.86000000,2267704.47000000,5,985970.79000000,115851.89000000
Ashley Robinson,2026-08-12 20:04:45.495862,115851.89000000,2383556.36000000,6,221227.86000000,509009.85000000
Ashley Robinson,2026-08-12 20:04:53.585226,26938.89000000,2919505.10000000,7,509009.85000000,535175.88000000
Aurora Andersen,2026-08-12 20:04:42.704841,2267528.67000000,7497733.25000000,1,23729.79000000,184573.87000000
Aurora Andersen,2026-08-12 20:04:53.699601,1860039.65000000,9542346.77000000,2,184573.87000000,
Aurora Andersen,2026-08-12 20:04:34.324341,1612519.74000000,1612519.74000000,3,,480479.60000000
Aurora Andersen,2026-08-12 20:04:36.155770,1327643.81000000,3420643.15000000,4,480479.60000000,1015199.80000000
Aurora Andersen,2026-08-12 20:04:38.142684,1015199.80000000,4435842.95000000,5,1327643.81000000,672111.86000000
Aurora Andersen,2026-08-12 20:04:40.453704,672111.86000000,5107954.81000000,6,1015199.80000000,98519.98000000
Aurora Andersen,2026-08-12 20:04:34.540651,480479.60000000,2092999.34000000,7,1612519.74000000,1327643.81000000
Aurora Andersen,2026-08-12 20:04:42.965772,184573.87000000,7682307.12000000,8,2267528.67000000,1860039.65000000
Aurora Andersen,2026-08-12 20:04:41.636943,98519.98000000,5206474.79000000,9,672111.86000000,23729.79000000
Aurora Andersen,2026-08-12 20:04:42.566181,23729.79000000,5230204.58000000,10,98519.98000000,2267528.67000000
Austin Harper,2026-08-12 20:04:40.058190,3525053.57000000,5515532.88450000,1,1110983.66000000,3052941.59000000
Austin Harper,2026-08-12 20:04:41.893561,3052941.59000000,8568474.47450000,2,3525053.57000000,343659.90000000
Austin Harper,2026-08-12 20:04:46.519598,1389719.63000000,12660367.14450000,3,1143863.64000000,1326879.68000000
Austin Harper,2026-08-12 20:04:48.798672,1326879.68000000,13987246.82450000,4,1389719.63000000,669759.84000000
Austin Harper,2026-08-12 20:04:45.801686,1214649.50000000,10126783.87450000,5,343659.90000000,1143863.64000000
Austin Harper,2026-08-12 20:04:46.017508,1143863.64000000,11270647.51450000,6,1214649.50000000,1389719.63000000
Austin Harper,2026-08-12 20:04:38.281445,1110983.66000000,1990479.31450000,7,879495.65450000,3525053.57000000
Austin Harper,2026-08-12 20:04:38.040532,879495.65450000,879495.65450000,8,,1110983.66000000
Austin Harper,2026-08-12 20:04:52.263599,669759.84000000,14657006.66450000,9,1326879.68000000,280457.94000000
Austin Harper,2026-08-12 20:04:43.904252,343659.90000000,8912134.37450000,10,3052941.59000000,1214649.50000000
Austin Harper,2026-08-12 20:04:54.961307,280457.94000000,14937464.60450000,11,669759.84000000,
Beatrice Olsen,2026-08-12 20:04:42.504919,4263417.54000000,10153360.59350000,1,1418351.84000000,2479439.52000000
Beatrice Olsen,2026-08-12 20:04:36.233263,3210714.78350000,3210714.78350000,2,,476776.93000000
Beatrice Olsen,2026-08-12 20:04:50.765724,2479439.52000000,12632800.11350000,3,4263417.54000000,1329803.82000000
Beatrice Olsen,2026-08-12 20:04:40.465995,1418351.84000000,5889943.05350000,4,784099.50000000,4263417.54000000
Beatrice Olsen,2026-08-12 20:04:52.002491,1329803.82000000,13962603.93350000,5,2479439.52000000,650209.78000000
Beatrice Olsen,2026-08-12 20:04:38.791499,784099.50000000,4471591.21350000,6,476776.93000000,1418351.84000000
Beatrice Olsen,2026-08-12 20:04:52.467558,650209.78000000,14612813.71350000,7,1329803.82000000,
Beatrice Olsen,2026-08-12 20:04:38.669093,476776.93000000,3687491.71350000,8,3210714.78350000,784099.50000000
Becky Ericksen,2026-08-12 20:04:46.968157,1704800.79000000,3417779.40050000,1,463049.86000000,1446323.78000000
Becky Ericksen,2026-08-12 20:04:48.864060,1446323.78000000,4864103.18050000,2,1704800.79000000,729992.89000000
Becky Ericksen,2026-08-12 20:04:43.173833,1000787.05050000,1119072.77050000,3,106378.93000000,130855.98000000
Becky Ericksen,2026-08-12 20:04:49.758383,729992.89000000,5594096.07050000,4,1446323.78000000,
Becky Ericksen,2026-08-12 20:04:44.422516,463049.86000000,1712978.61050000,5,130855.98000000,1704800.79000000
Becky Ericksen,2026-08-12 20:04:43.581754,130855.98000000,1249928.75050000,6,1000787.05050000,463049.86000000
Becky Ericksen,2026-08-12 20:04:40.776054,106378.93000000,118285.72000000,7,11906.79000000,1000787.05050000
Becky Ericksen,2026-08-12 20:04:37.404263,11906.79000000,11906.79000000,8,,106378.93000000
Benjamin Ward,2026-08-12 20:04:48.484469,3298223.52000000,14768654.18650000,1,2244456.63000000,13917.98000000
Benjamin Ward,2026-08-12 20:04:45.516249,2765990.71000000,9162856.22650000,2,1494490.59000000,63117.81000000
Benjamin Ward,2026-08-12 20:04:47.529289,2244456.63000000,11470430.66650000,3,63117.81000000,3298223.52000000
Benjamin Ward,2026-08-12 20:04:38.762953,1639105.83000000,4274475.07650000,4,305699.88000000,627899.85000000
Benjamin Ward,2026-08-12 20:04:44.973599,1494490.59000000,6396865.51650000,5,627899.85000000,2765990.71000000
Benjamin Ward,2026-08-12 20:04:33.965198,1198516.83000000,1198516.83000000,6,,1131152.53650000
Benjamin Ward,2026-08-12 20:04:34.867374,1131152.53650000,2329669.36650000,7,1198516.83000000,305699.88000000
Benjamin Ward,2026-08-12 20:04:44.002143,627899.85000000,4902374.92650000,8,1639105.83000000,1494490.59000000
Benjamin Ward,2026-08-12 20:04:51.014403,436209.68950000,15358470.52600000,9,139688.67000000,383629.90000000
Benjamin Ward,2026-08-12 20:04:53.242685,383629.90000000,15742100.42600000,10,436209.68950000,
Benjamin Ward,2026-08-12 20:04:37.575506,305699.88000000,2635369.24650000,11,1131152.53650000,1639105.83000000
Benjamin Ward,2026-08-12 20:04:50.941036,139688.67000000,14922260.83650000,12,13917.98000000,436209.68950000
Benjamin Ward,2026-08-12 20:04:46.593083,63117.81000000,9225974.03650000,13,2765990.71000000,2244456.63000000
Benjamin Ward,2026-08-12 20:04:48.904914,13917.98000000,14782572.16650000,14,3298223.52000000,139688.67000000
Bennie Duffy,2026-08-12 20:04:40.984317,2430863.64000000,8955305.51000000,1,1301649.65000000,947719.60000000
Bennie Duffy,2026-08-12 20:04:51.884113,2349236.67000000,14932642.96000000,2,911123.64000000,837249.50000000
Bennie Duffy,2026-08-12 20:04:55.014266,2328049.75000000,19921444.27000000,3,1426090.63000000,
Bennie Duffy,2026-08-12 20:04:40.400710,2260922.77000000,4184062.44000000,4,1377747.83000000,1038729.78000000
Bennie Duffy,2026-08-12 20:04:49.113037,1526327.64000000,11672282.65000000,5,242929.90000000,911123.64000000
Bennie Duffy,2026-08-12 20:04:54.108379,1426090.63000000,17593394.52000000,6,246519.60000000,2328049.75000000
Bennie Duffy,2026-08-12 20:04:39.536374,1377747.83000000,1923139.67000000,7,545391.84000000,2260922.77000000
Bennie Duffy,2026-08-12 20:04:40.571911,1301649.65000000,6524441.87000000,8,1038729.78000000,2430863.64000000
Bennie Duffy,2026-08-12 20:04:40.433317,1038729.78000000,5222792.22000000,9,2260922.77000000,1301649.65000000
Bennie Duffy,2026-08-12 20:04:42.272609,947719.60000000,9903025.11000000,10,2430863.64000000,242929.90000000
Bennie Duffy,2026-08-12 20:04:50.035838,911123.64000000,12583406.29000000,11,1526327.64000000,2349236.67000000
Bennie Duffy,2026-08-12 20:04:52.231010,837249.50000000,15769892.46000000,12,2349236.67000000,150891.83000000
Bennie Duffy,2026-08-12 20:04:39.205838,545391.84000000,545391.84000000,13,,1377747.83000000
Bennie Duffy,2026-08-12 20:04:53.063108,246519.60000000,16167303.89000000,14,150891.83000000,1426090.63000000
Bennie Duffy,2026-08-12 20:04:45.610121,242929.90000000,10145955.01000000,15,947719.60000000,1526327.64000000
Bennie Duffy,2026-08-12 20:04:52.626479,150891.83000000,15920784.29000000,16,837249.50000000,246519.60000000
Bertha Rivas,2026-08-12 20:04:43.614362,4151315.54000000,10595520.11000000,1,1271010.51000000,92159.96000000
Bertha Rivas,2026-08-12 20:04:39.923673,2132619.65000000,2943999.55000000,2,811379.90000000,1686911.68000000
Bertha Rivas,2026-08-12 20:04:40.192606,1686911.68000000,4630911.23000000,3,2132619.65000000,542282.83000000
Bertha Rivas,2026-08-12 20:04:43.328934,1271010.51000000,6444204.57000000,4,542282.83000000,4151315.54000000
Bertha Rivas,2026-08-12 20:04:55.197886,898840.63000000,11586520.70000000,5,92159.96000000,
Bertha Rivas,2026-08-12 20:04:37.228881,811379.90000000,811379.90000000,6,,2132619.65000000
Bertha Rivas,2026-08-12 20:04:42.896458,542282.83000000,5173194.06000000,7,1686911.68000000,1271010.51000000
Bertha Rivas,2026-08-12 20:04:51.079617,92159.96000000,10687680.07000000,8,4151315.54000000,898840.63000000
Bettie Berg,2026-08-12 20:04:43.818571,1331599.80000000,1380870.79000000,1,49270.99000000,256718.97000000
Bettie Berg,2026-08-12 20:04:51.557621,256718.97000000,1637589.76000000,2,1331599.80000000,
Bettie Berg,2026-08-12 20:04:40.421086,49270.99000000,49270.99000000,3,,1331599.80000000
Betty White,2026-08-12 20:04:46.756273,2421887.52000000,13543640.24150000,1,208157.97000000,1341656.73000000
Betty White,2026-08-12 20:04:45.862757,2352071.54000000,10913594.75150000,2,1381488.50150000,208157.97000000
Betty White,2026-08-12 20:04:41.901704,2225501.73000000,3336335.31000000,3,400283.88000000,1885519.60000000
Betty White,2026-08-12 20:04:45.014357,1958179.80000000,7180034.71000000,4,1885519.60000000,1381488.50150000
Betty White,2026-08-12 20:04:44.214441,1885519.60000000,5221854.91000000,5,2225501.73000000,1958179.80000000
Betty White,2026-08-12 20:04:52.700026,1675079.67000000,16560376.64150000,6,1341656.73000000,1136704.57000000
Betty White,2026-08-12 20:04:45.777254,1381488.50150000,8561523.21150000,7,1958179.80000000,2352071.54000000
Betty White,2026-08-12 20:04:47.541519,1341656.73000000,14885296.97150000,8,2421887.52000000,1675079.67000000
Betty White,2026-08-12 20:04:53.169287,1136704.57000000,17697081.21150000,9,1675079.67000000,586469.94000000
Betty White,2026-08-12 20:04:34.034494,710549.70000000,710549.70000000,10,,400283.88000000
Betty White,2026-08-12 20:04:53.226371,586469.94000000,18283551.15150000,11,1136704.57000000,201349.95000000
Betty White,2026-08-12 20:04:41.143416,400283.88000000,1110833.58000000,12,710549.70000000,2225501.73000000
Betty White,2026-08-12 20:04:46.372694,208157.97000000,11121752.72150000,13,2352071.54000000,2421887.52000000
Betty White,2026-08-12 20:04:54.238991,201349.95000000,18484901.10150000,14,586469.94000000,
Beverly Weaver,2026-08-12 20:04:52.439012,2753327.52000000,4276299.64000000,1,57093.98000000,531725.74500000
Beverly Weaver,2026-08-12 20:04:49.893146,578003.94000000,1374053.39000000,2,207801.86000000,91824.75000000
Beverly Weaver,2026-08-12 20:04:52.785611,531725.74500000,4808025.38500000,3,2753327.52000000,
Beverly Weaver,2026-08-12 20:04:48.003072,388435.81000000,588247.59000000,4,139676.97000000,207801.86000000
Beverly Weaver,2026-08-12 20:04:48.435489,207801.86000000,796049.45000000,5,388435.81000000,578003.94000000
Beverly Weaver,2026-08-12 20:04:46.091053,139676.97000000,199811.78000000,6,60134.81000000,388435.81000000
Beverly Weaver,2026-08-12 20:04:50.321408,91824.75000000,1465878.14000000,7,578003.94000000,57093.98000000
Beverly Weaver,2026-08-12 20:04:40.931201,60134.81000000,60134.81000000,8,,139676.97000000
Beverly Weaver,2026-08-12 20:04:51.631130,57093.98000000,1522972.12000000,9,91824.75000000,2753327.52000000
Billie Wiggins,2026-08-12 20:04:41.486071,1702014.51000000,2853564.17000000,1,346031.84000000,156340.37250000
Billie Wiggins,2026-08-12 20:04:37.326809,805517.82000000,805517.82000000,2,,346031.84000000
Billie Wiggins,2026-08-12 20:04:39.593366,346031.84000000,1151549.66000000,3,805517.82000000,1702014.51000000
Billie Wiggins,2026-08-12 20:04:42.443700,156340.37250000,3009904.54250000,4,1702014.51000000,
Billy Hawkins,2026-08-12 20:04:38.599821,3087349.65000000,3087349.65000000,1,,644923.93000000
Billy Hawkins,2026-08-12 20:04:40.759753,3053905.63000000,11062102.40000000,2,2069381.58000000,69123.99000000
Billy Hawkins,2026-08-12 20:04:39.842035,2206541.61000000,5938815.19000000,3,644923.93000000,2069381.58000000
Billy Hawkins,2026-08-12 20:04:40.168149,2069381.58000000,8008196.77000000,4,2206541.61000000,3053905.63000000
Billy Hawkins,2026-08-12 20:04:55.144791,1761122.79000000,17006609.89000000,5,942574.63000000,
Billy Hawkins,2026-08-12 20:04:43.998062,1571939.73000000,12703166.12000000,6,69123.99000000,1273919.76000000
Billy Hawkins,2026-08-12 20:04:47.000769,1273919.76000000,13977085.88000000,7,1571939.73000000,325826.59000000
Billy Hawkins,2026-08-12 20:04:54.349119,942574.63000000,15245487.10000000,8,325826.59000000,1761122.79000000
Billy Hawkins,2026-08-12 20:04:39.430319,644923.93000000,3732273.58000000,9,3087349.65000000,2206541.61000000
Billy Hawkins,2026-08-12 20:04:51.524949,325826.59000000,14302912.47000000,10,1273919.76000000,942574.63000000
Billy Hawkins,2026-08-12 20:04:42.223772,69123.99000000,11131226.39000000,11,3053905.63000000,1571939.73000000
Blake Harvey,2026-08-12 20:04:53.998138,2989679.60000000,14017098.52250000,1,419314.95000000,
Blake Harvey,2026-08-12 20:04:44.442942,2517236.73000000,3858446.22550000,2,173385.98000000,669855.89000000
Blake Harvey,2026-08-12 20:04:44.716695,2154144.65000000,6682446.76550000,3,669855.89000000,1085511.53000000
Blake Harvey,2026-08-12 20:04:49.688933,1290414.65000000,9973088.83550000,4,914715.89000000,93073.99000000
Blake Harvey,2026-08-12 20:04:49.386721,1085511.53000000,7767958.29550000,5,2154144.65000000,914715.89000000
Blake Harvey,2026-08-12 20:04:49.648152,914715.89000000,8682674.18550000,6,1085511.53000000,1290414.65000000
Blake Harvey,2026-08-12 20:04:40.029693,674624.93000000,1167823.51550000,7,493198.58550000,173385.98000000
Blake Harvey,2026-08-12 20:04:44.598168,669855.89000000,4528302.11550000,8,2517236.73000000,2154144.65000000
Blake Harvey,2026-08-12 20:04:51.786333,541941.14700000,10608103.97250000,9,93073.99000000,419314.95000000
Blake Harvey,2026-08-12 20:04:35.931665,493198.58550000,493198.58550000,10,,674624.93000000
Blake Harvey,2026-08-12 20:04:52.324913,419314.95000000,11027418.92250000,11,541941.14700000,2989679.60000000
Blake Harvey,2026-08-12 20:04:40.939355,173385.98000000,1341209.49550000,12,674624.93000000,2517236.73000000
Blake Harvey,2026-08-12 20:04:49.897220,93073.99000000,10066162.82550000,13,1290414.65000000,541941.14700000
Bobbie Mccarty,2026-08-12 20:04:50.700552,3636008.61000000,5057712.15000000,1,1150271.76000000,
Bobbie Mccarty,2026-08-12 20:04:49.705273,1150271.76000000,1421703.54000000,2,202527.96000000,3636008.61000000
Bobbie Mccarty,2026-08-12 20:04:42.276681,202527.96000000,271431.78000000,3,68903.82000000,1150271.76000000
Bobbie Mccarty,2026-08-12 20:04:39.295583,68903.82000000,68903.82000000,4,,202527.96000000
Bobby Cervantes,2026-08-12 20:04:54.969462,2489909.70000000,10112245.15500000,1,744487.71000000,
Bobby Cervantes,2026-08-12 20:04:40.751592,2115164.61000000,5358060.06000000,2,2051999.76000000,490840.91500000
Bobby Cervantes,2026-08-12 20:04:36.907093,2051999.76000000,3242895.45000000,3,1190895.69000000,2115164.61000000
Bobby Cervantes,2026-08-12 20:04:34.365183,1190895.69000000,1190895.69000000,4,,2051999.76000000
Bobby Cervantes,2026-08-12 20:04:42.827159,845778.89000000,6694679.86500000,5,490840.91500000,183167.88000000
Bobby Cervantes,2026-08-12 20:04:52.410506,744487.71000000,7622335.45500000,6,183167.88000000,2489909.70000000
Bobby Cervantes,2026-08-12 20:04:41.689961,490840.91500000,5848900.97500000,7,2115164.61000000,845778.89000000
Bobby Cervantes,2026-08-12 20:04:49.488751,183167.88000000,6877847.74500000,8,845778.89000000,744487.71000000
Bonnie Hale,2026-08-12 20:04:39.315979,2197532.61000000,4325060.37000000,1,2127527.76000000,1844985.78000000
Bonnie Hale,2026-08-12 20:04:36.159842,2127527.76000000,2127527.76000000,2,,2197532.61000000
Bonnie Hale,2026-08-12 20:04:42.884240,1844985.78000000,6170046.15000000,3,2197532.61000000,1704405.78000000
Bonnie Hale,2026-08-12 20:04:47.172120,1704405.78000000,7874451.93000000,4,1844985.78000000,854957.74000000
Bonnie Hale,2026-08-12 20:04:53.324203,854957.74000000,8729409.67000000,5,1704405.78000000,
Bradford Mcclure,2026-08-12 20:04:53.948741,1553103.84000000,5373129.86000000,1,1349179.54000000,
Bradford Mcclure,2026-08-12 20:04:53.022357,1349179.54000000,3820026.02000000,2,883263.84000000,1553103.84000000
Bradford Mcclure,2026-08-12 20:04:52.667421,883263.84000000,2470846.48000000,3,548742.87000000,1349179.54000000
Bradford Mcclure,2026-08-12 20:04:35.870469,607079.92000000,607079.92000000,4,,431759.85000000
Bradford Mcclure,2026-08-12 20:04:52.149478,548742.87000000,1587582.64000000,5,431759.85000000,883263.84000000
Bradford Mcclure,2026-08-12 20:04:45.919772,431759.85000000,1038839.77000000,6,607079.92000000,548742.87000000
Brady Conway,2026-08-12 20:04:44.410260,4725749.50000000,6095366.29000000,1,368631.96000000,584912.51000000
Brady Conway,2026-08-12 20:04:48.280391,2454424.69000000,9134703.49000000,2,584912.51000000,1061063.20250000
Brady Conway,2026-08-12 20:04:52.769304,1061063.20250000,10195766.69250000,3,2454424.69000000,231047.91000000
Brady Conway,2026-08-12 20:04:45.275528,584912.51000000,6680278.80000000,4,4725749.50000000,2454424.69000000
Brady Conway,2026-08-12 20:04:36.992675,434634.95000000,434634.95000000,5,,423979.90000000
Brady Conway,2026-08-12 20:04:38.301841,423979.90000000,858614.85000000,6,434634.95000000,142369.98000000
Brady Conway,2026-08-12 20:04:43.936859,368631.96000000,1369616.79000000,7,142369.98000000,4725749.50000000
Brady Conway,2026-08-12 20:04:54.618430,231047.91000000,10426814.60250000,8,1061063.20250000,
Brady Conway,2026-08-12 20:04:42.227843,142369.98000000,1000984.83000000,9,423979.90000000,368631.96000000
Brandon Kim,2026-08-12 20:04:43.655198,2274624.75000000,4017343.06000000,1,859749.50000000,84391.98000000
Brandon Kim,2026-08-12 20:04:50.264301,1583541.69000000,5685276.73000000,2,84391.98000000,175459.69000000
Brandon Kim,2026-08-12 20:04:36.813091,859749.50000000,1742718.31000000,3,214311.92000000,2274624.75000000
Brandon Kim,2026-08-12 20:04:34.940799,668656.89000000,668656.89000000,4,,214311.92000000
Brandon Kim,2026-08-12 20:04:36.013137,214311.92000000,882968.81000000,5,668656.89000000,859749.50000000
Brandon Kim,2026-08-12 20:04:50.720933,175459.69000000,5860736.42000000,6,1583541.69000000,
Brandon Kim,2026-08-12 20:04:44.639029,84391.98000000,4101735.04000000,7,2274624.75000000,1583541.69000000
Brenda Cooper,2026-08-12 20:04:47.541519,4381391.52000000,12967331.05000000,1,933932.79000000,1635699.75000000
Brenda Cooper,2026-08-12 20:04:45.377455,3167999.55000000,7652006.74000000,2,11327.76000000,933932.79000000
Brenda Cooper,2026-08-12 20:04:38.591633,2149649.75000000,4472679.43000000,3,1000834.89000000,11327.76000000
Brenda Cooper,2026-08-12 20:04:49.709360,1842015.68000000,16445046.48000000,4,1635699.75000000,133911.98000000
Brenda Cooper,2026-08-12 20:04:48.602724,1635699.75000000,14603030.80000000,5,4381391.52000000,1842015.68000000
Brenda Cooper,2026-08-12 20:04:36.314792,1000834.89000000,2323029.68000000,6,555554.89000000,2149649.75000000
Brenda Cooper,2026-08-12 20:04:46.270672,933932.79000000,8585939.53000000,7,3167999.55000000,4381391.52000000
Brenda Cooper,2026-08-12 20:04:34.944879,766639.90000000,766639.90000000,8,,555554.89000000
Brenda Cooper,2026-08-12 20:04:35.087563,555554.89000000,1322194.79000000,9,766639.90000000,1000834.89000000
Brenda Cooper,2026-08-12 20:04:54.198154,133911.98000000,16578958.46000000,10,1842015.68000000,
Brenda Cooper,2026-08-12 20:04:40.417008,11327.76000000,4484007.19000000,11,2149649.75000000,3167999.55000000
Bret Hays,2026-08-12 20:04:45.675389,2972991.56000000,11823637.60000000,1,1452879.60000000,196055.94000000
Bret Hays,2026-08-12 20:04:35.968324,2116554.51000000,2116554.51000000,2,,331298.91000000
Bret Hays,2026-08-12 20:04:41.803985,2037984.57000000,7397766.44000000,3,1264355.82000000,1452879.60000000
Bret Hays,2026-08-12 20:04:37.767249,1647572.63000000,4095426.05000000,4,331298.91000000,1264355.82000000
Bret Hays,2026-08-12 20:04:45.467310,1452879.60000000,8850646.04000000,5,2037984.57000000,2972991.56000000
Bret Hays,2026-08-12 20:04:39.177293,1264355.82000000,5359781.87000000,6,1647572.63000000,2037984.57000000
Bret Hays,2026-08-12 20:04:37.636755,331298.91000000,2447853.42000000,7,2116554.51000000,1647572.63000000
Bret Hays,2026-08-12 20:04:54.777580,196055.94000000,12019693.54000000,8,2972991.56000000,53267.96000000
Bret Hays,2026-08-12 20:04:55.059124,53267.96000000,12072961.50000000,9,196055.94000000,
Brian Nelson,2026-08-12 20:04:55.099901,2602403.58000000,8096340.03500000,1,306435.74000000,
Brian Nelson,2026-08-12 20:04:36.216943,1870254.57500000,3591090.18500000,2,1720835.61000000,193130.73000000
Brian Nelson,2026-08-12 20:04:35.063082,1720835.61000000,1720835.61000000,3,,1870254.57500000
Brian Nelson,2026-08-12 20:04:48.011234,1403279.80000000,5187500.71500000,4,193130.73000000,306435.74000000
Brian Nelson,2026-08-12 20:04:52.182103,306435.74000000,5493936.45500000,5,1403279.80000000,2602403.58000000
Brian Nelson,2026-08-12 20:04:45.499937,193130.73000000,3784220.91500000,6,1870254.57500000,1403279.80000000
Brittany Arnold,2026-08-12 20:04:47.811099,3645764.55000000,14003037.77000000,1,2656511.64000000,1242112.48850000
Brittany Arnold,2026-08-12 20:04:42.664124,2928701.58000000,6750471.80000000,2,24490.81000000,950289.78000000
Brittany Arnold,2026-08-12 20:04:46.103264,2656511.64000000,10357273.22000000,3,950289.78000000,3645764.55000000
Brittany Arnold,2026-08-12 20:04:52.973412,2139313.66000000,18785457.49850000,4,1400993.58000000,310929.90000000
Brittany Arnold,2026-08-12 20:04:39.960359,1441139.70000000,2978240.87250000,5,1039191.78000000,819038.53750000
Brittany Arnold,2026-08-12 20:04:52.920384,1400993.58000000,16646143.83850000,6,1242112.48850000,2139313.66000000
Brittany Arnold,2026-08-12 20:04:48.643553,1242112.48850000,15245150.25850000,7,3645764.55000000,1400993.58000000
Brittany Arnold,2026-08-12 20:04:38.109984,1039191.78000000,1537101.17250000,8,89998.77000000,1441139.70000000
Brittany Arnold,2026-08-12 20:04:44.810628,950289.78000000,7700761.58000000,9,2928701.58000000,2656511.64000000
Brittany Arnold,2026-08-12 20:04:40.449627,819038.53750000,3797279.41000000,10,1441139.70000000,24490.81000000
Brittany Arnold,2026-08-12 20:04:35.099824,407910.62250000,407910.62250000,11,,89998.77000000
Brittany Arnold,2026-08-12 20:04:54.251236,310929.90000000,19096387.39850000,12,2139313.66000000,
Brittany Arnold,2026-08-12 20:04:37.269719,89998.77000000,497909.39250000,13,407910.62250000,1039191.78000000
Brittany Arnold,2026-08-12 20:04:41.787691,24490.81000000,3821770.22000000,14,819038.53750000,2928701.58000000
Bruce Perkins,2026-08-12 20:04:51.100062,2644622.59000000,3892046.00000000,1,367658.83000000,
Bruce Perkins,2026-08-12 20:04:36.780407,722519.73000000,722519.73000000,2,,157244.85000000
Bruce Perkins,2026-08-12 20:04:49.235747,367658.83000000,1247423.41000000,3,157244.85000000,2644622.59000000
Bruce Perkins,2026-08-12 20:04:47.147670,157244.85000000,879764.58000000,4,722519.73000000,367658.83000000
Bryan Palmer,2026-08-12 20:04:48.162133,3542015.52000000,9974560.37750000,1,1018163.72000000,998549.55000000
Bryan Palmer,2026-08-12 20:04:47.143595,2510732.71000000,5414381.13750000,2,661418.83000000,1018163.72000000
Bryan Palmer,2026-08-12 20:04:35.854182,1215094.65000000,1215094.65000000,3,,902979.74000000
Bryan Palmer,2026-08-12 20:04:47.962273,1018163.72000000,6432544.85750000,4,2510732.71000000,3542015.52000000
Bryan Palmer,2026-08-12 20:04:52.288127,998549.55000000,10973109.92750000,5,3542015.52000000,247141.86000000
Bryan Palmer,2026-08-12 20:04:36.800846,902979.74000000,2118074.39000000,6,1215094.65000000,124155.20750000
Bryan Palmer,2026-08-12 20:04:46.205378,661418.83000000,2903648.42750000,7,124155.20750000,2510732.71000000
Bryan Palmer,2026-08-12 20:04:52.916312,247141.86000000,11220251.78750000,8,998549.55000000,
Bryan Palmer,2026-08-12 20:04:42.488598,124155.20750000,2242229.59750000,9,902979.74000000,661418.83000000
Byron Madden,2026-08-12 20:04:40.718997,3299264.55000000,7628132.57000000,1,1016468.53000000,2299.99000000
Byron Madden,2026-08-12 20:04:38.224420,2427919.69000000,3312399.49000000,2,884479.80000000,1016468.53000000
Byron Madden,2026-08-12 20:04:45.581573,1778607.72800000,9596989.92800000,3,173970.71000000,430252.83000000
Byron Madden,2026-08-12 20:04:39.311893,1016468.53000000,4328868.02000000,4,2427919.69000000,3299264.55000000
Byron Madden,2026-08-12 20:04:36.719009,884479.80000000,884479.80000000,5,,2427919.69000000
Byron Madden,2026-08-12 20:04:46.980383,430252.83000000,10027242.75800000,6,1778607.72800000,357911.88000000
Byron Madden,2026-08-12 20:04:52.292215,357911.88000000,10385154.63800000,7,430252.83000000,25662.99000000
Byron Madden,2026-08-12 20:04:55.030580,339132.07350000,10930885.64150000,8,180935.94000000,
Byron Madden,2026-08-12 20:04:52.904075,180935.94000000,10591753.56800000,9,25662.99000000,339132.07350000
Byron Madden,2026-08-12 20:04:43.304449,173970.71000000,7818382.20000000,10,13978.93000000,1778607.72800000
Byron Madden,2026-08-12 20:04:52.597967,25662.99000000,10410817.62800000,11,357911.88000000,180935.94000000
Byron Madden,2026-08-12 20:04:43.055479,13978.93000000,7644411.49000000,12,2299.99000000,173970.71000000
Byron Madden,2026-08-12 20:04:41.053659,2299.99000000,7630432.56000000,13,3299264.55000000,13978.93000000
Caleb Riley,2026-08-12 20:04:47.668049,3411314.55000000,8427161.16950000,1,1851455.76000000,34067.94000000
Caleb Riley,2026-08-12 20:04:44.381640,1851455.76000000,5015846.61950000,2,1356101.73000000,3411314.55000000
Caleb Riley,2026-08-12 20:04:43.745008,1770908.41950000,1808289.12950000,3,37380.71000000,1356101.73000000
Caleb Riley,2026-08-12 20:04:44.145124,1356101.73000000,3164390.85950000,4,1770908.41950000,1851455.76000000
Caleb Riley,2026-08-12 20:04:40.918986,37380.71000000,37380.71000000,5,,1770908.41950000
Caleb Riley,2026-08-12 20:04:50.093020,34067.94000000,8461229.10950000,6,3411314.55000000,
Calvin Ortega,2026-08-12 20:04:34.887773,3376502.61000000,3376502.61000000,1,,2199999.60000000
Calvin Ortega,2026-08-12 20:04:43.953171,2943455.68000000,10644466.27000000,2,1092739.78000000,1101563.82000000
Calvin Ortega,2026-08-12 20:04:37.587755,2199999.60000000,5576502.21000000,3,3376502.61000000,647540.73000000
Calvin Ortega,2026-08-12 20:04:52.838687,1899857.59000000,14909345.93000000,4,735983.64000000,133151.68000000
Calvin Ortega,2026-08-12 20:04:44.202221,1101563.82000000,11746030.09000000,5,2943455.68000000,527474.61000000
Calvin Ortega,2026-08-12 20:04:42.582541,1092739.78000000,7701010.59000000,6,384227.87000000,2943455.68000000
Calvin Ortega,2026-08-12 20:04:48.925332,735983.64000000,13009488.34000000,7,527474.61000000,1899857.59000000
Calvin Ortega,2026-08-12 20:04:38.493608,647540.73000000,6224042.94000000,8,2199999.60000000,384227.87000000
Calvin Ortega,2026-08-12 20:04:48.247805,527474.61000000,12273504.70000000,9,1101563.82000000,735983.64000000
Calvin Ortega,2026-08-12 20:04:38.730237,384227.87000000,6608270.81000000,10,647540.73000000,1092739.78000000
Calvin Ortega,2026-08-12 20:04:53.899789,133151.68000000,15042497.61000000,11,1899857.59000000,
Cameron Montgomery,2026-08-12 20:04:37.318626,2893624.65000000,2893624.65000000,1,,567629.83000000
Cameron Montgomery,2026-08-12 20:04:39.234352,2340674.55000000,5885556.80000000,2,83627.77000000,488036.68850000
Cameron Montgomery,2026-08-12 20:04:48.545607,2076002.73000000,11711928.35850000,3,512779.80000000,1026437.86000000
Cameron Montgomery,2026-08-12 20:04:42.093384,1604543.76000000,8467955.91850000,4,489818.67000000,577063.92000000
Cameron Montgomery,2026-08-12 20:04:54.112465,1026437.86000000,12738366.21850000,5,2076002.73000000,
Cameron Montgomery,2026-08-12 20:04:44.267468,577063.92000000,9045019.83850000,6,1604543.76000000,78125.99000000
Cameron Montgomery,2026-08-12 20:04:37.599997,567629.83000000,3461254.48000000,7,2893624.65000000,83627.77000000
Cameron Montgomery,2026-08-12 20:04:46.805125,512779.80000000,9635925.62850000,8,78125.99000000,2076002.73000000
Cameron Montgomery,2026-08-12 20:04:41.873204,489818.67000000,6863412.15850000,9,488036.68850000,1604543.76000000
Cameron Montgomery,2026-08-12 20:04:39.788997,488036.68850000,6373593.48850000,10,2340674.55000000,489818.67000000
Cameron Montgomery,2026-08-12 20:04:38.522215,83627.77000000,3544882.25000000,11,567629.83000000,2340674.55000000
Cameron Montgomery,2026-08-12 20:04:45.393847,78125.99000000,9123145.82850000,12,577063.92000000,512779.80000000
Candy Wolf,2026-08-12 20:04:43.520623,4725749.50000000,14087521.88000000,1,1213778.51000000,3246174.59000000
Candy Wolf,2026-08-12 20:04:52.328997,3706793.58000000,24338185.44000000,2,991787.72000000,
Candy Wolf,2026-08-12 20:04:38.289615,3606108.57000000,5847438.15000000,3,2241329.58000000,934949.90000000
Candy Wolf,2026-08-12 20:04:47.078278,3246174.59000000,17333696.47000000,4,4725749.50000000,2305907.67000000
Candy Wolf,2026-08-12 20:04:50.166524,2305907.67000000,19639604.14000000,5,3246174.59000000,991787.72000000
Candy Wolf,2026-08-12 20:04:36.371935,2241329.58000000,2241329.58000000,6,,3606108.57000000
Candy Wolf,2026-08-12 20:04:39.964440,1365605.82000000,8147993.87000000,7,934949.90000000,1213778.51000000
Candy Wolf,2026-08-12 20:04:40.771982,1213778.51000000,9361772.38000000,8,1365605.82000000,4725749.50000000
Candy Wolf,2026-08-12 20:04:52.222856,991787.72000000,20631391.86000000,9,2305907.67000000,3706793.58000000
Candy Wolf,2026-08-12 20:04:38.775185,934949.90000000,6782388.05000000,10,3606108.57000000,1365605.82000000
Carl Wallace,2026-08-12 20:04:40.066338,3777971.56000000,7161471.00000000,1,587299.75000000,903713.86000000
Carl Wallace,2026-08-12 20:04:36.388262,2796199.69000000,2796199.69000000,2,,587299.75000000
Carl Wallace,2026-08-12 20:04:49.762466,903713.86000000,8065184.86000000,3,3777971.56000000,745861.87000000
Carl Wallace,2026-08-12 20:04:54.875559,745861.87000000,8811046.73000000,4,903713.86000000,
Carl Wallace,2026-08-12 20:04:36.919350,587299.75000000,3383499.44000000,5,2796199.69000000,3777971.56000000
Carlos Graves,2026-08-12 20:04:43.920551,3384035.64000000,10434757.48000000,1,1174081.86000000,2652583.56000000
Carlos Graves,2026-08-12 20:04:50.301018,3171335.57000000,16258676.61000000,2,2652583.56000000,
Carlos Graves,2026-08-12 20:04:49.529574,2652583.56000000,13087341.04000000,3,3384035.64000000,3171335.57000000
Carlos Graves,2026-08-12 20:04:40.127412,1938460.69000000,4091360.18000000,4,247211.72000000,1785279.80000000
Carlos Graves,2026-08-12 20:04:34.410094,1905687.77000000,1905687.77000000,5,,247211.72000000
Carlos Graves,2026-08-12 20:04:43.128887,1785279.80000000,5876639.98000000,6,1938460.69000000,1174081.86000000
Carlos Graves,2026-08-12 20:04:43.398243,1174081.86000000,7050721.84000000,7,1785279.80000000,3384035.64000000
Carlos Graves,2026-08-12 20:04:37.734664,247211.72000000,2152899.49000000,8,1905687.77000000,1938460.69000000
Carmen Ware,2026-08-12 20:04:44.079706,3528983.62000000,9693332.22000000,1,2700983.61000000,513951.92000000
Carmen Ware,2026-08-12 20:04:39.397612,2700983.61000000,6164348.60000000,2,48115.54000000,3528983.62000000
Carmen Ware,2026-08-12 20:04:37.905753,2690119.60000000,3415249.45000000,3,725129.85000000,48115.54000000
Carmen Ware,2026-08-12 20:04:51.149051,2056239.60000000,12528959.70000000,4,100153.98000000,873439.80000000
Carmen Ware,2026-08-12 20:04:52.565364,873439.80000000,13402399.50000000,5,2056239.60000000,
Carmen Ware,2026-08-12 20:04:36.282172,725129.85000000,725129.85000000,6,,2690119.60000000
Carmen Ware,2026-08-12 20:04:44.491967,513951.92000000,10207284.14000000,7,3528983.62000000,165281.98000000
Carmen Ware,2026-08-12 20:04:45.132895,165281.98000000,10372566.12000000,8,513951.92000000,100153.98000000
Carmen Ware,2026-08-12 20:04:45.279608,100153.98000000,10472720.10000000,9,165281.98000000,2056239.60000000
Carmen Ware,2026-08-12 20:04:38.742459,48115.54000000,3463364.99000000,10,2690119.60000000,2700983.61000000
Carol Adams,2026-08-12 20:04:42.174898,2409348.71000000,6707774.99000000,1,1765847.77000000,632939.85000000
Carol Adams,2026-08-12 20:04:37.037518,2260229.58000000,2260229.58000000,2,,272348.93000000
Carol Adams,2026-08-12 20:04:41.999604,1765847.77000000,4298426.28000000,3,272348.93000000,2409348.71000000
Carol Adams,2026-08-12 20:04:47.017067,1238833.63000000,10307217.08800000,4,74590.99000000,1162561.69000000
Carol Adams,2026-08-12 20:04:43.716435,1185647.72800000,8526362.56800000,5,632939.85000000,467429.90000000
Carol Adams,2026-08-12 20:04:48.815052,1162561.69000000,11469778.77800000,6,1238833.63000000,
Carol Adams,2026-08-12 20:04:43.671528,632939.85000000,7340714.84000000,7,2409348.71000000,1185647.72800000
Carol Adams,2026-08-12 20:04:46.274751,467429.90000000,8993792.46800000,8,1185647.72800000,74590.99000000
Carol Adams,2026-08-12 20:04:40.005258,272348.93000000,2532578.51000000,9,2260229.58000000,1765847.77000000
Carol Adams,2026-08-12 20:04:46.976309,74590.99000000,9068383.45800000,10,467429.90000000,1238833.63000000
Carolyn Alvarez,2026-08-12 20:04:54.704202,2430917.58000000,3934725.26000000,1,1503807.68000000,
Carolyn Alvarez,2026-08-12 20:04:50.235794,1503807.68000000,1503807.68000000,2,,2430917.58000000
Carroll Bullock,2026-08-12 20:04:40.955681,4949999.50000000,5463515.44000000,1,513515.94000000,3113809.65000000
Carroll Bullock,2026-08-12 20:04:46.107336,3492199.50000000,12069524.59000000,2,3113809.65000000,1498633.77000000
Carroll Bullock,2026-08-12 20:04:43.928705,3113809.65000000,8577325.09000000,3,4949999.50000000,3492199.50000000
Carroll Bullock,2026-08-12 20:04:54.243071,3076771.63000000,24395489.94000000,4,934065.86000000,
Carroll Bullock,2026-08-12 20:04:51.680146,2637247.95250000,20384652.45000000,5,2100815.64000000,934065.86000000
Carroll Bullock,2026-08-12 20:04:51.341083,2100815.64000000,17747404.49750000,6,1352968.39200000,2637247.95250000
Carroll Bullock,2026-08-12 20:04:49.791062,1498633.77000000,13568158.36000000,7,3492199.50000000,725462.10550000
Carroll Bullock,2026-08-12 20:04:50.288758,1352968.39200000,15646588.85750000,8,725462.10550000,2100815.64000000
Carroll Bullock,2026-08-12 20:04:53.601536,934065.86000000,21318718.31000000,9,2637247.95250000,3076771.63000000
Carroll Bullock,2026-08-12 20:04:50.068477,725462.10550000,14293620.46550000,10,1498633.77000000,1352968.39200000
Carroll Bullock,2026-08-12 20:04:39.858359,513515.94000000,513515.94000000,11,,4949999.50000000
Catherine Hughes,2026-08-12 20:04:35.352725,4148885.58000000,4741583.52000000,1,592697.94000000,32004.18300000
Catherine Hughes,2026-08-12 20:04:39.891058,3247719.60000000,8021307.30300000,2,32004.18300000,659490.51000000
Catherine Hughes,2026-08-12 20:04:51.961589,1787835.54000000,14789048.47300000,3,899835.51000000,28206.39150000
Catherine Hughes,2026-08-12 20:04:51.120481,899835.51000000,13001212.93300000,4,468350.91000000,1787835.54000000
Catherine Hughes,2026-08-12 20:04:45.385630,889237.86000000,10866078.82300000,5,74723.87000000,250644.29400000
Catherine Hughes,2026-08-12 20:04:55.157035,792124.75000000,15609379.61450000,6,28206.39150000,
Catherine Hughes,2026-08-12 20:04:43.349304,696831.68000000,9902117.09300000,7,224171.64000000,74723.87000000
Catherine Hughes,2026-08-12 20:04:40.265943,659490.51000000,8680797.81300000,8,3247719.60000000,300315.96000000
Catherine Hughes,2026-08-12 20:04:34.430524,592697.94000000,592697.94000000,9,,4148885.58000000
Catherine Hughes,2026-08-12 20:04:46.193128,516303.39600000,11633026.51300000,10,250644.29400000,468350.91000000
Catherine Hughes,2026-08-12 20:04:50.142025,468350.91000000,12101377.42300000,11,516303.39600000,899835.51000000
Catherine Hughes,2026-08-12 20:04:41.461538,300315.96000000,8981113.77300000,12,659490.51000000,224171.64000000
Catherine Hughes,2026-08-12 20:04:45.679468,250644.29400000,11116723.11700000,13,889237.86000000,516303.39600000
Catherine Hughes,2026-08-12 20:04:41.836556,224171.64000000,9205285.41300000,14,300315.96000000,696831.68000000
Catherine Hughes,2026-08-12 20:04:43.740927,74723.87000000,9976840.96300000,15,696831.68000000,889237.86000000
Catherine Hughes,2026-08-12 20:04:39.462966,32004.18300000,4773587.70300000,16,4148885.58000000,3247719.60000000
Catherine Hughes,2026-08-12 20:04:53.218207,28206.39150000,14817254.86450000,17,1787835.54000000,792124.75000000
Cathleen Rosario,2026-08-12 20:04:47.643490,2676759.60000000,3623439.25000000,1,946679.65000000,963008.73000000
Cathleen Rosario,2026-08-12 20:04:51.871901,1179611.88000000,5766059.86000000,2,963008.73000000,850160.61000000
Cathleen Rosario,2026-08-12 20:04:50.354028,963008.73000000,4586447.98000000,3,2676759.60000000,1179611.88000000
Cathleen Rosario,2026-08-12 20:04:34.957092,946679.65000000,946679.65000000,4,,2676759.60000000
Cathleen Rosario,2026-08-12 20:04:52.602040,850160.61000000,6616220.47000000,5,1179611.88000000,
Cathy Hobbs,2026-08-12 20:04:47.557851,2792550.59000000,5714686.46050000,1,72071.74000000,637955.91000000
Cathy Hobbs,2026-08-12 20:04:36.147609,2127047.56000000,2127047.56000000,2,,723016.57050000
Cathy Hobbs,2026-08-12 20:04:38.212197,723016.57050000,2850064.13050000,3,2127047.56000000,72071.74000000
Cathy Hobbs,2026-08-12 20:04:50.296938,637955.91000000,6352642.37050000,4,2792550.59000000,
Cathy Hobbs,2026-08-12 20:04:42.105633,72071.74000000,2922135.87050000,5,723016.57050000,2792550.59000000
Cecelia Becker,2026-08-12 20:04:43.181995,4078543.54000000,7444877.17000000,1,3366333.63000000,1493346.57000000
Cecelia Becker,2026-08-12 20:04:35.609589,3366333.63000000,3366333.63000000,2,,4078543.54000000
Cecelia Becker,2026-08-12 20:04:45.328524,1493346.57000000,8938223.74000000,3,4078543.54000000,624427.71000000
Cecelia Becker,2026-08-12 20:04:49.305031,739839.80000000,10302491.25000000,4,624427.71000000,
Cecelia Becker,2026-08-12 20:04:47.647564,624427.71000000,9562651.45000000,5,1493346.57000000,739839.80000000
Cecilia Brock,2026-08-12 20:04:42.439616,4642800.53000000,9992813.52000000,1,3165029.67000000,484863.68000000
Cecilia Brock,2026-08-12 20:04:40.882233,3165029.67000000,5350012.99000000,2,1118905.66000000,4642800.53000000
Cecilia Brock,2026-08-12 20:04:45.728343,2051507.54000000,13370413.30750000,3,198508.95750000,247019.54000000
Cecilia Brock,2026-08-12 20:04:38.889418,1118905.66000000,2184983.32000000,4,757015.92000000,3165029.67000000
Cecilia Brock,2026-08-12 20:04:53.507711,833730.83000000,14986811.59750000,5,535647.92000000,
Cecilia Brock,2026-08-12 20:04:35.625887,757015.92000000,1066077.66000000,6,309061.74000000,1118905.66000000
Cecilia Brock,2026-08-12 20:04:44.953236,642719.61000000,11120396.81000000,7,484863.68000000,198508.95750000
Cecilia Brock,2026-08-12 20:04:48.847735,535647.92000000,14153080.76750000,8,247019.54000000,833730.83000000
Cecilia Brock,2026-08-12 20:04:43.088073,484863.68000000,10477677.20000000,9,4642800.53000000,642719.61000000
Cecilia Brock,2026-08-12 20:04:34.499791,309061.74000000,309061.74000000,10,,757015.92000000
Cecilia Brock,2026-08-12 20:04:46.849902,247019.54000000,13617432.84750000,11,2051507.54000000,535647.92000000
Cecilia Brock,2026-08-12 20:04:45.185920,198508.95750000,11318905.76750000,12,642719.61000000,2051507.54000000
Cedric Hood,2026-08-12 20:04:43.691938,1773537.74000000,1773537.74000000,1,,
Celia Franco,2026-08-12 20:04:51.034780,4049408.51000000,7293558.36450000,1,1371647.68000000,
Celia Franco,2026-08-12 20:04:49.500990,1371647.68000000,3244149.85450000,2,179777.52450000,4049408.51000000
Celia Franco,2026-08-12 20:04:45.190003,1127918.87000000,1692724.65000000,3,564805.78000000,179777.52450000
Celia Franco,2026-08-12 20:04:34.708151,564805.78000000,564805.78000000,4,,1127918.87000000
Celia Franco,2026-08-12 20:04:48.586404,179777.52450000,1872502.17450000,5,1127918.87000000,1371647.68000000
Cesar Parrish,2026-08-12 20:04:36.074197,3924996.57000000,3924996.57000000,1,,529140.10450000
Cesar Parrish,2026-08-12 20:04:42.052537,1821731.67000000,8818394.71450000,2,1293278.61000000,833571.10650000
Cesar Parrish,2026-08-12 20:04:41.551242,1293278.61000000,6996663.04450000,3,1249247.76000000,1821731.67000000
Cesar Parrish,2026-08-12 20:04:39.511946,1249247.76000000,5703384.43450000,4,529140.10450000,1293278.61000000
Cesar Parrish,2026-08-12 20:04:47.110945,1163377.66000000,11230436.29100000,5,415092.81000000,962527.68000000
Cesar Parrish,2026-08-12 20:04:49.407162,962527.68000000,12192963.97100000,6,1163377.66000000,385779.80000000
Cesar Parrish,2026-08-12 20:04:45.936055,833571.10650000,9651965.82100000,7,1821731.67000000,415092.81000000
Cesar Parrish,2026-08-12 20:04:36.306636,529140.10450000,4454136.67450000,8,3924996.57000000,1249247.76000000
Cesar Parrish,2026-08-12 20:04:46.858049,415092.81000000,10067058.63100000,9,833571.10650000,1163377.66000000
Cesar Parrish,2026-08-12 20:04:52.732629,385779.80000000,12578743.77100000,10,962527.68000000,
Charles Taylor,2026-08-12 20:04:36.041631,2289715.56000000,2289715.56000000,1,,844986.81000000
Charles Taylor,2026-08-12 20:04:50.280599,1465076.74500000,5180465.51500000,2,55028.87000000,
Charles Taylor,2026-08-12 20:04:36.392343,844986.81000000,3134702.37000000,3,2289715.56000000,326705.66000000
Charles Taylor,2026-08-12 20:04:36.784497,326705.66000000,3461408.03000000,4,844986.81000000,198951.87000000
Charles Taylor,2026-08-12 20:04:38.961228,198951.87000000,3660359.90000000,5,326705.66000000,55028.87000000
Charles Taylor,2026-08-12 20:04:46.327845,55028.87000000,3715388.77000000,6,198951.87000000,1465076.74500000
Chase Fernandez,2026-08-12 20:04:55.083574,3374433.51000000,11899312.15000000,1,1472217.78000000,
Chase Fernandez,2026-08-12 20:04:44.500132,2699785.54000000,4668931.15000000,2,392224.71000000,1762361.82000000
Chase Fernandez,2026-08-12 20:04:45.083855,1762361.82000000,6431292.97000000,3,2699785.54000000,621367.89000000
Chase Fernandez,2026-08-12 20:04:55.067272,1472217.78000000,8524878.64000000,4,621367.89000000,3374433.51000000
Chase Fernandez,2026-08-12 20:04:38.640567,1373695.68000000,1576920.90000000,5,159455.52000000,392224.71000000
Chase Fernandez,2026-08-12 20:04:54.793915,621367.89000000,7052660.86000000,6,1762361.82000000,1472217.78000000
Chase Fernandez,2026-08-12 20:04:42.260415,392224.71000000,1969145.61000000,7,1373695.68000000,2699785.54000000
Chase Fernandez,2026-08-12 20:04:36.735355,159455.52000000,203225.22000000,8,43769.70000000,1373695.68000000
Chase Fernandez,2026-08-12 20:04:35.503435,43769.70000000,43769.70000000,9,,159455.52000000
Chelsea Oliver,2026-08-12 20:04:34.985604,2930474.59000000,3826325.48000000,1,895850.89000000,572285.87000000
Chelsea Oliver,2026-08-12 20:04:43.638871,1979891.57000000,6378502.92000000,2,572285.87000000,1174032.46950000
Chelsea Oliver,2026-08-12 20:04:46.360448,1174032.46950000,7552535.38950000,3,1979891.57000000,611015.58000000
Chelsea Oliver,2026-08-12 20:04:33.826665,895850.89000000,895850.89000000,4,,2930474.59000000
Chelsea Oliver,2026-08-12 20:04:46.637999,611015.58000000,8163550.96950000,5,1174032.46950000,493712.91000000
Chelsea Oliver,2026-08-12 20:04:42.244128,572285.87000000,4398611.35000000,6,2930474.59000000,1979891.57000000
Chelsea Oliver,2026-08-12 20:04:50.729074,493712.91000000,8657263.87950000,7,611015.58000000,
Christian Carpenter,2026-08-12 20:04:45.271456,2439746.23650000,5044862.52650000,1,1676255.76000000,1480499.85000000
Christian Carpenter,2026-08-12 20:04:43.912404,1676255.76000000,2605116.29000000,2,928860.53000000,2439746.23650000
Christian Carpenter,2026-08-12 20:04:46.046105,1480499.85000000,6525362.37650000,3,2439746.23650000,1354664.61000000
Christian Carpenter,2026-08-12 20:04:49.088595,1354664.61000000,7880026.98650000,4,1480499.85000000,111591.98000000
Christian Carpenter,2026-08-12 20:04:43.092148,928860.53000000,928860.53000000,5,,1676255.76000000
Christian Carpenter,2026-08-12 20:04:55.112166,909760.72050000,8901379.68700000,6,111591.98000000,
Christian Carpenter,2026-08-12 20:04:51.500422,111591.98000000,7991618.96650000,7,1354664.61000000,909760.72050000
Christian Woods,2026-08-12 20:04:44.161434,3484775.54000000,3688575.46000000,1,203799.92000000,2646391.51000000
Christian Woods,2026-08-12 20:04:49.517314,2646391.51000000,6334966.97000000,2,3484775.54000000,125405.97000000
Christian Woods,2026-08-12 20:04:42.814921,203799.92000000,203799.92000000,3,,3484775.54000000
Christian Woods,2026-08-12 20:04:51.038855,125405.97000000,6460372.94000000,4,2646391.51000000,
Christina Ellis,2026-08-12 20:04:49.011097,2892434.65000000,14009566.30000000,1,1071473.57000000,1841163.53750000
Christina Ellis,2026-08-12 20:04:45.194082,2120137.66000000,10045658.08000000,2,867968.69000000,1071473.57000000
Christina Ellis,2026-08-12 20:04:34.916326,1913537.78000000,1913537.78000000,3,,1311379.65000000
Christina Ellis,2026-08-12 20:04:42.313343,1907524.75000000,6992343.84000000,4,1859901.66000000,65207.89000000
Christina Ellis,2026-08-12 20:04:39.352757,1859901.66000000,5084819.09000000,5,1311379.65000000,1907524.75000000
Christina Ellis,2026-08-12 20:04:50.985857,1841163.53750000,15850729.83750000,6,2892434.65000000,727301.57000000
Christina Ellis,2026-08-12 20:04:36.531185,1311379.65000000,3224917.43000000,7,1913537.78000000,1859901.66000000
Christina Ellis,2026-08-12 20:04:48.704805,1071473.57000000,11117131.65000000,8,2120137.66000000,2892434.65000000
Christina Ellis,2026-08-12 20:04:52.814204,887669.55000000,17465700.95750000,9,727301.57000000,
Christina Ellis,2026-08-12 20:04:44.112398,867968.69000000,7925520.42000000,10,65207.89000000,2120137.66000000
Christina Ellis,2026-08-12 20:04:52.022913,727301.57000000,16578031.40750000,11,1841163.53750000,887669.55000000
Christina Ellis,2026-08-12 20:04:42.423320,65207.89000000,7057551.73000000,12,1907524.75000000,867968.69000000
Christine Wood,2026-08-12 20:04:48.190670,3296537.66000000,14353442.33000000,1,2018239.60000000,2567632.95250000
Christine Wood,2026-08-12 20:04:49.035547,2567632.95250000,16921075.28250000,2,3296537.66000000,1787424.75000000
Christine Wood,2026-08-12 20:04:44.634940,2475489.54000000,8325685.39000000,3,39129.90000000,404627.72000000
Christine Wood,2026-08-12 20:04:36.098642,2090527.56000000,2808363.42000000,4,717835.86000000,472574.95000000
Christine Wood,2026-08-12 20:04:47.431548,2018239.60000000,11056904.67000000,5,308351.96000000,3296537.66000000
Christine Wood,2026-08-12 20:04:50.529334,1787424.75000000,18708500.03250000,6,2567632.95250000,411729.78000000
Christine Wood,2026-08-12 20:04:53.826241,1769417.82000000,21173927.43250000,7,284279.80000000,
Christine Wood,2026-08-12 20:04:39.866533,1267109.81000000,4548048.18000000,8,472574.95000000,495893.86000000
Christine Wood,2026-08-12 20:04:42.150467,767123.91000000,5811065.95000000,9,495893.86000000,39129.90000000
Christine Wood,2026-08-12 20:04:35.177434,717835.86000000,717835.86000000,10,,2090527.56000000
Christine Wood,2026-08-12 20:04:40.657674,495893.86000000,5043942.04000000,11,1267109.81000000,767123.91000000
Christine Wood,2026-08-12 20:04:39.727793,472574.95000000,3280938.37000000,12,2090527.56000000,1267109.81000000
Christine Wood,2026-08-12 20:04:52.133164,411729.78000000,19120229.81250000,13,1787424.75000000,284279.80000000
Christine Wood,2026-08-12 20:04:45.622367,404627.72000000,8730313.11000000,14,2475489.54000000,308351.96000000
Christine Wood,2026-08-12 20:04:47.184346,308351.96000000,9038665.07000000,15,404627.72000000,2018239.60000000
Christine Wood,2026-08-12 20:04:53.679138,284279.80000000,19404509.61250000,16,411729.78000000,1769417.82000000
Christine Wood,2026-08-12 20:04:42.737429,39129.90000000,5850195.85000000,17,767123.91000000,2475489.54000000
Christopher Jackson,2026-08-12 20:04:49.161910,3862941.54000000,5697070.50000000,1,119979.80000000,258203.96000000
Christopher Jackson,2026-08-12 20:04:54.161435,1847549.75000000,7802824.21000000,2,258203.96000000,
Christopher Jackson,2026-08-12 20:04:44.532800,924191.64000000,1714149.16000000,3,83823.74000000,119979.80000000
Christopher Jackson,2026-08-12 20:04:41.885421,706133.78000000,706133.78000000,4,,83823.74000000
Christopher Jackson,2026-08-12 20:04:54.104292,258203.96000000,5955274.46000000,5,3862941.54000000,1847549.75000000
Christopher Jackson,2026-08-12 20:04:47.168045,119979.80000000,1834128.96000000,6,924191.64000000,3862941.54000000
Christopher Jackson,2026-08-12 20:04:41.958868,83823.74000000,789957.52000000,7,706133.78000000,924191.64000000
Clara Maldonado,2026-08-12 20:04:49.721622,4059049.50000000,18803465.34550000,1,157889.81000000,1328255.82000000
Clara Maldonado,2026-08-12 20:04:43.312613,3384184.65000000,8935051.32000000,2,1707699.50000000,224391.93000000
Clara Maldonado,2026-08-12 20:04:42.721130,2978007.57000000,3843167.17000000,3,865159.60000000,1707699.50000000
Clara Maldonado,2026-08-12 20:04:52.720392,2112983.64000000,22244704.80550000,4,1328255.82000000,1329915.86000000
Clara Maldonado,2026-08-12 20:04:42.770037,1707699.50000000,5550866.67000000,5,2978007.57000000,3384184.65000000
Clara Maldonado,2026-08-12 20:04:46.792911,1661989.78000000,11976388.59000000,6,231087.92000000,1480730.51000000
Clara Maldonado,2026-08-12 20:04:46.845834,1480730.51000000,13457119.10000000,7,1661989.78000000,454333.42350000
Clara Maldonado,2026-08-12 20:04:53.589298,1329915.86000000,23574620.66550000,8,2112983.64000000,325104.89000000
Clara Maldonado,2026-08-12 20:04:50.231718,1328255.82000000,20131721.16550000,9,4059049.50000000,2112983.64000000
Clara Maldonado,2026-08-12 20:04:54.557331,1079687.76000000,24979413.31550000,10,325104.89000000,
Clara Maldonado,2026-08-12 20:04:45.450977,923867.64000000,10083310.89000000,11,224391.93000000,231087.92000000
Clara Maldonado,2026-08-12 20:04:40.927129,865159.60000000,865159.60000000,12,,2978007.57000000
Clara Maldonado,2026-08-12 20:04:47.229208,454333.42350000,13911452.52350000,13,1480730.51000000,293059.95000000
Clara Maldonado,2026-08-12 20:04:47.798871,382013.56200000,14586526.03550000,14,293059.95000000,157889.81000000
Clara Maldonado,2026-08-12 20:04:54.026674,325104.89000000,23899725.55550000,15,1329915.86000000,1079687.76000000
Clara Maldonado,2026-08-12 20:04:47.733430,293059.95000000,14204512.47350000,16,454333.42350000,382013.56200000
Clara Maldonado,2026-08-12 20:04:46.421670,231087.92000000,10314398.81000000,17,923867.64000000,1661989.78000000
Clara Maldonado,2026-08-12 20:04:43.598047,224391.93000000,9159443.25000000,18,3384184.65000000,923867.64000000
Clara Maldonado,2026-08-12 20:04:47.921453,157889.81000000,14744415.84550000,19,382013.56200000,4059049.50000000
Clark Doyle,2026-08-12 20:04:45.907556,2443229.70000000,9654375.04000000,1,1912863.54000000,947719.60000000
Clark Doyle,2026-08-12 20:04:52.259528,2343942.76200000,15065084.58200000,2,15575.67000000,540263.92000000
Clark Doyle,2026-08-12 20:04:37.759096,2340975.53000000,3830817.35000000,3,1489841.82000000,128949.98000000
Clark Doyle,2026-08-12 20:04:50.443619,2103471.51000000,12705566.15000000,4,947719.60000000,15575.67000000
Clark Doyle,2026-08-12 20:04:45.247021,1912863.54000000,7211145.34000000,5,1038134.85000000,2443229.70000000
Clark Doyle,2026-08-12 20:04:36.890754,1489841.82000000,1489841.82000000,6,,2340975.53000000
Clark Doyle,2026-08-12 20:04:42.749664,1038134.85000000,5298281.80000000,7,12271.74000000,1912863.54000000
Clark Doyle,2026-08-12 20:04:49.276493,947719.60000000,10602094.64000000,8,2443229.70000000,2103471.51000000
Clark Doyle,2026-08-12 20:04:53.369074,742943.92000000,16348292.42200000,9,540263.92000000,
Clark Doyle,2026-08-12 20:04:52.895899,540263.92000000,15605348.50200000,10,2343942.76200000,742943.92000000
Clark Doyle,2026-08-12 20:04:39.809359,288107.88000000,4247875.21000000,11,128949.98000000,12271.74000000
Clark Doyle,2026-08-12 20:04:38.787422,128949.98000000,3959767.33000000,12,2340975.53000000,288107.88000000
Clark Doyle,2026-08-12 20:04:50.859383,15575.67000000,12721141.82000000,13,2103471.51000000,2343942.76200000
Clark Doyle,2026-08-12 20:04:41.102574,12271.74000000,4260146.95000000,14,288107.88000000,1038134.85000000
Claude Blackburn,2026-08-12 20:04:53.450628,2846985.54000000,11526017.77800000,1,520495.92000000,381567.84000000
Claude Blackburn,2026-08-12 20:04:45.642791,1833639.60000000,7037954.25000000,2,96363.96000000,117911.97000000
Claude Blackburn,2026-08-12 20:04:42.651909,1690699.75000000,5107950.69000000,3,697766.79000000,96363.96000000
Claude Blackburn,2026-08-12 20:04:50.439538,1002670.09800000,8158536.31800000,4,117911.97000000,520495.92000000
Claude Blackburn,2026-08-12 20:04:36.943796,962039.76000000,1852418.49000000,5,890378.73000000,171095.97000000
Claude Blackburn,2026-08-12 20:04:33.920387,890378.73000000,890378.73000000,6,,962039.76000000
Claude Blackburn,2026-08-12 20:04:42.492678,697766.79000000,3417250.94000000,7,586223.76000000,1690699.75000000
Claude Blackburn,2026-08-12 20:04:41.530880,586223.76000000,2719484.15000000,8,109745.93000000,697766.79000000
Claude Blackburn,2026-08-12 20:04:51.716926,520495.92000000,8679032.23800000,9,1002670.09800000,2846985.54000000
Claude Blackburn,2026-08-12 20:04:54.096117,381567.84000000,11907585.61800000,10,2846985.54000000,
Claude Blackburn,2026-08-12 20:04:37.889460,171095.97000000,2023514.46000000,11,962039.76000000,109745.93000000
Claude Blackburn,2026-08-12 20:04:46.078806,117911.97000000,7155866.22000000,12,1833639.60000000,1002670.09800000
Claude Blackburn,2026-08-12 20:04:37.991511,109745.93000000,2133260.39000000,13,171095.97000000,586223.76000000
Claude Blackburn,2026-08-12 20:04:44.295990,96363.96000000,5204314.65000000,14,1690699.75000000,1833639.60000000
Claudia Kinney,2026-08-12 20:04:50.227643,3246174.59000000,7566157.84000000,1,733927.92000000,1435454.55000000
Claudia Kinney,2026-08-12 20:04:46.454299,2676525.71000000,3586055.33000000,2,909529.62000000,733927.92000000
Claudia Kinney,2026-08-12 20:04:50.476320,1435454.55000000,9001612.39000000,3,3246174.59000000,
Claudia Kinney,2026-08-12 20:04:39.438456,909529.62000000,909529.62000000,4,,2676525.71000000
Claudia Kinney,2026-08-12 20:04:47.037492,733927.92000000,4319983.25000000,5,2676525.71000000,3246174.59000000
Clayton Hess,2026-08-12 20:04:41.261745,3240158.61000000,9376270.75450000,1,2271279.71000000,2155271.72000000
Clayton Hess,2026-08-12 20:04:35.960180,2403626.53000000,3864832.43450000,2,1461205.90450000,2271279.71000000
Clayton Hess,2026-08-12 20:04:40.727145,2271279.71000000,6136112.14450000,3,2403626.53000000,3240158.61000000
Clayton Hess,2026-08-12 20:04:48.529290,2155271.72000000,11531542.47450000,4,3240158.61000000,349507.96000000
Clayton Hess,2026-08-12 20:04:35.385314,1461205.90450000,1461205.90450000,5,,2403626.53000000
Clayton Hess,2026-08-12 20:04:54.814320,349507.96000000,11881050.43450000,6,2155271.72000000,
Clement Hood,2026-08-12 20:04:47.721180,3030094.69000000,9872022.52850000,1,446032.30650000,97064.73000000
Clement Hood,2026-08-12 20:04:44.602252,2603061.70050000,6395895.53200000,2,1116178.17150000,446032.30650000
Clement Hood,2026-08-12 20:04:36.106836,2107143.74000000,2107143.74000000,3,,569511.92000000
Clement Hood,2026-08-12 20:04:43.488038,1116178.17150000,3792833.83150000,4,569511.92000000,2603061.70050000
Clement Hood,2026-08-12 20:04:42.187111,569511.92000000,2676655.66000000,5,2107143.74000000,1116178.17150000
Clement Hood,2026-08-12 20:04:44.892142,446032.30650000,6841927.83850000,6,2603061.70050000,3030094.69000000
Clement Hood,2026-08-12 20:04:49.509149,97064.73000000,9969087.25850000,7,3030094.69000000,
Clifford Doyle,2026-08-12 20:04:48.908993,2382539.70000000,12498818.75850000,1,1872896.61000000,
Clifford Doyle,2026-08-12 20:04:34.218171,2361799.50000000,2361799.50000000,2,,482265.86850000
Clifford Doyle,2026-08-12 20:04:44.924728,2054289.65000000,7556982.57850000,3,1144547.88000000,686399.87000000
Clifford Doyle,2026-08-12 20:04:48.007153,1872896.61000000,10116279.05850000,4,686399.87000000,2382539.70000000
Clifford Doyle,2026-08-12 20:04:39.095739,1514079.68000000,4358145.04850000,5,482265.86850000,1144547.88000000
Clifford Doyle,2026-08-12 20:04:44.397983,1144547.88000000,5502692.92850000,6,1514079.68000000,2054289.65000000
Clifford Doyle,2026-08-12 20:04:45.822049,686399.87000000,8243382.44850000,7,2054289.65000000,1872896.61000000
Clifford Doyle,2026-08-12 20:04:34.585600,482265.86850000,2844065.36850000,8,2361799.50000000,1514079.68000000
Clifton Blackburn,2026-08-12 20:04:51.308356,4451894.51000000,11013886.75850000,1,705302.63850000,82855.99000000
Clifton Blackburn,2026-08-12 20:04:39.617804,2861369.70000000,3027839.39000000,2,166469.69000000,81339.96000000
Clifton Blackburn,2026-08-12 20:04:46.393107,933995.72000000,5422955.68000000,3,844775.76000000,433733.93000000
Clifton Blackburn,2026-08-12 20:04:46.242097,844775.76000000,4488959.96000000,4,535004.85000000,933995.72000000
Clifton Blackburn,2026-08-12 20:04:48.321129,705302.63850000,6561992.24850000,5,433733.93000000,4451894.51000000
Clifton Blackburn,2026-08-12 20:04:54.614359,552039.90000000,11648782.64850000,6,82855.99000000,
Clifton Blackburn,2026-08-12 20:04:41.339221,535004.85000000,3644184.20000000,7,81339.96000000,844775.76000000
Clifton Blackburn,2026-08-12 20:04:47.549692,433733.93000000,5856689.61000000,8,933995.72000000,705302.63850000
Clifton Blackburn,2026-08-12 20:04:39.577084,166469.69000000,166469.69000000,9,,2861369.70000000
Clifton Blackburn,2026-08-12 20:04:52.716319,82855.99000000,11096742.74850000,10,4451894.51000000,552039.90000000
Clifton Blackburn,2026-08-12 20:04:40.963901,81339.96000000,3109179.35000000,11,2861369.70000000,535004.85000000
Cody Parsons,2026-08-12 20:04:39.169138,3253567.55050000,5814163.15050000,1,1376819.82000000,2714761.57000000
Cody Parsons,2026-08-12 20:04:39.899213,2714761.57000000,8528924.72050000,2,3253567.55050000,1210144.83000000
Cody Parsons,2026-08-12 20:04:37.347229,1376819.82000000,2560595.60000000,3,1183775.78000000,3253567.55050000
Cody Parsons,2026-08-12 20:04:45.344840,1210144.83000000,9739069.55050000,4,2714761.57000000,837724.65000000
Cody Parsons,2026-08-12 20:04:34.663247,1183775.78000000,1183775.78000000,5,,1376819.82000000
Cody Parsons,2026-08-12 20:04:48.729295,837724.65000000,10576794.20050000,6,1210144.83000000,207371.97000000
Cody Parsons,2026-08-12 20:04:53.528079,499615.87000000,11948821.64050000,7,183679.68000000,
Cody Parsons,2026-08-12 20:04:53.385425,481359.92000000,11265526.09050000,8,207371.97000000,183679.68000000
Cody Parsons,2026-08-12 20:04:52.357541,207371.97000000,10784166.17050000,9,837724.65000000,481359.92000000
Cody Parsons,2026-08-12 20:04:53.397682,183679.68000000,11449205.77050000,10,481359.92000000,499615.87000000
Cole Bennett,2026-08-12 20:04:46.221704,3614907.56000000,11312634.82000000,1,608004.77000000,1000803.86000000
Cole Bennett,2026-08-12 20:04:52.957098,3288861.54000000,16005656.10000000,2,403355.88000000,1429503.84000000
Cole Bennett,2026-08-12 20:04:39.707427,2960003.69000000,3757740.28000000,3,797736.59000000,1094312.67000000
Cole Bennett,2026-08-12 20:04:42.929101,2237669.54000000,7089722.49000000,4,1094312.67000000,608004.77000000
Cole Bennett,2026-08-12 20:04:55.120335,1429503.84000000,17435159.94000000,5,3288861.54000000,
Cole Bennett,2026-08-12 20:04:42.598855,1094312.67000000,4852052.95000000,6,2960003.69000000,2237669.54000000
Cole Bennett,2026-08-12 20:04:47.394927,1000803.86000000,12313438.68000000,7,3614907.56000000,403355.88000000
Cole Bennett,2026-08-12 20:04:35.927584,797736.59000000,797736.59000000,8,,2960003.69000000
Cole Bennett,2026-08-12 20:04:44.704434,608004.77000000,7697727.26000000,9,2237669.54000000,3614907.56000000
Cole Bennett,2026-08-12 20:04:47.713011,403355.88000000,12716794.56000000,10,1000803.86000000,3288861.54000000
Colin Bowers,2026-08-12 20:04:44.287843,2205014.63000000,2960590.55000000,1,755575.92000000,
Colin Bowers,2026-08-12 20:04:44.141047,755575.92000000,755575.92000000,2,,2205014.63000000
Colleen Richards,2026-08-12 20:04:41.738837,1610239.83000000,2681807.08000000,1,665433.71000000,1382177.58000000
Colleen Richards,2026-08-12 20:04:48.643553,1382177.58000000,4063984.66000000,2,1610239.83000000,38540.71000000
Colleen Richards,2026-08-12 20:04:52.059662,1111571.88000000,5214097.25000000,3,38540.71000000,
Colleen Richards,2026-08-12 20:04:38.909947,665433.71000000,1071567.25000000,4,406133.54000000,1610239.83000000
Colleen Richards,2026-08-12 20:04:35.446398,406133.54000000,406133.54000000,5,,665433.71000000
Colleen Richards,2026-08-12 20:04:49.586850,38540.71000000,4102525.37000000,6,1382177.58000000,1111571.88000000
Colleen Russell,2026-08-12 20:04:54.744956,1666079.68000000,6616925.73000000,1,505615.92000000,
Colleen Russell,2026-08-12 20:04:38.914029,1321749.50000000,3734918.24000000,2,295699.50000000,697309.90000000
Colleen Russell,2026-08-12 20:04:34.303934,1310906.61000000,1310906.61000000,3,,806562.63000000
Colleen Russell,2026-08-12 20:04:36.682276,806562.63000000,2117469.24000000,4,1310906.61000000,295699.50000000
Colleen Russell,2026-08-12 20:04:51.614791,697309.90000000,4432228.14000000,5,1321749.50000000,13001.99000000
Colleen Russell,2026-08-12 20:04:53.307874,505615.92000000,4950846.05000000,6,13001.99000000,1666079.68000000
Colleen Russell,2026-08-12 20:04:37.199447,295699.50000000,2413168.74000000,7,806562.63000000,1321749.50000000
Colleen Russell,2026-08-12 20:04:52.043326,13001.99000000,4445230.13000000,8,697309.90000000,505615.92000000
Connie Gross,2026-08-12 20:04:39.295583,2655287.62000000,3702245.29000000,1,1046957.67000000,962009.90000000
Connie Gross,2026-08-12 20:04:45.557099,1847559.60000000,7525473.55000000,2,185044.93000000,247804.70750000
Connie Gross,2026-08-12 20:04:37.343148,1046957.67000000,1046957.67000000,3,,2655287.62000000
Connie Gross,2026-08-12 20:04:42.537595,962009.90000000,4664255.19000000,4,2655287.62000000,828613.83000000
Connie Gross,2026-08-12 20:04:42.684487,828613.83000000,5492869.02000000,5,962009.90000000,185044.93000000
Connie Gross,2026-08-12 20:04:52.463485,711129.65000000,8484407.90750000,6,247804.70750000,146831.72000000
Connie Gross,2026-08-12 20:04:52.080081,247804.70750000,7773278.25750000,7,1847559.60000000,711129.65000000
Connie Gross,2026-08-12 20:04:43.333009,185044.93000000,5677913.95000000,8,828613.83000000,1847559.60000000
Connie Gross,2026-08-12 20:04:54.573620,146831.72000000,8631239.62750000,9,711129.65000000,
Connor Ortiz,2026-08-12 20:04:36.980458,3385763.64000000,3385763.64000000,1,,1941723.71000000
Connor Ortiz,2026-08-12 20:04:45.540753,1941723.71000000,5327487.35000000,2,3385763.64000000,1326439.60000000
Connor Ortiz,2026-08-12 20:04:48.921247,1326439.60000000,6653926.95000000,3,1941723.71000000,
Cora Mcmahon,2026-08-12 20:04:37.657180,4155667.56000000,6671425.85000000,1,584303.84000000,27873.93000000
Cora Mcmahon,2026-08-12 20:04:49.672626,3218981.61000000,18093539.59100000,2,124713.98000000,2607155.64000000
Cora Mcmahon,2026-08-12 20:04:46.062443,2865389.62000000,12208424.80100000,3,166924.75000000,650099.50000000
Cora Mcmahon,2026-08-12 20:04:52.520564,2759079.29400000,23868266.45500000,4,408491.93000000,3875.81000000
Cora Mcmahon,2026-08-12 20:04:50.590467,2607155.64000000,20700695.23100000,5,3218981.61000000,408491.93000000
Cora Mcmahon,2026-08-12 20:04:46.646164,1891319.70000000,14749844.00100000,6,650099.50000000,124713.98000000
Cora Mcmahon,2026-08-12 20:04:43.847091,1530975.84000000,9034655.25000000,7,804379.63000000,141455.18100000
Cora Mcmahon,2026-08-12 20:04:36.237335,1527245.58000000,1527245.58000000,8,,404208.87000000
Cora Mcmahon,2026-08-12 20:04:41.763264,804379.63000000,7503679.41000000,9,27873.93000000,1530975.84000000
Cora Mcmahon,2026-08-12 20:04:46.135926,650099.50000000,12858524.30100000,10,2865389.62000000,1891319.70000000
Cora Mcmahon,2026-08-12 20:04:36.841702,584303.84000000,2515758.29000000,11,404208.87000000,4155667.56000000
Cora Mcmahon,2026-08-12 20:04:52.055577,408491.93000000,21109187.16100000,12,2607155.64000000,2759079.29400000
Cora Mcmahon,2026-08-12 20:04:36.351519,404208.87000000,1931454.45000000,13,1527245.58000000,584303.84000000
Cora Mcmahon,2026-08-12 20:04:54.838841,355934.85000000,24228077.11500000,14,3875.81000000,
Cora Mcmahon,2026-08-12 20:04:44.977674,166924.75000000,9343035.18100000,15,141455.18100000,2865389.62000000
Cora Mcmahon,2026-08-12 20:04:44.377558,141455.18100000,9176110.43100000,16,1530975.84000000,166924.75000000
Cora Mcmahon,2026-08-12 20:04:47.382682,124713.98000000,14874557.98100000,17,1891319.70000000,3218981.61000000
Cora Mcmahon,2026-08-12 20:04:39.160996,27873.93000000,6699299.78000000,18,4155667.56000000,804379.63000000
Cora Mcmahon,2026-08-12 20:04:54.757193,3875.81000000,23872142.26500000,19,2759079.29400000,355934.85000000
Corey Howell,2026-08-12 20:04:54.598061,167880.93000000,339471.44000000,1,93858.53000000,
Corey Howell,2026-08-12 20:04:54.263502,93858.53000000,171590.51000000,2,77731.98000000,167880.93000000
Corey Howell,2026-08-12 20:04:35.964252,77731.98000000,77731.98000000,3,,93858.53000000
Corinne Tyler,2026-08-12 20:04:48.125354,3286043.64000000,9248386.84000000,1,827531.91000000,270599.97000000
Corinne Tyler,2026-08-12 20:04:42.500839,2479853.74000000,2731289.62000000,2,251435.88000000,2403521.67000000
Corinne Tyler,2026-08-12 20:04:43.675609,2403521.67000000,5134811.29000000,3,2479853.74000000,827531.91000000
Corinne Tyler,2026-08-12 20:04:44.993971,827531.91000000,5962343.20000000,4,2403521.67000000,3286043.64000000
Corinne Tyler,2026-08-12 20:04:49.840122,270599.97000000,9518986.81000000,5,3286043.64000000,
Corinne Tyler,2026-08-12 20:04:41.481983,251435.88000000,251435.88000000,6,,2479853.74000000
Curt Macdonald,2026-08-12 20:04:36.478108,1615607.82000000,2972967.42000000,1,1357359.60000000,339287.92000000
Curt Macdonald,2026-08-12 20:04:39.719644,1564307.62000000,4876562.96000000,2,339287.92000000,252328.71000000
Curt Macdonald,2026-08-12 20:04:34.838805,1357359.60000000,1357359.60000000,3,,1615607.82000000
Curt Macdonald,2026-08-12 20:04:44.242990,841454.91000000,6259836.53000000,4,289489.95000000,632079.60000000
Curt Macdonald,2026-08-12 20:04:45.952356,632079.60000000,6891916.13000000,5,841454.91000000,518753.94000000
Curt Macdonald,2026-08-12 20:04:46.389023,518753.94000000,7410670.07000000,6,632079.60000000,25514.55000000
Curt Macdonald,2026-08-12 20:04:38.122249,339287.92000000,3312255.34000000,7,1615607.82000000,1564307.62000000
Curt Macdonald,2026-08-12 20:04:44.181808,289489.95000000,5418381.62000000,8,252328.71000000,841454.91000000
Curt Macdonald,2026-08-12 20:04:40.555629,252328.71000000,5128891.67000000,9,1564307.62000000,289489.95000000
Curt Macdonald,2026-08-12 20:04:53.662815,86306.99000000,7522491.61000000,10,25514.55000000,
Curt Macdonald,2026-08-12 20:04:47.268001,25514.55000000,7436184.62000000,11,518753.94000000,86306.99000000
Cynthia Edwards,2026-08-12 20:04:50.203213,3642131.61000000,15344064.68600000,1,847209.62000000,264731.97000000
Cynthia Edwards,2026-08-12 20:04:52.773377,2447919.60000000,18056716.25600000,2,264731.97000000,2229359.58000000
Cynthia Edwards,2026-08-12 20:04:41.420732,2373038.59000000,6463272.32000000,3,127599.60000000,1640363.79600000
Cynthia Edwards,2026-08-12 20:04:54.153281,2229359.58000000,20286075.83600000,4,2447919.60000000,
Cynthia Edwards,2026-08-12 20:04:44.675827,1821263.62000000,10854723.45600000,5,929823.72000000,847209.62000000
Cynthia Edwards,2026-08-12 20:04:41.799904,1640363.79600000,8103636.11600000,6,2373038.59000000,929823.72000000
Cynthia Edwards,2026-08-12 20:04:40.743441,1330079.68000000,3962634.13000000,7,1326842.79000000,127599.60000000
Cynthia Edwards,2026-08-12 20:04:40.298626,1326842.79000000,2632554.45000000,8,575135.88000000,1330079.68000000
Cynthia Edwards,2026-08-12 20:04:44.569586,929823.72000000,9033459.83600000,9,1640363.79600000,1821263.62000000
Cynthia Edwards,2026-08-12 20:04:49.729791,847209.62000000,11701933.07600000,10,1821263.62000000,3642131.61000000
Cynthia Edwards,2026-08-12 20:04:37.408339,730575.78000000,730575.78000000,11,,575135.88000000
Cynthia Edwards,2026-08-12 20:04:39.422173,575135.88000000,1305711.66000000,12,730575.78000000,1326842.79000000
Cynthia Edwards,2026-08-12 20:04:52.124989,264731.97000000,15608796.65600000,13,3642131.61000000,2447919.60000000
Cynthia Edwards,2026-08-12 20:04:41.110741,127599.60000000,4090233.73000000,14,1330079.68000000,2373038.59000000
Cyrus Fuentes,2026-08-12 20:04:44.683998,4173455.52000000,15070551.65000000,1,62607.84000000,560319.66000000
Cyrus Fuentes,2026-08-12 20:04:36.412757,3655563.56000000,5509223.36000000,2,1853659.80000000,2413739.51000000
Cyrus Fuentes,2026-08-12 20:04:51.990246,3558639.60000000,29339476.61950000,3,1452680.73000000,323015.76000000
Cyrus Fuentes,2026-08-12 20:04:50.378459,2758476.53000000,23683392.56950000,4,2523793.74000000,628445.74000000
Cyrus Fuentes,2026-08-12 20:04:48.370092,2523793.74000000,20924916.03950000,5,2360323.06950000,2758476.53000000
Cyrus Fuentes,2026-08-12 20:04:37.514370,2413739.51000000,7922962.87000000,6,3655563.56000000,2212811.73000000
Cyrus Fuentes,2026-08-12 20:04:46.495093,2360323.06950000,18401122.29950000,7,409927.92000000,2523793.74000000
Cyrus Fuentes,2026-08-12 20:04:38.309988,2212811.73000000,10135774.60000000,8,2413739.51000000,648839.70000000
Cyrus Fuentes,2026-08-12 20:04:35.776818,1853659.80000000,1853659.80000000,9,,3655563.56000000
Cyrus Fuentes,2026-08-12 20:04:51.806732,1452680.73000000,25780837.01950000,10,16317.98000000,3558639.60000000
Cyrus Fuentes,2026-08-12 20:04:39.760388,648839.70000000,10784614.30000000,11,2212811.73000000,49873.99000000
Cyrus Fuentes,2026-08-12 20:04:51.198050,628445.74000000,24311838.30950000,12,2758476.53000000,16317.98000000
Cyrus Fuentes,2026-08-12 20:04:45.793542,560319.66000000,15630871.31000000,13,4173455.52000000,409927.92000000
Cyrus Fuentes,2026-08-12 20:04:46.466525,409927.92000000,16040799.23000000,14,560319.66000000,2360323.06950000
Cyrus Fuentes,2026-08-12 20:04:53.210065,323015.76000000,29662492.37950000,15,3558639.60000000,49042.99000000
Cyrus Fuentes,2026-08-12 20:04:42.256343,62607.84000000,10897096.13000000,16,49873.99000000,4173455.52000000
Cyrus Fuentes,2026-08-12 20:04:54.683790,52626.99000000,29764162.35950000,17,49042.99000000,
Cyrus Fuentes,2026-08-12 20:04:41.583917,49873.99000000,10834488.29000000,18,648839.70000000,62607.84000000
Cyrus Fuentes,2026-08-12 20:04:54.210401,49042.99000000,29711535.36950000,19,323015.76000000,52626.99000000
Cyrus Fuentes,2026-08-12 20:04:51.435076,16317.98000000,24328156.28950000,20,628445.74000000,1452680.73000000
Dallas Frederick,2026-08-12 20:04:41.710315,3267802.63000000,3267802.63000000,1,,2160767.68000000
Dallas Frederick,2026-08-12 20:04:50.019544,2160767.68000000,5428570.31000000,2,3267802.63000000,1388332.53000000
Dallas Frederick,2026-08-12 20:04:50.341817,1388332.53000000,6816902.84000000,3,2160767.68000000,
Dana Garza,2026-08-12 20:04:51.238919,4707821.51000000,16650483.56250000,1,1602299.50000000,49541.98000000
Dana Garza,2026-08-12 20:04:40.098909,3542563.59000000,3835630.56000000,2,293066.97000000,1752512.70250000
Dana Garza,2026-08-12 20:04:44.916578,2994119.64000000,10340362.55250000,3,1248359.76000000,1602299.50000000
Dana Garza,2026-08-12 20:04:40.176298,1752512.70250000,5588143.26250000,4,3542563.59000000,509739.89000000
Dana Garza,2026-08-12 20:04:49.492833,1602299.50000000,11942662.05250000,5,2994119.64000000,4707821.51000000
Dana Garza,2026-08-12 20:04:43.512476,1248359.76000000,7346242.91250000,6,509739.89000000,2994119.64000000
Dana Garza,2026-08-12 20:04:42.790414,509739.89000000,6097883.15250000,7,1752512.70250000,1248359.76000000
Dana Garza,2026-08-12 20:04:34.038568,293066.97000000,293066.97000000,8,,3542563.59000000
Dana Garza,2026-08-12 20:04:53.711934,49541.98000000,16700025.54250000,9,4707821.51000000,
Daniel Lee,2026-08-12 20:04:48.308912,3896339.58000000,11624943.71350000,1,1321340.79000000,564127.83000000
Daniel Lee,2026-08-12 20:04:43.018782,2498664.81100000,3882926.59100000,2,1384261.78000000,683079.80000000
Daniel Lee,2026-08-12 20:04:48.072366,1841256.95250000,6407263.34350000,3,683079.80000000,1321340.79000000
Daniel Lee,2026-08-12 20:04:41.991468,1384261.78000000,1384261.78000000,4,,2498664.81100000
Daniel Lee,2026-08-12 20:04:48.272243,1321340.79000000,7728604.13350000,5,1841256.95250000,3896339.58000000
Daniel Lee,2026-08-12 20:04:46.633918,683079.80000000,4566006.39100000,6,2498664.81100000,1841256.95250000
Daniel Lee,2026-08-12 20:04:53.103947,564127.83000000,12189071.54350000,7,3896339.58000000,
Dante Herman,2026-08-12 20:04:48.052010,1582872.57000000,4369452.41000000,1,221311.81000000,379097.94000000
Dante Herman,2026-08-12 20:04:52.953018,1550075.67000000,8772605.06000000,2,1046499.75000000,427478.87000000
Dante Herman,2026-08-12 20:04:52.948933,1046499.75000000,7222529.39000000,3,598505.29800000,1550075.67000000
Dante Herman,2026-08-12 20:04:50.680156,828973.99200000,5577524.34200000,4,379097.94000000,598505.29800000
Dante Herman,2026-08-12 20:04:37.400191,824711.86000000,824711.86000000,5,,682271.52000000
Dante Herman,2026-08-12 20:04:46.613504,798166.83000000,2565268.03000000,6,260117.82000000,221311.81000000
Dante Herman,2026-08-12 20:04:39.927748,682271.52000000,1506983.38000000,7,824711.86000000,260117.82000000
Dante Herman,2026-08-12 20:04:50.928731,598505.29800000,6176029.64000000,8,828973.99200000,1046499.75000000
Dante Herman,2026-08-12 20:04:53.846687,427478.87000000,9200083.93000000,9,1550075.67000000,
Dante Herman,2026-08-12 20:04:49.219449,379097.94000000,4748550.35000000,10,1582872.57000000,828973.99200000
Dante Herman,2026-08-12 20:04:43.765430,260117.82000000,1767101.20000000,11,682271.52000000,798166.83000000
Dante Herman,2026-08-12 20:04:46.768484,221311.81000000,2786579.84000000,12,798166.83000000,1582872.57000000
Dante Wilcox,2026-08-12 20:04:39.903293,3069119.68000000,5228094.33000000,1,1897649.70000000,1091773.66000000
Dante Wilcox,2026-08-12 20:04:51.618874,2529837.63000000,14235874.64000000,2,1618679.72000000,809841.78000000
Dante Wilcox,2026-08-12 20:04:47.131354,2484367.54000000,10087357.29000000,3,101189.98000000,1618679.72000000
Dante Wilcox,2026-08-12 20:04:38.183599,1897649.70000000,2158974.65000000,4,261324.95000000,3069119.68000000
Dante Wilcox,2026-08-12 20:04:49.635920,1618679.72000000,11706037.01000000,5,2484367.54000000,2529837.63000000
Dante Wilcox,2026-08-12 20:04:42.802646,1091773.66000000,6319867.99000000,6,3069119.68000000,783974.85000000
Dante Wilcox,2026-08-12 20:04:53.707853,809841.78000000,15045716.42000000,7,2529837.63000000,155363.65450000
Dante Wilcox,2026-08-12 20:04:43.802234,783974.85000000,7103842.84000000,8,1091773.66000000,397956.93000000
Dante Wilcox,2026-08-12 20:04:45.830191,397956.93000000,7501799.77000000,9,783974.85000000,101189.98000000
Dante Wilcox,2026-08-12 20:04:34.602035,261324.95000000,261324.95000000,10,,1897649.70000000
Dante Wilcox,2026-08-12 20:04:53.785426,155363.65450000,15201080.07450000,11,809841.78000000,
Dante Wilcox,2026-08-12 20:04:46.727751,101189.98000000,7602989.75000000,12,397956.93000000,2484367.54000000
Daren Booth,2026-08-12 20:04:42.113834,3320639.55000000,5738104.66800000,1,62570.99000000,210135.92000000
Daren Booth,2026-08-12 20:04:51.831186,3089069.66000000,14277817.10800000,2,540263.92000000,102481.98000000
Daren Booth,2026-08-12 20:04:50.741287,2423924.75000000,10648483.52800000,3,1151183.52000000,540263.92000000
Daren Booth,2026-08-12 20:04:40.992484,2354894.12800000,2354894.12800000,4,,62570.99000000
Daren Booth,2026-08-12 20:04:50.374389,1151183.52000000,8224558.77800000,5,1125134.67000000,2423924.75000000
Daren Booth,2026-08-12 20:04:45.536663,1125134.67000000,7073375.25800000,6,210135.92000000,1151183.52000000
Daren Booth,2026-08-12 20:04:51.774103,540263.92000000,11188747.44800000,7,2423924.75000000,3089069.66000000
Daren Booth,2026-08-12 20:04:42.415174,210135.92000000,5948240.58800000,8,3320639.55000000,1125134.67000000
Daren Booth,2026-08-12 20:04:53.499555,102481.98000000,14380299.08800000,9,3089069.66000000,
Daren Booth,2026-08-12 20:04:41.934392,62570.99000000,2417465.11800000,10,2354894.12800000,3320639.55000000
Darin Pena,2026-08-12 20:04:41.037350,4466139.54000000,7239677.86000000,1,743472.69000000,2929519.56000000
Darin Pena,2026-08-12 20:04:46.291081,4004967.56000000,16474354.83350000,2,2300189.85350000,1948631.76000000
Darin Pena,2026-08-12 20:04:41.363668,2929519.56000000,10169197.42000000,3,4466139.54000000,2300189.85350000
Darin Pena,2026-08-12 20:04:45.116554,2300189.85350000,12469387.27350000,4,2929519.56000000,4004967.56000000
Darin Pena,2026-08-12 20:04:47.070109,1948631.76000000,18422986.59350000,5,4004967.56000000,1501531.81000000
Darin Pena,2026-08-12 20:04:54.492100,1907573.77000000,24394810.46350000,6,1130596.87000000,
Darin Pena,2026-08-12 20:04:47.216980,1501531.81000000,19924518.40350000,7,1948631.76000000,939770.79000000
Darin Pena,2026-08-12 20:04:34.397840,1300735.84000000,1300735.84000000,8,,729329.79000000
Darin Pena,2026-08-12 20:04:53.703697,1130596.87000000,22487236.69350000,9,153570.77000000,1907573.77000000
Darin Pena,2026-08-12 20:04:49.807427,939770.79000000,20864289.19350000,10,1501531.81000000,138439.92000000
Darin Pena,2026-08-12 20:04:40.841403,743472.69000000,2773538.32000000,11,729329.79000000,4466139.54000000
Darin Pena,2026-08-12 20:04:37.142189,729329.79000000,2030065.63000000,12,1300735.84000000,743472.69000000
Darin Pena,2026-08-12 20:04:51.320599,158147.97000000,21203069.05350000,13,42191.97000000,153570.77000000
Darin Pena,2026-08-12 20:04:53.083506,153570.77000000,21356639.82350000,14,158147.97000000,1130596.87000000
Darin Pena,2026-08-12 20:04:50.345888,138439.92000000,21002729.11350000,15,939770.79000000,42191.97000000
Darin Pena,2026-08-12 20:04:50.398829,42191.97000000,21044921.08350000,16,138439.92000000,158147.97000000
Darius Bullock,2026-08-12 20:04:45.242948,3283351.62000000,10104274.14000000,1,223175.83000000,413844.95000000
Darius Bullock,2026-08-12 20:04:38.456842,3180279.57000000,3180279.57000000,2,,918441.66000000
Darius Bullock,2026-08-12 20:04:42.509005,1854187.72000000,6597746.69000000,3,555917.89000000,223175.83000000
Darius Bullock,2026-08-12 20:04:40.714923,918441.66000000,4098721.23000000,4,3180279.57000000,88919.85000000
Darius Bullock,2026-08-12 20:04:41.624694,555917.89000000,4743558.97000000,5,88919.85000000,1854187.72000000
Darius Bullock,2026-08-12 20:04:47.025213,413844.95000000,10518119.09000000,6,3283351.62000000,205834.93000000
Darius Bullock,2026-08-12 20:04:42.888313,223175.83000000,6820922.52000000,7,1854187.72000000,3283351.62000000
Darius Bullock,2026-08-12 20:04:54.312429,205834.93000000,10723954.02000000,8,413844.95000000,
Darius Bullock,2026-08-12 20:04:41.567539,88919.85000000,4187641.08000000,9,918441.66000000,555917.89000000
Darius Nicholson,2026-08-12 20:04:38.269224,3559880.61000000,5808912.03000000,1,2237094.65000000,759488.37900000
Darius Nicholson,2026-08-12 20:04:54.940937,3508672.63000000,12717085.87900000,2,10531.99000000,
Darius Nicholson,2026-08-12 20:04:36.576070,2237094.65000000,2249031.42000000,3,11936.77000000,3559880.61000000
Darius Nicholson,2026-08-12 20:04:44.128722,1752911.52000000,8321311.92900000,4,759488.37900000,711619.83000000
Darius Nicholson,2026-08-12 20:04:41.877278,759488.37900000,6568400.40900000,5,3559880.61000000,1752911.52000000
Darius Nicholson,2026-08-12 20:04:45.813905,711619.83000000,9032931.75900000,6,1752911.52000000,164949.50000000
Darius Nicholson,2026-08-12 20:04:46.544081,164949.50000000,9197881.25900000,7,711619.83000000,10531.99000000
Darius Nicholson,2026-08-12 20:04:36.204710,11936.77000000,11936.77000000,8,,2237094.65000000
Darius Nicholson,2026-08-12 20:04:51.537201,10531.99000000,9208413.24900000,9,164949.50000000,3508672.63000000
Darlene Simon,2026-08-12 20:04:46.217622,2171229.71000000,5199774.81000000,1,1224446.79000000,145491.98000000
Darlene Simon,2026-08-12 20:04:44.573668,1224446.79000000,3028545.10000000,2,391727.96000000,2171229.71000000
Darlene Simon,2026-08-12 20:04:40.796448,991708.57000000,991708.57000000,3,,420661.78000000
Darlene Simon,2026-08-12 20:04:47.345598,543880.83000000,5889147.62000000,4,145491.98000000,18585.85350000
Darlene Simon,2026-08-12 20:04:42.969846,420661.78000000,1412370.35000000,5,991708.57000000,391727.96000000
Darlene Simon,2026-08-12 20:04:43.451295,391727.96000000,1804098.31000000,6,420661.78000000,1224446.79000000
Darlene Simon,2026-08-12 20:04:46.699219,145491.98000000,5345266.79000000,7,2171229.71000000,543880.83000000
Darlene Simon,2026-08-12 20:04:51.818972,18585.85350000,5907733.47350000,8,543880.83000000,
Darlene Soto,2026-08-12 20:04:42.798567,3374433.51000000,10277328.75000000,1,142424.55000000,173957.98000000
Darlene Soto,2026-08-12 20:04:49.072302,3077976.23350000,14956726.53350000,2,13287.96000000,709858.56200000
Darlene Soto,2026-08-12 20:04:40.372159,2654015.68000000,6760470.69000000,3,1212236.87000000,142424.55000000
Darlene Soto,2026-08-12 20:04:53.724177,2493239.70000000,19039586.56550000,4,389369.85000000,229347.72000000
Darlene Soto,2026-08-12 20:04:36.984530,1606918.71000000,2329438.44000000,5,722519.73000000,564779.70000000
Darlene Soto,2026-08-12 20:04:38.722085,1212236.87000000,4106455.01000000,6,564779.70000000,2654015.68000000
Darlene Soto,2026-08-12 20:04:35.919413,722519.73000000,722519.73000000,7,,1606918.71000000
Darlene Soto,2026-08-12 20:04:51.083690,709858.56200000,15666585.09550000,8,3077976.23350000,490391.92000000
Darlene Soto,2026-08-12 20:04:42.945406,693989.85000000,11179782.49000000,9,34505.91000000,685679.85000000
Darlene Soto,2026-08-12 20:04:46.013435,685679.85000000,11865462.34000000,10,693989.85000000,13287.96000000
Darlene Soto,2026-08-12 20:04:37.546970,564779.70000000,2894218.14000000,11,1606918.71000000,1212236.87000000
Darlene Soto,2026-08-12 20:04:51.124567,490391.92000000,16156977.01550000,12,709858.56200000,389369.85000000
Darlene Soto,2026-08-12 20:04:53.442478,389369.85000000,16546346.86550000,13,490391.92000000,2493239.70000000
Darlene Soto,2026-08-12 20:04:54.169586,229347.72000000,19268934.28550000,14,2493239.70000000,
Darlene Soto,2026-08-12 20:04:42.831248,173957.98000000,10451286.73000000,15,3374433.51000000,34505.91000000
Darlene Soto,2026-08-12 20:04:42.562095,142424.55000000,6902895.24000000,16,2654015.68000000,3374433.51000000
Darlene Soto,2026-08-12 20:04:42.843480,34505.91000000,10485792.64000000,17,173957.98000000,693989.85000000
Darlene Soto,2026-08-12 20:04:46.992614,13287.96000000,11878750.30000000,18,685679.85000000,3077976.23350000
Darnell Merritt,2026-08-12 20:04:48.684400,3096143.52000000,3096143.52000000,1,,495914.65000000
Darnell Merritt,2026-08-12 20:04:52.981561,840324.75000000,4432382.92000000,2,495914.65000000,
Darnell Merritt,2026-08-12 20:04:49.178197,495914.65000000,3592058.17000000,3,3096143.52000000,840324.75000000
Darnell Sharp,2026-08-12 20:04:51.055154,2845059.62000000,8111909.68150000,1,94024.95150000,21545.62000000
Darnell Sharp,2026-08-12 20:04:46.074686,2395343.58000000,5172825.11000000,2,114729.95000000,94024.95150000
Darnell Sharp,2026-08-12 20:04:38.940867,1444079.76000000,1444079.76000000,3,,509831.92000000
Darnell Sharp,2026-08-12 20:04:54.206327,1149959.72000000,9283415.02150000,4,21545.62000000,
Darnell Sharp,2026-08-12 20:04:41.180184,708839.90000000,2662751.58000000,5,509831.92000000,114729.95000000
Darnell Sharp,2026-08-12 20:04:39.140626,509831.92000000,1953911.68000000,6,1444079.76000000,708839.90000000
Darnell Sharp,2026-08-12 20:04:42.052537,114729.95000000,2777481.53000000,7,708839.90000000,2395343.58000000
Darnell Sharp,2026-08-12 20:04:49.946141,94024.95150000,5266850.06150000,8,2395343.58000000,2845059.62000000
Darnell Sharp,2026-08-12 20:04:51.839328,21545.62000000,8133455.30150000,9,2845059.62000000,1149959.72000000
Daron Hess,2026-08-12 20:04:39.601520,2854475.64000000,5165905.24000000,1,2217527.62000000,260117.82000000
Daron Hess,2026-08-12 20:04:40.645427,2369565.62000000,7795588.68000000,2,260117.82000000,102079.68000000
Daron Hess,2026-08-12 20:04:39.568943,2217527.62000000,2311429.60000000,3,93901.98000000,2854475.64000000
Daron Hess,2026-08-12 20:04:48.406912,1689225.78000000,9586894.14000000,4,102079.68000000,261969.95000000
Daron Hess,2026-08-12 20:04:54.781662,261969.95000000,9848864.09000000,5,1689225.78000000,110821.98000000
Daron Hess,2026-08-12 20:04:40.294529,260117.82000000,5426023.06000000,6,2854475.64000000,2369565.62000000
Daron Hess,2026-08-12 20:04:55.177466,110821.98000000,9959686.07000000,7,261969.95000000,
Daron Hess,2026-08-12 20:04:43.353376,102079.68000000,7897668.36000000,8,2369565.62000000,1689225.78000000
Daron Hess,2026-08-12 20:04:36.184304,93901.98000000,93901.98000000,9,,2217527.62000000
Darrin Kirk,2026-08-12 20:04:36.571993,2166687.68000000,2284123.51000000,1,117435.83000000,695321.12250000
Darrin Kirk,2026-08-12 20:04:43.969492,695321.12250000,2979444.63250000,2,2166687.68000000,184196.87000000
Darrin Kirk,2026-08-12 20:04:55.046895,184196.87000000,3163641.50250000,3,695321.12250000,
Darrin Kirk,2026-08-12 20:04:36.004996,117435.83000000,117435.83000000,4,,2166687.68000000
Daryl Larsen,2026-08-12 20:04:52.357541,3288377.66000000,7484175.92000000,1,66918.99000000,1272725.73000000
Daryl Larsen,2026-08-12 20:04:50.875682,1959869.67000000,4128879.27000000,2,1729328.79000000,66918.99000000
Daryl Larsen,2026-08-12 20:04:48.876315,1729328.79000000,2169009.60000000,3,346691.94000000,1959869.67000000
Daryl Larsen,2026-08-12 20:04:54.340969,1272725.73000000,8756901.65000000,4,3288377.66000000,
Daryl Larsen,2026-08-12 20:04:45.455048,346691.94000000,439680.81000000,5,92988.87000000,1729328.79000000
Daryl Larsen,2026-08-12 20:04:38.240715,92988.87000000,92988.87000000,6,,346691.94000000
Daryl Larsen,2026-08-12 20:04:51.880040,66918.99000000,4195798.26000000,7,1959869.67000000,3288377.66000000
Dave Quinn,2026-08-12 20:04:36.882572,2905821.62000000,4257181.42000000,1,1351359.80000000,1691343.63000000
Dave Quinn,2026-08-12 20:04:42.162683,2294739.63000000,8243264.68000000,2,1691343.63000000,369011.93000000
Dave Quinn,2026-08-12 20:04:51.292024,1995353.73000000,14031332.27950000,3,1501123.51950000,119914.95000000
Dave Quinn,2026-08-12 20:04:43.557273,1883474.55000000,10495751.16000000,4,369011.93000000,39103.87000000
Dave Quinn,2026-08-12 20:04:38.436436,1691343.63000000,5948525.05000000,5,2905821.62000000,2294739.63000000
Dave Quinn,2026-08-12 20:04:49.411247,1501123.51950000,12035978.54950000,6,39103.87000000,1995353.73000000
Dave Quinn,2026-08-12 20:04:36.804928,1351359.80000000,1351359.80000000,7,,2905821.62000000
Dave Quinn,2026-08-12 20:04:53.716017,562274.83000000,14713522.05950000,8,119914.95000000,427931.64000000
Dave Quinn,2026-08-12 20:04:54.271663,427931.64000000,15141453.69950000,9,562274.83000000,
Dave Quinn,2026-08-12 20:04:43.414554,369011.93000000,8612276.61000000,10,2294739.63000000,1883474.55000000
Dave Quinn,2026-08-12 20:04:53.385425,119914.95000000,14151247.22950000,11,1995353.73000000,562274.83000000
Dave Quinn,2026-08-12 20:04:45.915701,39103.87000000,10534855.03000000,12,1883474.55000000,1501123.51950000
David Rodriguez,2026-08-12 20:04:53.891635,4719743.52000000,4719743.52000000,1,,
Deborah Mitchell,2026-08-12 20:04:37.125872,3714315.53000000,3714315.53000000,1,,1615391.64000000
Deborah Mitchell,2026-08-12 20:04:44.120568,2671477.59000000,12496321.79000000,2,1202915.74000000,1575494.37150000
Deborah Mitchell,2026-08-12 20:04:51.189898,2141522.63000000,17995218.59150000,3,1781879.80000000,
Deborah Mitchell,2026-08-12 20:04:40.310877,1934771.79000000,8621928.46000000,4,1357449.50000000,1202915.74000000
Deborah Mitchell,2026-08-12 20:04:49.227622,1781879.80000000,15853695.96150000,5,1575494.37150000,2141522.63000000
Deborah Mitchell,2026-08-12 20:04:38.701701,1615391.64000000,5329707.17000000,6,3714315.53000000,1357449.50000000
Deborah Mitchell,2026-08-12 20:04:47.115030,1575494.37150000,14071816.16150000,7,2671477.59000000,1781879.80000000
Deborah Mitchell,2026-08-12 20:04:38.848634,1357449.50000000,6687156.67000000,8,1615391.64000000,1934771.79000000
Deborah Mitchell,2026-08-12 20:04:41.950718,1202915.74000000,9824844.20000000,9,1934771.79000000,2671477.59000000
Debra Bennett,2026-08-12 20:04:43.394118,2654202.92800000,4592376.71800000,1,1938173.79000000,985738.81000000
Debra Bennett,2026-08-12 20:04:39.401746,1938173.79000000,1938173.79000000,2,,2654202.92800000
Debra Bennett,2026-08-12 20:04:48.680319,1366679.72000000,7549412.11800000,3,604616.87000000,489884.89000000
Debra Bennett,2026-08-12 20:04:45.553010,985738.81000000,5578115.52800000,4,2654202.92800000,604616.87000000
Debra Bennett,2026-08-12 20:04:53.291572,979769.78000000,9019066.78800000,5,489884.89000000,
Debra Bennett,2026-08-12 20:04:47.680317,604616.87000000,6182732.39800000,6,985738.81000000,1366679.72000000
Debra Bennett,2026-08-12 20:04:52.618335,489884.89000000,8039297.00800000,7,1366679.72000000,979769.78000000
Della Mercer,2026-08-12 20:04:46.882494,2896991.52000000,5884850.62200000,1,16381.98000000,904931.81000000
Della Mercer,2026-08-12 20:04:35.719668,1168519.60000000,1168519.60000000,2,,563779.86000000
Della Mercer,2026-08-12 20:04:48.786445,904931.81000000,6789782.43200000,3,2896991.52000000,300483.57000000
Della Mercer,2026-08-12 20:04:54.051192,873879.60000000,7964145.60200000,4,300483.57000000,
Della Mercer,2026-08-12 20:04:37.025289,563779.86000000,1732299.46000000,5,1168519.60000000,533548.16200000
Della Mercer,2026-08-12 20:04:39.030507,557199.60000000,2823047.22200000,6,533548.16200000,148429.90000000
Della Mercer,2026-08-12 20:04:37.571427,533548.16200000,2265847.62200000,7,563779.86000000,557199.60000000
Della Mercer,2026-08-12 20:04:53.511782,300483.57000000,7090266.00200000,8,904931.81000000,873879.60000000
Della Mercer,2026-08-12 20:04:40.947527,148429.90000000,2971477.12200000,9,557199.60000000,16381.98000000
Della Mercer,2026-08-12 20:04:46.127694,16381.98000000,2987859.10200000,10,148429.90000000,2896991.52000000
Denise Grant,2026-08-12 20:04:34.271281,1254359.08450000,1254359.08450000,1,,1069969.78000000
Denise Grant,2026-08-12 20:04:45.063387,1069969.78000000,2324328.86450000,2,1254359.08450000,456024.95000000
Denise Grant,2026-08-12 20:04:54.728653,497062.83000000,3277416.64450000,3,456024.95000000,
Denise Grant,2026-08-12 20:04:49.051907,456024.95000000,2780353.81450000,4,1069969.78000000,497062.83000000
Denise Lawrence,2026-08-12 20:04:42.859794,1947896.79000000,2156678.72000000,1,208781.93000000,93247.69000000
Denise Lawrence,2026-08-12 20:04:49.668547,1912574.65000000,4818285.67000000,2,655784.61000000,1214579.85000000
Denise Lawrence,2026-08-12 20:04:53.165197,1214579.85000000,6032865.52000000,3,1912574.65000000,
Denise Lawrence,2026-08-12 20:04:47.757971,655784.61000000,2905711.02000000,4,93247.69000000,1912574.65000000
Denise Lawrence,2026-08-12 20:04:39.699281,208781.93000000,208781.93000000,5,,1947896.79000000
Denise Lawrence,2026-08-12 20:04:47.614961,93247.69000000,2249926.41000000,6,1947896.79000000,655784.61000000
Dennis Patel,2026-08-12 20:04:54.524708,4501095.53000000,17604561.17000000,1,307385.91000000,1135900.87000000
Dennis Patel,2026-08-12 20:04:45.332605,3271359.60000000,6895177.86000000,2,2723179.53000000,2549910.51000000
Dennis Patel,2026-08-12 20:04:43.230939,2723179.53000000,3623818.26000000,3,900638.73000000,3271359.60000000
Dennis Patel,2026-08-12 20:04:48.202935,2549910.51000000,9445088.37000000,4,3271359.60000000,2400839.64000000
Dennis Patel,2026-08-12 20:04:48.737467,2400839.64000000,11845928.01000000,5,2549910.51000000,950151.72000000
Dennis Patel,2026-08-12 20:04:54.769418,1135900.87000000,18740462.04000000,6,4501095.53000000,
Dennis Patel,2026-08-12 20:04:51.112310,950151.72000000,12796079.73000000,7,2400839.64000000,307385.91000000
Dennis Patel,2026-08-12 20:04:39.919601,900638.73000000,900638.73000000,8,,2723179.53000000
Dennis Patel,2026-08-12 20:04:53.316028,307385.91000000,13103465.64000000,9,950151.72000000,4501095.53000000
Deon Madden,2026-08-12 20:04:34.785689,1133339.74000000,1133339.74000000,1,,1099519.68000000
Deon Madden,2026-08-12 20:04:41.730695,1099519.68000000,2232859.42000000,2,1133339.74000000,174920.97000000
Deon Madden,2026-08-12 20:04:53.336435,230591.94000000,2638372.33000000,3,174920.97000000,
Deon Madden,2026-08-12 20:04:43.267662,174920.97000000,2407780.39000000,4,1099519.68000000,230591.94000000
Derek Bishop,2026-08-12 20:04:38.440518,2275549.75000000,2275549.75000000,1,,1385903.76000000
Derek Bishop,2026-08-12 20:04:50.945109,2136712.57000000,6773077.92000000,2,974911.84000000,286223.94000000
Derek Bishop,2026-08-12 20:04:54.100204,1960331.78000000,9019633.64000000,3,286223.94000000,
Derek Bishop,2026-08-12 20:04:44.912505,1385903.76000000,3661453.51000000,4,2275549.75000000,974911.84000000
Derek Bishop,2026-08-12 20:04:46.144066,974911.84000000,4636365.35000000,5,1385903.76000000,2136712.57000000
Derek Bishop,2026-08-12 20:04:53.748675,286223.94000000,7059301.86000000,6,2136712.57000000,1960331.78000000
Devin Burton,2026-08-12 20:04:46.503267,1952747.59000000,6927843.24750000,1,255799.60000000,1142987.58000000
Devin Burton,2026-08-12 20:04:41.286198,1652524.65000000,3511884.43750000,2,341083.53750000,1207411.62000000
Devin Burton,2026-08-12 20:04:53.258971,1538607.63000000,11969601.92750000,3,829401.86000000,
Devin Burton,2026-08-12 20:04:42.594773,1207411.62000000,4719296.05750000,4,1652524.65000000,255799.60000000
Devin Burton,2026-08-12 20:04:46.772555,1142987.58000000,8070830.82750000,5,1952747.59000000,401783.88000000
Devin Burton,2026-08-12 20:04:48.966139,1128977.73000000,9601592.43750000,6,401783.88000000,829401.86000000
Devin Burton,2026-08-12 20:04:50.154274,829401.86000000,10430994.29750000,7,1128977.73000000,1538607.63000000
Devin Burton,2026-08-12 20:04:38.069125,713756.67000000,1518276.25000000,8,538644.83000000,341083.53750000
Devin Burton,2026-08-12 20:04:34.279441,538644.83000000,804519.58000000,9,265874.75000000,713756.67000000
Devin Burton,2026-08-12 20:04:46.964080,401783.88000000,8472614.70750000,10,1142987.58000000,1128977.73000000
Devin Burton,2026-08-12 20:04:39.059045,341083.53750000,1859359.78750000,11,713756.67000000,1652524.65000000
Devin Burton,2026-08-12 20:04:34.246691,265874.75000000,265874.75000000,12,,538644.83000000
Devin Burton,2026-08-12 20:04:45.055239,255799.60000000,4975095.65750000,13,1207411.62000000,1952747.59000000
Dewayne Buck,2026-08-12 20:04:43.202402,1069606.89000000,1305430.83000000,1,235823.94000000,
Dewayne Buck,2026-08-12 20:04:36.612827,235823.94000000,235823.94000000,2,,1069606.89000000
Dewayne Solis,2026-08-12 20:04:40.021550,2087986.35050000,2087986.35050000,1,,305395.87000000
Dewayne Solis,2026-08-12 20:04:40.808713,305395.87000000,2393382.22050000,2,2087986.35050000,22316.57000000
Dewayne Solis,2026-08-12 20:04:50.243949,22316.57000000,2415698.79050000,3,305395.87000000,
Dewayne Trevino,2026-08-12 20:04:40.637254,3742429.62000000,5342253.91000000,1,548387.91000000,474557.79000000
Dewayne Trevino,2026-08-12 20:04:50.659742,3350829.65000000,9167641.35000000,2,474557.79000000,748789.86000000
Dewayne Trevino,2026-08-12 20:04:51.969755,748789.86000000,9916431.21000000,3,3350829.65000000,
Dewayne Trevino,2026-08-12 20:04:36.592398,742260.87000000,742260.87000000,4,,275999.95000000
Dewayne Trevino,2026-08-12 20:04:40.600511,548387.91000000,1599824.29000000,5,33175.56000000,3742429.62000000
Dewayne Trevino,2026-08-12 20:04:47.476347,474557.79000000,5816811.70000000,6,3742429.62000000,3350829.65000000
Dewayne Trevino,2026-08-12 20:04:38.554933,275999.95000000,1018260.82000000,7,742260.87000000,33175.56000000
Dewayne Trevino,2026-08-12 20:04:39.299656,33175.56000000,1051436.38000000,8,275999.95000000,548387.91000000
Dewey Villarreal,2026-08-12 20:04:51.986163,1749287.54000000,4410396.15750000,1,796917.28750000,
Dewey Villarreal,2026-08-12 20:04:44.157358,812213.91000000,1864191.33000000,2,258555.63000000,796917.28750000
Dewey Villarreal,2026-08-12 20:04:46.009360,796917.28750000,2661108.61750000,3,812213.91000000,1749287.54000000
Dewey Villarreal,2026-08-12 20:04:34.659163,793421.79000000,793421.79000000,4,,258555.63000000
Dewey Villarreal,2026-08-12 20:04:35.695159,258555.63000000,1051977.42000000,5,793421.79000000,812213.91000000
Diana Watkins,2026-08-12 20:04:34.855145,892293.74000000,1037537.70000000,1,145243.96000000,496699.90000000
Diana Watkins,2026-08-12 20:04:40.698554,744934.57700000,2279172.17700000,2,496699.90000000,679895.58000000
Diana Watkins,2026-08-12 20:04:41.457462,679895.58000000,2959067.75700000,3,744934.57700000,
Diana Watkins,2026-08-12 20:04:37.008981,496699.90000000,1534237.60000000,4,892293.74000000,744934.57700000
Diana Watkins,2026-08-12 20:04:33.814443,145243.96000000,145243.96000000,5,,892293.74000000
Diane Jenkins,2026-08-12 20:04:54.993893,1538193.66000000,2537268.41000000,1,999074.75000000,
Diane Jenkins,2026-08-12 20:04:46.723667,999074.75000000,999074.75000000,2,,1538193.66000000
Dianne Potter,2026-08-12 20:04:39.173209,3631757.61000000,7113225.53850000,1,3117724.01850000,3003650.51000000
Dianne Potter,2026-08-12 20:04:37.673515,3117724.01850000,3481467.92850000,2,269231.94000000,3631757.61000000
Dianne Potter,2026-08-12 20:04:41.331076,3003650.51000000,10116876.04850000,3,3631757.61000000,1058819.88000000
Dianne Potter,2026-08-12 20:04:51.843399,2989769.58000000,14452001.35850000,4,158609.94000000,1884623.58000000
Dianne Potter,2026-08-12 20:04:53.222288,1884623.58000000,16336624.93850000,5,2989769.58000000,
Dianne Potter,2026-08-12 20:04:42.496759,1058819.88000000,11175695.92850000,6,3003650.51000000,127925.91000000
Dianne Potter,2026-08-12 20:04:37.534741,269231.94000000,363743.91000000,7,94511.97000000,3117724.01850000
Dianne Potter,2026-08-12 20:04:47.990824,158609.94000000,11462231.77850000,8,127925.91000000,2989769.58000000
Dianne Potter,2026-08-12 20:04:42.639637,127925.91000000,11303621.83850000,9,1058819.88000000,158609.94000000
Dianne Potter,2026-08-12 20:04:35.837893,94511.97000000,94511.97000000,10,,269231.94000000
Dick Decker,2026-08-12 20:04:36.690434,4638649.50000000,5078185.02000000,1,439535.52000000,1048875.81000000
Dick Decker,2026-08-12 20:04:42.476355,2451221.73000000,8578282.56000000,2,1048875.81000000,432167.88000000
Dick Decker,2026-08-12 20:04:48.806901,1104380.73000000,10114831.17000000,3,432167.88000000,
Dick Decker,2026-08-12 20:04:38.709858,1048875.81000000,6127060.83000000,4,4638649.50000000,2451221.73000000
Dick Decker,2026-08-12 20:04:35.976468,439535.52000000,439535.52000000,5,,4638649.50000000
Dick Decker,2026-08-12 20:04:43.614362,432167.88000000,9010450.44000000,6,2451221.73000000,1104380.73000000
Dino Decker,2026-08-12 20:04:52.585742,1849599.50000000,3771199.79000000,1,1370684.77000000,390333.39600000
Dino Decker,2026-08-12 20:04:45.320368,1370684.77000000,1921600.29000000,2,218591.56000000,1849599.50000000
Dino Decker,2026-08-12 20:04:52.622407,390333.39600000,4161533.18600000,3,1849599.50000000,70461.49800000
Dino Decker,2026-08-12 20:04:40.282277,332323.96000000,332323.96000000,4,,218591.56000000
Dino Decker,2026-08-12 20:04:41.706245,218591.56000000,550915.52000000,5,332323.96000000,1370684.77000000
Dino Decker,2026-08-12 20:04:54.630693,70461.49800000,4231994.68400000,6,390333.39600000,
Dixie Potter,2026-08-12 20:04:39.287423,2688691.69000000,2688691.69000000,1,,378191.52000000
Dixie Potter,2026-08-12 20:04:51.888184,2004287.74000000,6981696.55200000,2,33287.92000000,615905.82000000
Dixie Potter,2026-08-12 20:04:47.159897,1799494.63000000,4944120.89200000,3,51671.92000000,33287.92000000
Dixie Potter,2026-08-12 20:04:52.386078,615905.82000000,7597602.37200000,4,2004287.74000000,384955.87000000
Dixie Potter,2026-08-12 20:04:53.332363,384955.87000000,7982558.24200000,5,615905.82000000,
Dixie Potter,2026-08-12 20:04:42.700770,378191.52000000,3066883.21000000,6,2688691.69000000,26071.13200000
Dixie Potter,2026-08-12 20:04:45.136978,51671.92000000,3144626.26200000,7,26071.13200000,1799494.63000000
Dixie Potter,2026-08-12 20:04:47.594518,33287.92000000,4977408.81200000,8,1799494.63000000,2004287.74000000
Dixie Potter,2026-08-12 20:04:44.222597,26071.13200000,3092954.34200000,9,378191.52000000,51671.92000000
Dolly Lambert,2026-08-12 20:04:41.848773,1590111.68000000,1823789.33000000,1,89755.99000000,
Dolly Lambert,2026-08-12 20:04:34.463123,143921.66000000,143921.66000000,2,,89755.99000000
Dolly Lambert,2026-08-12 20:04:41.641022,89755.99000000,233677.65000000,3,143921.66000000,1590111.68000000
Dolores Pena,2026-08-12 20:04:43.516548,4013019.56000000,20358474.63250000,1,1993071.20250000,221119.95000000
Dolores Pena,2026-08-12 20:04:35.511589,3588985.62000000,3588985.62000000,2,,1963877.62000000
Dolores Pena,2026-08-12 20:04:38.399677,2920854.65000000,9834425.68000000,3,163907.96000000,1594750.77000000
Dolores Pena,2026-08-12 20:04:40.523054,2771807.52000000,14200983.97000000,4,1594750.77000000,151399.90000000
Dolores Pena,2026-08-12 20:04:43.275876,1993071.20250000,16345455.07250000,5,151399.90000000,4013019.56000000
Dolores Pena,2026-08-12 20:04:36.858040,1963877.62000000,5552863.24000000,6,3588985.62000000,1196799.83000000
Dolores Pena,2026-08-12 20:04:40.212965,1594750.77000000,11429176.45000000,7,2920854.65000000,2771807.52000000
Dolores Pena,2026-08-12 20:04:44.941022,1225448.59000000,21805043.17250000,8,221119.95000000,33959.90000000
Dolores Pena,2026-08-12 20:04:37.477610,1196799.83000000,6749663.07000000,9,1963877.62000000,163907.96000000
Dolores Pena,2026-08-12 20:04:52.100482,657675.53200000,22676748.55450000,10,180069.95000000,
Dolores Pena,2026-08-12 20:04:44.010307,221119.95000000,20579594.58250000,11,4013019.56000000,1225448.59000000
Dolores Pena,2026-08-12 20:04:50.313249,180069.95000000,22019073.02250000,12,33959.90000000,657675.53200000
Dolores Pena,2026-08-12 20:04:38.318140,163907.96000000,6913571.03000000,13,1196799.83000000,2920854.65000000
Dolores Pena,2026-08-12 20:04:43.194255,151399.90000000,14352383.87000000,14,2771807.52000000,1993071.20250000
Dolores Pena,2026-08-12 20:04:47.762058,33959.90000000,21839003.07250000,15,1225448.59000000,180069.95000000
Don Morse,2026-08-12 20:04:41.616549,2845112.59000000,8455532.39000000,1,1660191.68000000,2647049.70000000
Don Morse,2026-08-12 20:04:43.083999,2647049.70000000,11102582.09000000,2,2845112.59000000,790304.53000000
Don Morse,2026-08-12 20:04:46.882494,2582159.70000000,14475046.32000000,3,790304.53000000,104204.97000000
Don Morse,2026-08-12 20:04:41.367743,1660191.68000000,5610419.80000000,4,1603907.82000000,2845112.59000000
Don Morse,2026-08-12 20:04:37.253382,1612973.78000000,2346320.30000000,5,379727.73000000,1603907.82000000
Don Morse,2026-08-12 20:04:39.825675,1603907.82000000,3950228.12000000,6,1612973.78000000,1660191.68000000
Don Morse,2026-08-12 20:04:52.361612,953553.86000000,16345182.03000000,7,257339.95000000,
Don Morse,2026-08-12 20:04:44.835093,790304.53000000,11892886.62000000,8,2647049.70000000,2582159.70000000
Don Morse,2026-08-12 20:04:49.476523,555036.93000000,15134288.22000000,9,104204.97000000,257339.95000000
Don Morse,2026-08-12 20:04:37.158539,379727.73000000,733346.52000000,10,353618.79000000,1612973.78000000
Don Morse,2026-08-12 20:04:36.935654,353618.79000000,353618.79000000,11,,379727.73000000
Don Morse,2026-08-12 20:04:51.414639,257339.95000000,15391628.17000000,12,555036.93000000,953553.86000000
Don Morse,2026-08-12 20:04:47.500777,104204.97000000,14579251.29000000,13,2582159.70000000,555036.93000000
Donald Lewis,2026-08-12 20:04:48.423222,2641094.55000000,8413041.08950000,1,700496.79000000,577007.82000000
Donald Lewis,2026-08-12 20:04:41.539024,1772977.54000000,4641506.27500000,2,829747.77000000,122458.62450000
Donald Lewis,2026-08-12 20:04:38.811905,885589.24500000,2038780.96500000,3,351959.88000000,829747.77000000
Donald Lewis,2026-08-12 20:04:39.418104,829747.77000000,2868528.73500000,4,885589.24500000,1772977.54000000
Donald Lewis,2026-08-12 20:04:34.483483,801231.84000000,801231.84000000,5,,351959.88000000
Donald Lewis,2026-08-12 20:04:45.805761,700496.79000000,5771946.53950000,6,307484.85000000,2641094.55000000
Donald Lewis,2026-08-12 20:04:52.936707,577007.82000000,8990048.90950000,7,2641094.55000000,
Donald Lewis,2026-08-12 20:04:36.009066,351959.88000000,1153191.72000000,8,801231.84000000,885589.24500000
Donald Lewis,2026-08-12 20:04:43.642950,307484.85000000,5071449.74950000,9,122458.62450000,700496.79000000
Donald Lewis,2026-08-12 20:04:42.810843,122458.62450000,4763964.89950000,10,1772977.54000000,307484.85000000
Donna Scott,2026-08-12 20:04:51.749618,1793609.55000000,4264578.81000000,1,36991.99000000,218293.46400000
Donna Scott,2026-08-12 20:04:34.136583,1481138.73000000,1481138.73000000,2,,99143.83000000
Donna Scott,2026-08-12 20:04:48.557846,575444.85000000,2155727.41000000,3,99143.83000000,278249.86000000
Donna Scott,2026-08-12 20:04:50.496723,278249.86000000,2433977.27000000,4,575444.85000000,36991.99000000
Donna Scott,2026-08-12 20:04:54.369516,218293.46400000,4482872.27400000,5,1793609.55000000,
Donna Scott,2026-08-12 20:04:36.894836,99143.83000000,1580282.56000000,6,1481138.73000000,575444.85000000
Donna Scott,2026-08-12 20:04:51.251175,36991.99000000,2470969.26000000,7,278249.86000000,1793609.55000000
Donnie Sharp,2026-08-12 20:04:48.884488,1984639.68000000,5980384.82000000,1,1726334.55000000,722484.58100000
Donnie Sharp,2026-08-12 20:04:43.940936,1726334.55000000,3995745.14000000,2,1481074.75000000,1984639.68000000
Donnie Sharp,2026-08-12 20:04:42.240057,1481074.75000000,2269410.59000000,3,788335.84000000,1726334.55000000
Donnie Sharp,2026-08-12 20:04:36.616907,788335.84000000,788335.84000000,4,,1481074.75000000
Donnie Sharp,2026-08-12 20:04:49.264241,722484.58100000,6702869.40100000,5,1984639.68000000,196601.98000000
Donnie Sharp,2026-08-12 20:04:52.075998,196601.98000000,6899471.38100000,6,722484.58100000,
Donovan Morse,2026-08-12 20:04:52.418651,3765211.56000000,23749182.00400000,1,3469959.60000000,670409.55000000
Donovan Morse,2026-08-12 20:04:52.337154,3469959.60000000,19983970.44400000,2,2803701.69000000,3765211.56000000
Donovan Morse,2026-08-12 20:04:52.039244,2803701.69000000,16514010.84400000,3,449155.20650000,3469959.60000000
Donovan Morse,2026-08-12 20:04:45.695772,2252123.58000000,10926221.83750000,4,28611.96000000,670550.63000000
Donovan Morse,2026-08-12 20:04:36.927506,1990491.36750000,4768278.89750000,5,1736747.73000000,924191.64000000
Donovan Morse,2026-08-12 20:04:36.535257,1736747.73000000,2777787.53000000,6,1041039.80000000,1990491.36750000
Donovan Morse,2026-08-12 20:04:42.040313,1505924.75000000,8224921.34750000,7,736865.53000000,420564.95000000
Donovan Morse,2026-08-12 20:04:48.537446,1081607.89000000,13261153.94750000,8,582773.59000000,449155.20650000
Donovan Morse,2026-08-12 20:04:35.992762,1041039.80000000,1041039.80000000,9,,1736747.73000000
Donovan Morse,2026-08-12 20:04:38.358907,924191.64000000,5692470.53750000,10,1990491.36750000,289660.53000000
Donovan Morse,2026-08-12 20:04:41.445209,736865.53000000,6718996.59750000,11,289660.53000000,1505924.75000000
Donovan Morse,2026-08-12 20:04:47.204740,670550.63000000,11596772.46750000,12,2252123.58000000,582773.59000000
Donovan Morse,2026-08-12 20:04:52.455322,670409.55000000,24419591.55400000,13,3765211.56000000,80426.81000000
Donovan Morse,2026-08-12 20:04:48.349667,582773.59000000,12179546.05750000,14,670550.63000000,1081607.89000000
Donovan Morse,2026-08-12 20:04:50.080704,449155.20650000,13710309.15400000,15,1081607.89000000,2803701.69000000
Donovan Morse,2026-08-12 20:04:43.316689,420564.95000000,8645486.29750000,16,1505924.75000000,28611.96000000
Donovan Morse,2026-08-12 20:04:38.981610,289660.53000000,5982131.06750000,17,924191.64000000,736865.53000000
Donovan Morse,2026-08-12 20:04:53.475089,80426.81000000,24500018.36400000,18,670409.55000000,61114.83000000
Donovan Morse,2026-08-12 20:04:54.083850,61114.83000000,24561133.19400000,19,80426.81000000,
Donovan Morse,2026-08-12 20:04:45.597884,28611.96000000,8674098.25750000,20,420564.95000000,2252123.58000000
Dora Acosta,2026-08-12 20:04:48.561928,3876399.50000000,11174101.15800000,1,1105650.75150000,2733743.52000000
Dora Acosta,2026-08-12 20:04:50.129774,2733743.52000000,13907844.67800000,2,3876399.50000000,525659.94000000
Dora Acosta,2026-08-12 20:04:40.102979,1627647.56000000,4856890.23650000,3,288227.88000000,1125500.87000000
Dora Acosta,2026-08-12 20:04:35.809391,1205587.62000000,2192869.15650000,4,987281.53650000,75179.85000000
Dora Acosta,2026-08-12 20:04:45.316287,1125500.87000000,5982391.10650000,5,1627647.56000000,209659.80000000
Dora Acosta,2026-08-12 20:04:48.207014,1105650.75150000,7297701.65800000,6,209659.80000000,3876399.50000000
Dora Acosta,2026-08-12 20:04:34.442770,987281.53650000,987281.53650000,7,,1205587.62000000
Dora Acosta,2026-08-12 20:04:36.829440,672965.79000000,2941014.79650000,8,75179.85000000,288227.88000000
Dora Acosta,2026-08-12 20:04:50.777940,525659.94000000,14433504.61800000,9,2733743.52000000,360932.89050000
Dora Acosta,2026-08-12 20:04:54.336894,360932.89050000,14794437.50850000,10,525659.94000000,
Dora Acosta,2026-08-12 20:04:38.138603,288227.88000000,3229242.67650000,11,672965.79000000,1627647.56000000
Dora Acosta,2026-08-12 20:04:47.606766,209659.80000000,6192050.90650000,12,1125500.87000000,1105650.75150000
Dora Acosta,2026-08-12 20:04:36.457705,75179.85000000,2268049.00650000,13,1205587.62000000,672965.79000000
Doreen Orr,2026-08-12 20:04:47.590441,2631513.57000000,6394367.42000000,1,118795.83000000,
Doreen Orr,2026-08-12 20:04:37.820221,1467608.67000000,3644058.02000000,2,1444299.50000000,118795.83000000
Doreen Orr,2026-08-12 20:04:37.714297,1444299.50000000,2176449.35000000,3,732149.85000000,1467608.67000000
Doreen Orr,2026-08-12 20:04:36.837609,732149.85000000,732149.85000000,4,,1444299.50000000
Doreen Orr,2026-08-12 20:04:43.447208,118795.83000000,3762853.85000000,5,1467608.67000000,2631513.57000000
Dorian Serrano,2026-08-12 20:04:36.367853,4841052.51000000,7634508.84000000,1,1274452.77000000,1257944.85000000
Dorian Serrano,2026-08-12 20:04:47.012994,3604053.53000000,20250160.06500000,2,2289737.67000000,1508941.81000000
Dorian Serrano,2026-08-12 20:04:51.765945,2768819.70000000,24874722.70550000,3,39918.89000000,1254395.57000000
Dorian Serrano,2026-08-12 20:04:44.132881,2377964.53000000,14356368.86500000,4,616634.85000000,2289737.67000000
Dorian Serrano,2026-08-12 20:04:45.646863,2289737.67000000,16646106.53500000,5,2377964.53000000,3604053.53000000
Dorian Serrano,2026-08-12 20:04:37.567351,2281731.59000000,11174185.28000000,6,1257944.85000000,144055.96000000
Dorian Serrano,2026-08-12 20:04:55.038740,1632060.84300000,27761179.11850000,7,1254395.57000000,
Dorian Serrano,2026-08-12 20:04:47.135437,1508941.81000000,21759101.87500000,8,3604053.53000000,153059.45750000
Dorian Serrano,2026-08-12 20:04:34.067166,1300765.59000000,1300765.59000000,9,,218237.97000000
Dorian Serrano,2026-08-12 20:04:36.037561,1274452.77000000,2793456.33000000,10,218237.97000000,4841052.51000000
Dorian Serrano,2026-08-12 20:04:36.482189,1257944.85000000,8892453.69000000,11,4841052.51000000,2281731.59000000
Dorian Serrano,2026-08-12 20:04:52.255452,1254395.57000000,26129118.27550000,12,2768819.70000000,1632060.84300000
Dorian Serrano,2026-08-12 20:04:43.112558,616634.85000000,11978404.33500000,13,43528.24500000,2377964.53000000
Dorian Serrano,2026-08-12 20:04:35.789030,218237.97000000,1519003.56000000,14,1300765.59000000,1274452.77000000
Dorian Serrano,2026-08-12 20:04:48.084582,153822.78300000,22065984.11550000,15,153059.45750000,39918.89000000
Dorian Serrano,2026-08-12 20:04:48.064224,153059.45750000,21912161.33250000,16,1508941.81000000,153822.78300000
Dorian Serrano,2026-08-12 20:04:40.514912,144055.96000000,11318241.24000000,17,2281731.59000000,43528.24500000
Dorian Serrano,2026-08-12 20:04:43.006541,43528.24500000,11361769.48500000,18,144055.96000000,616634.85000000
Dorian Serrano,2026-08-12 20:04:49.447983,39918.89000000,22105903.00550000,19,153822.78300000,2768819.70000000
Doris Orr,2026-08-12 20:04:51.667895,4213313.51000000,15059682.51850000,1,654713.91000000,149739.98000000
Doris Orr,2026-08-12 20:04:36.229177,2994799.60000000,2994799.60000000,2,,2953663.68000000
Doris Orr,2026-08-12 20:04:41.355522,2953663.68000000,5948463.28000000,3,2994799.60000000,553759.68000000
Doris Orr,2026-08-12 20:04:54.304274,1944260.67000000,17153683.16850000,4,149739.98000000,
Doris Orr,2026-08-12 20:04:47.525215,1340273.61000000,10016795.94000000,5,995462.73000000,171225.57000000
Doris Orr,2026-08-12 20:04:44.271541,995462.73000000,8676522.33000000,6,718176.69000000,1340273.61000000
Doris Orr,2026-08-12 20:04:43.589895,718176.69000000,7681059.60000000,7,460659.95000000,995462.73000000
Doris Orr,2026-08-12 20:04:51.042930,654713.91000000,10846369.00850000,8,3633.58850000,4213313.51000000
Doris Orr,2026-08-12 20:04:41.408484,553759.68000000,6502222.96000000,9,2953663.68000000,460659.95000000
Doris Orr,2026-08-12 20:04:41.962940,460659.95000000,6962882.91000000,10,553759.68000000,718176.69000000
Doris Orr,2026-08-12 20:04:49.100817,171225.57000000,10188021.51000000,11,1340273.61000000,3633.58850000
Doris Orr,2026-08-12 20:04:52.304478,149739.98000000,15209422.49850000,12,4213313.51000000,1944260.67000000
Doris Orr,2026-08-12 20:04:49.799243,3633.58850000,10191655.09850000,13,171225.57000000,654713.91000000
Doris Ruiz,2026-08-12 20:04:49.019260,2489568.02600000,4676394.71550000,1,1857498.76950000,
Doris Ruiz,2026-08-12 20:04:37.934302,1857498.76950000,2186826.68950000,2,329327.92000000,2489568.02600000
Doris Ruiz,2026-08-12 20:04:33.928532,329327.92000000,329327.92000000,3,,1857498.76950000
Dorothy Flores,2026-08-12 20:04:46.197208,1671035.17050000,3095745.70050000,1,1424710.53000000,1243055.71000000
Dorothy Flores,2026-08-12 20:04:39.528232,1424710.53000000,1424710.53000000,2,,1671035.17050000
Dorothy Flores,2026-08-12 20:04:48.733381,1243055.71000000,4338801.41050000,3,1671035.17050000,270647.96000000
Dorothy Flores,2026-08-12 20:04:55.006116,966839.80000000,5576289.17050000,4,270647.96000000,
Dorothy Flores,2026-08-12 20:04:49.186345,270647.96000000,4609449.37050000,5,1243055.71000000,966839.80000000
Douglas Henderson,2026-08-12 20:04:44.655382,3793029.57000000,4868056.10000000,1,47474.85000000,131144.78300000
Douglas Henderson,2026-08-12 20:04:41.979234,1027551.68000000,1027551.68000000,2,,47474.85000000
Douglas Henderson,2026-08-12 20:04:53.720101,646463.72000000,5645664.60300000,3,131144.78300000,96077.99000000
Douglas Henderson,2026-08-12 20:04:52.398290,131144.78300000,4999200.88300000,4,3793029.57000000,646463.72000000
Douglas Henderson,2026-08-12 20:04:55.091731,96077.99000000,5741742.59300000,5,646463.72000000,
Douglas Henderson,2026-08-12 20:04:43.377819,47474.85000000,1075026.53000000,6,1027551.68000000,3793029.57000000
Dwayne Conway,2026-08-12 20:04:41.563459,845449.90000000,939296.68300000,1,93846.78300000,132479.68000000
Dwayne Conway,2026-08-12 20:04:49.333574,584170.93000000,1983584.75700000,2,327637.46400000,
Dwayne Conway,2026-08-12 20:04:47.741605,327637.46400000,1399413.82700000,3,132479.68000000,584170.93000000
Dwayne Conway,2026-08-12 20:04:42.835324,132479.68000000,1071776.36300000,4,845449.90000000,327637.46400000
Dwayne Conway,2026-08-12 20:04:39.018273,93846.78300000,93846.78300000,5,,845449.90000000
Dylan Bradley,2026-08-12 20:04:47.094602,3071319.60000000,5567551.02000000,1,751215.84000000,661066.81000000
Dylan Bradley,2026-08-12 20:04:50.545652,1779141.77000000,8007759.60000000,2,661066.81000000,
Dylan Bradley,2026-08-12 20:04:37.746883,1745015.58000000,1745015.58000000,3,,751215.84000000
Dylan Bradley,2026-08-12 20:04:45.870898,751215.84000000,2496231.42000000,4,1745015.58000000,3071319.60000000
Dylan Bradley,2026-08-12 20:04:47.778445,661066.81000000,6228617.83000000,5,3071319.60000000,1779141.77000000
Earnest Barber,2026-08-12 20:04:39.605595,3617522.61000000,7605914.82000000,1,1895799.60000000,2098337.78000000
Earnest Barber,2026-08-12 20:04:53.650539,2463167.68000000,14451514.97000000,2,1481439.84000000,1219439.85000000
Earnest Barber,2026-08-12 20:04:45.765037,2098337.78000000,9704252.60000000,3,3617522.61000000,738695.92000000
Earnest Barber,2026-08-12 20:04:39.112099,1895799.60000000,3988392.21000000,4,1427424.75000000,3617522.61000000
Earnest Barber,2026-08-12 20:04:52.977482,1481439.84000000,11988347.29000000,5,63958.93000000,2463167.68000000
Earnest Barber,2026-08-12 20:04:36.661843,1427424.75000000,2092592.61000000,6,665167.86000000,1895799.60000000
Earnest Barber,2026-08-12 20:04:54.618430,1219439.85000000,15670954.82000000,7,2463167.68000000,
Earnest Barber,2026-08-12 20:04:45.846475,738695.92000000,10442948.52000000,8,2098337.78000000,63958.93000000
Earnest Barber,2026-08-12 20:04:35.283397,665167.86000000,665167.86000000,9,,1427424.75000000
Earnest Barber,2026-08-12 20:04:50.472245,63958.93000000,10506907.45000000,10,738695.92000000,1481439.84000000
Eddie Barber,2026-08-12 20:04:42.134184,4410899.55000000,5408771.43000000,1,997871.88000000,1685150.73000000
Eddie Barber,2026-08-12 20:04:47.905119,2075895.53000000,10341294.26000000,2,920564.73000000,1149829.78000000
Eddie Barber,2026-08-12 20:04:42.990223,1685150.73000000,7093922.16000000,3,4410899.55000000,250911.84000000
Eddie Barber,2026-08-12 20:04:49.268319,1149829.78000000,11491124.04000000,4,2075895.53000000,283544.97000000
Eddie Barber,2026-08-12 20:04:42.011813,997871.88000000,997871.88000000,5,,4410899.55000000
Eddie Barber,2026-08-12 20:04:43.369671,920564.73000000,8265398.73000000,6,250911.84000000,2075895.53000000
Eddie Barber,2026-08-12 20:04:50.924642,283544.97000000,11774669.01000000,7,1149829.78000000,46052.91000000
Eddie Barber,2026-08-12 20:04:43.206475,250911.84000000,7344834.00000000,8,1685150.73000000,920564.73000000
Eddie Barber,2026-08-12 20:04:53.487328,196055.94000000,12016777.86000000,9,46052.91000000,
Eddie Barber,2026-08-12 20:04:52.014750,46052.91000000,11820721.92000000,10,283544.97000000,196055.94000000
Edward Campbell,2026-08-12 20:04:39.193594,3550980.51000000,8879363.30000000,1,943814.85000000,1511001.69000000
Edward Campbell,2026-08-12 20:04:35.136565,2377124.55000000,2377124.55000000,2,,417701.57000000
Edward Campbell,2026-08-12 20:04:37.877236,1589741.82000000,4384567.94000000,3,417701.57000000,943814.85000000
Edward Campbell,2026-08-12 20:04:47.684407,1511001.69000000,10390364.99000000,4,3550980.51000000,750043.81000000
Edward Campbell,2026-08-12 20:04:38.514041,943814.85000000,5328382.79000000,5,1589741.82000000,3550980.51000000
Edward Campbell,2026-08-12 20:04:53.434335,750043.81000000,11140408.80000000,6,1511001.69000000,
Edward Campbell,2026-08-12 20:04:35.585155,417701.57000000,2794826.12000000,7,2377124.55000000,1589741.82000000
Edwin Donaldson,2026-08-12 20:04:44.406159,2010383.76000000,4721391.04000000,1,1174885.77000000,1888891.69000000
Edwin Donaldson,2026-08-12 20:04:47.439694,1888891.69000000,6610282.73000000,2,2010383.76000000,835196.67000000
Edwin Donaldson,2026-08-12 20:04:38.155028,1530891.56000000,1530891.56000000,3,,5229.95000000
Edwin Donaldson,2026-08-12 20:04:39.446653,1174885.77000000,2711007.28000000,4,5229.95000000,2010383.76000000
Edwin Donaldson,2026-08-12 20:04:51.386040,835196.67000000,7445479.40000000,5,1888891.69000000,
Edwin Donaldson,2026-08-12 20:04:39.006061,5229.95000000,1536121.51000000,6,1530891.56000000,1174885.77000000
Effie Hale,2026-08-12 20:04:45.075634,3658863.56000000,4083479.48000000,1,424615.92000000,556539.80000000
Effie Hale,2026-08-12 20:04:53.267117,2497861.53000000,8693773.36000000,2,878156.91000000,
Effie Hale,2026-08-12 20:04:50.109359,878156.91000000,6195911.83000000,3,677735.64000000,2497861.53000000
Effie Hale,2026-08-12 20:04:48.802826,677735.64000000,5317754.92000000,4,556539.80000000,878156.91000000
Effie Hale,2026-08-12 20:04:45.459136,556539.80000000,4640019.28000000,5,3658863.56000000,677735.64000000
Effie Hale,2026-08-12 20:04:38.881266,424615.92000000,424615.92000000,6,,3658863.56000000
Eleanor Vargas,2026-08-12 20:04:41.151588,4385519.52000000,6958431.20000000,1,1183359.84000000,4294154.53000000
Eleanor Vargas,2026-08-12 20:04:43.141144,4294154.53000000,11252585.73000000,2,4385519.52000000,704759.70000000
Eleanor Vargas,2026-08-12 20:04:48.288538,2371693.62000000,16160658.85000000,3,1831619.80000000,
Eleanor Vargas,2026-08-12 20:04:48.076441,1831619.80000000,13788965.23000000,4,704759.70000000,2371693.62000000
Eleanor Vargas,2026-08-12 20:04:39.907368,1389551.84000000,1389551.84000000,5,,1183359.84000000
Eleanor Vargas,2026-08-12 20:04:40.763835,1183359.84000000,2572911.68000000,6,1389551.84000000,4385519.52000000
Eleanor Vargas,2026-08-12 20:04:47.901041,704759.70000000,11957345.43000000,7,4294154.53000000,1831619.80000000
Elena Lyons,2026-08-12 20:04:38.583479,3736571.58000000,4479819.47000000,1,743247.89000000,468181.87000000
Elena Lyons,2026-08-12 20:04:43.704179,2542921.62000000,7490922.96000000,2,468181.87000000,1927149.50000000
Elena Lyons,2026-08-12 20:04:46.450218,1927149.50000000,9418072.46000000,3,2542921.62000000,165086.61000000
Elena Lyons,2026-08-12 20:04:49.876831,1222815.72000000,10805974.79000000,4,165086.61000000,195623.67000000
Elena Lyons,2026-08-12 20:04:35.699243,743247.89000000,743247.89000000,5,,3736571.58000000
Elena Lyons,2026-08-12 20:04:40.518983,468181.87000000,4948001.34000000,6,3736571.58000000,2542921.62000000
Elena Lyons,2026-08-12 20:04:51.484085,195623.67000000,11001598.46000000,7,1222815.72000000,19133.99000000
Elena Lyons,2026-08-12 20:04:49.807427,165086.61000000,9583159.07000000,8,1927149.50000000,1222815.72000000
Elena Lyons,2026-08-12 20:04:55.152951,74789.91000000,11095522.36000000,9,19133.99000000,
Elena Lyons,2026-08-12 20:04:52.695951,19133.99000000,11020732.45000000,10,195623.67000000,74789.91000000
Elias Klein,2026-08-12 20:04:43.251350,2276329.69000000,5210252.95150000,1,1747675.47150000,582671.92000000
Elias Klein,2026-08-12 20:04:34.152916,1747675.47150000,2933923.26150000,2,1186247.79000000,2276329.69000000
Elias Klein,2026-08-12 20:04:34.046748,1186247.79000000,1186247.79000000,3,,1747675.47150000
Elias Klein,2026-08-12 20:04:51.451416,582671.92000000,5792924.87150000,4,2276329.69000000,
Elijah Andrews,2026-08-12 20:04:46.331916,4188329.55000000,8992039.53000000,1,2761163.58000000,93858.53000000
Elijah Andrews,2026-08-12 20:04:45.291832,2761163.58000000,4803709.98000000,2,99339.98000000,4188329.55000000
Elijah Andrews,2026-08-12 20:04:48.761986,2242259.70000000,11328157.76000000,3,93858.53000000,1582872.57000000
Elijah Andrews,2026-08-12 20:04:50.773865,1582872.57000000,12911030.33000000,4,2242259.70000000,881976.83000000
Elijah Andrews,2026-08-12 20:04:43.496184,1559647.53000000,1943206.42000000,5,383558.89000000,99339.98000000
Elijah Andrews,2026-08-12 20:04:51.778180,881976.83000000,13793007.16000000,6,1582872.57000000,879200.91000000
Elijah Andrews,2026-08-12 20:04:53.050876,879200.91000000,14672208.07000000,7,881976.83000000,
Elijah Andrews,2026-08-12 20:04:42.341886,383558.89000000,383558.89000000,8,,1559647.53000000
Elijah Andrews,2026-08-12 20:04:43.663361,99339.98000000,2042546.40000000,9,1559647.53000000,2761163.58000000
Elijah Andrews,2026-08-12 20:04:48.398688,93858.53000000,9085898.06000000,10,4188329.55000000,2242259.70000000
Elizabeth Martinez,2026-08-12 20:04:35.434181,3523239.60000000,4271142.47000000,1,747902.87000000,335454.77000000
Elizabeth Martinez,2026-08-12 20:04:49.570475,3384083.56000000,14186969.34000000,2,214835.96000000,168957.54000000
Elizabeth Martinez,2026-08-12 20:04:37.661272,1849429.77000000,6742616.86000000,3,286589.85000000,1768959.60000000
Elizabeth Martinez,2026-08-12 20:04:38.146863,1768959.60000000,8511576.46000000,4,1849429.77000000,114635.94000000
Elizabeth Martinez,2026-08-12 20:04:51.394197,1401098.79000000,15757025.67000000,5,168957.54000000,
Elizabeth Martinez,2026-08-12 20:04:44.124645,1046298.83000000,9672511.23000000,6,114635.94000000,400960.89000000
Elizabeth Martinez,2026-08-12 20:04:35.214113,747902.87000000,747902.87000000,7,,3523239.60000000
Elizabeth Martinez,2026-08-12 20:04:46.572674,458977.74000000,10588049.82000000,8,55599.96000000,214835.96000000
Elizabeth Martinez,2026-08-12 20:04:45.980858,400960.89000000,10073472.12000000,9,1046298.83000000,55599.96000000
Elizabeth Martinez,2026-08-12 20:04:36.759959,335454.77000000,4606597.24000000,10,3523239.60000000,286589.85000000
Elizabeth Martinez,2026-08-12 20:04:37.108843,286589.85000000,4893187.09000000,11,335454.77000000,1849429.77000000
Elizabeth Martinez,2026-08-12 20:04:49.190769,214835.96000000,10802885.78000000,12,458977.74000000,3384083.56000000
Elizabeth Martinez,2026-08-12 20:04:50.337725,168957.54000000,14355926.88000000,13,3384083.56000000,1401098.79000000
Elizabeth Martinez,2026-08-12 20:04:41.188340,114635.94000000,8626212.40000000,14,1768959.60000000,1046298.83000000
Elizabeth Martinez,2026-08-12 20:04:46.082894,55599.96000000,10129072.08000000,15,400960.89000000,458977.74000000
Ellen Carr,2026-08-12 20:04:36.102718,3566079.60000000,6095829.10000000,1,2529749.50000000,941039.82000000
Ellen Carr,2026-08-12 20:04:35.474915,2529749.50000000,2529749.50000000,2,,3566079.60000000
Ellen Carr,2026-08-12 20:04:53.197843,1994705.73000000,9031574.65000000,3,941039.82000000,
Ellen Carr,2026-08-12 20:04:36.956015,941039.82000000,7036868.92000000,4,3566079.60000000,1994705.73000000
Ellis Mcgee,2026-08-12 20:04:36.265865,859578.81000000,859578.81000000,1,,
Elma Salinas,2026-08-12 20:04:45.202228,4238466.57000000,7140930.03000000,1,196745.94000000,146767.98000000
Elma Salinas,2026-08-12 20:04:35.658471,1831907.61000000,1831907.61000000,2,,873809.91000000
Elma Salinas,2026-08-12 20:04:52.235087,1796897.77000000,9236515.30000000,3,151919.52000000,730652.79000000
Elma Salinas,2026-08-12 20:04:36.347439,873809.91000000,2705717.52000000,4,1831907.61000000,196745.94000000
Elma Salinas,2026-08-12 20:04:53.079420,730652.79000000,9967168.09000000,5,1796897.77000000,92756.99000000
Elma Salinas,2026-08-12 20:04:43.365597,196745.94000000,2902463.46000000,6,873809.91000000,4238466.57000000
Elma Salinas,2026-08-12 20:04:50.007325,151919.52000000,7439617.53000000,7,146767.98000000,1796897.77000000
Elma Salinas,2026-08-12 20:04:48.015309,146767.98000000,7287698.01000000,8,4238466.57000000,151919.52000000
Elma Salinas,2026-08-12 20:04:53.157024,92756.99000000,10059925.08000000,9,730652.79000000,
Elsa Novak,2026-08-12 20:04:51.312432,4051725.54000000,13989272.17000000,1,808807.72000000,2145361.71000000
Elsa Novak,2026-08-12 20:04:43.916479,2567305.51000000,5628250.84000000,2,445289.70000000,33263.88000000
Elsa Novak,2026-08-12 20:04:37.053870,2273403.72000000,2615655.63000000,3,342251.91000000,445289.70000000
Elsa Novak,2026-08-12 20:04:53.181537,2145361.71000000,16134633.88000000,4,4051725.54000000,
Elsa Novak,2026-08-12 20:04:46.054271,1647794.63000000,8856894.06000000,5,1547584.71000000,271844.85000000
Elsa Novak,2026-08-12 20:04:45.520321,1547584.71000000,7209099.43000000,6,33263.88000000,1647794.63000000
Elsa Novak,2026-08-12 20:04:51.243005,808807.72000000,9937546.63000000,7,271844.85000000,4051725.54000000
Elsa Novak,2026-08-12 20:04:43.239109,445289.70000000,3060945.33000000,8,2273403.72000000,2567305.51000000
Elsa Novak,2026-08-12 20:04:34.091681,342251.91000000,342251.91000000,9,,2273403.72000000
Elsa Novak,2026-08-12 20:04:47.472271,271844.85000000,9128738.91000000,10,1647794.63000000,808807.72000000
Elsa Novak,2026-08-12 20:04:45.304047,33263.88000000,5661514.72000000,11,2567305.51000000,1547584.71000000
Elva Roach,2026-08-12 20:04:39.772629,3142231.53000000,9577601.73350000,1,1759085.79000000,2144285.73000000
Elva Roach,2026-08-12 20:04:44.549146,3089873.53000000,14811760.99350000,2,2144285.73000000,2596745.69000000
Elva Roach,2026-08-12 20:04:37.783538,2878265.54000000,4676284.41350000,3,1467829.65000000,1759085.79000000
Elva Roach,2026-08-12 20:04:47.155822,2596745.69000000,17408506.68350000,4,3089873.53000000,97307.83000000
Elva Roach,2026-08-12 20:04:51.300196,2252249.75000000,19952218.24350000,5,194153.98000000,
Elva Roach,2026-08-12 20:04:44.434772,2144285.73000000,11721887.46350000,6,3142231.53000000,3089873.53000000
Elva Roach,2026-08-12 20:04:39.389458,1759085.79000000,6435370.20350000,7,2878265.54000000,3142231.53000000
Elva Roach,2026-08-12 20:04:36.123151,1467829.65000000,1798018.87350000,8,330189.22350000,2878265.54000000
Elva Roach,2026-08-12 20:04:34.185542,330189.22350000,330189.22350000,9,,1467829.65000000
Elva Roach,2026-08-12 20:04:49.354021,194153.98000000,17699968.49350000,10,97307.83000000,2252249.75000000
Elva Roach,2026-08-12 20:04:48.913075,97307.83000000,17505814.51350000,11,2596745.69000000,194153.98000000
Elvira Mclean,2026-08-12 20:04:38.918108,3925079.55000000,11559472.59000000,1,3825873.59000000,2324957.09400000
Elvira Mclean,2026-08-12 20:04:38.097734,3825873.59000000,7634393.04000000,2,3792399.50000000,3925079.55000000
Elvira Mclean,2026-08-12 20:04:37.286041,3792399.50000000,3808519.45000000,3,16119.95000000,3825873.59000000
Elvira Mclean,2026-08-12 20:04:50.125689,2950455.69000000,22907908.24400000,4,957505.78000000,165135.96000000
Elvira Mclean,2026-08-12 20:04:41.718460,2324957.09400000,13884429.68400000,5,3925079.55000000,1957999.75000000
Elvira Mclean,2026-08-12 20:04:45.267384,2235551.71000000,18999946.77400000,6,921965.63000000,957505.78000000
Elvira Mclean,2026-08-12 20:04:41.722535,1957999.75000000,15842429.43400000,7,2324957.09400000,921965.63000000
Elvira Mclean,2026-08-12 20:04:49.239818,957505.78000000,19957452.55400000,8,2235551.71000000,2950455.69000000
Elvira Mclean,2026-08-12 20:04:44.932877,921965.63000000,16764395.06400000,9,1957999.75000000,2235551.71000000
Elvira Mclean,2026-08-12 20:04:54.234914,180933.74000000,23253977.94400000,10,165135.96000000,
Elvira Mclean,2026-08-12 20:04:51.598450,165135.96000000,23073044.20400000,11,2950455.69000000,180933.74000000
Elvira Mclean,2026-08-12 20:04:34.671408,16119.95000000,16119.95000000,12,,3792399.50000000
Elvira Salinas,2026-08-12 20:04:34.806184,2956715.58000000,2956715.58000000,1,,926603.79000000
Elvira Salinas,2026-08-12 20:04:42.880167,2729459.70000000,10646368.16000000,2,1884875.79000000,479555.88000000
Elvira Salinas,2026-08-12 20:04:47.049708,2209793.77000000,13335717.81000000,3,479555.88000000,468463.62000000
Elvira Salinas,2026-08-12 20:04:39.103939,1884875.79000000,7916908.46000000,4,448990.53000000,2729459.70000000
Elvira Salinas,2026-08-12 20:04:37.351309,1699722.77000000,5583042.14000000,5,926603.79000000,448990.53000000
Elvira Salinas,2026-08-12 20:04:55.189719,1436095.84000000,16328709.15000000,6,178211.98000000,
Elvira Salinas,2026-08-12 20:04:35.939820,926603.79000000,3883319.37000000,7,2956715.58000000,1699722.77000000
Elvira Salinas,2026-08-12 20:04:48.790518,910219.90000000,14714401.33000000,8,468463.62000000,178211.98000000
Elvira Salinas,2026-08-12 20:04:45.230734,479555.88000000,11125924.04000000,9,2729459.70000000,2209793.77000000
Elvira Salinas,2026-08-12 20:04:48.594569,468463.62000000,13804181.43000000,10,2209793.77000000,910219.90000000
Elvira Salinas,2026-08-12 20:04:37.995596,448990.53000000,6032032.67000000,11,1699722.77000000,1884875.79000000
Elvira Salinas,2026-08-12 20:04:50.101183,178211.98000000,14892613.31000000,12,910219.90000000,1436095.84000000
Emily King,2026-08-12 20:04:40.131486,2449567.07700000,2718836.37600000,1,13759.74900000,1711199.69000000
Emily King,2026-08-12 20:04:46.972233,1711199.69000000,4430036.06600000,2,2449567.07700000,6958.99000000
Emily King,2026-08-12 20:04:36.694510,255509.55000000,255509.55000000,3,,13759.74900000
Emily King,2026-08-12 20:04:39.662587,13759.74900000,269269.29900000,4,255509.55000000,2449567.07700000
Emily King,2026-08-12 20:04:51.128652,6958.99000000,4436995.05600000,5,1711199.69000000,
Emma Kelly,2026-08-12 20:04:44.153280,2996883.56000000,7376733.62000000,1,730231.92000000,308807.94000000
Emma Kelly,2026-08-12 20:04:36.817176,1965239.55000000,1965239.55000000,2,,868527.81000000
Emma Kelly,2026-08-12 20:04:37.685747,868527.81000000,2833767.36000000,3,1965239.55000000,62630.91000000
Emma Kelly,2026-08-12 20:04:39.809359,753219.87000000,3649618.14000000,4,62630.91000000,730231.92000000
Emma Kelly,2026-08-12 20:04:42.146397,730231.92000000,4379850.06000000,5,753219.87000000,2996883.56000000
Emma Kelly,2026-08-12 20:04:50.195074,308807.94000000,7685541.56000000,6,2996883.56000000,
Emma Kelly,2026-08-12 20:04:39.332334,62630.91000000,2896398.27000000,7,868527.81000000,753219.87000000
Emmett Barber,2026-08-12 20:04:50.826804,4337817.53000000,9605888.76400000,1,496620.83000000,1018029.87000000
Emmett Barber,2026-08-12 20:04:51.516769,3466595.58000000,14090514.21400000,2,1018029.87000000,94446.99000000
Emmett Barber,2026-08-12 20:04:52.789700,2928559.60000000,17113520.80400000,3,94446.99000000,
Emmett Barber,2026-08-12 20:04:43.296279,2400399.50000000,2400399.50000000,4,,262919.93000000
Emmett Barber,2026-08-12 20:04:44.920650,1634147.82000000,4297467.25000000,5,262919.93000000,112393.49400000
Emmett Barber,2026-08-12 20:04:50.830876,1018029.87000000,10623918.63400000,6,4337817.53000000,3466595.58000000
Emmett Barber,2026-08-12 20:04:48.859979,496620.83000000,5268071.23400000,7,361589.66000000,4337817.53000000
Emmett Barber,2026-08-12 20:04:47.851950,361589.66000000,4771450.40400000,8,112393.49400000,496620.83000000
Emmett Barber,2026-08-12 20:04:43.687857,262919.93000000,2663319.43000000,9,2400399.50000000,1634147.82000000
Emmett Barber,2026-08-12 20:04:47.325171,112393.49400000,4409860.74400000,10,1634147.82000000,361589.66000000
Emmett Barber,2026-08-12 20:04:52.561291,94446.99000000,14184961.20400000,11,3466595.58000000,2928559.60000000
Eric Cook,2026-08-12 20:04:38.387427,4515451.54000000,6320337.35000000,1,1804885.81000000,291719.90000000
Eric Cook,2026-08-12 20:04:43.059552,3275279.55000000,9887336.80000000,2,291719.90000000,2622.99000000
Eric Cook,2026-08-12 20:04:50.011398,1895211.62000000,11785171.41000000,3,2622.99000000,789205.71000000
Eric Cook,2026-08-12 20:04:37.869092,1804885.81000000,1804885.81000000,4,,4515451.54000000
Eric Cook,2026-08-12 20:04:50.883830,789205.71000000,12574377.12000000,5,1895211.62000000,463209.05550000
Eric Cook,2026-08-12 20:04:55.010190,590973.59000000,13628559.76550000,6,463209.05550000,
Eric Cook,2026-08-12 20:04:54.732725,463209.05550000,13037586.17550000,7,789205.71000000,590973.59000000
Eric Cook,2026-08-12 20:04:39.862445,291719.90000000,6612057.25000000,8,4515451.54000000,3275279.55000000
Eric Cook,2026-08-12 20:04:47.341488,2622.99000000,9889959.79000000,9,3275279.55000000,1895211.62000000
Erich Floyd,2026-08-12 20:04:40.706707,2950415.64000000,2950415.64000000,1,,829769.83000000
Erich Floyd,2026-08-12 20:04:50.549722,2349759.68000000,6129945.15000000,2,829769.83000000,
Erich Floyd,2026-08-12 20:04:48.635372,829769.83000000,3780185.47000000,3,2950415.64000000,2349759.68000000
Erik Mclaughlin,2026-08-12 20:04:46.654332,3390239.65000000,7220608.65000000,1,787834.81000000,975136.83000000
Erik Mclaughlin,2026-08-12 20:04:35.784959,2533932.71000000,2835097.48000000,2,131004.93000000,207436.71000000
Erik Mclaughlin,2026-08-12 20:04:48.574166,975136.83000000,8195745.48000000,3,3390239.65000000,
Erik Mclaughlin,2026-08-12 20:04:43.549128,787834.81000000,3830369.00000000,4,207436.71000000,3390239.65000000
Erik Mclaughlin,2026-08-12 20:04:41.257663,207436.71000000,3042534.19000000,5,2533932.71000000,787834.81000000
Erik Mclaughlin,2026-08-12 20:04:34.450913,170159.84000000,170159.84000000,6,,131004.93000000
Erik Mclaughlin,2026-08-12 20:04:35.075325,131004.93000000,301164.77000000,7,170159.84000000,2533932.71000000
Erin Meyer,2026-08-12 20:04:38.546732,3889005.57000000,3955455.07000000,1,66449.50000000,2616602.67000000
Erin Meyer,2026-08-12 20:04:50.802370,3809387.56000000,11536881.75000000,2,1127615.52000000,1262323.86000000
Erin Meyer,2026-08-12 20:04:39.564872,2616602.67000000,6572057.74000000,3,3889005.57000000,3401.94000000
Erin Meyer,2026-08-12 20:04:51.165369,1262323.86000000,12799205.61000000,4,3809387.56000000,412437.87000000
Erin Meyer,2026-08-12 20:04:50.015471,1127615.52000000,7727494.19000000,5,24418.99000000,3809387.56000000
Erin Meyer,2026-08-12 20:04:51.512684,412437.87000000,13211643.48000000,6,1262323.86000000,
Erin Meyer,2026-08-12 20:04:37.803930,66449.50000000,66449.50000000,7,,3889005.57000000
Erin Meyer,2026-08-12 20:04:43.540984,24418.99000000,6599878.67000000,8,3401.94000000,1127615.52000000
Erin Meyer,2026-08-12 20:04:39.768539,3401.94000000,6575459.68000000,9,2616602.67000000,24418.99000000
Ernestine Gillespie,2026-08-12 20:04:50.468169,2839031.58000000,6875367.79000000,1,1589969.70000000,
Ernestine Gillespie,2026-08-12 20:04:45.410175,2276774.55000000,2276774.55000000,2,,169591.96000000
Ernestine Gillespie,2026-08-12 20:04:49.068225,1589969.70000000,4036336.21000000,3,169591.96000000,2839031.58000000
Ernestine Gillespie,2026-08-12 20:04:46.250249,169591.96000000,2446366.51000000,4,2276774.55000000,1589969.70000000
Esperanza Middleton,2026-08-12 20:04:39.642230,2979749.50000000,8178078.81650000,1,1288384.65000000,987730.59000000
Esperanza Middleton,2026-08-12 20:04:42.211554,2365330.69000000,11531140.09650000,2,987730.59000000,2330288.73000000
Esperanza Middleton,2026-08-12 20:04:42.513092,2330288.73000000,13861428.82650000,3,2365330.69000000,180399.98000000
Esperanza Middleton,2026-08-12 20:04:35.054941,1793434.65000000,3907239.97500000,4,253187.82000000,2704.69150000
Esperanza Middleton,2026-08-12 20:04:46.458371,1558385.82000000,16735378.47650000,5,461333.94000000,201893.54000000
Esperanza Middleton,2026-08-12 20:04:38.501760,1288384.65000000,5198329.31650000,6,2704.69150000,2979749.50000000
Esperanza Middleton,2026-08-12 20:04:50.989929,1206009.87000000,18143281.88650000,7,201893.54000000,
Esperanza Middleton,2026-08-12 20:04:34.373341,1056143.76000000,1056143.76000000,8,,804473.74500000
Esperanza Middleton,2026-08-12 20:04:40.629085,987730.59000000,9165809.40650000,9,2979749.50000000,2365330.69000000
Esperanza Middleton,2026-08-12 20:04:34.491623,804473.74500000,1860617.50500000,10,1056143.76000000,253187.82000000
Esperanza Middleton,2026-08-12 20:04:46.315622,673829.91000000,14715658.71650000,11,180399.98000000,461333.94000000
Esperanza Middleton,2026-08-12 20:04:46.384942,461333.94000000,15176992.65650000,12,673829.91000000,1558385.82000000
Esperanza Middleton,2026-08-12 20:04:35.026395,253187.82000000,2113805.32500000,13,804473.74500000,1793434.65000000
Esperanza Middleton,2026-08-12 20:04:49.737958,201893.54000000,16937272.01650000,14,1558385.82000000,1206009.87000000
Esperanza Middleton,2026-08-12 20:04:45.887188,180399.98000000,14041828.80650000,15,2330288.73000000,673829.91000000
Esperanza Middleton,2026-08-12 20:04:35.360874,2704.69150000,3909944.66650000,16,1793434.65000000,1288384.65000000
Essie Orr,2026-08-12 20:04:54.202239,3614636.61000000,10975947.28000000,1,417359.76000000,1635263.83000000
Essie Orr,2026-08-12 20:04:40.804630,2428975.56000000,5085749.76000000,2,515409.63000000,976073.37700000
Essie Orr,2026-08-12 20:04:38.526302,1810495.68000000,2141364.57000000,3,330868.89000000,515409.63000000
Essie Orr,2026-08-12 20:04:54.610284,1635263.83000000,12611211.11000000,4,3614636.61000000,
Essie Orr,2026-08-12 20:04:41.016981,976073.37700000,6061823.13700000,5,2428975.56000000,109972.83000000
Essie Orr,2026-08-12 20:04:48.060153,772154.94300000,6943950.91000000,6,109972.83000000,417359.76000000
Essie Orr,2026-08-12 20:04:39.952204,515409.63000000,2656774.20000000,7,1810495.68000000,2428975.56000000
Essie Orr,2026-08-12 20:04:51.467754,417359.76000000,7361310.67000000,8,772154.94300000,3614636.61000000
Essie Orr,2026-08-12 20:04:36.437277,330868.89000000,330868.89000000,9,,1810495.68000000
Essie Orr,2026-08-12 20:04:47.237368,109972.83000000,6171795.96700000,10,976073.37700000,772154.94300000
Estelle Hays,2026-08-12 20:04:53.981388,3932999.54000000,10648131.25800000,1,505907.91000000,926612.73000000
Estelle Hays,2026-08-12 20:04:52.088240,1744700.79000000,6209223.80800000,2,1230783.68000000,505907.91000000
Estelle Hays,2026-08-12 20:04:40.510836,1504711.78000000,1668589.67000000,3,163877.89000000,1243366.12800000
Estelle Hays,2026-08-12 20:04:41.200585,1243366.12800000,2911955.79800000,4,1504711.78000000,171911.71000000
Estelle Hays,2026-08-12 20:04:44.647206,1230783.68000000,4464523.01800000,5,149871.83000000,1744700.79000000
Estelle Hays,2026-08-12 20:04:54.957221,926612.73000000,11574743.98800000,6,3932999.54000000,
Estelle Hays,2026-08-12 20:04:53.352746,505907.91000000,6715131.71800000,7,1744700.79000000,3932999.54000000
Estelle Hays,2026-08-12 20:04:42.692630,171911.71000000,3083867.50800000,8,1243366.12800000,149871.83000000
Estelle Hays,2026-08-12 20:04:37.799858,163877.89000000,163877.89000000,9,,1504711.78000000
Estelle Hays,2026-08-12 20:04:43.463535,149871.83000000,3233739.33800000,10,171911.71000000,1230783.68000000
Ethan Rose,2026-08-12 20:04:43.288118,3074987.58000000,3074987.58000000,1,,941541.86000000
Ethan Rose,2026-08-12 20:04:44.945094,941541.86000000,4016529.44000000,2,3074987.58000000,
Etta Rosales,2026-08-12 20:04:38.093651,4328849.50000000,8461092.89000000,1,3288166.57000000,83719.98000000
Etta Rosales,2026-08-12 20:04:37.987426,3288166.57000000,4132243.39000000,2,643919.85000000,4328849.50000000
Etta Rosales,2026-08-12 20:04:55.116256,1244627.67000000,11011755.71850000,3,1203709.31850000,
Etta Rosales,2026-08-12 20:04:53.087583,1203709.31850000,9767128.04850000,4,18605.86000000,1244627.67000000
Etta Rosales,2026-08-12 20:04:37.950644,643919.85000000,844076.82000000,5,200156.97000000,3288166.57000000
Etta Rosales,2026-08-12 20:04:34.773466,200156.97000000,200156.97000000,6,,643919.85000000
Etta Rosales,2026-08-12 20:04:39.487441,83719.98000000,8544812.87000000,7,4328849.50000000,18605.86000000
Etta Rosales,2026-08-12 20:04:47.362196,18605.86000000,8563418.73000000,8,83719.98000000,1203709.31850000
Eula Lindsey,2026-08-12 20:04:53.340506,2659311.30050000,11316935.63050000,1,1618700.79000000,159099.50000000
Eula Lindsey,2026-08-12 20:04:51.835257,2352485.54000000,7038923.54000000,2,1920319.60000000,1618700.79000000
Eula Lindsey,2026-08-12 20:04:37.518445,2146605.78000000,2482871.71000000,3,336265.93000000,283246.69000000
Eula Lindsey,2026-08-12 20:04:47.504850,1920319.60000000,4686438.00000000,4,283246.69000000,2352485.54000000
Eula Lindsey,2026-08-12 20:04:52.793796,1618700.79000000,8657624.33000000,5,2352485.54000000,2659311.30050000
Eula Lindsey,2026-08-12 20:04:33.838888,336265.93000000,336265.93000000,6,,2146605.78000000
Eula Lindsey,2026-08-12 20:04:46.099197,283246.69000000,2766118.40000000,7,2146605.78000000,1920319.60000000
Eula Lindsey,2026-08-12 20:04:53.491403,159099.50000000,11476035.13050000,8,2659311.30050000,
Eunice Conley,2026-08-12 20:04:50.390681,4853849.50000000,10043206.80000000,1,1818986.69000000,1556099.50000000
Eunice Conley,2026-08-12 20:04:41.795833,3076455.66000000,3076455.66000000,2,,275791.96000000
Eunice Conley,2026-08-12 20:04:49.823791,1818986.69000000,5189357.30000000,3,18122.99000000,4853849.50000000
Eunice Conley,2026-08-12 20:04:50.598610,1556099.50000000,11599306.30000000,4,4853849.50000000,1126277.82000000
Eunice Conley,2026-08-12 20:04:51.108226,1126277.82000000,12725584.12000000,5,1556099.50000000,
Eunice Conley,2026-08-12 20:04:43.949093,275791.96000000,3352247.62000000,6,3076455.66000000,18122.99000000
Eunice Conley,2026-08-12 20:04:46.266590,18122.99000000,3370370.61000000,7,275791.96000000,1818986.69000000
Evan Chapman,2026-08-12 20:04:34.352946,2499031.59000000,2499031.59000000,1,,664159.80000000
Evan Chapman,2026-08-12 20:04:45.361143,2343431.58000000,5506622.97000000,2,664159.80000000,482712.93000000
Evan Chapman,2026-08-12 20:04:54.606208,1908279.80000000,8973928.49000000,3,1076312.79000000,
Evan Chapman,2026-08-12 20:04:53.328278,1076312.79000000,7065648.69000000,4,482712.93000000,1908279.80000000
Evan Chapman,2026-08-12 20:04:42.941322,664159.80000000,3163191.39000000,5,2499031.59000000,2343431.58000000
Evan Chapman,2026-08-12 20:04:48.892668,482712.93000000,5989335.90000000,6,2343431.58000000,1076312.79000000
Evelyn Fisher,2026-08-12 20:04:36.441366,4546464.51000000,4546464.51000000,1,,407987.58000000
Evelyn Fisher,2026-08-12 20:04:40.111115,2916689.64300000,8914975.49300000,2,494999.95000000,1890299.80000000
Evelyn Fisher,2026-08-12 20:04:52.206564,2815000.71000000,19304303.76300000,3,755887.86000000,1969959.66000000
Evelyn Fisher,2026-08-12 20:04:49.317265,2463929.65000000,14566535.59300000,4,308807.94000000,1166879.60000000
Evelyn Fisher,2026-08-12 20:04:54.900046,1969959.66000000,21274263.42300000,5,2815000.71000000,
Evelyn Fisher,2026-08-12 20:04:40.678169,1890299.80000000,10805275.29300000,6,2916689.64300000,988522.71000000
Evelyn Fisher,2026-08-12 20:04:50.578246,1166879.60000000,15733415.19300000,7,2463929.65000000,755887.86000000
Evelyn Fisher,2026-08-12 20:04:44.679911,988522.71000000,11793798.00300000,8,1890299.80000000,308807.94000000
Evelyn Fisher,2026-08-12 20:04:51.741440,755887.86000000,16489303.05300000,9,1166879.60000000,2815000.71000000
Evelyn Fisher,2026-08-12 20:04:39.054973,548833.81000000,5503285.90000000,10,407987.58000000,494999.95000000
Evelyn Fisher,2026-08-12 20:04:39.817512,494999.95000000,5998285.85000000,11,548833.81000000,2916689.64300000
Evelyn Fisher,2026-08-12 20:04:36.580151,407987.58000000,4954452.09000000,12,4546464.51000000,548833.81000000
Evelyn Fisher,2026-08-12 20:04:46.666585,308807.94000000,12102605.94300000,13,988522.71000000,2463929.65000000
Fabian Joseph,2026-08-12 20:04:49.390854,1840707.53000000,2026657.48000000,1,185949.95000000,573712.43850000
Fabian Joseph,2026-08-12 20:04:54.410442,573712.43850000,2600369.91850000,2,1840707.53000000,
Fabian Joseph,2026-08-12 20:04:46.417593,185949.95000000,185949.95000000,3,,1840707.53000000
Faith Bender,2026-08-12 20:04:42.627393,3676023.56000000,8243583.94000000,1,1460890.77000000,252731.96000000
Faith Bender,2026-08-12 20:04:52.275871,1634115.56000000,13938761.18000000,2,642563.61000000,38807.86000000
Faith Bender,2026-08-12 20:04:36.192485,1614017.58000000,2465901.20000000,3,851883.62000000,297113.54000000
Faith Bender,2026-08-12 20:04:46.531841,1593585.69000000,10850668.42000000,4,760766.83000000,118853.69000000
Faith Bender,2026-08-12 20:04:40.588253,1460890.77000000,4567560.38000000,5,343654.87000000,3676023.56000000
Faith Bender,2026-08-12 20:04:34.904083,851883.62000000,851883.62000000,6,,1614017.58000000
Faith Bender,2026-08-12 20:04:46.238022,760766.83000000,9257082.73000000,7,252731.96000000,1593585.69000000
Faith Bender,2026-08-12 20:04:49.370372,692559.90000000,11662082.01000000,8,118853.69000000,642563.61000000
Faith Bender,2026-08-12 20:04:51.504508,642563.61000000,12304645.62000000,9,692559.90000000,1634115.56000000
Faith Bender,2026-08-12 20:04:40.290442,343654.87000000,3106669.61000000,10,297113.54000000,1460890.77000000
Faith Bender,2026-08-12 20:04:36.225100,297113.54000000,2763014.74000000,11,1614017.58000000,343654.87000000
Faith Bender,2026-08-12 20:04:43.504331,252731.96000000,8496315.90000000,12,3676023.56000000,760766.83000000
Faith Bender,2026-08-12 20:04:47.304718,118853.69000000,10969522.11000000,13,1593585.69000000,692559.90000000
Faith Bender,2026-08-12 20:04:55.206060,38807.86000000,13977569.04000000,14,1634115.56000000,
Fannie Hutchinson,2026-08-12 20:04:50.557867,3159274.51000000,10846642.88000000,1,985871.77000000,459737.91000000
Fannie Hutchinson,2026-08-12 20:04:38.469092,2924107.56000000,5744410.86000000,2,1012967.78000000,957085.74000000
Fannie Hutchinson,2026-08-12 20:04:37.013058,1208759.60000000,1208759.60000000,3,,598575.92000000
Fannie Hutchinson,2026-08-12 20:04:38.257002,1012967.78000000,2820303.30000000,4,598575.92000000,2924107.56000000
Fannie Hutchinson,2026-08-12 20:04:44.798372,985871.77000000,7687368.37000000,5,957085.74000000,3159274.51000000
Fannie Hutchinson,2026-08-12 20:04:39.833882,957085.74000000,6701496.60000000,6,2924107.56000000,985871.77000000
Fannie Hutchinson,2026-08-12 20:04:37.117229,598575.92000000,1807335.52000000,7,1208759.60000000,1012967.78000000
Fannie Hutchinson,2026-08-12 20:04:53.969163,478388.10900000,11784768.89900000,8,459737.91000000,
Fannie Hutchinson,2026-08-12 20:04:52.247306,459737.91000000,11306380.79000000,9,3159274.51000000,478388.10900000
Faye Higgins,2026-08-12 20:04:35.780890,3422537.58000000,4372937.40000000,1,950399.82000000,1852735.68000000
Faye Higgins,2026-08-12 20:04:52.553147,2483612.67000000,10851817.04000000,2,630058.81000000,
Faye Higgins,2026-08-12 20:04:38.985682,1852735.68000000,6225673.08000000,3,3422537.58000000,760241.77000000
Faye Higgins,2026-08-12 20:04:34.802101,950399.82000000,950399.82000000,4,,3422537.58000000
Faye Higgins,2026-08-12 20:04:40.547488,760241.77000000,6985914.85000000,5,1852735.68000000,752230.71000000
Faye Higgins,2026-08-12 20:04:41.645094,752230.71000000,7738145.56000000,6,760241.77000000,630058.81000000
Faye Higgins,2026-08-12 20:04:44.312316,630058.81000000,8368204.37000000,7,752230.71000000,2483612.67000000
Felix Whitehead,2026-08-12 20:04:43.210547,3527371.54000000,3828163.22000000,1,212519.80000000,685166.51000000
Felix Whitehead,2026-08-12 20:04:54.720507,685166.51000000,4513329.73000000,2,3527371.54000000,
Felix Whitehead,2026-08-12 20:04:40.147784,212519.80000000,300791.68000000,3,88271.88000000,3527371.54000000
Felix Whitehead,2026-08-12 20:04:34.336581,88271.88000000,88271.88000000,4,,212519.80000000
Fernando Glass,2026-08-12 20:04:36.221015,4315968.51000000,4980378.36000000,1,664409.85000000,175941.20250000
Fernando Glass,2026-08-12 20:04:42.460023,2931471.62000000,8087791.18250000,2,175941.20250000,1191053.74500000
Fernando Glass,2026-08-12 20:04:52.928547,1191053.74500000,9278844.92750000,3,2931471.62000000,
Fernando Glass,2026-08-12 20:04:36.066054,664409.85000000,664409.85000000,4,,4315968.51000000
Fernando Glass,2026-08-12 20:04:39.254729,175941.20250000,5156319.56250000,5,4315968.51000000,2931471.62000000
Forrest Brandt,2026-08-12 20:04:41.159761,1899879.80000000,3608076.59000000,1,198662.97000000,754271.82000000
Forrest Brandt,2026-08-12 20:04:49.133401,1867759.80000000,7900291.47000000,2,1123394.65000000,346691.94000000
Forrest Brandt,2026-08-12 20:04:40.567840,1509533.82000000,1509533.82000000,3,,198662.97000000
Forrest Brandt,2026-08-12 20:04:54.377677,1458743.81000000,11906802.98000000,4,1030103.88000000,264743.94000000
Forrest Brandt,2026-08-12 20:04:50.460024,1170971.88000000,9417955.29000000,5,346691.94000000,1030103.88000000
Forrest Brandt,2026-08-12 20:04:46.923283,1123394.65000000,6032531.67000000,6,511127.64000000,1867759.80000000
Forrest Brandt,2026-08-12 20:04:52.063747,1030103.88000000,10448059.17000000,7,1170971.88000000,1458743.81000000
Forrest Brandt,2026-08-12 20:04:42.447781,754271.82000000,4362348.41000000,8,1899879.80000000,35660.97000000
Forrest Brandt,2026-08-12 20:04:46.556335,511127.64000000,4909137.02000000,9,35660.97000000,1123394.65000000
Forrest Brandt,2026-08-12 20:04:49.811522,346691.94000000,8246983.41000000,10,1867759.80000000,1170971.88000000
Forrest Brandt,2026-08-12 20:04:54.908208,264743.94000000,12171546.92000000,11,1458743.81000000,
Forrest Brandt,2026-08-12 20:04:40.624999,198662.97000000,1708196.79000000,12,1509533.82000000,1899879.80000000
Forrest Brandt,2026-08-12 20:04:43.308528,35660.97000000,4398009.38000000,13,754271.82000000,511127.64000000
Frances Mills,2026-08-12 20:04:36.208791,3544199.50000000,3544199.50000000,1,,291339.86000000
Frances Mills,2026-08-12 20:04:38.020110,291339.86000000,3835539.36000000,2,3544199.50000000,222081.93000000
Frances Mills,2026-08-12 20:04:51.018478,222081.93000000,4057621.29000000,3,291339.86000000,
Francis Brennan,2026-08-12 20:04:38.224420,1631396.81000000,3207470.18000000,1,709311.92000000,841400.73000000
Francis Brennan,2026-08-12 20:04:53.789502,1248743.72000000,5616808.56000000,2,272927.94000000,
Francis Brennan,2026-08-12 20:04:40.086697,841400.73000000,4048870.91000000,3,1631396.81000000,46265.99000000
Francis Brennan,2026-08-12 20:04:37.017135,709311.92000000,1576073.37000000,4,657341.82000000,1631396.81000000
Francis Brennan,2026-08-12 20:04:36.429100,657341.82000000,866761.45000000,5,209419.63000000,709311.92000000
Francis Brennan,2026-08-12 20:04:52.414581,272927.94000000,4368064.84000000,6,46265.99000000,1248743.72000000
Francis Brennan,2026-08-12 20:04:36.396431,209419.63000000,209419.63000000,7,,657341.82000000
Francis Brennan,2026-08-12 20:04:50.806442,46265.99000000,4095136.90000000,8,841400.73000000,272927.94000000
Francisca Ware,2026-08-12 20:04:53.736428,1229309.70000000,1229309.70000000,1,,
Frank James,2026-08-12 20:04:38.175429,3538871.54000000,5909999.30000000,1,2371127.76000000,1056395.56000000
Frank James,2026-08-12 20:04:36.821258,2371127.76000000,2371127.76000000,2,,3538871.54000000
Frank James,2026-08-12 20:04:42.362250,1464279.80000000,8430674.66000000,3,1056395.56000000,333599.76000000
Frank James,2026-08-12 20:04:42.097463,1056395.56000000,6966394.86000000,4,3538871.54000000,1464279.80000000
Frank James,2026-08-12 20:04:55.108078,697318.81000000,9574105.15000000,5,112511.92000000,
Frank James,2026-08-12 20:04:50.810513,333599.76000000,8764274.42000000,6,1464279.80000000,112511.92000000
Frank James,2026-08-12 20:04:54.887810,112511.92000000,8876786.34000000,7,333599.76000000,697318.81000000
Freddie Rubio,2026-08-12 20:04:53.646439,3564855.53000000,9618459.30450000,1,1353974.79000000,
Freddie Rubio,2026-08-12 20:04:40.188526,2238845.62000000,3917170.96000000,2,796213.62000000,4183.96000000
Freddie Rubio,2026-08-12 20:04:53.613766,1353974.79000000,6053603.77450000,3,264568.97700000,3564855.53000000
Freddie Rubio,2026-08-12 20:04:34.830643,882111.72000000,882111.72000000,4,,796213.62000000
Freddie Rubio,2026-08-12 20:04:37.860947,796213.62000000,1678325.34000000,5,882111.72000000,2238845.62000000
Freddie Rubio,2026-08-12 20:04:53.552583,264568.97700000,4699628.98450000,6,262613.78000000,1353974.79000000
Freddie Rubio,2026-08-12 20:04:50.822729,262613.78000000,4435060.00750000,7,191863.92000000,264568.97700000
Freddie Rubio,2026-08-12 20:04:49.537750,191863.92000000,4172446.22750000,8,3968.93000000,262613.78000000
Freddie Rubio,2026-08-12 20:04:46.319694,55258.45750000,3976613.37750000,9,4183.96000000,3968.93000000
Freddie Rubio,2026-08-12 20:04:42.933174,4183.96000000,3921354.92000000,10,2238845.62000000,55258.45750000
Freddie Rubio,2026-08-12 20:04:48.492630,3968.93000000,3980582.30750000,11,55258.45750000,191863.92000000
Gabriel Spencer,2026-08-12 20:04:54.345041,2469879.72000000,14893494.81900000,1,2251233.62000000,
Gabriel Spencer,2026-08-12 20:04:48.839572,2460309.54000000,9766021.67900000,2,96716.99000000,406359.80000000
Gabriel Spencer,2026-08-12 20:04:35.756429,2303949.75000000,2303949.75000000,3,,321731.94000000
Gabriel Spencer,2026-08-12 20:04:42.782260,2252555.64000000,5332912.47900000,4,454675.14900000,1876082.67000000
Gabriel Spencer,2026-08-12 20:04:53.658711,2251233.62000000,12423615.09900000,5,406359.80000000,2469879.72000000
Gabriel Spencer,2026-08-12 20:04:43.357449,1876082.67000000,7208995.14900000,6,2252555.64000000,96716.99000000
Gabriel Spencer,2026-08-12 20:04:37.095781,454675.14900000,3080356.83900000,7,321731.94000000,2252555.64000000
Gabriel Spencer,2026-08-12 20:04:49.566379,406359.80000000,10172381.47900000,8,2460309.54000000,2251233.62000000
Gabriel Spencer,2026-08-12 20:04:36.567918,321731.94000000,2625681.69000000,9,2303949.75000000,454675.14900000
Gabriel Spencer,2026-08-12 20:04:44.026647,96716.99000000,7305712.13900000,10,1876082.67000000,2460309.54000000
Garrett Huff,2026-08-12 20:04:40.502683,2529507.62000000,4602123.23000000,1,2072615.61000000,1336481.86000000
Garrett Huff,2026-08-12 20:04:37.909824,2072615.61000000,2072615.61000000,2,,2529507.62000000
Garrett Huff,2026-08-12 20:04:48.178436,1336481.86000000,5938605.09000000,3,2529507.62000000,280724.85000000
Garrett Huff,2026-08-12 20:04:50.150191,280724.85000000,6219329.94000000,4,1336481.86000000,62847.24900000
Garrett Huff,2026-08-12 20:04:53.479169,265408.77700000,6634532.95600000,5,86946.99000000,120657.54000000
Garrett Huff,2026-08-12 20:04:55.169294,120657.54000000,6755190.49600000,6,265408.77700000,
Garrett Huff,2026-08-12 20:04:52.765227,86946.99000000,6369124.17900000,7,62847.24900000,265408.77700000
Garrett Huff,2026-08-12 20:04:51.545369,62847.24900000,6282177.18900000,8,280724.85000000,86946.99000000
Garry Huff,2026-08-12 20:04:53.973237,3664844.55000000,11803901.36300000,1,3311424.54300000,
Garry Huff,2026-08-12 20:04:49.913530,3311424.54300000,8139056.81300000,2,1149454.83000000,3664844.55000000
Garry Huff,2026-08-12 20:04:41.396251,2457055.68000000,3678177.44000000,3,530291.93000000,1149454.83000000
Garry Huff,2026-08-12 20:04:49.713447,1149454.83000000,4827632.27000000,4,2457055.68000000,3311424.54300000
Garry Huff,2026-08-12 20:04:38.261076,671007.84000000,671007.84000000,5,,19821.99000000
Garry Huff,2026-08-12 20:04:38.713933,530291.93000000,1221121.76000000,6,19821.99000000,2457055.68000000
Garry Huff,2026-08-12 20:04:38.448683,19821.99000000,690829.83000000,7,671007.84000000,530291.93000000
Gary Stewart,2026-08-12 20:04:36.090486,2802483.66000000,4100094.23000000,1,1297610.57000000,1683359.72000000
Gary Stewart,2026-08-12 20:04:36.727183,1683359.72000000,5783453.95000000,2,2802483.66000000,1394899.75000000
Gary Stewart,2026-08-12 20:04:50.084861,1457543.67000000,9924261.98000000,3,568021.74000000,99999.98000000
Gary Stewart,2026-08-12 20:04:44.263382,1394899.75000000,7178353.70000000,4,1683359.72000000,720342.87000000
Gary Stewart,2026-08-12 20:04:34.173301,1297610.57000000,1297610.57000000,5,,2802483.66000000
Gary Stewart,2026-08-12 20:04:44.749362,720342.87000000,7898696.57000000,6,1394899.75000000,568021.74000000
Gary Stewart,2026-08-12 20:04:46.617590,568021.74000000,8466718.31000000,7,720342.87000000,1457543.67000000
Gary Stewart,2026-08-12 20:13:14.211012,99999.98000000,10024261.96000000,8,1457543.67000000,22499.95500000
Gary Stewart,2026-08-12 20:13:14.211012,22499.95500000,10046761.91500000,9,99999.98000000,
Gavin Peters,2026-08-12 20:04:44.357157,1550447.63000000,4742965.92250000,1,660089.85000000,1505411.82000000
Gavin Peters,2026-08-12 20:04:52.161721,1505411.82000000,6248377.74250000,2,1550447.63000000,689233.51000000
Gavin Peters,2026-08-12 20:04:38.334441,1456321.70250000,1641241.55250000,3,184919.85000000,891186.89000000
Gavin Peters,2026-08-12 20:04:43.137058,891186.89000000,2532428.44250000,4,1456321.70250000,660089.85000000
Gavin Peters,2026-08-12 20:04:53.393604,689233.51000000,6937611.25250000,5,1505411.82000000,
Gavin Peters,2026-08-12 20:04:43.985823,660089.85000000,3192518.29250000,6,891186.89000000,1550447.63000000
Gavin Peters,2026-08-12 20:04:36.376017,184919.85000000,184919.85000000,7,,1456321.70250000
Genevieve Horn,2026-08-12 20:04:38.997916,2650499.69000000,2650499.69000000,1,,297142.89000000
Genevieve Horn,2026-08-12 20:04:53.438408,1677479.65000000,6630873.42000000,2,381101.94000000,1024673.69000000
Genevieve Horn,2026-08-12 20:04:43.749089,1352559.80000000,4572291.83000000,3,25949.50000000,381101.94000000
Genevieve Horn,2026-08-12 20:04:54.324658,1024673.69000000,7655547.11000000,4,1677479.65000000,
Genevieve Horn,2026-08-12 20:04:44.765699,381101.94000000,4953393.77000000,5,1352559.80000000,1677479.65000000
Genevieve Horn,2026-08-12 20:04:39.034585,297142.89000000,2947642.58000000,6,2650499.69000000,246139.95000000
Genevieve Horn,2026-08-12 20:04:40.702632,246139.95000000,3193782.53000000,7,297142.89000000,25949.50000000
Genevieve Horn,2026-08-12 20:04:42.321502,25949.50000000,3219732.03000000,8,246139.95000000,1352559.80000000
George Hall,2026-08-12 20:04:35.307933,3532017.54000000,6385298.07850000,1,273160.93850000,900982.83000000
George Hall,2026-08-12 20:04:34.254962,2580119.60000000,2580119.60000000,2,,273160.93850000
George Hall,2026-08-12 20:04:47.945949,2525249.50000000,11438144.75850000,3,470399.50000000,616139.55000000
George Hall,2026-08-12 20:04:41.424807,1156214.85000000,8442495.75850000,4,900982.83000000,470399.50000000
George Hall,2026-08-12 20:04:35.768666,900982.83000000,7286280.90850000,5,3532017.54000000,1156214.85000000
George Hall,2026-08-12 20:04:51.406458,616139.55000000,12054284.30850000,6,2525249.50000000,91079.78000000
George Hall,2026-08-12 20:04:44.055218,470399.50000000,8912895.25850000,7,1156214.85000000,2525249.50000000
George Hall,2026-08-12 20:04:34.646915,273160.93850000,2853280.53850000,8,2580119.60000000,3532017.54000000
George Hall,2026-08-12 20:04:53.205990,91079.78000000,12145364.08850000,9,616139.55000000,
Gerald Bryant,2026-08-12 20:04:35.540159,4521446.53000000,4521446.53000000,1,,
Gertrude Shepard,2026-08-12 20:04:49.145620,2435131.72000000,4601035.48000000,1,2165903.76000000,280475.51000000
Gertrude Shepard,2026-08-12 20:04:33.830745,2165903.76000000,2165903.76000000,2,,2435131.72000000
Gertrude Shepard,2026-08-12 20:04:49.366284,280475.51000000,4881510.99000000,3,2435131.72000000,227279.85000000
Gertrude Shepard,2026-08-12 20:04:50.916474,227279.85000000,5108790.84000000,4,280475.51000000,
Gilbert Doyle,2026-08-12 20:04:34.650999,2532771.56000000,2532771.56000000,1,,946883.62000000
Gilbert Doyle,2026-08-12 20:04:51.353348,2448893.58000000,12158424.42000000,2,2406453.59000000,289660.53000000
Gilbert Doyle,2026-08-12 20:04:50.427327,2406453.59000000,9709530.84000000,3,1561372.57000000,2448893.58000000
Gilbert Doyle,2026-08-12 20:04:42.235986,2262049.50000000,5741704.68000000,4,946883.62000000,1561372.57000000
Gilbert Doyle,2026-08-12 20:04:50.027690,1561372.57000000,7303077.25000000,5,2262049.50000000,2406453.59000000
Gilbert Doyle,2026-08-12 20:04:54.300195,968483.78000000,13416568.73000000,6,289660.53000000,
Gilbert Doyle,2026-08-12 20:04:39.479283,946883.62000000,3479655.18000000,7,2532771.56000000,2262049.50000000
Gilbert Doyle,2026-08-12 20:04:54.022590,289660.53000000,12448084.95000000,8,2448893.58000000,968483.78000000
Giovanni Koch,2026-08-12 20:04:45.984931,2897279.64000000,6835483.29000000,1,1263449.75000000,
Giovanni Koch,2026-08-12 20:04:38.208124,1865837.74000000,1907417.59000000,2,41579.85000000,92168.79000000
Giovanni Koch,2026-08-12 20:04:41.930310,1263449.75000000,3938203.65000000,3,675167.52000000,2897279.64000000
Giovanni Koch,2026-08-12 20:04:41.347364,675167.52000000,2674753.90000000,4,92168.79000000,1263449.75000000
Giovanni Koch,2026-08-12 20:04:40.563770,92168.79000000,1999586.38000000,5,1865837.74000000,675167.52000000
Giovanni Koch,2026-08-12 20:04:37.930225,41579.85000000,41579.85000000,6,,1865837.74000000
Glenda Reid,2026-08-12 20:04:44.340860,2513794.53000000,2513794.53000000,1,,857279.80000000
Glenda Reid,2026-08-12 20:04:49.725708,2289095.76000000,5958145.04000000,2,297974.95000000,
Glenda Reid,2026-08-12 20:04:46.152223,857279.80000000,3371074.33000000,3,2513794.53000000,297974.95000000
Glenda Reid,2026-08-12 20:04:49.121182,297974.95000000,3669049.28000000,4,857279.80000000,2289095.76000000
Gloria Jordan,2026-08-12 20:04:39.050900,3146215.54000000,3146215.54000000,1,,2850940.39200000
Gloria Jordan,2026-08-12 20:04:40.857748,2850940.39200000,5997155.93200000,2,3146215.54000000,602797.93000000
Gloria Jordan,2026-08-12 20:04:49.064153,1653749.50000000,8253703.36200000,3,602797.93000000,626479.92000000
Gloria Jordan,2026-08-12 20:04:55.018343,626479.92000000,8880183.28200000,4,1653749.50000000,
Gloria Jordan,2026-08-12 20:04:44.402072,602797.93000000,6599953.86200000,5,2850940.39200000,1653749.50000000
Grace Fox,2026-08-12 20:04:52.047410,1495214.55000000,5336601.13100000,1,93218.93000000,1445350.02150000
Grace Fox,2026-08-12 20:04:44.496050,1454247.63000000,1805301.36000000,2,351053.73000000,1136259.48100000
Grace Fox,2026-08-12 20:04:54.541009,1445350.02150000,6781951.15250000,3,1495214.55000000,
Grace Fox,2026-08-12 20:04:44.618600,1136259.48100000,2941560.84100000,4,1454247.63000000,806606.81000000
Grace Fox,2026-08-12 20:04:46.409431,806606.81000000,3748167.65100000,5,1136259.48100000,93218.93000000
Grace Fox,2026-08-12 20:04:43.100325,351053.73000000,351053.73000000,6,,1454247.63000000
Grace Fox,2026-08-12 20:04:50.517088,93218.93000000,3841386.58100000,7,806606.81000000,1495214.55000000
Graham Pitts,2026-08-12 20:04:49.599131,4344561.54000000,8013448.32000000,1,414839.88000000,
Graham Pitts,2026-08-12 20:04:36.404601,1671254.55000000,2336072.33000000,2,664817.78000000,787879.92000000
Graham Pitts,2026-08-12 20:04:43.887938,787879.92000000,3123952.25000000,3,1671254.55000000,130094.65000000
Graham Pitts,2026-08-12 20:04:36.021278,664817.78000000,664817.78000000,4,,1671254.55000000
Graham Pitts,2026-08-12 20:04:47.655736,414839.88000000,3668886.78000000,5,130094.65000000,4344561.54000000
Graham Pitts,2026-08-12 20:04:45.879039,130094.65000000,3254046.90000000,6,787879.92000000,414839.88000000
Grant Sutton,2026-08-12 20:04:50.146108,3509845.54000000,8673229.74000000,1,585485.94000000,2619699.50000000
Grant Sutton,2026-08-12 20:04:50.513018,2619699.50000000,11292929.24000000,2,3509845.54000000,74312.97000000
Grant Sutton,2026-08-12 20:04:46.258420,2610469.59000000,4577898.26000000,3,1872753.74000000,585485.94000000
Grant Sutton,2026-08-12 20:04:52.516491,2011327.56000000,13378569.77000000,4,74312.97000000,
Grant Sutton,2026-08-12 20:04:39.360945,1872753.74000000,1967428.67000000,5,94674.93000000,2610469.59000000
Grant Sutton,2026-08-12 20:04:46.597168,585485.94000000,5163384.20000000,6,2610469.59000000,3509845.54000000
Grant Sutton,2026-08-12 20:04:34.699988,94674.93000000,94674.93000000,7,,1872753.74000000
Grant Sutton,2026-08-12 20:04:51.002176,74312.97000000,11367242.21000000,8,2619699.50000000,2011327.56000000
Gregory Chavez,2026-08-12 20:04:40.784213,2303087.52000000,3613985.14600000,1,1035439.86000000,723671.91000000
Gregory Chavez,2026-08-12 20:04:37.444993,1035439.86000000,1310897.62600000,2,275457.76600000,2303087.52000000
Gregory Chavez,2026-08-12 20:04:42.549840,891631.84000000,5229288.89600000,3,723671.91000000,212307.96000000
Gregory Chavez,2026-08-12 20:04:41.379961,723671.91000000,4337657.05600000,4,2303087.52000000,891631.84000000
Gregory Chavez,2026-08-12 20:04:36.527106,275457.76600000,275457.76600000,5,,1035439.86000000
Gregory Chavez,2026-08-12 20:04:45.034837,212307.96000000,5441596.85600000,6,891631.84000000,89517.89000000
Gregory Chavez,2026-08-12 20:04:53.263042,89517.89000000,5531114.74600000,7,212307.96000000,
Gretchen Barrera,2026-08-12 20:04:54.500248,3568094.55000000,9909277.50000000,1,187349.98000000,
Gretchen Barrera,2026-08-12 20:04:40.404782,2297711.76000000,2297711.76000000,2,,1669349.69000000
Gretchen Barrera,2026-08-12 20:04:54.006287,1927319.70000000,6153832.97000000,3,259451.82000000,187349.98000000
Gretchen Barrera,2026-08-12 20:04:46.401266,1669349.69000000,3967061.45000000,4,2297711.76000000,259451.82000000
Gretchen Barrera,2026-08-12 20:04:48.031631,259451.82000000,4226513.27000000,5,1669349.69000000,1927319.70000000
Gretchen Barrera,2026-08-12 20:04:54.259415,187349.98000000,6341182.95000000,6,1927319.70000000,3568094.55000000
Guadalupe Stanley,2026-08-12 20:04:42.733352,3666277.51000000,7675063.72000000,1,2746879.71000000,2431133.73000000
Guadalupe Stanley,2026-08-12 20:04:41.555314,2746879.71000000,4008786.21000000,2,1184378.51000000,3666277.51000000
Guadalupe Stanley,2026-08-12 20:04:47.403063,2431133.73000000,10106197.45000000,3,3666277.51000000,2388828.69000000
Guadalupe Stanley,2026-08-12 20:04:49.872740,2388828.69000000,12495026.14000000,4,2431133.73000000,1165229.70000000
Guadalupe Stanley,2026-08-12 20:04:52.296302,2365609.74000000,16025865.58000000,5,1165229.70000000,
Guadalupe Stanley,2026-08-12 20:04:39.491517,1184378.51000000,1261906.50000000,6,77527.99000000,2746879.71000000
Guadalupe Stanley,2026-08-12 20:04:50.423253,1165229.70000000,13660255.84000000,7,2388828.69000000,2365609.74000000
Guadalupe Stanley,2026-08-12 20:04:36.845783,77527.99000000,77527.99000000,8,,1184378.51000000
Guillermo Gates,2026-08-12 20:04:41.579836,1600059.65000000,1600059.65000000,1,,52272.42450000
Guillermo Gates,2026-08-12 20:04:45.976781,1010015.79000000,2759570.67450000,2,97222.81000000,875433.86000000
Guillermo Gates,2026-08-12 20:04:52.092322,875433.86000000,3635004.53450000,3,1010015.79000000,
Guillermo Gates,2026-08-12 20:04:45.854617,97222.81000000,1749554.88450000,4,52272.42450000,1010015.79000000
Guillermo Gates,2026-08-12 20:04:43.500257,52272.42450000,1652332.07450000,5,1600059.65000000,97222.81000000
Gustavo Pitts,2026-08-12 20:04:41.176107,4098065.51000000,5889873.21000000,1,1435199.74000000,8279.98000000
Gustavo Pitts,2026-08-12 20:04:43.781808,2647599.50000000,8545752.69000000,2,8279.98000000,1209011.63000000
Gustavo Pitts,2026-08-12 20:04:49.717537,1770209.66000000,13037384.55450000,3,1390693.08350000,230271.92000000
Gustavo Pitts,2026-08-12 20:04:40.363983,1435199.74000000,1791807.70000000,4,356607.96000000,4098065.51000000
Gustavo Pitts,2026-08-12 20:04:48.998830,1390693.08350000,11267174.89450000,5,77731.98000000,1770209.66000000
Gustavo Pitts,2026-08-12 20:04:44.508301,1209011.63000000,9754764.32000000,6,2647599.50000000,43985.51100000
Gustavo Pitts,2026-08-12 20:04:36.792674,356607.96000000,356607.96000000,7,,1435199.74000000
Gustavo Pitts,2026-08-12 20:04:54.712356,230271.92000000,13267656.47450000,8,1770209.66000000,
Gustavo Pitts,2026-08-12 20:04:48.757900,77731.98000000,9876481.81100000,9,43985.51100000,1390693.08350000
Gustavo Pitts,2026-08-12 20:04:44.528717,43985.51100000,9798749.83100000,10,1209011.63000000,77731.98000000
Gustavo Pitts,2026-08-12 20:04:41.543095,8279.98000000,5898153.19000000,11,4098065.51000000,2647599.50000000
Gwendolyn Valdez,2026-08-12 20:04:44.753445,3417241.88450000,6389241.03950000,1,244943.58000000,232583.97000000
Gwendolyn Valdez,2026-08-12 20:04:36.180225,1334223.84000000,1334223.84000000,2,,1303865.74500000
Gwendolyn Valdez,2026-08-12 20:04:37.624511,1303865.74500000,2638089.58500000,3,1334223.84000000,88965.99000000
Gwendolyn Valdez,2026-08-12 20:04:51.920798,730047.78000000,7668987.33950000,4,59818.59000000,615563.91000000
Gwendolyn Valdez,2026-08-12 20:04:54.883734,615563.91000000,8284551.24950000,5,730047.78000000,
Gwendolyn Valdez,2026-08-12 20:04:47.982665,257295.96000000,6879120.96950000,6,232583.97000000,59818.59000000
Gwendolyn Valdez,2026-08-12 20:04:43.606199,244943.58000000,2971999.15500000,7,88965.99000000,3417241.88450000
Gwendolyn Valdez,2026-08-12 20:04:47.200661,232583.97000000,6621825.00950000,8,3417241.88450000,257295.96000000
Gwendolyn Valdez,2026-08-12 20:04:40.208895,88965.99000000,2727055.57500000,9,1303865.74500000,244943.58000000
Gwendolyn Valdez,2026-08-12 20:04:51.116395,59818.59000000,6938939.55950000,10,257295.96000000,730047.78000000
Hannah Graham,2026-08-12 20:04:36.053845,3422537.58000000,3422537.58000000,1,,2374849.75000000
Hannah Graham,2026-08-12 20:04:39.817512,2374849.75000000,5797387.33000000,2,3422537.58000000,99527.74000000
Hannah Graham,2026-08-12 20:04:41.522737,2071399.75000000,7968314.82000000,3,99527.74000000,295389.90000000
Hannah Graham,2026-08-12 20:04:49.247914,512148.89000000,8775853.61000000,4,295389.90000000,38267.98000000
Hannah Graham,2026-08-12 20:04:46.246173,295389.90000000,8263704.72000000,5,2071399.75000000,512148.89000000
Hannah Graham,2026-08-12 20:04:53.112098,102505.98000000,8918719.55000000,6,2091.98000000,
Hannah Graham,2026-08-12 20:04:41.025128,99527.74000000,5896915.07000000,7,2374849.75000000,2071399.75000000
Hannah Graham,2026-08-12 20:04:50.814588,38267.98000000,8814121.59000000,8,512148.89000000,2091.98000000
Hannah Graham,2026-08-12 20:04:51.908562,2091.98000000,8816213.57000000,9,38267.98000000,102505.98000000
Harold Reynolds,2026-08-12 20:04:38.636495,3289925.62000000,4731597.11750000,1,364917.70750000,1715503.66000000
Harold Reynolds,2026-08-12 20:04:42.370391,2391524.75000000,8838625.52750000,2,1715503.66000000,75806.99000000
Harold Reynolds,2026-08-12 20:04:50.023617,2319967.72000000,14172507.06500000,3,11024.51000000,40840.76600000
Harold Reynolds,2026-08-12 20:04:46.189052,1933523.64000000,11405452.09750000,4,557495.94000000,282964.95750000
Harold Reynolds,2026-08-12 20:04:39.621873,1715503.66000000,6447100.77750000,5,3289925.62000000,2391524.75000000
Harold Reynolds,2026-08-12 20:04:35.642189,1076753.79000000,1076753.79000000,6,,364917.70750000
Harold Reynolds,2026-08-12 20:04:44.700341,557495.94000000,9471928.45750000,7,75806.99000000,1933523.64000000
Harold Reynolds,2026-08-12 20:04:36.143522,364917.70750000,1441671.49750000,8,1076753.79000000,3289925.62000000
Harold Reynolds,2026-08-12 20:04:48.027552,282964.95750000,11688417.05500000,9,1933523.64000000,153097.78000000
Harold Reynolds,2026-08-12 20:04:49.215363,153097.78000000,11841514.83500000,10,282964.95750000,11024.51000000
Harold Reynolds,2026-08-12 20:04:44.349011,75806.99000000,8914432.51750000,11,2391524.75000000,557495.94000000
Harold Reynolds,2026-08-12 20:04:52.333074,40840.76600000,14213347.83100000,12,2319967.72000000,
Harold Reynolds,2026-08-12 20:04:49.746133,11024.51000000,11852539.34500000,13,153097.78000000,2319967.72000000
Harriet Guthrie,2026-08-12 20:04:43.524695,2849819.70000000,5025404.27000000,1,2175584.57000000,464579.95000000
Harriet Guthrie,2026-08-12 20:04:35.197826,2175584.57000000,2175584.57000000,2,,2849819.70000000
Harriet Guthrie,2026-08-12 20:04:53.728260,1830779.58000000,9391913.42000000,3,57803.96000000,494815.53000000
Harriet Guthrie,2026-08-12 20:04:45.752805,1639790.73000000,7129774.95000000,4,464579.95000000,373554.93000000
Harriet Guthrie,2026-08-12 20:04:54.218547,494815.53000000,9886728.95000000,5,1830779.58000000,
Harriet Guthrie,2026-08-12 20:04:44.316391,464579.95000000,5489984.22000000,6,2849819.70000000,1639790.73000000
Harriet Guthrie,2026-08-12 20:04:49.076377,373554.93000000,7503329.88000000,7,1639790.73000000,57803.96000000
Harriet Guthrie,2026-08-12 20:04:49.603207,57803.96000000,7561133.84000000,8,373554.93000000,1830779.58000000
Hector Fuentes,2026-08-12 20:04:44.998048,1846367.76000000,4553123.26500000,1,6162.99000000,1650767.58000000
Hector Fuentes,2026-08-12 20:04:46.625756,1650767.58000000,6203890.84500000,2,1846367.76000000,498558.83000000
Hector Fuentes,2026-08-12 20:04:34.548830,1638221.74500000,1638221.74500000,3,,908700.83000000
Hector Fuentes,2026-08-12 20:04:49.701187,1514303.52000000,9613186.93500000,4,1396433.74000000,292321.49400000
Hector Fuentes,2026-08-12 20:04:48.741553,1396433.74000000,8098883.41500000,5,498558.83000000,1514303.52000000
Hector Fuentes,2026-08-12 20:04:36.302564,908700.83000000,2546922.57500000,6,1638221.74500000,128194.95000000
Hector Fuentes,2026-08-12 20:04:47.464126,498558.83000000,6702449.67500000,7,1650767.58000000,1396433.74000000
Hector Fuentes,2026-08-12 20:04:51.296109,292321.49400000,9905508.42900000,8,1514303.52000000,
Hector Fuentes,2026-08-12 20:04:38.220349,128194.95000000,2675117.52500000,9,908700.83000000,25474.99000000
Hector Fuentes,2026-08-12 20:04:38.391504,25474.99000000,2700592.51500000,10,128194.95000000,6162.99000000
Hector Fuentes,2026-08-12 20:04:39.988910,6162.99000000,2706755.50500000,11,25474.99000000,1846367.76000000
Hector Lambert,2026-08-12 20:04:49.378557,2690764.71000000,7050189.76000000,1,1677829.65000000,2633135.52000000
Hector Lambert,2026-08-12 20:04:52.642912,2633135.52000000,9683325.28000000,2,2690764.71000000,
Hector Lambert,2026-08-12 20:04:47.508925,1677829.65000000,4359425.05000000,3,516809.90000000,2690764.71000000
Hector Lambert,2026-08-12 20:04:40.347646,1388947.78000000,1552173.71000000,4,163225.93000000,612611.79000000
Hector Lambert,2026-08-12 20:04:43.871569,612611.79000000,2164785.50000000,5,1388947.78000000,516809.90000000
Hector Lambert,2026-08-12 20:04:46.919198,516809.90000000,2681595.40000000,6,612611.79000000,1677829.65000000
Hector Lambert,2026-08-12 20:04:39.548587,163225.93000000,163225.93000000,7,,1388947.78000000
Helen Cox,2026-08-12 20:04:41.926230,4077215.52000000,5843199.23000000,1,1765983.71000000,
Helen Cox,2026-08-12 20:04:37.559201,1765983.71000000,1765983.71000000,2,,4077215.52000000
Henry Perry,2026-08-12 20:04:44.393895,3402082.07500000,10453764.36400000,1,606079.60000000,69229.95000000
Henry Perry,2026-08-12 20:04:42.085232,3001487.52000000,6179488.09000000,2,48355.93000000,118676.77900000
Henry Perry,2026-08-12 20:04:36.588312,2835104.69000000,3129644.64000000,3,294539.95000000,48355.93000000
Henry Perry,2026-08-12 20:04:49.848280,1605236.71000000,12428443.93400000,4,300212.91000000,18164.65000000
Henry Perry,2026-08-12 20:04:44.344934,606079.60000000,7051682.28900000,5,147437.82000000,3402082.07500000
Henry Perry,2026-08-12 20:04:47.790699,300212.91000000,10823207.22400000,6,69229.95000000,1605236.71000000
Henry Perry,2026-08-12 20:04:34.569257,294539.95000000,294539.95000000,7,,2835104.69000000
Henry Perry,2026-08-12 20:04:43.169754,147437.82000000,6445602.68900000,8,118676.77900000,606079.60000000
Henry Perry,2026-08-12 20:04:42.757813,118676.77900000,6298164.86900000,9,3001487.52000000,147437.82000000
Henry Perry,2026-08-12 20:04:47.259855,69229.95000000,10522994.31400000,10,3402082.07500000,300212.91000000
Henry Perry,2026-08-12 20:04:38.428274,48355.93000000,3178000.57000000,11,2835104.69000000,3001487.52000000
Henry Perry,2026-08-12 20:04:51.610708,18164.65000000,12446608.58400000,12,1605236.71000000,
Hilda Blake,2026-08-12 20:04:37.702053,1602469.63000000,1667383.61000000,1,64913.98000000,1137947.86000000
Hilda Blake,2026-08-12 20:04:45.671315,1357964.55000000,4822311.89000000,2,391829.90000000,71762.99000000
Hilda Blake,2026-08-12 20:04:49.786972,1154399.50000000,6048474.38000000,3,71762.99000000,77264.78750000
Hilda Blake,2026-08-12 20:04:41.351448,1137947.86000000,2805331.47000000,4,1602469.63000000,267185.97000000
Hilda Blake,2026-08-12 20:04:42.521265,391829.90000000,3464347.34000000,5,267185.97000000,1357964.55000000
Hilda Blake,2026-08-12 20:04:41.632861,267185.97000000,3072517.44000000,6,1137947.86000000,391829.90000000
Hilda Blake,2026-08-12 20:04:53.348674,77264.78750000,6125739.16750000,7,1154399.50000000,
Hilda Blake,2026-08-12 20:04:49.211280,71762.99000000,4894074.88000000,8,1357964.55000000,1154399.50000000
Hilda Blake,2026-08-12 20:04:35.527907,64913.98000000,64913.98000000,9,,1602469.63000000
Hope Barrera,2026-08-12 20:04:54.447240,3002411.58000000,7198940.66000000,1,210150.77000000,
Hope Barrera,2026-08-12 20:04:47.598592,2235934.59000000,3803690.34000000,2,950099.88000000,182687.97000000
Hope Barrera,2026-08-12 20:04:43.443122,950099.88000000,1567755.75000000,3,617655.87000000,2235934.59000000
Hope Barrera,2026-08-12 20:04:37.078366,617655.87000000,617655.87000000,4,,950099.88000000
Hope Barrera,2026-08-12 20:04:53.634165,210150.77000000,4196529.08000000,5,182687.97000000,3002411.58000000
Hope Barrera,2026-08-12 20:04:50.272443,182687.97000000,3986378.31000000,6,2235934.59000000,210150.77000000
Ian Morrison,2026-08-12 20:04:54.185884,4835849.50000000,20891197.52050000,1,1710431.64000000,
Ian Morrison,2026-08-12 20:04:48.508924,3444440.61000000,10690168.66050000,2,855986.67000000,897567.72000000
Ian Morrison,2026-08-12 20:04:40.849578,2524160.45050000,5961261.64050000,3,1882527.68000000,428479.74000000
Ian Morrison,2026-08-12 20:04:36.400515,1882527.68000000,3437101.19000000,4,1554573.51000000,2524160.45050000
Ian Morrison,2026-08-12 20:04:53.006059,1710431.64000000,16055348.02050000,5,1595384.55000000,4835849.50000000
Ian Morrison,2026-08-12 20:04:52.965250,1595384.55000000,14344916.38050000,6,215003.59000000,1710431.64000000
Ian Morrison,2026-08-12 20:04:35.148861,1554573.51000000,1554573.51000000,7,,1882527.68000000
Ian Morrison,2026-08-12 20:04:51.977940,946791.86000000,12534528.24050000,8,897567.72000000,215003.59000000
Ian Morrison,2026-08-12 20:04:50.627112,897567.72000000,11587736.38050000,9,3444440.61000000,946791.86000000
Ian Morrison,2026-08-12 20:04:46.148137,855986.67000000,7245728.05050000,10,428479.74000000,3444440.61000000
Ian Morrison,2026-08-12 20:04:44.557322,428479.74000000,6389741.38050000,11,2524160.45050000,855986.67000000
Ian Morrison,2026-08-12 20:04:52.810128,215003.59000000,12749531.83050000,12,946791.86000000,1595384.55000000
Imogene Conley,2026-08-12 20:04:34.312102,2876005.51000000,3188122.38000000,1,312116.87000000,885167.82000000
Imogene Conley,2026-08-12 20:04:46.674753,2024063.79000000,7322816.21400000,2,239883.96000000,303572.53000000
Imogene Conley,2026-08-12 20:04:49.284650,997797.83000000,9192746.17400000,3,568559.60000000,579599.65000000
Imogene Conley,2026-08-12 20:04:43.826729,985578.26400000,5058868.46400000,4,885167.82000000,239883.96000000
Imogene Conley,2026-08-12 20:04:37.432776,885167.82000000,4073290.20000000,5,2876005.51000000,985578.26400000
Imogene Conley,2026-08-12 20:04:54.981676,579599.65000000,9772345.82400000,6,997797.83000000,2771.99000000
Imogene Conley,2026-08-12 20:04:48.696645,568559.60000000,8194948.34400000,7,303572.53000000,997797.83000000
Imogene Conley,2026-08-12 20:04:33.940741,312116.87000000,312116.87000000,8,,2876005.51000000
Imogene Conley,2026-08-12 20:04:47.370358,303572.53000000,7626388.74400000,9,2024063.79000000,568559.60000000
Imogene Conley,2026-08-12 20:04:45.626450,239883.96000000,5298752.42400000,10,985578.26400000,2024063.79000000
Imogene Conley,2026-08-12 20:04:55.050974,2771.99000000,9775117.81400000,11,579599.65000000,
Ina Savage,2026-08-12 20:04:33.818519,3973426.53000000,3973426.53000000,1,,2138255.76000000
Ina Savage,2026-08-12 20:04:34.720401,2138255.76000000,6111682.29000000,2,3973426.53000000,248079.96000000
Ina Savage,2026-08-12 20:04:48.745639,909615.84000000,7392411.96000000,3,83169.99000000,476882.67000000
Ina Savage,2026-08-12 20:04:51.430988,498647.94000000,8367942.57000000,4,476882.67000000,
Ina Savage,2026-08-12 20:04:50.692400,476882.67000000,7869294.63000000,5,909615.84000000,498647.94000000
Ina Savage,2026-08-12 20:04:35.866397,248079.96000000,6359762.25000000,6,2138255.76000000,39863.88000000
Ina Savage,2026-08-12 20:04:46.433902,83169.99000000,6482796.12000000,7,39863.88000000,909615.84000000
Ina Savage,2026-08-12 20:04:43.390043,39863.88000000,6399626.13000000,8,248079.96000000,83169.99000000
Inez Conley,2026-08-12 20:04:48.504845,3707773.62000000,6775295.64350000,1,696439.54000000,
Inez Conley,2026-08-12 20:04:45.732415,1386967.78000000,1970402.60350000,2,583434.82350000,400679.88000000
Inez Conley,2026-08-12 20:04:46.801053,696439.54000000,3067522.02350000,3,400679.88000000,3707773.62000000
Inez Conley,2026-08-12 20:04:44.030734,583434.82350000,583434.82350000,4,,1386967.78000000
Inez Conley,2026-08-12 20:04:45.927916,400679.88000000,2371082.48350000,5,1386967.78000000,696439.54000000
Inez Rollins,2026-08-12 20:04:36.772228,3871805.57000000,5261831.35000000,1,1390025.78000000,748970.91000000
Inez Rollins,2026-08-12 20:04:49.084522,3578528.63000000,14278999.28000000,2,152417.58000000,1549649.70000000
Inez Rollins,2026-08-12 20:04:43.381893,2048408.73000000,9792339.59000000,3,88214.97000000,49427.97000000
Inez Rollins,2026-08-12 20:04:40.972054,1640761.71000000,7655715.89000000,4,4151.92000000,88214.97000000
Inez Rollins,2026-08-12 20:04:53.018283,1549649.70000000,15828648.98000000,5,3578528.63000000,
Inez Rollins,2026-08-12 20:04:36.420924,1390025.78000000,1390025.78000000,6,,3871805.57000000
Inez Rollins,2026-08-12 20:04:36.809009,748970.91000000,6010802.26000000,7,3871805.57000000,4151.92000000
Inez Rollins,2026-08-12 20:04:46.042018,706285.51000000,10548053.07000000,8,49427.97000000,152417.58000000
Inez Rollins,2026-08-12 20:04:46.731848,152417.58000000,10700470.65000000,9,706285.51000000,3578528.63000000
Inez Rollins,2026-08-12 20:04:41.881350,88214.97000000,7743930.86000000,10,1640761.71000000,2048408.73000000
Inez Rollins,2026-08-12 20:04:44.969524,49427.97000000,9841767.56000000,11,2048408.73000000,706285.51000000
Inez Rollins,2026-08-12 20:04:38.930348,4151.92000000,6014954.18000000,12,748970.91000000,1640761.71000000
Irene Glover,2026-08-12 20:04:46.939580,4148731.51000000,17928236.67200000,1,1477611.77000000,252290.61000000
Irene Glover,2026-08-12 20:04:43.602122,3122720.51000000,10889685.55200000,2,759269.70000000,1412207.84000000
Irene Glover,2026-08-12 20:04:47.358115,2466485.67000000,20647012.95200000,3,252290.61000000,1573208.73000000
Irene Glover,2026-08-12 20:04:42.647837,2254017.74000000,7007695.34200000,4,1838996.73000000,759269.70000000
Irene Glover,2026-08-12 20:04:37.261555,1838996.73000000,4753677.60200000,5,1689742.71000000,2254017.74000000
Irene Glover,2026-08-12 20:04:36.747594,1689742.71000000,2914680.87200000,6,1224938.16200000,1838996.73000000
Irene Glover,2026-08-12 20:04:48.725209,1573208.73000000,22220221.68200000,7,2466485.67000000,515849.70000000
Irene Glover,2026-08-12 20:04:45.181836,1477611.77000000,13779505.16200000,8,1412207.84000000,4148731.51000000
Irene Glover,2026-08-12 20:04:43.830800,1412207.84000000,12301893.39200000,9,3122720.51000000,1477611.77000000
Irene Glover,2026-08-12 20:04:35.682920,1224938.16200000,1224938.16200000,10,,1689742.71000000
Irene Glover,2026-08-12 20:04:43.475837,759269.70000000,7766965.04200000,11,2254017.74000000,3122720.51000000
Irene Glover,2026-08-12 20:04:52.492052,515849.70000000,22736071.38200000,12,1573208.73000000,
Irene Glover,2026-08-12 20:04:47.329253,252290.61000000,18180527.28200000,13,4148731.51000000,2466485.67000000
Iris Farrell,2026-08-12 20:04:48.619047,3778984.86750000,9313884.20050000,1,1286102.61000000,
Iris Farrell,2026-08-12 20:04:43.618438,2720785.95250000,2720785.95250000,2,,1528010.77050000
Iris Farrell,2026-08-12 20:04:44.038895,1528010.77050000,4248796.72300000,3,2720785.95250000,1286102.61000000
Iris Farrell,2026-08-12 20:04:46.066528,1286102.61000000,5534899.33300000,4,1528010.77050000,3778984.86750000
Irma Farrell,2026-08-12 20:04:35.805320,2850940.39200000,2850940.39200000,1,,312695.64000000
Irma Farrell,2026-08-12 20:04:37.091669,1854992.51000000,5018628.54200000,2,312695.64000000,499253.58000000
Irma Farrell,2026-08-12 20:04:44.614513,1294208.11300000,8265352.24250000,3,277010.97000000,1248309.83000000
Irma Farrell,2026-08-12 20:04:46.168547,1248309.83000000,9513662.07250000,4,1294208.11300000,
Irma Farrell,2026-08-12 20:04:42.696701,1176251.03750000,6694133.15950000,5,499253.58000000,277010.97000000
Irma Farrell,2026-08-12 20:04:38.232570,499253.58000000,5517882.12200000,6,1854992.51000000,1176251.03750000
Irma Farrell,2026-08-12 20:04:36.506689,312695.64000000,3163636.03200000,7,2850940.39200000,1854992.51000000
Irma Farrell,2026-08-12 20:04:43.532840,277010.97000000,6971144.12950000,8,1176251.03750000,1294208.11300000
Iva Wolf,2026-08-12 20:04:36.261794,1689089.61000000,1689089.61000000,1,,140007.56000000
Iva Wolf,2026-08-12 20:04:52.214709,1626151.78000000,4040460.59600000,2,90215.82000000,
Iva Wolf,2026-08-12 20:04:38.632424,348219.77000000,2191948.63000000,3,14631.69000000,132144.36600000
Iva Wolf,2026-08-12 20:04:37.150373,140007.56000000,1829097.17000000,4,1689089.61000000,14631.69000000
Iva Wolf,2026-08-12 20:04:38.750628,132144.36600000,2324092.99600000,5,348219.77000000,90215.82000000
Iva Wolf,2026-08-12 20:04:43.757258,90215.82000000,2414308.81600000,6,132144.36600000,1626151.78000000
Iva Wolf,2026-08-12 20:04:37.265630,14631.69000000,1843728.86000000,7,140007.56000000,348219.77000000
Jack Castillo,2026-08-12 20:04:48.990654,4362133.54000000,10639536.17000000,1,189123.87000000,64151.89000000
Jack Castillo,2026-08-12 20:04:36.245488,3054417.59000000,3054417.59000000,2,,141855.56000000
Jack Castillo,2026-08-12 20:04:39.911447,2892005.61000000,6088278.76000000,3,141855.56000000,189123.87000000
Jack Castillo,2026-08-12 20:04:54.145127,963731.58000000,11667419.64000000,4,64151.89000000,
Jack Castillo,2026-08-12 20:04:45.508091,189123.87000000,6277402.63000000,5,2892005.61000000,4362133.54000000
Jack Castillo,2026-08-12 20:04:37.693903,141855.56000000,3196273.15000000,6,3054417.59000000,2892005.61000000
Jack Castillo,2026-08-12 20:04:52.239161,64151.89000000,10703688.06000000,7,4362133.54000000,963731.58000000
Jackie Higgins,2026-08-12 20:04:44.949166,3131861.57000000,8322819.35000000,1,1610729.67000000,1230671.52000000
Jackie Higgins,2026-08-12 20:04:42.484517,2534734.65000000,3580228.11000000,2,608363.91000000,1610729.67000000
Jackie Higgins,2026-08-12 20:04:47.415267,2263199.59000000,11816690.46000000,3,1230671.52000000,93495.71000000
Jackie Higgins,2026-08-12 20:04:43.565415,1610729.67000000,5190957.78000000,4,2534734.65000000,3131861.57000000
Jackie Higgins,2026-08-12 20:04:53.568917,1523229.62000000,13433415.79000000,5,93495.71000000,545471.64000000
Jackie Higgins,2026-08-12 20:04:45.614210,1230671.52000000,9553490.87000000,6,3131861.57000000,2263199.59000000
Jackie Higgins,2026-08-12 20:04:41.172009,608363.91000000,1045493.46000000,7,437129.55000000,2534734.65000000
Jackie Higgins,2026-08-12 20:04:54.512472,545471.64000000,13978887.43000000,8,1523229.62000000,
Jackie Higgins,2026-08-12 20:04:35.067152,437129.55000000,437129.55000000,9,,608363.91000000
Jackie Higgins,2026-08-12 20:04:52.186190,93495.71000000,11910186.17000000,10,2263199.59000000,1523229.62000000
Jacob Collins,2026-08-12 20:04:45.018442,3489401.58000000,6572889.77000000,1,219183.96000000,520295.62000000
Jacob Collins,2026-08-12 20:04:40.433317,2462999.50000000,2864304.23000000,2,4719.90000000,219183.96000000
Jacob Collins,2026-08-12 20:04:50.737216,520295.62000000,7093185.39000000,3,3489401.58000000,
Jacob Collins,2026-08-12 20:04:39.625947,264104.91000000,264104.91000000,4,,132479.92000000
Jacob Collins,2026-08-12 20:04:41.918067,219183.96000000,3083488.19000000,5,2462999.50000000,3489401.58000000
Jacob Collins,2026-08-12 20:04:39.756314,132479.92000000,396584.83000000,6,264104.91000000,4719.90000000
Jacob Collins,2026-08-12 20:04:39.976696,4719.90000000,401304.73000000,7,132479.92000000,2462999.50000000
Jaime Booker,2026-08-12 20:04:42.382604,2206763.64000000,3108677.10000000,1,265994.91000000,1866347.73000000
Jaime Booker,2026-08-12 20:04:51.696482,1981367.73000000,8563311.27000000,2,1606918.71000000,
Jaime Booker,2026-08-12 20:04:43.859331,1866347.73000000,4975024.83000000,3,2206763.64000000,1606918.71000000
Jaime Booker,2026-08-12 20:04:47.435621,1606918.71000000,6581943.54000000,4,1866347.73000000,1981367.73000000
Jaime Booker,2026-08-12 20:04:34.965236,408836.61000000,408836.61000000,5,,227081.94000000
Jaime Booker,2026-08-12 20:04:41.604314,265994.91000000,901913.46000000,6,227081.94000000,2206763.64000000
Jaime Booker,2026-08-12 20:04:36.796764,227081.94000000,635918.55000000,7,408836.61000000,265994.91000000
James Smith,2026-08-12 20:04:40.682243,2196419.70000000,5787307.07000000,1,1379219.85000000,1111079.88000000
James Smith,2026-08-12 20:04:51.259345,1842895.63000000,9657859.17000000,2,497951.84000000,993034.81000000
James Smith,2026-08-12 20:04:38.048701,1515849.65000000,2118353.58000000,3,602503.93000000,92293.99000000
James Smith,2026-08-12 20:04:40.445550,1379219.85000000,3590887.37000000,4,1019.95000000,2196419.70000000
James Smith,2026-08-12 20:04:42.166759,1111079.88000000,6898386.95000000,5,2196419.70000000,418624.75000000
James Smith,2026-08-12 20:04:54.655201,993034.81000000,10650893.98000000,6,1842895.63000000,
James Smith,2026-08-12 20:04:37.359467,602503.93000000,602503.93000000,7,,1515849.65000000
James Smith,2026-08-12 20:04:44.291915,497951.84000000,7814963.54000000,8,418624.75000000,1842895.63000000
James Smith,2026-08-12 20:04:43.320765,418624.75000000,7317011.70000000,9,1111079.88000000,497951.84000000
James Smith,2026-08-12 20:04:40.070410,92293.99000000,2210647.57000000,10,1515849.65000000,1019.95000000
James Smith,2026-08-12 20:04:40.392562,1019.95000000,2211667.52000000,11,92293.99000000,1379219.85000000
Jana Castaneda,2026-08-12 20:04:38.432356,2796529.45250000,2796529.45250000,1,,178193.74500000
Jana Castaneda,2026-08-12 20:04:44.622695,2331224.75000000,8396139.35750000,2,2215547.64000000,399420.89000000
Jana Castaneda,2026-08-12 20:04:40.820964,2215547.64000000,6064914.60750000,3,874643.77000000,2331224.75000000
Jana Castaneda,2026-08-12 20:04:54.647031,1000115.87000000,10452604.52700000,4,406761.43950000,
Jana Castaneda,2026-08-12 20:04:40.331303,874643.77000000,3849366.96750000,5,178193.74500000,2215547.64000000
Jana Castaneda,2026-08-12 20:04:47.594518,406761.43950000,9452488.65700000,6,250166.97000000,1000115.87000000
Jana Castaneda,2026-08-12 20:04:45.826120,399420.89000000,8795560.24750000,7,2331224.75000000,250166.97000000
Jana Castaneda,2026-08-12 20:04:46.764414,250166.97000000,9045727.21750000,8,399420.89000000,406761.43950000
Jana Castaneda,2026-08-12 20:04:39.703355,178193.74500000,2974723.19750000,9,2796529.45250000,874643.77000000
Jane Ryan,2026-08-12 20:04:44.851390,3403294.65000000,7254993.04000000,1,586133.94000000,350836.57000000
Jane Ryan,2026-08-12 20:04:43.279962,1872389.70000000,1872389.70000000,2,,1393174.75000000
Jane Ryan,2026-08-12 20:04:54.997966,1540769.65000000,9700711.02000000,3,554111.76000000,
Jane Ryan,2026-08-12 20:04:43.883863,1393174.75000000,3265564.45000000,4,1872389.70000000,586133.94000000
Jane Ryan,2026-08-12 20:04:44.831021,586133.94000000,3851698.39000000,5,1393174.75000000,3403294.65000000
Jane Ryan,2026-08-12 20:04:54.353196,554111.76000000,8159941.37000000,6,350836.57000000,1540769.65000000
Jane Ryan,2026-08-12 20:04:50.088943,350836.57000000,7605829.61000000,7,3403294.65000000,554111.76000000
Janelle Castaneda,2026-08-12 20:04:37.339068,3887988.59000000,3887988.59000000,1,,778695.81000000
Janelle Castaneda,2026-08-12 20:04:53.503633,1974027.72000000,9584679.17000000,2,151625.98000000,
Janelle Castaneda,2026-08-12 20:04:49.868667,1117477.54000000,7459025.47000000,3,988740.81000000,151625.98000000
Janelle Castaneda,2026-08-12 20:04:45.108372,988740.81000000,6341547.93000000,4,35665.99000000,1117477.54000000
Janelle Castaneda,2026-08-12 20:04:39.238422,778695.81000000,4666684.40000000,5,3887988.59000000,650456.73000000
Janelle Castaneda,2026-08-12 20:04:40.506759,650456.73000000,5317141.13000000,6,778695.81000000,35665.99000000
Janelle Castaneda,2026-08-12 20:04:51.937095,151625.98000000,7610651.45000000,7,1117477.54000000,1974027.72000000
Janelle Castaneda,2026-08-12 20:04:41.449290,35665.99000000,5352807.12000000,8,650456.73000000,988740.81000000
Janet Sanders,2026-08-12 20:04:41.269905,778214.85000000,778214.85000000,1,,698638.71000000
Janet Sanders,2026-08-12 20:04:46.862121,698638.71000000,1476853.56000000,2,778214.85000000,516683.94000000
Janet Sanders,2026-08-12 20:04:52.961179,516683.94000000,1993537.50000000,3,698638.71000000,
Janice West,2026-08-12 20:04:47.896957,2198393.67000000,9672553.19000000,1,1941169.78000000,157199.85000000
Janice West,2026-08-12 20:04:39.801214,2162075.51000000,3522227.15000000,2,1360151.64000000,2010762.59000000
Janice West,2026-08-12 20:04:41.534952,2010762.59000000,5532989.74000000,3,2162075.51000000,1941169.78000000
Janice West,2026-08-12 20:04:46.670671,1941169.78000000,7474159.52000000,4,2010762.59000000,2198393.67000000
Janice West,2026-08-12 20:04:35.862326,1360151.64000000,1360151.64000000,5,,2162075.51000000
Janice West,2026-08-12 20:04:53.920188,994311.56000000,10824064.60000000,6,157199.85000000,434234.95000000
Janice West,2026-08-12 20:04:55.201972,434234.95000000,11258299.55000000,7,994311.56000000,
Janice West,2026-08-12 20:04:48.415068,157199.85000000,9829753.04000000,8,2198393.67000000,994311.56000000
Jarrod Schneider,2026-08-12 20:04:34.891865,2790696.51000000,2790696.51000000,1,,1969026.69000000
Jarrod Schneider,2026-08-12 20:04:45.348915,1969026.69000000,4759723.20000000,2,2790696.51000000,
Jason Evans,2026-08-12 20:04:49.962444,4185171.54000000,10783456.48000000,1,2039344.65000000,1214043.87000000
Jason Evans,2026-08-12 20:04:41.282124,3441104.55000000,4558940.29000000,2,603455.84000000,2039344.65000000
Jason Evans,2026-08-12 20:04:46.050186,2039344.65000000,6598284.94000000,3,3441104.55000000,4185171.54000000
Jason Evans,2026-08-12 20:04:54.296120,1214043.87000000,11997500.35000000,4,4185171.54000000,
Jason Evans,2026-08-12 20:04:37.812076,603455.84000000,1117835.74000000,5,514379.90000000,3441104.55000000
Jason Evans,2026-08-12 20:04:35.752341,514379.90000000,514379.90000000,6,,603455.84000000
Jason Sims,2026-08-12 20:04:53.744598,4091327.52000000,18121140.69300000,1,1511685.78000000,2380559.58000000
Jason Sims,2026-08-12 20:04:54.863326,3377779.54000000,23879479.81300000,2,2380559.58000000,2761002.51000000
Jason Sims,2026-08-12 20:04:48.496704,3336141.63000000,11782741.73300000,3,295603.96000000,735385.66000000
Jason Sims,2026-08-12 20:04:55.034659,2761002.51000000,26640482.32300000,4,3377779.54000000,
Jason Sims,2026-08-12 20:04:36.163913,2615643.53000000,2615643.53000000,5,,243431.51000000
Jason Sims,2026-08-12 20:04:53.977310,2380559.58000000,20501700.27300000,6,4091327.52000000,3377779.54000000
Jason Sims,2026-08-12 20:04:39.307812,2369565.62000000,5228640.66000000,7,243431.51000000,2024010.63000000
Jason Sims,2026-08-12 20:04:42.672270,2024010.63000000,7252651.29000000,8,2369565.62000000,141388.98300000
Jason Sims,2026-08-12 20:04:52.989746,1511685.78000000,14029813.17300000,9,735385.66000000,4091327.52000000
Jason Sims,2026-08-12 20:04:50.618969,735385.66000000,12518127.39300000,10,3336141.63000000,1511685.78000000
Jason Sims,2026-08-12 20:04:46.229872,667897.93000000,8061938.20300000,11,141388.98300000,89057.94000000
Jason Sims,2026-08-12 20:04:47.312916,295603.96000000,8446600.10300000,12,89057.94000000,3336141.63000000
Jason Sims,2026-08-12 20:04:38.314066,243431.51000000,2859075.04000000,13,2615643.53000000,2369565.62000000
Jason Sims,2026-08-12 20:04:43.418638,141388.98300000,7394040.27300000,14,2024010.63000000,667897.93000000
Jason Sims,2026-08-12 20:04:46.540004,89057.94000000,8150996.14300000,15,667897.93000000,295603.96000000
Javier Solis,2026-08-12 20:04:37.310475,1175120.73000000,1204767.50000000,1,29646.77000000,141055.84000000
Javier Solis,2026-08-12 20:04:49.231703,719366.67000000,2347285.91000000,2,233450.91000000,
Javier Solis,2026-08-12 20:04:47.582291,233450.91000000,1627919.24000000,3,48644.99000000,719366.67000000
Javier Solis,2026-08-12 20:04:42.215625,141055.84000000,1345823.34000000,4,1175120.73000000,48644.99000000
Javier Solis,2026-08-12 20:04:46.442053,48644.99000000,1394468.33000000,5,141055.84000000,233450.91000000
Javier Solis,2026-08-12 20:04:37.062063,29646.77000000,29646.77000000,6,,1175120.73000000
Jayden Williamson,2026-08-12 20:04:48.582324,1262679.80000000,5701413.95000000,1,481076.91000000,1241267.72000000
Jayden Williamson,2026-08-12 20:04:53.177455,1241267.72000000,6942681.67000000,2,1262679.80000000,62259.89000000
Jayden Williamson,2026-08-12 20:04:42.761887,1200851.64000000,3957657.24000000,3,1020346.57000000,481076.91000000
Jayden Williamson,2026-08-12 20:04:41.702177,1020346.57000000,2756805.60000000,4,808079.84000000,1200851.64000000
Jayden Williamson,2026-08-12 20:04:36.286253,834079.60000000,834079.60000000,5,,94299.59000000
Jayden Williamson,2026-08-12 20:04:38.011937,808079.84000000,1736459.03000000,6,94299.59000000,1020346.57000000
Jayden Williamson,2026-08-12 20:04:44.981749,481076.91000000,4438734.15000000,7,1200851.64000000,1262679.80000000
Jayden Williamson,2026-08-12 20:04:36.494435,94299.59000000,928379.19000000,8,834079.60000000,808079.84000000
Jayden Williamson,2026-08-12 20:04:54.932692,62259.89000000,7004941.56000000,9,1241267.72000000,
Jean McDonald,2026-08-12 20:04:50.317327,2941449.50000000,11448798.71500000,1,617857.80900000,2561898.01100000
Jean McDonald,2026-08-12 20:04:52.871409,2833055.64000000,16843752.36600000,2,2561898.01100000,250509.90000000
Jean McDonald,2026-08-12 20:04:51.647470,2561898.01100000,14010696.72600000,3,2941449.50000000,2833055.64000000
Jean McDonald,2026-08-12 20:04:40.767908,1927583.68000000,3919236.14000000,4,215942.87000000,1894717.66000000
Jean McDonald,2026-08-12 20:04:43.851175,1894717.66000000,5813953.80000000,5,1927583.68000000,157555.96600000
Jean McDonald,2026-08-12 20:04:37.775393,1775709.59000000,1775709.59000000,6,,215942.87000000
Jean McDonald,2026-08-12 20:04:47.917365,1502331.74000000,7889491.40600000,7,415649.90000000,617857.80900000
Jean McDonald,2026-08-12 20:04:50.031762,617857.80900000,8507349.21500000,8,1502331.74000000,2941449.50000000
Jean McDonald,2026-08-12 20:04:45.748730,415649.90000000,6387159.66600000,9,157555.96600000,1502331.74000000
Jean McDonald,2026-08-12 20:04:53.075340,250509.90000000,17094262.26600000,10,2833055.64000000,
Jean McDonald,2026-08-12 20:04:39.674839,215942.87000000,1991652.46000000,11,1775709.59000000,1927583.68000000
Jean McDonald,2026-08-12 20:04:45.483625,157555.96600000,5971509.76600000,12,1894717.66000000,415649.90000000
Jeannette Norton,2026-08-12 20:04:46.499180,2822276.77700000,5545829.44700000,1,166058.97000000,1675181.77000000
Jeannette Norton,2026-08-12 20:04:38.628354,2434481.73000000,2434481.73000000,2,,123011.97000000
Jeannette Norton,2026-08-12 20:04:50.688326,1675181.77000000,7221011.21700000,3,2822276.77700000,1298393.82000000
Jeannette Norton,2026-08-12 20:04:50.745364,1298393.82000000,8519405.03700000,4,1675181.77000000,816645.83000000
Jeannette Norton,2026-08-12 20:04:52.243233,816645.83000000,9336050.86700000,5,1298393.82000000,
Jeannette Norton,2026-08-12 20:04:41.987401,166058.97000000,2723552.67000000,6,123011.97000000,2822276.77700000
Jeannette Norton,2026-08-12 20:04:41.061816,123011.97000000,2557493.70000000,7,2434481.73000000,166058.97000000
Jeannie Krause,2026-08-12 20:04:44.369391,3005666.69000000,8690594.62000000,1,1504628.73000000,350538.93000000
Jeannie Krause,2026-08-12 20:04:37.771321,2248539.65000000,4180299.20000000,2,1931759.55000000,1504628.73000000
Jeannie Krause,2026-08-12 20:04:37.004908,1931759.55000000,1931759.55000000,3,,2248539.65000000
Jeannie Krause,2026-08-12 20:04:38.734313,1504628.73000000,5684927.93000000,4,2248539.65000000,3005666.69000000
Jeannie Krause,2026-08-12 20:04:48.835484,1228415.84000000,10269549.39000000,5,350538.93000000,
Jeannie Krause,2026-08-12 20:04:44.696254,350538.93000000,9041133.55000000,6,3005666.69000000,1228415.84000000
Jeannine Krause,2026-08-12 20:04:54.859250,3687599.50000000,10167159.12000000,1,2112351.56000000,
Jeannine Krause,2026-08-12 20:04:34.736735,2794043.67000000,2966483.37000000,2,172439.70000000,117136.49400000
Jeannine Krause,2026-08-12 20:04:47.880518,2112351.56000000,6479559.62000000,3,1283588.19600000,3687599.50000000
Jeannine Krause,2026-08-12 20:04:43.981742,1283588.19600000,4367208.06000000,4,117136.49400000,2112351.56000000
Jeannine Krause,2026-08-12 20:04:34.638760,172439.70000000,172439.70000000,5,,2794043.67000000
Jeannine Krause,2026-08-12 20:04:36.327032,117136.49400000,3083619.86400000,6,2794043.67000000,1283588.19600000
Jeff Bass,2026-08-12 20:04:39.283347,2229780.71000000,2234451.62000000,1,4670.91000000,313639.80000000
Jeff Bass,2026-08-12 20:04:48.782369,531327.84000000,3079419.26000000,2,313639.80000000,433744.95000000
Jeff Bass,2026-08-12 20:04:55.210146,433744.95000000,3513164.21000000,3,531327.84000000,
Jeff Bass,2026-08-12 20:04:43.728684,313639.80000000,2548091.42000000,4,2229780.71000000,531327.84000000
Jeff Bass,2026-08-12 20:04:38.150951,4670.91000000,4670.91000000,5,,2229780.71000000
Jeffrey Diaz,2026-08-12 20:04:48.439578,1893691.00450000,2857050.64450000,1,963359.64000000,
Jeffrey Diaz,2026-08-12 20:04:34.234451,963359.64000000,963359.64000000,2,,1893691.00450000
Jennie Salinas,2026-08-12 20:04:39.475205,1452575.84000000,2530343.72000000,1,529577.94000000,1126939.80000000
Jennie Salinas,2026-08-12 20:04:46.535922,1361951.52000000,5019235.04000000,2,1126939.80000000,
Jennie Salinas,2026-08-12 20:04:42.541675,1126939.80000000,3657283.52000000,3,1452575.84000000,1361951.52000000
Jennie Salinas,2026-08-12 20:04:34.614278,548189.94000000,548189.94000000,4,,529577.94000000
Jennie Salinas,2026-08-12 20:04:36.866215,529577.94000000,1077767.88000000,5,548189.94000000,1452575.84000000
Jennifer Williams,2026-08-12 20:04:48.855898,3092084.55000000,4827545.34000000,1,1735460.79000000,378289.78000000
Jennifer Williams,2026-08-12 20:04:39.083485,1735460.79000000,1735460.79000000,2,,3092084.55000000
Jennifer Williams,2026-08-12 20:04:49.092669,378289.78000000,5205835.12000000,3,3092084.55000000,356423.96000000
Jennifer Williams,2026-08-12 20:04:50.896074,356423.96000000,5562259.08000000,4,378289.78000000,
Jenny Hardin,2026-08-12 20:04:37.314548,4419799.51000000,4419799.51000000,1,,3008519.55000000
Jenny Hardin,2026-08-12 20:04:39.682986,3008519.55000000,7428319.06000000,2,4419799.51000000,2557079.70000000
Jenny Hardin,2026-08-12 20:04:49.435744,2565468.63000000,12550867.39000000,3,2557079.70000000,960449.75000000
Jenny Hardin,2026-08-12 20:04:43.977656,2557079.70000000,9985398.76000000,4,3008519.55000000,2565468.63000000
Jenny Hardin,2026-08-12 20:04:51.982015,1051198.59000000,14562515.73000000,5,960449.75000000,
Jenny Hardin,2026-08-12 20:04:51.051080,960449.75000000,13511317.14000000,6,2565468.63000000,1051198.59000000
Jerald Strong,2026-08-12 20:04:46.817338,3141183.68000000,7892812.64500000,1,1181907.72000000,
Jerald Strong,2026-08-12 20:04:35.829750,2510349.50000000,3569721.24500000,2,1059371.74500000,1181907.72000000
Jerald Strong,2026-08-12 20:04:42.077071,1181907.72000000,4751628.96500000,3,2510349.50000000,3141183.68000000
Jerald Strong,2026-08-12 20:04:35.263019,1059371.74500000,1059371.74500000,4,,2510349.50000000
Jeremy Harrison,2026-08-12 20:04:36.359690,4148675.58000000,4148675.58000000,1,,213209.85000000
Jeremy Harrison,2026-08-12 20:04:49.260157,2699150.61000000,10938758.99550000,2,55440.36600000,947009.85000000
Jeremy Harrison,2026-08-12 20:04:42.774110,2277126.76950000,6639012.19950000,3,213209.85000000,1545155.82000000
Jeremy Harrison,2026-08-12 20:04:47.447838,1545155.82000000,8184168.01950000,4,2277126.76950000,55440.36600000
Jeremy Harrison,2026-08-12 20:04:51.030704,947009.85000000,11885768.84550000,5,2699150.61000000,572483.94000000
Jeremy Harrison,2026-08-12 20:04:51.255259,572483.94000000,12458252.78550000,6,947009.85000000,
Jeremy Harrison,2026-08-12 20:04:41.294348,213209.85000000,4361885.43000000,7,4148675.58000000,2277126.76950000
Jeremy Harrison,2026-08-12 20:04:47.566001,55440.36600000,8239608.38550000,8,1545155.82000000,2699150.61000000
Jeri Charles,2026-08-12 20:04:38.953075,3213905.57000000,4231057.34000000,1,1017151.77000000,873079.60000000
Jeri Charles,2026-08-12 20:04:43.165671,2260452.59000000,7364589.53000000,2,873079.60000000,534563.94000000
Jeri Charles,2026-08-12 20:04:38.371122,1017151.77000000,1017151.77000000,3,,3213905.57000000
Jeri Charles,2026-08-12 20:04:41.865062,873079.60000000,5104136.94000000,4,3213905.57000000,2260452.59000000
Jeri Charles,2026-08-12 20:04:53.965089,622511.84000000,8521665.31000000,5,534563.94000000,
Jeri Charles,2026-08-12 20:04:53.638269,534563.94000000,7899153.47000000,6,2260452.59000000,622511.84000000
Jerry Acosta,2026-08-12 20:04:36.960088,985568.87000000,985568.87000000,1,,
Jerry Long,2026-08-12 20:04:51.214372,3712181.62000000,11217036.24500000,1,326359.60000000,
Jerry Long,2026-08-12 20:04:43.896099,3144064.57500000,7016102.39500000,2,148556.77000000,162392.63000000
Jerry Long,2026-08-12 20:04:42.309271,2566123.56000000,2717737.53000000,3,151613.97000000,1005743.52000000
Jerry Long,2026-08-12 20:04:43.145232,1005743.52000000,3723481.05000000,4,2566123.56000000,148556.77000000
Jerry Long,2026-08-12 20:04:50.936949,326359.60000000,7504854.62500000,5,162392.63000000,3712181.62000000
Jerry Long,2026-08-12 20:04:48.325202,162392.63000000,7178495.02500000,6,3144064.57500000,326359.60000000
Jerry Long,2026-08-12 20:04:42.126042,151613.97000000,151613.97000000,7,,2566123.56000000
Jerry Long,2026-08-12 20:04:43.683776,148556.77000000,3872037.82000000,8,1005743.52000000,3144064.57500000
Jesse Knight,2026-08-12 20:04:49.251998,945506.77000000,945506.77000000,1,,
Jessica Wilson,2026-08-12 20:04:41.657321,4102801.57000000,12731352.16000000,1,354325.86000000,158103.92000000
Jessica Wilson,2026-08-12 20:04:36.825344,3511852.57000000,5154465.31000000,2,183868.93000000,818414.87000000
Jessica Wilson,2026-08-12 20:04:53.699601,2575484.35150000,17956931.96150000,3,1100759.85000000,
Jessica Wilson,2026-08-12 20:04:40.470070,2301344.55000000,8274224.73000000,4,818414.87000000,354325.86000000
Jessica Wilson,2026-08-12 20:04:33.851101,1458743.81000000,1458743.81000000,5,,183868.93000000
Jessica Wilson,2026-08-12 20:04:48.141693,1391231.68000000,14280687.76000000,6,158103.92000000,1100759.85000000
Jessica Wilson,2026-08-12 20:04:51.655642,1100759.85000000,15381447.61000000,7,1391231.68000000,2575484.35150000
Jessica Wilson,2026-08-12 20:04:38.277371,818414.87000000,5972880.18000000,8,3511852.57000000,2301344.55000000
Jessica Wilson,2026-08-12 20:04:41.225055,354325.86000000,8628550.59000000,9,2301344.55000000,4102801.57000000
Jessica Wilson,2026-08-12 20:04:35.006007,183868.93000000,1642612.74000000,10,1458743.81000000,3511852.57000000
Jessica Wilson,2026-08-12 20:04:44.545059,158103.92000000,12889456.08000000,11,4102801.57000000,1391231.68000000
Jesus Alexander,2026-08-12 20:04:40.025622,4205039.52000000,6141977.93000000,1,624426.77000000,661007.53000000
Jesus Alexander,2026-08-12 20:04:45.838332,3282003.56000000,12420889.84850000,2,1128497.23850000,1355874.75000000
Jesus Alexander,2026-08-12 20:04:50.504878,2916049.50000000,16692814.09850000,3,1355874.75000000,106703.82000000
Jesus Alexander,2026-08-12 20:04:51.328822,2467534.65000000,19267052.56850000,4,106703.82000000,
Jesus Alexander,2026-08-12 20:04:46.005289,1355874.75000000,13776764.59850000,5,3282003.56000000,2916049.50000000
Jesus Alexander,2026-08-12 20:04:42.427398,1172291.67000000,8010389.05000000,6,35111.92000000,1128497.23850000
Jesus Alexander,2026-08-12 20:04:44.430686,1128497.23850000,9138886.28850000,7,1172291.67000000,3282003.56000000
Jesus Alexander,2026-08-12 20:04:38.375195,935486.69000000,1312511.64000000,8,377024.95000000,624426.77000000
Jesus Alexander,2026-08-12 20:04:40.723071,661007.53000000,6802985.46000000,9,4205039.52000000,35111.92000000
Jesus Alexander,2026-08-12 20:04:38.993844,624426.77000000,1936938.41000000,10,935486.69000000,4205039.52000000
Jesus Alexander,2026-08-12 20:04:36.514856,377024.95000000,377024.95000000,11,,935486.69000000
Jesus Alexander,2026-08-12 20:04:51.144971,106703.82000000,16799517.91850000,12,2916049.50000000,2467534.65000000
Jesus Alexander,2026-08-12 20:04:42.268536,35111.92000000,6838097.38000000,13,661007.53000000,1172291.67000000
Jewel Rivas,2026-08-12 20:04:40.461921,4036603.56000000,7203460.41300000,1,2765783.72000000,1721327.58000000
Jewel Rivas,2026-08-12 20:04:37.245216,2765783.72000000,3166856.85300000,2,335865.24300000,4036603.56000000
Jewel Rivas,2026-08-12 20:04:47.082364,2233784.34300000,11158572.33600000,3,1721327.58000000,1103163.66000000
Jewel Rivas,2026-08-12 20:04:44.206294,1721327.58000000,8924787.99300000,4,4036603.56000000,2233784.34300000
Jewel Rivas,2026-08-12 20:04:49.496912,1103163.66000000,12261735.99600000,5,2233784.34300000,748109.85000000
Jewel Rivas,2026-08-12 20:04:53.532163,748109.85000000,13009845.84600000,6,1103163.66000000,
Jewel Rivas,2026-08-12 20:04:36.947869,335865.24300000,401073.13300000,7,65207.89000000,2765783.72000000
Jewel Rivas,2026-08-12 20:04:36.637317,65207.89000000,65207.89000000,8,,335865.24300000
Jill McCoy,2026-08-12 20:04:51.671978,3800002.59000000,6334764.86000000,1,1727759.54000000,
Jill McCoy,2026-08-12 20:04:42.480436,1727759.54000000,2534762.27000000,2,807002.73000000,3800002.59000000
Jill McCoy,2026-08-12 20:04:39.797143,807002.73000000,807002.73000000,3,,1727759.54000000
Jimmie Hooper,2026-08-12 20:04:47.639419,1623419.55000000,1623419.55000000,1,,137375.91000000
Jimmie Hooper,2026-08-12 20:04:48.978400,137375.91000000,1760795.46000000,2,1623419.55000000,
Joan Barnes,2026-08-12 20:04:38.860878,2615327.73000000,2908424.67050000,1,293096.94050000,2067467.61000000
Joan Barnes,2026-08-12 20:04:54.736799,2204927.56000000,9711340.68050000,2,355584.81000000,
Joan Barnes,2026-08-12 20:04:39.992993,2067467.61000000,4975892.28050000,3,2615327.73000000,731447.64000000
Joan Barnes,2026-08-12 20:04:42.668197,731447.64000000,5707339.92050000,4,2067467.61000000,476630.73000000
Joan Barnes,2026-08-12 20:04:44.536883,502340.93000000,6732203.56050000,5,45891.98000000,418624.75000000
Joan Barnes,2026-08-12 20:04:42.957625,476630.73000000,6183970.65050000,6,731447.64000000,45891.98000000
Joan Barnes,2026-08-12 20:04:48.166206,418624.75000000,7150828.31050000,7,502340.93000000,355584.81000000
Joan Barnes,2026-08-12 20:04:53.564834,355584.81000000,7506413.12050000,8,418624.75000000,2204927.56000000
Joan Barnes,2026-08-12 20:04:35.980540,293096.94050000,293096.94050000,9,,2615327.73000000
Joan Barnes,2026-08-12 20:04:44.210367,45891.98000000,6229862.63050000,10,476630.73000000,502340.93000000
Joann Sullivan,2026-08-12 20:04:51.721010,2383799.60000000,5411319.71000000,1,400814.91000000,
Joann Sullivan,2026-08-12 20:04:36.196557,1070234.83000000,1528644.73000000,2,458409.90000000,515399.85000000
Joann Sullivan,2026-08-12 20:04:48.410989,537431.93000000,2626705.20000000,3,45228.69000000,400814.91000000
Joann Sullivan,2026-08-12 20:04:36.870303,515399.85000000,2044044.58000000,4,1070234.83000000,45228.69000000
Joann Sullivan,2026-08-12 20:04:35.103906,458409.90000000,458409.90000000,5,,1070234.83000000
Joann Sullivan,2026-08-12 20:04:50.117522,400814.91000000,3027520.11000000,6,537431.93000000,2383799.60000000
Joann Sullivan,2026-08-12 20:04:45.858687,45228.69000000,2089273.27000000,7,515399.85000000,537431.93000000
Joanna Floyd,2026-08-12 20:04:41.245425,3343247.64000000,8105035.11750000,1,770447.52000000,2562803.64000000
Joanna Floyd,2026-08-12 20:04:43.508404,2562803.64000000,10667838.75750000,2,3343247.64000000,391549.95000000
Joanna Floyd,2026-08-12 20:04:37.302327,2420835.63000000,3036178.21750000,3,570143.88000000,681425.82000000
Joanna Floyd,2026-08-12 20:04:39.303739,770447.52000000,4761787.47750000,4,273735.92000000,3343247.64000000
Joanna Floyd,2026-08-12 20:04:49.933919,681680.79000000,12180852.26750000,5,439782.77000000,429429.95000000
Joanna Floyd,2026-08-12 20:04:38.783346,681425.82000000,3717604.03750000,6,2420835.63000000,273735.92000000
Joanna Floyd,2026-08-12 20:04:35.173351,570143.88000000,615342.58750000,7,45198.70750000,2420835.63000000
Joanna Floyd,2026-08-12 20:04:46.478746,439782.77000000,11499171.47750000,8,391549.95000000,681680.79000000
Joanna Floyd,2026-08-12 20:04:51.847471,429429.95000000,12610282.21750000,9,681680.79000000,
Joanna Floyd,2026-08-12 20:04:45.773182,391549.95000000,11059388.70750000,10,2562803.64000000,439782.77000000
Joanna Floyd,2026-08-12 20:04:39.001989,273735.92000000,3991339.95750000,11,681425.82000000,770447.52000000
Joanna Floyd,2026-08-12 20:04:34.634677,45198.70750000,45198.70750000,12,,570143.88000000
Joanne Wheeler,2026-08-12 20:04:36.911181,2970493.53000000,2970493.53000000,1,,1773279.80000000
Joanne Wheeler,2026-08-12 20:04:54.667462,2349299.70000000,9469703.41000000,2,487140.81000000,
Joanne Wheeler,2026-08-12 20:04:46.021593,1773279.80000000,4743773.33000000,3,2970493.53000000,987983.76000000
Joanne Wheeler,2026-08-12 20:04:47.700757,987983.76000000,5731757.09000000,4,1773279.80000000,765577.83000000
Joanne Wheeler,2026-08-12 20:04:50.582323,765577.83000000,6497334.92000000,5,987983.76000000,52064.99000000
Joanne Wheeler,2026-08-12 20:04:54.361350,487140.81000000,7120403.71000000,6,83862.99000000,2349299.70000000
Joanne Wheeler,2026-08-12 20:04:51.900399,83862.99000000,6633262.90000000,7,52064.99000000,487140.81000000
Joanne Wheeler,2026-08-12 20:04:50.769792,52064.99000000,6549399.91000000,8,765577.83000000,83862.99000000
Jodie Wiggins,2026-08-12 20:04:49.165984,2544327.62000000,4119111.10000000,1,154311.92000000,
Jodie Wiggins,2026-08-12 20:04:35.389384,915809.90000000,915809.90000000,2,,504661.66000000
Jodie Wiggins,2026-08-12 20:04:43.875648,504661.66000000,1420471.56000000,3,915809.90000000,154311.92000000
Jodie Wiggins,2026-08-12 20:04:46.927360,154311.92000000,1574783.48000000,4,504661.66000000,2544327.62000000
Joe Kim,2026-08-12 20:04:44.847313,3739615.54000000,8574781.01000000,1,1531807.84000000,844535.89000000
Joe Kim,2026-08-12 20:04:51.692398,3207815.64000000,13246899.37000000,2,208301.94000000,938399.83000000
Joe Kim,2026-08-12 20:04:36.384180,2667005.73000000,2667005.73000000,3,,239591.97000000
Joe Kim,2026-08-12 20:04:54.132884,2368178.67000000,16641796.86000000,4,88318.99000000,
Joe Kim,2026-08-12 20:04:39.136555,1531807.84000000,4835165.47000000,5,396759.93000000,3739615.54000000
Joe Kim,2026-08-12 20:04:52.284039,938399.83000000,14185299.20000000,6,3207815.64000000,88318.99000000
Joe Kim,2026-08-12 20:04:45.491776,844535.89000000,9419316.90000000,7,3739615.54000000,377024.95000000
Joe Kim,2026-08-12 20:04:38.693548,396759.93000000,3303357.63000000,8,239591.97000000,1531807.84000000
Joe Kim,2026-08-12 20:04:46.748131,377024.95000000,9796341.85000000,9,844535.89000000,34439.94000000
Joe Kim,2026-08-12 20:04:37.129955,239591.97000000,2906597.70000000,10,2667005.73000000,396759.93000000
Joe Kim,2026-08-12 20:04:48.570085,208301.94000000,10039083.73000000,11,34439.94000000,3207815.64000000
Joe Kim,2026-08-12 20:04:53.466937,88318.99000000,14273618.19000000,12,938399.83000000,2368178.67000000
Joe Kim,2026-08-12 20:04:47.994905,34439.94000000,9830781.79000000,13,377024.95000000,208301.94000000
Joesph Mckinney,2026-08-12 20:04:47.276142,979769.78000000,2326178.98950000,1,270647.96000000,736865.53000000
Joesph Mckinney,2026-08-12 20:04:48.872229,736865.53000000,3063044.51950000,2,979769.78000000,625103.50650000
Joesph Mckinney,2026-08-12 20:04:34.687740,704205.33950000,704205.33950000,3,,371555.91000000
Joesph Mckinney,2026-08-12 20:04:54.581768,625103.50650000,3688148.02600000,4,736865.53000000,
Joesph Mckinney,2026-08-12 20:04:36.200628,371555.91000000,1075761.24950000,5,704205.33950000,270647.96000000
Joesph Mckinney,2026-08-12 20:04:41.820273,270647.96000000,1346409.20950000,6,371555.91000000,979769.78000000
Johnnie Boyer,2026-08-12 20:04:54.443169,3178091.62000000,15322857.75300000,1,3145192.53000000,
Johnnie Boyer,2026-08-12 20:04:50.651597,3145192.53000000,12144766.13300000,2,911804.85000000,3178091.62000000
Johnnie Boyer,2026-08-12 20:04:39.369102,2792789.69000000,2792789.69000000,3,,124875.18300000
Johnnie Boyer,2026-08-12 20:04:47.602674,2360799.50000000,8087768.75300000,4,1123835.79000000,911804.85000000
Johnnie Boyer,2026-08-12 20:04:43.104412,1685468.59000000,4603133.46300000,5,124875.18300000,1123835.79000000
Johnnie Boyer,2026-08-12 20:04:46.576763,1123835.79000000,5726969.25300000,6,1685468.59000000,2360799.50000000
Johnnie Boyer,2026-08-12 20:04:49.399008,911804.85000000,8999573.60300000,7,2360799.50000000,3145192.53000000
Johnnie Boyer,2026-08-12 20:04:39.821598,124875.18300000,2917664.87300000,8,2792789.69000000,1685468.59000000
Johnnie Hobbs,2026-08-12 20:04:37.632672,2794043.67000000,5563625.86050000,1,2724439.60000000,562189.93200000
Johnnie Hobbs,2026-08-12 20:04:35.487143,2724439.60000000,2769582.19050000,2,45142.59050000,2794043.67000000
Johnnie Hobbs,2026-08-12 20:04:47.208823,2687159.65000000,8922700.19250000,3,109724.75000000,1836652.52800000
Johnnie Hobbs,2026-08-12 20:04:49.256079,1836652.52800000,10759352.72050000,4,2687159.65000000,399281.87000000
Johnnie Hobbs,2026-08-12 20:04:44.332706,562189.93200000,6125815.79250000,5,2794043.67000000,109724.75000000
Johnnie Hobbs,2026-08-12 20:04:52.577591,399281.87000000,11158634.59050000,6,1836652.52800000,
Johnnie Hobbs,2026-08-12 20:04:46.650250,109724.75000000,6235540.54250000,7,562189.93200000,2687159.65000000
Johnnie Hobbs,2026-08-12 20:04:35.458617,45142.59050000,45142.59050000,8,,2724439.60000000
Johnnie Valencia,2026-08-12 20:04:50.464096,2816799.65000000,14004713.51800000,1,1013336.60350000,647196.73200000
Johnnie Valencia,2026-08-12 20:04:54.891882,2368757.51000000,19598435.36000000,2,1467218.83000000,
Johnnie Valencia,2026-08-12 20:04:39.968524,2274624.75000000,6269726.58700000,3,782720.91000000,1337003.64000000
Johnnie Valencia,2026-08-12 20:04:37.257469,2006909.55000000,3212380.92700000,4,858105.32800000,782720.91000000
Johnnie Valencia,2026-08-12 20:04:53.630083,1467218.83000000,17229677.85000000,5,98648.97000000,2368757.51000000
Johnnie Valencia,2026-08-12 20:04:41.685887,1337003.64000000,7606730.22700000,6,2274624.75000000,1011138.36750000
Johnnie Valencia,2026-08-12 20:04:49.300953,1013336.60350000,11187913.86800000,7,832460.79000000,2816799.65000000
Johnnie Valencia,2026-08-12 20:04:52.251379,1011899.80000000,15663810.05000000,8,647196.73200000,98648.97000000
Johnnie Valencia,2026-08-12 20:04:44.553233,1011138.36750000,8617868.59450000,9,1337003.64000000,724247.88000000
Johnnie Valencia,2026-08-12 20:04:37.211716,858105.32800000,1205471.37700000,10,347366.04900000,2006909.55000000
Johnnie Valencia,2026-08-12 20:04:47.782530,832460.79000000,10174577.26450000,11,724247.88000000,1013336.60350000
Johnnie Valencia,2026-08-12 20:04:38.673167,782720.91000000,3995101.83700000,12,2006909.55000000,2274624.75000000
Johnnie Valencia,2026-08-12 20:04:45.352988,724247.88000000,9342116.47450000,13,1011138.36750000,832460.79000000
Johnnie Valencia,2026-08-12 20:04:50.704627,647196.73200000,14651910.25000000,14,2816799.65000000,1011899.80000000
Johnnie Valencia,2026-08-12 20:04:36.543407,347366.04900000,347366.04900000,15,,858105.32800000
Johnnie Valencia,2026-08-12 20:04:52.736702,98648.97000000,15762459.02000000,16,1011899.80000000,1467218.83000000
Jonathan Gutierrez,2026-08-12 20:04:52.422724,2463167.68000000,6013450.59200000,1,588090.79200000,1705151.52000000
Jonathan Gutierrez,2026-08-12 20:04:53.871246,1705151.52000000,7718602.11200000,2,2463167.68000000,625448.54700000
Jonathan Gutierrez,2026-08-12 20:04:38.167272,1321340.79000000,1874180.51000000,3,429974.87000000,165591.72000000
Jonathan Gutierrez,2026-08-12 20:04:41.220980,855729.90000000,2962192.12000000,4,66689.99000000,588090.79200000
Jonathan Gutierrez,2026-08-12 20:04:54.467638,625448.54700000,8344050.65900000,5,1705151.52000000,
Jonathan Gutierrez,2026-08-12 20:04:50.370316,588090.79200000,3550282.91200000,6,855729.90000000,2463167.68000000
Jonathan Gutierrez,2026-08-12 20:04:37.481692,429974.87000000,552839.72000000,7,122864.85000000,1321340.79000000
Jonathan Gutierrez,2026-08-12 20:04:38.248860,165591.72000000,2039772.23000000,8,1321340.79000000,66689.99000000
Jonathan Gutierrez,2026-08-12 20:04:33.932603,122864.85000000,122864.85000000,9,,429974.87000000
Jonathan Gutierrez,2026-08-12 20:04:39.556731,66689.99000000,2106462.22000000,10,165591.72000000,855729.90000000
Jose Sullivan,2026-08-12 20:04:49.680772,3483730.57000000,14175378.81000000,1,2575619.59000000,1295975.78000000
Jose Sullivan,2026-08-12 20:04:50.957332,3476119.53000000,18947474.12000000,2,1295975.78000000,1148168.67000000
Jose Sullivan,2026-08-12 20:04:41.461538,3159418.59000000,4951812.16000000,3,631829.90000000,221864.97000000
Jose Sullivan,2026-08-12 20:04:44.896213,2942351.52000000,8116028.65000000,4,221864.97000000,2575619.59000000
Jose Sullivan,2026-08-12 20:04:45.724271,2575619.59000000,10691648.24000000,5,2942351.52000000,3483730.57000000
Jose Sullivan,2026-08-12 20:04:54.092029,2275439.70000000,22371082.49000000,6,1148168.67000000,1933066.69000000
Jose Sullivan,2026-08-12 20:04:54.381867,1933066.69000000,24304149.18000000,7,2275439.70000000,
Jose Sullivan,2026-08-12 20:04:49.942069,1295975.78000000,15471354.59000000,8,3483730.57000000,3476119.53000000
Jose Sullivan,2026-08-12 20:04:52.035162,1148168.67000000,20095642.79000000,9,3476119.53000000,2275439.70000000
Jose Sullivan,2026-08-12 20:04:40.906747,895803.72000000,1160563.67000000,10,264759.95000000,631829.90000000
Jose Sullivan,2026-08-12 20:04:41.229132,631829.90000000,1792393.57000000,11,895803.72000000,3159418.59000000
Jose Sullivan,2026-08-12 20:04:40.604581,264759.95000000,264759.95000000,12,,895803.72000000
Jose Sullivan,2026-08-12 20:04:41.714386,221864.97000000,5173677.13000000,13,3159418.59000000,2942351.52000000
Joseph Gonzalez,2026-08-12 20:04:53.781351,4512299.50000000,11008917.05000000,1,827689.90000000,
Joseph Gonzalez,2026-08-12 20:04:35.324222,2517932.67000000,2517932.67000000,2,,1485887.84000000
Joseph Gonzalez,2026-08-12 20:04:36.212862,1485887.84000000,4003820.51000000,3,2517932.67000000,477490.93000000
Joseph Gonzalez,2026-08-12 20:04:53.556670,827689.90000000,6496617.55000000,4,796991.76000000,4512299.50000000
Joseph Gonzalez,2026-08-12 20:04:49.104890,796991.76000000,5668927.65000000,5,86524.95000000,827689.90000000
Joseph Gonzalez,2026-08-12 20:04:40.062264,477490.93000000,4481311.44000000,6,1485887.84000000,72191.76000000
Joseph Gonzalez,2026-08-12 20:04:46.486918,125455.92000000,4785410.94000000,7,106451.82000000,86524.95000000
Joseph Gonzalez,2026-08-12 20:04:43.814487,106451.82000000,4659955.02000000,8,72191.76000000,125455.92000000
Joseph Gonzalez,2026-08-12 20:04:46.735922,86524.95000000,4871935.89000000,9,125455.92000000,796991.76000000
Joseph Gonzalez,2026-08-12 20:04:42.158612,72191.76000000,4553503.20000000,10,477490.93000000,106451.82000000
Joshua Torres,2026-08-12 20:04:45.504010,3192077.54000000,6675366.01000000,1,353027.96000000,571629.90000000
Joshua Torres,2026-08-12 20:04:35.793101,2344479.60000000,2344479.60000000,2,,785780.91000000
Joshua Torres,2026-08-12 20:04:54.753112,2221166.61000000,11213586.34000000,3,1745423.82000000,
Joshua Torres,2026-08-12 20:04:49.611419,1745423.82000000,8992419.73000000,4,571629.90000000,2221166.61000000
Joshua Torres,2026-08-12 20:04:36.596484,785780.91000000,3130260.51000000,5,2344479.60000000,353027.96000000
Joshua Torres,2026-08-12 20:04:46.548161,571629.90000000,7246995.91000000,6,3192077.54000000,1745423.82000000
Joshua Torres,2026-08-12 20:04:44.589998,353027.96000000,3483288.47000000,7,785780.91000000,3192077.54000000
Joyce Butler,2026-08-12 20:04:35.984612,2642681.58000000,7151659.05000000,1,1891889.79000000,1277657.82000000
Joyce Butler,2026-08-12 20:04:35.161106,2617087.68000000,2617087.68000000,2,,1891889.79000000
Joyce Butler,2026-08-12 20:04:42.130113,2358043.40350000,13860746.43500000,3,1623138.40150000,2140469.66000000
Joyce Butler,2026-08-12 20:04:50.500804,2140469.66000000,16001216.09500000,4,2358043.40350000,134615.97000000
Joyce Butler,2026-08-12 20:04:35.491214,1891889.79000000,4508977.47000000,5,2617087.68000000,2642681.58000000
Joyce Butler,2026-08-12 20:04:40.837315,1623138.40150000,11502703.03150000,6,756527.88000000,2358043.40350000
Joyce Butler,2026-08-12 20:04:38.159106,1277657.82000000,8429316.87000000,7,2642681.58000000,693719.88000000
Joyce Butler,2026-08-12 20:04:40.380335,756527.88000000,9879564.63000000,8,693719.88000000,1623138.40150000
Joyce Butler,2026-08-12 20:04:38.485440,693719.88000000,9123036.75000000,9,1277657.82000000,756527.88000000
Joyce Butler,2026-08-12 20:04:51.810831,134615.97000000,16135832.06500000,10,2140469.66000000,
Juan Elliott,2026-08-12 20:04:49.697102,142869.90000000,142869.90000000,1,,
Juan Matthews,2026-08-12 20:04:38.665018,3851369.55000000,6259259.09000000,1,1636799.69000000,3321696.59000000
Juan Matthews,2026-08-12 20:04:38.815983,3321696.59000000,9580955.68000000,2,3851369.55000000,915515.86000000
Juan Matthews,2026-08-12 20:04:38.036448,1636799.69000000,2407889.54000000,3,771089.85000000,3851369.55000000
Juan Matthews,2026-08-12 20:04:53.932416,1582872.57000000,13386073.97000000,4,912789.90000000,
Juan Matthews,2026-08-12 20:04:38.836382,915515.86000000,10496471.54000000,5,3321696.59000000,393939.96000000
Juan Matthews,2026-08-12 20:04:52.969319,912789.90000000,11803201.40000000,6,393939.96000000,1582872.57000000
Juan Matthews,2026-08-12 20:04:37.074312,771089.85000000,771089.85000000,7,,1636799.69000000
Juan Matthews,2026-08-12 20:04:38.852713,393939.96000000,10890411.50000000,8,915515.86000000,912789.90000000
Juanita Krueger,2026-08-12 20:04:49.693017,3013997.66000000,7781663.60150000,1,154754.91000000,
Juanita Krueger,2026-08-12 20:04:42.472275,2387735.61000000,4572029.44000000,2,184263.98000000,40881.59150000
Juanita Krueger,2026-08-12 20:04:37.983341,849808.57000000,1633708.07000000,3,783899.50000000,366321.78000000
Juanita Krueger,2026-08-12 20:04:34.597953,783899.50000000,783899.50000000,4,,849808.57000000
Juanita Krueger,2026-08-12 20:04:39.735940,366321.78000000,2000029.85000000,5,849808.57000000,184263.98000000
Juanita Krueger,2026-08-12 20:04:41.359594,184263.98000000,2184293.83000000,6,366321.78000000,2387735.61000000
Juanita Krueger,2026-08-12 20:04:45.238877,154754.91000000,4767665.94150000,7,40881.59150000,3013997.66000000
Juanita Krueger,2026-08-12 20:04:43.993985,40881.59150000,4612911.03150000,8,2387735.61000000,154754.91000000
Judith Bryant,2026-08-12 20:04:42.154541,4455299.50000000,10475584.26000000,1,1240303.74000000,2231599.75000000
Judith Bryant,2026-08-12 20:04:54.038959,3368585.62000000,25063812.66750000,2,1951619.80000000,1264769.74000000
Judith Bryant,2026-08-12 20:04:36.678192,2679759.60000000,2943864.51000000,3,264104.91000000,796991.76000000
Judith Bryant,2026-08-12 20:04:44.389812,2231599.75000000,12707184.01000000,4,4455299.50000000,1941297.66000000
Judith Bryant,2026-08-12 20:04:52.883638,2069948.79000000,19743607.24750000,5,161618.95750000,1951619.80000000
Judith Bryant,2026-08-12 20:04:53.418041,1951619.80000000,21695227.04750000,6,2069948.79000000,3368585.62000000
Judith Bryant,2026-08-12 20:04:44.728944,1941297.66000000,14648481.67000000,7,2231599.75000000,694070.77000000
Judith Bryant,2026-08-12 20:04:54.189982,1264769.74000000,26328582.40750000,8,3368585.62000000,1053629.85000000
Judith Bryant,2026-08-12 20:04:40.551558,1240303.74000000,6020284.76000000,9,1039124.75000000,4455299.50000000
Judith Bryant,2026-08-12 20:04:55.136673,1053629.85000000,27382212.25750000,10,1264769.74000000,
Judith Bryant,2026-08-12 20:04:40.155929,1039124.75000000,4779981.02000000,11,796991.76000000,1240303.74000000
Judith Bryant,2026-08-12 20:04:48.827310,959789.70000000,16631875.96000000,12,260895.84000000,880163.54000000
Judith Bryant,2026-08-12 20:04:51.582117,880163.54000000,17512039.50000000,13,959789.70000000,161618.95750000
Judith Bryant,2026-08-12 20:04:39.328242,796991.76000000,3740856.27000000,14,2679759.60000000,1039124.75000000
Judith Bryant,2026-08-12 20:04:45.406095,694070.77000000,15342552.44000000,15,1941297.66000000,68637.98000000
Judith Bryant,2026-08-12 20:04:34.230382,264104.91000000,264104.91000000,16,,2679759.60000000
Judith Bryant,2026-08-12 20:04:47.692582,260895.84000000,15672086.26000000,17,68637.98000000,959789.70000000
Judith Bryant,2026-08-12 20:04:52.341234,161618.95750000,17673658.45750000,18,880163.54000000,2069948.79000000
Judith Bryant,2026-08-12 20:04:45.475472,68637.98000000,15411190.42000000,19,694070.77000000,260895.84000000
Judy Armstrong,2026-08-12 20:04:44.112398,3058194.65000000,8564149.19650000,1,381698.91000000,1219970.83000000
Judy Armstrong,2026-08-12 20:04:41.555314,2061779.65000000,3470265.93650000,2,1408486.28650000,1653989.70000000
Judy Armstrong,2026-08-12 20:04:42.655981,1653989.70000000,5124255.63650000,3,2061779.65000000,381698.91000000
Judy Armstrong,2026-08-12 20:04:37.461297,1408486.28650000,1408486.28650000,4,,2061779.65000000
Judy Armstrong,2026-08-12 20:04:46.951859,1219970.83000000,9784120.02650000,5,3058194.65000000,347639.94000000
Judy Armstrong,2026-08-12 20:04:51.218453,915389.79000000,11047149.75650000,6,347639.94000000,
Judy Armstrong,2026-08-12 20:04:42.778184,381698.91000000,5505954.54650000,7,1653989.70000000,3058194.65000000
Judy Armstrong,2026-08-12 20:04:48.080512,347639.94000000,10131759.96650000,8,1219970.83000000,915389.79000000
Julia Ruiz,2026-08-12 20:04:34.981533,2986193.59000000,2986193.59000000,1,,1021631.72800000
Julia Ruiz,2026-08-12 20:04:42.553920,1511903.84000000,7699733.39800000,2,45114.65000000,730439.88000000
Julia Ruiz,2026-08-12 20:04:39.560801,1379345.83000000,5387171.14800000,3,1021631.72800000,755543.76000000
Julia Ruiz,2026-08-12 20:04:39.385383,1021631.72800000,4007825.31800000,4,2986193.59000000,1379345.83000000
Julia Ruiz,2026-08-12 20:04:51.659729,855859.90000000,9286033.17800000,5,730439.88000000,
Julia Ruiz,2026-08-12 20:04:41.155675,755543.76000000,6142714.90800000,6,1379345.83000000,45114.65000000
Julia Ruiz,2026-08-12 20:04:46.507353,730439.88000000,8430173.27800000,7,1511903.84000000,855859.90000000
Julia Ruiz,2026-08-12 20:04:42.060756,45114.65000000,6187829.55800000,8,755543.76000000,1511903.84000000
Julie Bell,2026-08-12 20:04:34.507961,2136007.72000000,2136007.72000000,1,,1367063.73000000
Julie Bell,2026-08-12 20:04:35.397527,1367063.73000000,3503071.45000000,2,2136007.72000000,178391.96000000
Julie Bell,2026-08-12 20:04:52.748930,181870.94700000,3886896.27200000,3,23561.91500000,
Julie Bell,2026-08-12 20:04:40.486377,178391.96000000,3681463.41000000,4,1367063.73000000,23561.91500000
Julie Bell,2026-08-12 20:04:45.528483,23561.91500000,3705025.32500000,5,178391.96000000,181870.94700000
Julius Wilkins,2026-08-12 20:04:42.623309,733769.55000000,861369.15000000,1,127599.60000000,489884.89000000
Julius Wilkins,2026-08-12 20:04:48.623123,730919.92000000,2082173.96000000,2,489884.89000000,
Julius Wilkins,2026-08-12 20:04:43.708264,489884.89000000,1351254.04000000,3,733769.55000000,730919.92000000
Julius Wilkins,2026-08-12 20:04:37.913897,127599.60000000,127599.60000000,4,,733769.55000000
Justin Reed,2026-08-12 20:04:42.007743,3702685.45050000,6439797.01050000,1,2690552.57000000,2661101.69000000
Justin Reed,2026-08-12 20:04:51.875971,3397694.65000000,23423041.46050000,2,1215549.65000000,
Justin Reed,2026-08-12 20:04:43.075851,3025217.58000000,13428831.11050000,3,929159.90000000,181445.94000000
Justin Reed,2026-08-12 20:04:41.212829,2690552.57000000,2737111.56000000,4,46558.99000000,3702685.45050000
Justin Reed,2026-08-12 20:04:42.329665,2661101.69000000,9100898.70050000,5,3702685.45050000,373554.93000000
Justin Reed,2026-08-12 20:04:47.913284,2271374.75000000,17812825.28050000,6,759703.78000000,996971.88000000
Justin Reed,2026-08-12 20:04:51.676061,1215549.65000000,20025346.81050000,7,996971.88000000,3397694.65000000
Justin Reed,2026-08-12 20:04:45.601973,1171469.70000000,14781746.75050000,8,181445.94000000,759703.78000000
Justin Reed,2026-08-12 20:04:50.753510,996971.88000000,18809797.16050000,9,2271374.75000000,1215549.65000000
Justin Reed,2026-08-12 20:04:43.002454,929159.90000000,10403613.53050000,10,373554.93000000,3025217.58000000
Justin Reed,2026-08-12 20:04:45.956425,759703.78000000,15541450.53050000,11,1171469.70000000,2271374.75000000
Justin Reed,2026-08-12 20:04:42.407033,373554.93000000,9474453.63050000,12,2661101.69000000,929159.90000000
Justin Reed,2026-08-12 20:04:44.091949,181445.94000000,13610277.05050000,13,3025217.58000000,1171469.70000000
Justin Reed,2026-08-12 20:04:39.784907,46558.99000000,46558.99000000,14,,2690552.57000000
Karen Moore,2026-08-12 20:04:48.158061,2232309.62000000,4151051.63000000,1,539523.62000000,1232006.51000000
Karen Moore,2026-08-12 20:04:48.227419,1232006.51000000,5383058.14000000,2,2232309.62000000,
Karen Moore,2026-08-12 20:04:44.185891,707399.73000000,713784.68000000,3,6384.95000000,665433.71000000
Karen Moore,2026-08-12 20:04:44.782031,665433.71000000,1379218.39000000,4,707399.73000000,539523.62000000
Karen Moore,2026-08-12 20:04:45.336680,539523.62000000,1918742.01000000,5,665433.71000000,2232309.62000000
Karen Moore,2026-08-12 20:04:34.769395,6384.95000000,6384.95000000,6,,707399.73000000
Katherine Brooks,2026-08-12 20:04:40.890407,2462313.66000000,6091993.02000000,1,1500087.62000000,964439.81000000
Katherine Brooks,2026-08-12 20:04:54.030816,2037224.75000000,11876848.41150000,2,1525175.73000000,1517263.84000000
Katherine Brooks,2026-08-12 20:04:38.465005,1806595.81000000,2129591.74000000,3,65427.99000000,1500087.62000000
Katherine Brooks,2026-08-12 20:04:50.219498,1525175.73000000,9839623.66150000,4,426663.93000000,2037224.75000000
Katherine Brooks,2026-08-12 20:04:55.193802,1517263.84000000,13394112.25150000,5,2037224.75000000,
Katherine Brooks,2026-08-12 20:04:39.385383,1500087.62000000,3629679.36000000,6,1806595.81000000,2462313.66000000
Katherine Brooks,2026-08-12 20:04:42.892385,964439.81000000,7056432.83000000,7,2462313.66000000,77615.72000000
Katherine Brooks,2026-08-12 20:04:47.770233,753735.45150000,7887784.00150000,8,77615.72000000,426663.93000000
Katherine Brooks,2026-08-12 20:04:48.382348,426663.93000000,8314447.93150000,9,753735.45150000,1525175.73000000
Katherine Brooks,2026-08-12 20:04:36.000906,257567.94000000,257567.94000000,10,,65427.99000000
Katherine Brooks,2026-08-12 20:04:47.263927,77615.72000000,7134048.55000000,11,964439.81000000,753735.45150000
Katherine Brooks,2026-08-12 20:04:37.791714,65427.99000000,322995.93000000,12,257567.94000000,1806595.81000000
Kathleen Reyes,2026-08-12 20:04:53.854930,1299710.79000000,1959927.52000000,1,193652.97000000,
Kathleen Reyes,2026-08-12 20:04:40.359903,336779.80000000,466563.76000000,2,129783.96000000,193652.97000000
Kathleen Reyes,2026-08-12 20:04:51.353348,193652.97000000,660216.73000000,3,336779.80000000,1299710.79000000
Kathleen Reyes,2026-08-12 20:04:38.534481,129783.96000000,129783.96000000,4,,336779.80000000
Kathryn Hayes,2026-08-12 20:04:49.558198,2439983.52000000,7135010.62000000,1,1337313.78000000,1068479.68000000
Kathryn Hayes,2026-08-12 20:04:37.844661,2040941.62000000,2040941.62000000,2,,294902.97000000
Kathryn Hayes,2026-08-12 20:04:54.287964,1647907.81000000,9851398.11000000,3,1068479.68000000,
Kathryn Hayes,2026-08-12 20:04:46.589001,1337313.78000000,4695027.10000000,4,1021868.73000000,2439983.52000000
Kathryn Hayes,2026-08-12 20:04:53.903869,1068479.68000000,8203490.30000000,5,2439983.52000000,1647907.81000000
Kathryn Hayes,2026-08-12 20:04:44.900284,1021868.73000000,3357713.32000000,6,294902.97000000,1337313.78000000
Kathryn Hayes,2026-08-12 20:04:38.379278,294902.97000000,2335844.59000000,7,2040941.62000000,1021868.73000000
Kathy Cole,2026-08-12 20:04:47.074193,3240551.58000000,4064393.32000000,1,544181.94000000,717920.95650000
Kathy Cole,2026-08-12 20:04:52.353466,954592.37250000,6140554.56900000,2,403647.92000000,
Kathy Cole,2026-08-12 20:04:47.349704,717920.95650000,4782314.27650000,3,3240551.58000000,403647.92000000
Kathy Cole,2026-08-12 20:04:39.662587,544181.94000000,823841.74000000,4,279659.80000000,3240551.58000000
Kathy Cole,2026-08-12 20:04:51.369694,403647.92000000,5185962.19650000,5,717920.95650000,954592.37250000
Kathy Cole,2026-08-12 20:04:34.103928,279659.80000000,279659.80000000,6,,544181.94000000
Kayla Cunningham,2026-08-12 20:04:46.511435,3575707.57000000,6103520.07050000,1,473423.76000000,230104.27350000
Kayla Cunningham,2026-08-12 20:04:52.304478,1644191.73000000,7977816.07400000,2,230104.27350000,
Kayla Cunningham,2026-08-12 20:04:34.781613,1089572.28750000,1089572.28750000,3,,63254.99000000
Kayla Cunningham,2026-08-12 20:04:40.306795,654533.82000000,1919936.78050000,4,112575.68300000,134451.96000000
Kayla Cunningham,2026-08-12 20:04:45.067467,473423.76000000,2527812.50050000,5,134451.96000000,3575707.57000000
Kayla Cunningham,2026-08-12 20:04:48.451844,230104.27350000,6333624.34400000,6,3575707.57000000,1644191.73000000
Kayla Cunningham,2026-08-12 20:04:43.879726,134451.96000000,2054388.74050000,7,654533.82000000,473423.76000000
Kayla Cunningham,2026-08-12 20:04:39.116180,112575.68300000,1265402.96050000,8,63254.99000000,654533.82000000
Kayla Cunningham,2026-08-12 20:04:35.226335,63254.99000000,1152827.27750000,9,1089572.28750000,112575.68300000
Keith Ferguson,2026-08-12 20:04:51.459584,4387433.54000000,9410802.31150000,1,1234811.83000000,1116023.72000000
Keith Ferguson,2026-08-12 20:04:53.805823,1246805.67000000,11773631.70150000,2,1116023.72000000,1027991.79000000
Keith Ferguson,2026-08-12 20:04:48.962053,1234811.83000000,5023368.77150000,3,93477.86000000,4387433.54000000
Keith Ferguson,2026-08-12 20:04:53.666908,1116023.72000000,10526826.03150000,4,4387433.54000000,1246805.67000000
Keith Ferguson,2026-08-12 20:04:45.430576,1112015.52000000,2813607.56150000,5,64170.57150000,881471.52000000
Keith Ferguson,2026-08-12 20:04:53.838505,1027991.79000000,12801623.49150000,6,1246805.67000000,580526.91000000
Keith Ferguson,2026-08-12 20:04:38.656868,901701.62000000,901701.62000000,7,,735719.85000000
Keith Ferguson,2026-08-12 20:04:48.427305,881471.52000000,3695079.08150000,8,1112015.52000000,93477.86000000
Keith Ferguson,2026-08-12 20:04:42.292975,735719.85000000,1637421.47000000,9,901701.62000000,64170.57150000
Keith Ferguson,2026-08-12 20:04:54.602136,580526.91000000,13382150.40150000,10,1027991.79000000,
Keith Ferguson,2026-08-12 20:04:48.778297,93477.86000000,3788556.94150000,11,881471.52000000,1234811.83000000
Keith Ferguson,2026-08-12 20:04:44.100124,64170.57150000,1701592.04150000,12,735719.85000000,1112015.52000000
Kendrick Glass,2026-08-12 20:04:52.300387,2125353.78000000,8372146.94000000,1,2056889.78000000,
Kendrick Glass,2026-08-12 20:04:50.676065,2056889.78000000,6246793.16000000,2,226414.65000000,2125353.78000000
Kendrick Glass,2026-08-12 20:04:37.249299,1982915.74000000,3712023.08000000,3,1616159.68000000,64091.98000000
Kendrick Glass,2026-08-12 20:04:36.057915,1616159.68000000,1729107.34000000,4,112947.66000000,1982915.74000000
Kendrick Glass,2026-08-12 20:04:47.978588,226414.65000000,4189903.38000000,5,187373.67000000,2056889.78000000
Kendrick Glass,2026-08-12 20:04:46.429827,187373.67000000,3963488.73000000,6,64091.98000000,226414.65000000
Kendrick Glass,2026-08-12 20:04:35.613660,112947.66000000,112947.66000000,7,,1616159.68000000
Kendrick Glass,2026-08-12 20:04:38.718009,64091.98000000,3776115.06000000,8,1982915.74000000,187373.67000000
Kenneth Hill,2026-08-12 20:04:38.575328,2783549.70000000,4630499.45000000,1,1846949.75000000,2185667.64000000
Kenneth Hill,2026-08-12 20:04:43.271764,2185667.64000000,6816167.09000000,2,2783549.70000000,46574.99000000
Kenneth Hill,2026-08-12 20:04:37.174946,1846949.75000000,1846949.75000000,3,,2783549.70000000
Kenneth Hill,2026-08-12 20:04:49.986960,73103.84000000,6935845.92000000,4,46574.99000000,
Kenneth Hill,2026-08-12 20:04:48.329284,46574.99000000,6862742.08000000,5,2185667.64000000,73103.84000000
Kerry Donovan,2026-08-12 20:04:38.354834,1892703.62000000,1892703.62000000,1,,874835.81000000
Kerry Donovan,2026-08-12 20:04:49.925770,1854779.62000000,4622319.05000000,2,874835.81000000,34478.73000000
Kerry Donovan,2026-08-12 20:04:48.019393,874835.81000000,2767539.43000000,3,1892703.62000000,1854779.62000000
Kerry Donovan,2026-08-12 20:04:52.532783,34478.73000000,4656797.78000000,4,1854779.62000000,
Kevin Green,2026-08-12 20:04:44.737112,3897263.52000000,11363844.74700000,1,1373449.74000000,716015.84000000
Kevin Green,2026-08-12 20:04:36.714921,3387075.51000000,4403867.45700000,2,1016791.94700000,1077289.66000000
Kevin Green,2026-08-12 20:04:47.512998,2382552.71000000,16378911.55700000,3,453693.63000000,1561949.70000000
Kevin Green,2026-08-12 20:04:51.533116,1561949.70000000,17940861.25700000,4,2382552.71000000,354209.90000000
Kevin Green,2026-08-12 20:04:42.337813,1373449.74000000,7466581.22700000,5,605674.65000000,3897263.52000000
Kevin Green,2026-08-12 20:04:36.996753,1077289.66000000,5481157.11700000,6,3387075.51000000,6299.72000000
Kevin Green,2026-08-12 20:04:35.797173,1016791.94700000,1016791.94700000,7,,3387075.51000000
Kevin Green,2026-08-12 20:04:47.066025,945119.70000000,13024980.28700000,8,716015.84000000,517684.93000000
Kevin Green,2026-08-12 20:04:44.961379,716015.84000000,12079860.58700000,9,3897263.52000000,945119.70000000
Kevin Green,2026-08-12 20:04:42.024030,605674.65000000,6093131.48700000,10,6299.72000000,1373449.74000000
Kevin Green,2026-08-12 20:04:47.163969,517684.93000000,13542665.21700000,11,945119.70000000,453693.63000000
Kevin Green,2026-08-12 20:04:47.390856,453693.63000000,13996358.84700000,12,517684.93000000,2382552.71000000
Kevin Green,2026-08-12 20:04:54.255319,354209.90000000,18295071.15700000,13,1561949.70000000,2917.98000000
Kevin Green,2026-08-12 20:04:37.669435,6299.72000000,5487456.83700000,14,1077289.66000000,605674.65000000
Kevin Green,2026-08-12 20:04:55.063199,2917.98000000,18297989.13700000,15,354209.90000000,
Kimberly Young,2026-08-12 20:04:33.916313,3079671.62000000,3079671.62000000,1,,276319.60000000
Kimberly Young,2026-08-12 20:04:44.071543,2573129.70000000,7506063.73000000,2,1576942.81000000,2261.97000000
Kimberly Young,2026-08-12 20:04:43.022854,1576942.81000000,4932934.03000000,3,276319.60000000,2573129.70000000
Kimberly Young,2026-08-12 20:04:52.377936,1213266.63000000,9819155.04000000,4,1097562.71000000,217972.18950000
Kimberly Young,2026-08-12 20:04:46.160392,1097562.71000000,8605888.41000000,5,2261.97000000,1213266.63000000
Kimberly Young,2026-08-12 20:04:53.320115,874404.57000000,10911531.79950000,6,217972.18950000,290471.51000000
Kimberly Young,2026-08-12 20:04:54.936866,290471.51000000,11202003.30950000,7,874404.57000000,
Kimberly Young,2026-08-12 20:04:42.390750,276319.60000000,3355991.22000000,8,3079671.62000000,1576942.81000000
Kimberly Young,2026-08-12 20:04:52.500194,217972.18950000,10037127.22950000,9,1213266.63000000,874404.57000000
Kimberly Young,2026-08-12 20:04:44.989898,2261.97000000,7508325.70000000,10,2573129.70000000,1097562.71000000
Kirk Hurst,2026-08-12 20:04:36.339276,3761458.70900000,3761458.70900000,1,,2646539.73000000
Kirk Hurst,2026-08-12 20:04:37.232966,2646539.73000000,6407998.43900000,2,3761458.70900000,851004.71000000
Kirk Hurst,2026-08-12 20:04:44.667649,1316567.76000000,10190192.44900000,3,1062629.70000000,26938.89000000
Kirk Hurst,2026-08-12 20:04:43.610286,1062629.70000000,8873624.68900000,4,334279.95000000,1316567.76000000
Kirk Hurst,2026-08-12 20:04:47.545596,886324.75000000,11103456.08900000,5,26938.89000000,82425.99000000
Kirk Hurst,2026-08-12 20:04:38.481359,851004.71000000,7259003.14900000,6,2646539.73000000,217711.89000000
Kirk Hurst,2026-08-12 20:04:49.039620,635479.80000000,11987357.58900000,7,165995.71000000,
Kirk Hurst,2026-08-12 20:04:41.065899,334279.95000000,7810994.98900000,8,217711.89000000,1062629.70000000
Kirk Hurst,2026-08-12 20:04:38.754717,217711.89000000,7476715.03900000,9,851004.71000000,334279.95000000
Kirk Hurst,2026-08-12 20:04:48.868145,165995.71000000,11351877.78900000,10,82425.99000000,635479.80000000
Kirk Hurst,2026-08-12 20:04:48.831397,82425.99000000,11185882.07900000,11,886324.75000000,165995.71000000
Kirk Hurst,2026-08-12 20:04:45.161416,26938.89000000,10217131.33900000,12,1316567.76000000,886324.75000000
Kristen Little,2026-08-12 20:04:36.078273,2267823.74000000,3793473.39000000,1,1525649.65000000,1939167.72000000
Kristen Little,2026-08-12 20:04:40.825050,1939167.72000000,5732641.11000000,2,2267823.74000000,926063.84000000
Kristen Little,2026-08-12 20:04:35.711504,1525649.65000000,1525649.65000000,3,,2267823.74000000
Kristen Little,2026-08-12 20:04:49.656301,926063.84000000,6658704.95000000,4,1939167.72000000,355239.90000000
Kristen Little,2026-08-12 20:04:51.026629,355239.90000000,7013944.85000000,5,926063.84000000,
Kristine Ashley,2026-08-12 20:04:35.707421,3968747.58000000,7125825.69750000,1,3157078.11750000,730777.81000000
Kristine Ashley,2026-08-12 20:04:45.911626,3827726.53000000,19283503.60750000,2,245099.97000000,196039.98000000
Kristine Ashley,2026-08-12 20:04:40.616823,3518889.53000000,12359536.58750000,3,964439.81000000,541859.89000000
Kristine Ashley,2026-08-12 20:04:34.471266,3157078.11750000,3157078.11750000,4,,3968747.58000000
Kristine Ashley,2026-08-12 20:04:51.104142,2412409.74000000,23963500.87750000,5,912317.89000000,84899.85000000
Kristine Ashley,2026-08-12 20:04:43.810403,2309280.63000000,15210677.10750000,6,541859.89000000,245099.97000000
Kristine Ashley,2026-08-12 20:04:51.406458,1362339.80000000,25410740.52750000,7,84899.85000000,46007.88000000
Kristine Ashley,2026-08-12 20:04:48.480391,1159229.66000000,20638773.24750000,8,196039.98000000,912317.89000000
Kristine Ashley,2026-08-12 20:04:39.776706,964439.81000000,8840647.05750000,9,19603.74000000,3518889.53000000
Kristine Ashley,2026-08-12 20:04:48.941634,912317.89000000,21551091.13750000,10,1159229.66000000,2412409.74000000
Kristine Ashley,2026-08-12 20:04:38.003764,730777.81000000,7856603.50750000,11,3968747.58000000,19603.74000000
Kristine Ashley,2026-08-12 20:04:43.247271,541859.89000000,12901396.47750000,12,3518889.53000000,2309280.63000000
Kristine Ashley,2026-08-12 20:04:53.409899,300015.92000000,25756764.32750000,13,46007.88000000,
Kristine Ashley,2026-08-12 20:04:45.565267,245099.97000000,15455777.07750000,14,2309280.63000000,3827726.53000000
Kristine Ashley,2026-08-12 20:04:46.262504,196039.98000000,19479543.58750000,15,3827726.53000000,1159229.66000000
Kristine Ashley,2026-08-12 20:04:51.381950,84899.85000000,24048400.72750000,16,2412409.74000000,1362339.80000000
Kristine Ashley,2026-08-12 20:04:51.708756,46007.88000000,25456748.40750000,17,1362339.80000000,300015.92000000
Kristine Ashley,2026-08-12 20:04:39.071261,19603.74000000,7876207.24750000,18,730777.81000000,964439.81000000
Kurt Fischer,2026-08-12 20:04:50.541579,3308799.53000000,11303560.90750000,1,481412.77000000,2473671.63000000
Kurt Fischer,2026-08-12 20:04:51.627042,2473671.63000000,13777232.53750000,2,3308799.53000000,1593261.78000000
Kurt Fischer,2026-08-12 20:04:34.197787,2384318.53550000,2384318.53550000,3,,432997.77000000
Kurt Fischer,2026-08-12 20:04:51.953428,1593261.78000000,15370494.31750000,4,2473671.63000000,375599.90000000
Kurt Fischer,2026-08-12 20:04:41.518665,1528136.61000000,5380920.42550000,5,1035467.51000000,1218127.62000000
Kurt Fischer,2026-08-12 20:04:45.968633,1218127.62000000,6599048.04550000,6,1528136.61000000,914300.56200000
Kurt Fischer,2026-08-12 20:04:37.591833,1035467.51000000,3852783.81550000,7,432997.77000000,1528136.61000000
Kurt Fischer,2026-08-12 20:04:47.749800,914300.56200000,7513348.60750000,8,1218127.62000000,481412.77000000
Kurt Fischer,2026-08-12 20:04:49.002915,481412.77000000,7994761.37750000,9,914300.56200000,3308799.53000000
Kurt Fischer,2026-08-12 20:04:35.813462,432997.77000000,2817316.30550000,10,2384318.53550000,1035467.51000000
Kurt Fischer,2026-08-12 20:04:54.124731,375599.90000000,15746094.21750000,11,1593261.78000000,
Kurtis Tate,2026-08-12 20:04:49.774716,2470817.58000000,9903345.57350000,1,1461839.84000000,375436.59000000
Kurtis Tate,2026-08-12 20:04:53.250830,2192255.64000000,12471037.80350000,2,375436.59000000,
Kurtis Tate,2026-08-12 20:04:35.731927,2030103.88350000,2030103.88350000,3,,8216.99000000
Kurtis Tate,2026-08-12 20:04:37.755026,1586337.83000000,3624658.70350000,4,8216.99000000,1124239.80000000
Kurtis Tate,2026-08-12 20:04:42.064831,1461839.84000000,7432527.99350000,5,41003.99000000,2470817.58000000
Kurtis Tate,2026-08-12 20:04:40.869985,1180785.66000000,5929684.16350000,6,1124239.80000000,41003.99000000
Kurtis Tate,2026-08-12 20:04:38.616128,1124239.80000000,4748898.50350000,7,1586337.83000000,1180785.66000000
Kurtis Tate,2026-08-12 20:04:52.426794,375436.59000000,10278782.16350000,8,2470817.58000000,2192255.64000000
Kurtis Tate,2026-08-12 20:04:42.044383,41003.99000000,5970688.15350000,9,1180785.66000000,1461839.84000000
Kurtis Tate,2026-08-12 20:04:37.579586,8216.99000000,2038320.87350000,10,2030103.88350000,1586337.83000000
Kyle Hamilton,2026-08-12 20:04:41.791762,4522405.51000000,13608058.65400000,1,278493.66000000,226388.83000000
Kyle Hamilton,2026-08-12 20:04:38.195907,3925079.55000000,7450631.19000000,2,3525551.64000000,1356528.29400000
Kyle Hamilton,2026-08-12 20:04:36.608743,3525551.64000000,3525551.64000000,3,,3925079.55000000
Kyle Hamilton,2026-08-12 20:04:54.018516,2772473.48350000,23156172.25750000,4,560933.82000000,
Kyle Hamilton,2026-08-12 20:04:48.668071,2398647.51000000,19822764.95400000,5,809841.78000000,560933.82000000
Kyle Hamilton,2026-08-12 20:04:43.124807,2266465.54000000,16100913.02400000,6,226388.83000000,331792.69000000
Kyle Hamilton,2026-08-12 20:04:39.156919,1356528.29400000,8807159.48400000,7,3925079.55000000,278493.66000000
Kyle Hamilton,2026-08-12 20:04:47.398995,809841.78000000,17424117.44400000,8,181569.95000000,2398647.51000000
Kyle Hamilton,2026-08-12 20:04:53.275271,560933.82000000,20383698.77400000,9,2398647.51000000,2772473.48350000
Kyle Hamilton,2026-08-12 20:04:44.594083,331792.69000000,16432705.71400000,10,2266465.54000000,181569.95000000
Kyle Hamilton,2026-08-12 20:04:41.498307,278493.66000000,9085653.14400000,11,1356528.29400000,4522405.51000000
Kyle Hamilton,2026-08-12 20:04:42.900530,226388.83000000,13834447.48400000,12,4522405.51000000,2266465.54000000
Kyle Hamilton,2026-08-12 20:04:46.311540,181569.95000000,16614275.66400000,13,331792.69000000,809841.78000000
Lamar Rubio,2026-08-12 20:04:54.292045,348656.69000000,377744.61000000,1,29087.92000000,
Lamar Rubio,2026-08-12 20:04:39.320065,29087.92000000,29087.92000000,2,,348656.69000000
Lamont Velez,2026-08-12 20:04:42.973920,4121299.50000000,15444739.36500000,1,293871.80050000,3468959.55000000
Lamont Velez,2026-08-12 20:04:45.789471,3468959.55000000,18913698.91500000,2,4121299.50000000,1227589.74000000
Lamont Velez,2026-08-12 20:04:37.363539,3141183.68000000,6407870.93000000,3,1936401.66000000,1196799.83000000
Lamont Velez,2026-08-12 20:04:52.912236,3052839.65000000,25631606.56500000,4,73723.93000000,123570.93000000
Lamont Velez,2026-08-12 20:04:37.033441,1936401.66000000,3266687.25000000,5,1330285.59000000,3141183.68000000
Lamont Velez,2026-08-12 20:04:54.989821,1866871.63000000,28088276.84500000,6,466227.72000000,
Lamont Velez,2026-08-12 20:04:38.044616,1813371.78000000,9418042.54000000,7,1196799.83000000,1458599.50000000
Lamont Velez,2026-08-12 20:04:40.665947,1458599.50000000,10876642.04000000,8,1813371.78000000,152926.02450000
Lamont Velez,2026-08-12 20:04:36.241407,1330285.59000000,1330285.59000000,9,,1936401.66000000
Lamont Velez,2026-08-12 20:04:49.325420,1317402.81000000,21458691.46500000,10,1227589.74000000,1046351.52000000
Lamont Velez,2026-08-12 20:04:47.468198,1227589.74000000,20141288.65500000,11,3468959.55000000,1317402.81000000
Lamont Velez,2026-08-12 20:04:37.865020,1196799.83000000,7604670.76000000,12,3141183.68000000,1813371.78000000
Lamont Velez,2026-08-12 20:04:49.472450,1046351.52000000,22505042.98500000,13,1317402.81000000,73723.93000000
Lamont Velez,2026-08-12 20:04:54.953149,466227.72000000,26221405.21500000,14,123570.93000000,1866871.63000000
Lamont Velez,2026-08-12 20:04:42.411104,293871.80050000,11323439.86500000,15,152926.02450000,4121299.50000000
Lamont Velez,2026-08-12 20:04:42.178969,152926.02450000,11029568.06450000,16,1458599.50000000,293871.80050000
Lamont Velez,2026-08-12 20:04:54.439093,123570.93000000,25755177.49500000,17,3052839.65000000,466227.72000000
Lamont Velez,2026-08-12 20:04:49.995107,73723.93000000,22578766.91500000,18,1046351.52000000,3052839.65000000
Lana Middleton,2026-08-12 20:04:53.961016,3196293.62000000,7288620.31000000,1,650294.55000000,583069.90000000
Lana Middleton,2026-08-12 20:04:41.049579,1329535.68000000,1950192.49000000,2,194368.93000000,1062629.70000000
Lana Middleton,2026-08-12 20:04:43.177915,1062629.70000000,3012822.19000000,3,1329535.68000000,429209.95000000
Lana Middleton,2026-08-12 20:04:48.292611,650294.55000000,4092326.69000000,4,429209.95000000,3196293.62000000
Lana Middleton,2026-08-12 20:04:54.002214,583069.90000000,7871690.21000000,5,3196293.62000000,
Lana Middleton,2026-08-12 20:04:44.769781,429209.95000000,3442032.14000000,6,1062629.70000000,650294.55000000
Lana Middleton,2026-08-12 20:04:39.152845,426287.88000000,426287.88000000,7,,194368.93000000
Lana Middleton,2026-08-12 20:04:39.283347,194368.93000000,620656.81000000,8,426287.88000000,1329535.68000000
Lanny Rubio,2026-08-12 20:04:47.586363,3002845.66000000,6995895.71750000,1,838629.90000000,339183.92000000
Lanny Rubio,2026-08-12 20:04:35.271171,1517849.70000000,1517849.70000000,2,,847967.89000000
Lanny Rubio,2026-08-12 20:04:35.646259,847967.89000000,2365817.59000000,3,1517849.70000000,228104.97000000
Lanny Rubio,2026-08-12 20:04:43.043258,838629.90000000,3993050.05750000,4,528252.89000000,3002845.66000000
Lanny Rubio,2026-08-12 20:04:50.643430,704123.88000000,8039203.51750000,5,339183.92000000,60695.92000000
Lanny Rubio,2026-08-12 20:04:38.820062,528252.89000000,3154420.15750000,6,32244.70750000,838629.90000000
Lanny Rubio,2026-08-12 20:04:48.121269,339183.92000000,7335079.63750000,7,3002845.66000000,704123.88000000
Lanny Rubio,2026-08-12 20:04:35.907156,228104.97000000,2593922.56000000,8,847967.89000000,32244.70750000
Lanny Rubio,2026-08-12 20:04:53.095746,60695.92000000,8099899.43750000,9,704123.88000000,
Lanny Rubio,2026-08-12 20:04:36.363772,32244.70750000,2626167.26750000,10,228104.97000000,528252.89000000
Larry Peterson,2026-08-12 20:04:41.620626,1871749.75000000,1871749.75000000,1,,749359.80000000
Larry Peterson,2026-08-12 20:04:53.830329,1549883.70150000,6641379.69700000,2,1295861.69000000,
Larry Peterson,2026-08-12 20:04:49.309105,1295861.69000000,5091495.99550000,3,1174524.75550000,1549883.70150000
Larry Peterson,2026-08-12 20:04:45.112464,1174524.75550000,3795634.30550000,4,749359.80000000,1295861.69000000
Larry Peterson,2026-08-12 20:04:42.394822,749359.80000000,2621109.55000000,5,1871749.75000000,1174524.75550000
Laura Parker,2026-08-12 20:04:38.926272,3367329.57000000,4934759.16000000,1,1567429.59000000,2981969.57500000
Laura Parker,2026-08-12 20:04:39.226209,2981969.57500000,7916728.73500000,2,3367329.57000000,2886932.51000000
Laura Parker,2026-08-12 20:04:42.280758,2886932.51000000,10803661.24500000,3,2981969.57500000,143087.94000000
Laura Parker,2026-08-12 20:04:36.033489,1567429.59000000,1567429.59000000,4,,3367329.57000000
Laura Parker,2026-08-12 20:04:46.560422,1176170.69000000,12957982.54500000,5,779622.87000000,831524.28100000
Laura Parker,2026-08-12 20:04:48.239657,831524.28100000,13789506.82600000,6,1176170.69000000,
Laura Parker,2026-08-12 20:04:45.259243,779622.87000000,11781811.85500000,7,55439.80000000,1176170.69000000
Laura Parker,2026-08-12 20:04:43.235023,143087.94000000,10946749.18500000,8,2886932.51000000,55439.80000000
Laura Parker,2026-08-12 20:04:44.733029,55439.80000000,11002188.98500000,9,143087.94000000,779622.87000000
Laurence Pruitt,2026-08-12 20:04:37.170864,2367585.59000000,2367585.59000000,1,,1028378.67000000
Laurence Pruitt,2026-08-12 20:04:45.308128,1518119.76000000,5859843.70000000,2,945759.68000000,577819.90000000
Laurence Pruitt,2026-08-12 20:04:42.717058,1028378.67000000,3395964.26000000,3,2367585.59000000,945759.68000000
Laurence Pruitt,2026-08-12 20:04:44.447027,945759.68000000,4341723.94000000,4,1028378.67000000,1518119.76000000
Laurence Pruitt,2026-08-12 20:04:49.970598,577819.90000000,6437663.60000000,5,1518119.76000000,152735.52000000
Laurence Pruitt,2026-08-12 20:04:52.406431,152735.52000000,6590399.12000000,6,577819.90000000,
Leah Costa,2026-08-12 20:04:39.870619,2861361.69000000,4806239.40000000,1,1137653.82000000,177194.19600000
Leah Costa,2026-08-12 20:04:39.022348,1137653.82000000,1944877.71000000,2,807223.89000000,2861361.69000000
Leah Costa,2026-08-12 20:04:34.210025,807223.89000000,807223.89000000,3,,1137653.82000000
Leah Costa,2026-08-12 20:04:54.593985,187153.53000000,5328395.04600000,4,157807.92000000,
Leah Costa,2026-08-12 20:04:50.480397,177194.19600000,4983433.59600000,5,2861361.69000000,157807.92000000
Leah Costa,2026-08-12 20:04:51.508596,157807.92000000,5141241.51600000,6,177194.19600000,187153.53000000
Leigh Leach,2026-08-12 20:04:45.177755,4563949.50000000,18048243.33000000,1,1088999.89000000,1339139.78000000
Leigh Leach,2026-08-12 20:04:53.446554,2994263.61000000,26634809.04000000,2,368792.91000000,423991.92000000
Leigh Leach,2026-08-12 20:04:38.949007,2252615.53000000,8861925.14000000,3,1747487.76000000,837693.71000000
Leigh Leach,2026-08-12 20:04:38.081390,2153423.74000000,4861821.85000000,4,1149454.83000000,1747487.76000000
Leigh Leach,2026-08-12 20:04:38.473182,1747487.76000000,6609309.61000000,5,2153423.74000000,2252615.53000000
Leigh Leach,2026-08-12 20:04:48.129439,1722347.82000000,22474506.65000000,6,1364775.72000000,520849.90000000
Leigh Leach,2026-08-12 20:04:43.031024,1620215.61000000,12039168.35000000,7,719333.89000000,356125.59000000
Leigh Leach,2026-08-12 20:04:34.030425,1409903.64000000,1558943.28000000,8,149039.64000000,1149454.83000000
Leigh Leach,2026-08-12 20:04:48.100880,1364775.72000000,20752158.83000000,9,1339139.78000000,1722347.82000000
Leigh Leach,2026-08-12 20:04:46.719586,1339139.78000000,19387383.11000000,10,4563949.50000000,1364775.72000000
Leigh Leach,2026-08-12 20:04:37.281969,1149454.83000000,2708398.11000000,11,1409903.64000000,2153423.74000000
Leigh Leach,2026-08-12 20:04:44.487883,1088999.89000000,13484293.83000000,12,356125.59000000,4563949.50000000
Leigh Leach,2026-08-12 20:04:39.634087,837693.71000000,9699618.85000000,13,2252615.53000000,719333.89000000
Leigh Leach,2026-08-12 20:04:41.942549,719333.89000000,10418952.74000000,14,837693.71000000,1620215.61000000
Leigh Leach,2026-08-12 20:04:52.390149,520849.90000000,22995356.55000000,15,1722347.82000000,276395.97000000
Leigh Leach,2026-08-12 20:04:53.577084,423991.92000000,27058800.96000000,16,2994263.61000000,169799.70000000
Leigh Leach,2026-08-12 20:04:53.042728,368792.91000000,23640545.43000000,17,276395.97000000,2994263.61000000
Leigh Leach,2026-08-12 20:04:43.696018,356125.59000000,12395293.94000000,18,1620215.61000000,1088999.89000000
Leigh Leach,2026-08-12 20:04:52.634667,276395.97000000,23271752.52000000,19,520849.90000000,368792.91000000
Leigh Leach,2026-08-12 20:04:54.740879,169799.70000000,27228600.66000000,20,423991.92000000,
Leigh Leach,2026-08-12 20:04:33.985580,149039.64000000,149039.64000000,21,,1409903.64000000
Leila Roth,2026-08-12 20:04:44.087868,2520106.63000000,4276282.65000000,1,15050.71000000,1872753.74000000
Leila Roth,2026-08-12 20:04:46.033849,2331831.71000000,10513297.72000000,2,2032429.62000000,1773239.60000000
Leila Roth,2026-08-12 20:04:45.707984,2032429.62000000,8181466.01000000,3,1872753.74000000,2331831.71000000
Leila Roth,2026-08-12 20:04:44.806541,1872753.74000000,6149036.39000000,4,2520106.63000000,2032429.62000000
Leila Roth,2026-08-12 20:04:50.060310,1773239.60000000,12286537.32000000,5,2331831.71000000,1400313.59000000
Leila Roth,2026-08-12 20:04:55.148871,1730650.77900000,15839724.50900000,6,283087.87000000,
Leila Roth,2026-08-12 20:04:53.777278,1400313.59000000,13686850.91000000,7,1773239.60000000,139134.95000000
Leila Roth,2026-08-12 20:04:37.726517,1101243.69000000,1101243.69000000,8,,639881.62000000
Leila Roth,2026-08-12 20:04:44.034815,639881.62000000,1741125.31000000,9,1101243.69000000,15050.71000000
Leila Roth,2026-08-12 20:04:54.920451,283087.87000000,14109073.73000000,10,139134.95000000,1730650.77900000
Leila Roth,2026-08-12 20:04:54.520622,139134.95000000,13825985.86000000,11,1400313.59000000,283087.87000000
Leila Roth,2026-08-12 20:04:44.047056,15050.71000000,1756176.02000000,12,639881.62000000,2520106.63000000
Lela Montoya,2026-08-12 20:04:37.738739,3386027.62000000,6259675.15000000,1,1139059.80000000,1304121.62000000
Lela Montoya,2026-08-12 20:04:37.057948,1734587.73000000,1734587.73000000,2,,1139059.80000000
Lela Montoya,2026-08-12 20:04:39.573013,1304121.62000000,7563796.77000000,3,3386027.62000000,265719.95000000
Lela Montoya,2026-08-12 20:04:37.224804,1139059.80000000,2873647.53000000,4,1734587.73000000,3386027.62000000
Lela Montoya,2026-08-12 20:04:49.153765,871922.92800000,8701439.64800000,5,265719.95000000,
Lela Montoya,2026-08-12 20:04:47.561929,265719.95000000,7829516.72000000,6,1304121.62000000,871922.92800000
Leland Berg,2026-08-12 20:04:47.102773,2823519.68000000,6518467.61650000,1,2713259.70000000,2264591.56000000
Leland Berg,2026-08-12 20:04:45.389719,2713259.70000000,3694947.93650000,2,496896.30650000,2823519.68000000
Leland Berg,2026-08-12 20:04:48.198851,2264591.56000000,8783059.17650000,3,2823519.68000000,640936.89000000
Leland Berg,2026-08-12 20:04:54.214476,2086273.57000000,12641905.41650000,4,1131635.78000000,
Leland Berg,2026-08-12 20:04:52.394219,1131635.78000000,10555631.84650000,5,640936.89000000,2086273.57000000
Leland Berg,2026-08-12 20:04:48.500776,640936.89000000,9423996.06650000,6,2264591.56000000,1131635.78000000
Leland Berg,2026-08-12 20:04:38.873112,496896.30650000,981688.23650000,7,484791.93000000,2713259.70000000
Leland Berg,2026-08-12 20:04:38.073212,484791.93000000,484791.93000000,8,,496896.30650000
Lena Aguilar,2026-08-12 20:04:38.620204,4234854.57000000,8526582.97000000,1,3070888.63000000,443992.33200000
Lena Aguilar,2026-08-12 20:04:37.901680,3070888.63000000,4291728.40000000,2,1220839.77000000,4234854.57000000
Lena Aguilar,2026-08-12 20:04:49.570475,1957850.79000000,17252054.80200000,3,640023.86000000,544337.82000000
Lena Aguilar,2026-08-12 20:04:46.678848,1899127.56000000,14595068.17200000,4,1383845.81000000,59111.98000000
Lena Aguilar,2026-08-12 20:04:45.618290,1383845.81000000,12695940.61200000,5,10799.52000000,1899127.56000000
Lena Aguilar,2026-08-12 20:04:40.902662,1326719.70000000,10297295.00200000,6,443992.33200000,18095.76000000
Lena Aguilar,2026-08-12 20:04:36.453621,1220839.77000000,1220839.77000000,7,,3070888.63000000
Lena Aguilar,2026-08-12 20:04:42.611084,853460.91000000,11168851.67200000,8,18095.76000000,132443.61000000
Lena Aguilar,2026-08-12 20:04:48.917161,640023.86000000,15294204.01200000,9,59111.98000000,1957850.79000000
Lena Aguilar,2026-08-12 20:04:52.267674,544337.82000000,17796392.62200000,10,1957850.79000000,461591.94000000
Lena Aguilar,2026-08-12 20:04:52.614261,461591.94000000,18257984.56200000,11,544337.82000000,
Lena Aguilar,2026-08-12 20:04:40.408856,443992.33200000,8970575.30200000,12,4234854.57000000,1326719.70000000
Lena Aguilar,2026-08-12 20:04:43.402317,132443.61000000,11301295.28200000,13,853460.91000000,10799.52000000
Lena Aguilar,2026-08-12 20:04:48.464088,59111.98000000,14654180.15200000,14,1899127.56000000,640023.86000000
Lena Aguilar,2026-08-12 20:04:41.506450,18095.76000000,10315390.76200000,15,1326719.70000000,853460.91000000
Lena Aguilar,2026-08-12 20:04:43.622533,10799.52000000,11312094.80200000,16,132443.61000000,1383845.81000000
Lenora Gillespie,2026-08-12 20:04:50.309174,1091783.88000000,2516092.28000000,1,371762.51000000,
Lenora Gillespie,2026-08-12 20:04:44.308241,1052545.89000000,1052545.89000000,2,,371762.51000000
Lenora Gillespie,2026-08-12 20:04:46.796982,371762.51000000,1424308.40000000,3,1052545.89000000,1091783.88000000
Lenore Gillespie,2026-08-12 20:04:34.434606,3333573.54000000,3333573.54000000,1,,145799.75000000
Lenore Gillespie,2026-08-12 20:04:48.023474,2120137.66000000,6970880.18000000,2,1060239.80000000,1534247.82000000
Lenore Gillespie,2026-08-12 20:04:53.875322,1534247.82000000,8505128.00000000,3,2120137.66000000,
Lenore Gillespie,2026-08-12 20:04:43.794063,1060239.80000000,4850742.52000000,4,9791.52000000,2120137.66000000
Lenore Gillespie,2026-08-12 20:04:38.795576,301337.91000000,3780711.20000000,5,145799.75000000,9791.52000000
Lenore Gillespie,2026-08-12 20:04:37.653107,145799.75000000,3479373.29000000,6,3333573.54000000,301337.91000000
Lenore Gillespie,2026-08-12 20:04:41.094429,9791.52000000,3790502.72000000,7,301337.91000000,1060239.80000000
Leo Velasquez,2026-08-12 20:04:51.488170,4029829.54000000,14044670.18000000,1,850303.84000000,1534081.78000000
Leo Velasquez,2026-08-12 20:04:42.643713,3534516.51000000,7368722.31000000,2,1688324.75000000,521711.88000000
Leo Velasquez,2026-08-12 20:04:41.432974,1688324.75000000,3834205.80000000,3,665855.82000000,3534516.51000000
Leo Velasquez,2026-08-12 20:04:52.279954,1534081.78000000,15578751.96000000,4,4029829.54000000,1494207.84000000
Leo Velasquez,2026-08-12 20:04:53.818068,1494207.84000000,17072959.80000000,5,1534081.78000000,
Leo Velasquez,2026-08-12 20:04:39.197668,1032569.55000000,1032569.55000000,6,,447455.68000000
Leo Velasquez,2026-08-12 20:04:50.492644,850303.84000000,10014840.64000000,7,492375.92000000,4029829.54000000
Leo Velasquez,2026-08-12 20:04:45.402020,698638.71000000,8589072.90000000,8,521711.88000000,83087.98000000
Leo Velasquez,2026-08-12 20:04:40.951604,665855.82000000,2145881.05000000,9,447455.68000000,1688324.75000000
Leo Velasquez,2026-08-12 20:04:43.149319,521711.88000000,7890434.19000000,10,3534516.51000000,698638.71000000
Leo Velasquez,2026-08-12 20:04:50.076621,492375.92000000,9164536.80000000,11,83087.98000000,850303.84000000
Leo Velasquez,2026-08-12 20:04:39.882864,447455.68000000,1480025.23000000,12,1032569.55000000,665855.82000000
Leo Velasquez,2026-08-12 20:04:49.582758,83087.98000000,8672160.88000000,13,698638.71000000,492375.92000000
Leola Olsen,2026-08-12 20:04:45.087941,1888325.67000000,5080156.06450000,1,819779.90000000,
Leola Olsen,2026-08-12 20:04:38.460923,956311.72000000,956311.72000000,2,,657659.80000000
Leola Olsen,2026-08-12 20:04:43.108481,819779.90000000,3191830.39450000,3,617489.85000000,1888325.67000000
Leola Olsen,2026-08-12 20:04:40.237397,657659.80000000,1613971.52000000,4,956311.72000000,140589.12450000
Leola Olsen,2026-08-12 20:04:43.063621,617489.85000000,2372050.49450000,5,140589.12450000,819779.90000000
Leola Olsen,2026-08-12 20:04:41.004732,140589.12450000,1754560.64450000,6,657659.80000000,617489.85000000
Leona Olsen,2026-08-12 20:04:53.214137,3091274.67000000,9245672.42500000,1,182254.95000000,
Leona Olsen,2026-08-12 20:04:43.843014,1779385.51000000,4806134.12500000,2,5737.24500000,690039.87000000
Leona Olsen,2026-08-12 20:04:35.670685,1697535.81000000,1697535.81000000,3,,1323475.56000000
Leona Olsen,2026-08-12 20:04:38.685395,1323475.56000000,3021011.37000000,4,1697535.81000000,5737.24500000
Leona Olsen,2026-08-12 20:04:45.426487,690039.87000000,5496173.99500000,5,1779385.51000000,475968.81000000
Leona Olsen,2026-08-12 20:04:49.194945,475968.81000000,5972142.80500000,6,690039.87000000,182254.95000000
Leona Olsen,2026-08-12 20:04:53.201911,182254.95000000,6154397.75500000,7,475968.81000000,3091274.67000000
Leona Olsen,2026-08-12 20:04:41.816202,5737.24500000,3026748.61500000,8,1323475.56000000,1779385.51000000
Leonard Wade,2026-08-12 20:04:54.149203,4454999.55000000,10761096.26000000,1,356319.66000000,2438845.20250000
Leonard Wade,2026-08-12 20:04:54.875559,2438845.20250000,13199941.46250000,2,4454999.55000000,
Leonard Wade,2026-08-12 20:04:42.725203,2275549.75000000,2449194.70000000,3,173644.95000000,1547378.81000000
Leonard Wade,2026-08-12 20:04:43.789978,1547378.81000000,3996573.51000000,4,2275549.75000000,1380076.83000000
Leonard Wade,2026-08-12 20:04:46.760344,1380076.83000000,5376650.34000000,5,1547378.81000000,573126.71000000
Leonard Wade,2026-08-12 20:04:47.090516,573126.71000000,5949777.05000000,6,1380076.83000000,356319.66000000
Leonard Wade,2026-08-12 20:04:53.642352,356319.66000000,6306096.71000000,7,573126.71000000,4454999.55000000
Leonard Wade,2026-08-12 20:04:40.094838,173644.95000000,173644.95000000,8,,2275549.75000000
Leroy Tate,2026-08-12 20:04:51.704671,35503.96000000,35503.96000000,1,,
Leticia Klein,2026-08-12 20:04:45.683543,4014431.52000000,11688332.95300000,1,735821.82000000,624905.82000000
Leticia Klein,2026-08-12 20:04:37.021212,2621309.70000000,2621309.70000000,2,,1943291.74000000
Leticia Klein,2026-08-12 20:04:37.412411,1943291.74000000,4564601.44000000,3,2621309.70000000,1584615.56000000
Leticia Klein,2026-08-12 20:04:40.943437,1584615.56000000,6149217.00000000,4,1943291.74000000,440459.64000000
Leticia Klein,2026-08-12 20:04:54.488024,1205401.66000000,14412298.40200000,5,408701.94000000,
Leticia Klein,2026-08-12 20:04:42.863875,735821.82000000,7673901.43300000,6,200538.69000000,4014431.52000000
Leticia Klein,2026-08-12 20:04:46.821410,624905.82000000,12313238.77300000,7,4014431.52000000,93183.92000000
Leticia Klein,2026-08-12 20:04:41.098503,440459.64000000,6589676.64000000,8,1584615.56000000,147864.28300000
Leticia Klein,2026-08-12 20:04:52.728548,408701.94000000,13206896.74200000,9,20767.56000000,1205401.66000000
Leticia Klein,2026-08-12 20:04:51.635219,371004.54900000,12777427.24200000,10,93183.92000000,20767.56000000
Leticia Klein,2026-08-12 20:04:42.248197,200538.69000000,6938079.61300000,11,147864.28300000,735821.82000000
Leticia Klein,2026-08-12 20:04:41.184260,147864.28300000,6737540.92300000,12,440459.64000000,200538.69000000
Leticia Klein,2026-08-12 20:04:50.847163,93183.92000000,12406422.69300000,13,624905.82000000,371004.54900000
Leticia Klein,2026-08-12 20:04:52.724467,20767.56000000,12798194.80200000,14,371004.54900000,408701.94000000
Lillian Berry,2026-08-12 20:04:50.252091,4014422.51000000,18109630.33000000,1,3770249.50000000,2461703.58000000
Lillian Berry,2026-08-12 20:04:49.027404,3770249.50000000,14095207.82000000,2,668367.92000000,4014422.51000000
Lillian Berry,2026-08-12 20:04:41.388102,3449879.55000000,8897293.59000000,3,2133410.77000000,759296.81000000
Lillian Berry,2026-08-12 20:04:50.851235,2461703.58000000,20571333.91000000,4,4014422.51000000,
Lillian Berry,2026-08-12 20:04:39.067189,2375539.59000000,3314003.27000000,5,938463.68000000,2133410.77000000
Lillian Berry,2026-08-12 20:04:39.344599,2133410.77000000,5447414.04000000,6,2375539.59000000,3449879.55000000
Lillian Berry,2026-08-12 20:04:35.030478,938463.68000000,938463.68000000,7,,2375539.59000000
Lillian Berry,2026-08-12 20:04:43.961326,759296.81000000,9656590.40000000,8,3449879.55000000,668367.92000000
Lillian Berry,2026-08-12 20:04:48.476313,668367.92000000,10324958.32000000,9,759296.81000000,3770249.50000000
Lillie Castaneda,2026-08-12 20:04:54.577695,4005743.52000000,9727895.82800000,1,419796.93000000,
Lillie Castaneda,2026-08-12 20:04:41.905810,1807615.68000000,3275067.89000000,2,718775.91000000,688744.69800000
Lillie Castaneda,2026-08-12 20:04:48.170279,886811.88000000,4953119.41800000,3,102494.95000000,349235.96000000
Lillie Castaneda,2026-08-12 20:04:39.144700,718775.91000000,1467452.21000000,4,126521.67000000,1807615.68000000
Lillie Castaneda,2026-08-12 20:04:45.479553,688744.69800000,3963812.58800000,5,1807615.68000000,102494.95000000
Lillie Castaneda,2026-08-12 20:04:36.335194,622154.63000000,622154.63000000,6,,126521.67000000
Lillie Castaneda,2026-08-12 20:04:48.525214,419796.93000000,5722152.30800000,7,349235.96000000,4005743.52000000
Lillie Castaneda,2026-08-12 20:04:48.300762,349235.96000000,5302355.37800000,8,886811.88000000,419796.93000000
Lillie Castaneda,2026-08-12 20:04:38.824139,126521.67000000,748676.30000000,9,622154.63000000,718775.91000000
Lillie Castaneda,2026-08-12 20:04:47.176195,102494.95000000,4066307.53800000,10,688744.69800000,886811.88000000
Linda Jones,2026-08-12 20:04:50.178754,4435604.55000000,18074198.37200000,1,361019.94000000,
Linda Jones,2026-08-12 20:04:42.297047,3029585.58000000,6056228.42200000,2,1561919.68000000,300461.94000000
Linda Jones,2026-08-12 20:04:45.606047,2006151.77000000,12322733.98200000,3,890705.71000000,954839.90000000
Linda Jones,2026-08-12 20:04:44.822874,1923099.50000000,9425876.50200000,4,815676.83000000,890705.71000000
Linda Jones,2026-08-12 20:04:41.306616,1561919.68000000,3026642.84200000,5,1464723.16200000,3029585.58000000
Linda Jones,2026-08-12 20:04:37.885387,1464723.16200000,1464723.16200000,6,,1561919.68000000
Linda Jones,2026-08-12 20:04:46.662503,954839.90000000,13277573.88200000,7,2006151.77000000,361019.94000000
Linda Jones,2026-08-12 20:04:45.120640,890705.71000000,10316582.21200000,8,1923099.50000000,2006151.77000000
Linda Jones,2026-08-12 20:04:44.096036,815676.83000000,7502777.00200000,9,330409.81000000,1923099.50000000
Linda Jones,2026-08-12 20:04:46.691075,361019.94000000,13638593.82200000,10,954839.90000000,4435604.55000000
Linda Jones,2026-08-12 20:04:43.341155,330409.81000000,6687100.17200000,11,300461.94000000,815676.83000000
Linda Jones,2026-08-12 20:04:43.284041,300461.94000000,6356690.36200000,12,3029585.58000000,330409.81000000
Lionel Bass,2026-08-12 20:04:42.138254,1181674.75000000,1856899.36000000,1,419984.85000000,1016378.74500000
Lionel Bass,2026-08-12 20:04:47.427475,1016378.74500000,2873278.10500000,2,1181674.75000000,64193.98000000
Lionel Bass,2026-08-12 20:04:39.931834,419984.85000000,675224.61000000,3,255239.76000000,1181674.75000000
Lionel Bass,2026-08-12 20:04:39.544516,255239.76000000,255239.76000000,4,,419984.85000000
Lionel Bass,2026-08-12 20:04:52.402360,64193.98000000,2937472.08500000,5,1016378.74500000,
Lisa Perez,2026-08-12 20:04:53.605619,3878195.58000000,7748859.78000000,1,1384001.82000000,
Lisa Perez,2026-08-12 20:04:43.361522,1859450.67000000,2486662.38000000,2,627211.71000000,1384001.82000000
Lisa Perez,2026-08-12 20:04:52.879561,1384001.82000000,3870664.20000000,3,1859450.67000000,3878195.58000000
Lisa Perez,2026-08-12 20:04:38.742459,627211.71000000,627211.71000000,4,,1859450.67000000
Lizzie Vance,2026-08-12 20:04:47.929601,2108609.58000000,5851117.83000000,1,2061223.56000000,339947.79000000
Lizzie Vance,2026-08-12 20:04:45.234806,2061223.56000000,3742508.25000000,2,1681284.69000000,2108609.58000000
Lizzie Vance,2026-08-12 20:04:40.592338,1681284.69000000,1681284.69000000,3,,2061223.56000000
Lizzie Vance,2026-08-12 20:04:50.794222,1032695.79000000,7223761.41000000,4,339947.79000000,720698.79000000
Lizzie Vance,2026-08-12 20:04:52.740779,771439.90000000,8715900.10000000,5,720698.79000000,
Lizzie Vance,2026-08-12 20:04:52.108640,720698.79000000,7944460.20000000,6,1032695.79000000,771439.90000000
Lizzie Vance,2026-08-12 20:04:49.141545,339947.79000000,6191065.62000000,7,2108609.58000000,1032695.79000000
Lloyd Decker,2026-08-12 20:04:41.771406,2471363.72000000,2471363.72000000,1,,97965.87450000
Lloyd Decker,2026-08-12 20:04:53.842597,1065345.69000000,4098135.67950000,2,194137.98000000,
Lloyd Decker,2026-08-12 20:04:50.072547,269322.41500000,2838652.00950000,3,97965.87450000,194137.98000000
Lloyd Decker,2026-08-12 20:04:52.218783,194137.98000000,3032789.98950000,4,269322.41500000,1065345.69000000
Lloyd Decker,2026-08-12 20:04:47.245857,97965.87450000,2569329.59450000,5,2471363.72000000,269322.41500000
Logan Stephens,2026-08-12 20:04:49.554106,3034975.66000000,8394501.73000000,1,24035.98000000,1527284.90450000
Logan Stephens,2026-08-12 20:04:45.165501,2622179.56000000,5335490.09000000,2,405118.87000000,24035.98000000
Logan Stephens,2026-08-12 20:04:34.165144,2308191.66000000,2308191.66000000,3,,405118.87000000
Logan Stephens,2026-08-12 20:04:53.116178,2025011.54000000,14605227.58450000,4,1270989.65000000,1588359.80000000
Logan Stephens,2026-08-12 20:04:53.344590,1588359.80000000,16193587.38450000,5,2025011.54000000,
Logan Stephens,2026-08-12 20:04:50.733145,1527284.90450000,9921786.63450000,6,3034975.66000000,1387439.76000000
Logan Stephens,2026-08-12 20:04:51.263433,1387439.76000000,11309226.39450000,7,1527284.90450000,1270989.65000000
Logan Stephens,2026-08-12 20:04:51.994326,1270989.65000000,12580216.04450000,8,1387439.76000000,2025011.54000000
Logan Stephens,2026-08-12 20:04:35.373098,405118.87000000,2713310.53000000,9,2308191.66000000,2622179.56000000
Logan Stephens,2026-08-12 20:04:45.630542,24035.98000000,5359526.07000000,10,2622179.56000000,3034975.66000000
Lonnie Lindsey,2026-08-12 20:04:47.950033,1644174.98350000,5926659.05350000,1,1553525.82000000,
Lonnie Lindsey,2026-08-12 20:04:41.074057,1566559.60000000,2728958.25000000,2,300212.91000000,1553525.82000000
Lonnie Lindsey,2026-08-12 20:04:41.828415,1553525.82000000,4282484.07000000,3,1566559.60000000,1644174.98350000
Lonnie Lindsey,2026-08-12 20:04:35.046777,862185.74000000,862185.74000000,4,,300212.91000000
Lonnie Lindsey,2026-08-12 20:04:36.278100,300212.91000000,1162398.65000000,5,862185.74000000,1566559.60000000
Lora Bender,2026-08-12 20:04:36.269946,2440574.55000000,2440574.55000000,1,,2385347.91100000
Lora Bender,2026-08-12 20:04:37.608171,2385347.91100000,4825922.46100000,2,2440574.55000000,1720682.73000000
Lora Bender,2026-08-12 20:04:51.177606,1835749.75000000,10202753.38050000,3,365478.63950000,
Lora Bender,2026-08-12 20:04:38.746536,1720682.73000000,6546605.19100000,4,2385347.91100000,1454919.80000000
Lora Bender,2026-08-12 20:04:40.670009,1454919.80000000,8001524.99100000,5,1720682.73000000,365478.63950000
Lora Bender,2026-08-12 20:04:45.124727,365478.63950000,8367003.63050000,6,1454919.80000000,1835749.75000000
Loren Solis,2026-08-12 20:04:37.706134,3384083.56000000,12946673.08000000,1,878156.91000000,173735.70750000
Loren Solis,2026-08-12 20:04:34.818422,3382547.61000000,4177727.46000000,2,795179.85000000,2142225.63000000
Loren Solis,2026-08-12 20:04:50.431394,2576347.69000000,16938940.24750000,3,1242183.77000000,1997159.74500000
Loren Solis,2026-08-12 20:04:37.604084,2364479.52000000,8684432.61000000,4,2142225.63000000,878156.91000000
Loren Solis,2026-08-12 20:04:34.842890,2142225.63000000,6319953.09000000,5,3382547.61000000,2364479.52000000
Loren Solis,2026-08-12 20:04:51.157205,1997159.74500000,18936099.99250000,6,2576347.69000000,
Loren Solis,2026-08-12 20:04:45.006201,1242183.77000000,14362592.55750000,7,173735.70750000,2576347.69000000
Loren Solis,2026-08-12 20:04:37.628595,878156.91000000,9562589.52000000,8,2364479.52000000,3384083.56000000
Loren Solis,2026-08-12 20:04:33.855173,795179.85000000,795179.85000000,9,,3382547.61000000
Loren Solis,2026-08-12 20:04:41.596160,173735.70750000,13120408.78750000,10,3384083.56000000,1242183.77000000
Lorene Vaughan,2026-08-12 20:04:50.325493,3848542.90050000,13491999.95400000,1,23908.78300000,925859.88000000
Lorene Vaughan,2026-08-12 20:04:55.173381,3325544.55000000,17743404.38400000,2,925859.88000000,
Lorene Vaughan,2026-08-12 20:04:49.129328,2606111.68000000,9619548.27050000,3,247186.74050000,23908.78300000
Lorene Vaughan,2026-08-12 20:04:46.474687,2421791.73000000,5391990.05000000,4,990926.73000000,1374259.80000000
Lorene Vaughan,2026-08-12 20:04:35.956109,1959223.63000000,1959223.63000000,5,,20047.96000000
Lorene Vaughan,2026-08-12 20:04:47.192510,1374259.80000000,6766249.85000000,6,2421791.73000000,247186.74050000
Lorene Vaughan,2026-08-12 20:04:41.824344,990926.73000000,2970198.32000000,7,20047.96000000,2421791.73000000
Lorene Vaughan,2026-08-12 20:04:52.606112,925859.88000000,14417859.83400000,8,3848542.90050000,3325544.55000000
Lorene Vaughan,2026-08-12 20:04:49.015187,247186.74050000,7013436.59050000,9,1374259.80000000,2606111.68000000
Lorene Vaughan,2026-08-12 20:04:49.550016,23908.78300000,9643457.05350000,10,2606111.68000000,3848542.90050000
Lorene Vaughan,2026-08-12 20:04:36.523021,20047.96000000,1979271.59000000,11,1959223.63000000,990926.73000000
Lorenzo Munoz,2026-08-12 20:04:45.373373,4523087.54000000,13054294.43150000,1,173974.75000000,1608659.70000000
Lorenzo Munoz,2026-08-12 20:04:41.000646,3455355.63000000,8357232.14150000,2,1525567.92150000,173974.75000000
Lorenzo Munoz,2026-08-12 20:04:36.416836,3376308.59000000,3376308.59000000,3,,1525567.92150000
Lorenzo Munoz,2026-08-12 20:04:47.407131,1608659.70000000,14662954.13150000,4,4523087.54000000,713567.84000000
Lorenzo Munoz,2026-08-12 20:04:38.583479,1525567.92150000,4901876.51150000,5,3376308.59000000,3455355.63000000
Lorenzo Munoz,2026-08-12 20:04:52.797877,713567.84000000,15376521.97150000,6,1608659.70000000,
Lorenzo Munoz,2026-08-12 20:04:42.798567,173974.75000000,8531206.89150000,7,3455355.63000000,4523087.54000000
Loretta Mora,2026-08-12 20:04:38.905865,3953137.59000000,3953137.59000000,1,,1139448.81000000
Loretta Mora,2026-08-12 20:04:51.463669,1650308.83000000,8556557.52000000,2,724062.77000000,1428434.87700000
Loretta Mora,2026-08-12 20:04:53.761002,1428434.87700000,9984992.39700000,3,1650308.83000000,
Loretta Mora,2026-08-12 20:04:39.279277,1139448.81000000,5092586.40000000,4,3953137.59000000,1089599.52000000
Loretta Mora,2026-08-12 20:04:39.348674,1089599.52000000,6182185.92000000,5,1139448.81000000,724062.77000000
Loretta Mora,2026-08-12 20:04:40.225180,724062.77000000,6906248.69000000,6,1089599.52000000,1650308.83000000
Lori Marshall,2026-08-12 20:04:51.867831,3283351.62000000,9718796.85000000,1,2424199.75000000,
Lori Marshall,2026-08-12 20:04:35.466764,2704995.72000000,3279535.62000000,2,574539.90000000,731709.86000000
Lori Marshall,2026-08-12 20:04:49.652225,2424199.75000000,6435445.23000000,3,731709.86000000,3283351.62000000
Lori Marshall,2026-08-12 20:04:40.539346,731709.86000000,4011245.48000000,4,2704995.72000000,2424199.75000000
Lori Marshall,2026-08-12 20:04:34.128420,574539.90000000,574539.90000000,5,,2704995.72000000
Lorna Downs,2026-08-12 20:04:39.397612,4381391.52000000,4381391.52000000,1,,373497.57000000
Lorna Downs,2026-08-12 20:04:53.940573,2681887.56000000,7436776.65000000,2,373497.57000000,
Lorna Downs,2026-08-12 20:04:49.631834,373497.57000000,4754889.09000000,3,4381391.52000000,2681887.56000000
Lottie Duffy,2026-08-12 20:04:48.390510,1525919.71100000,2946489.17100000,1,1295314.51000000,304898.93000000
Lottie Duffy,2026-08-12 20:04:40.184450,1295314.51000000,1420569.46000000,2,125254.95000000,1525919.71100000
Lottie Duffy,2026-08-12 20:04:52.198420,304898.93000000,3251388.10100000,3,1525919.71100000,
Lottie Duffy,2026-08-12 20:04:37.330900,125254.95000000,125254.95000000,4,,1295314.51000000
Lourdes Shepard,2026-08-12 20:04:40.013405,3730155.62000000,3765679.61000000,1,35523.99000000,906539.88000000
Lourdes Shepard,2026-08-12 20:04:50.256162,3334715.64000000,15196714.80000000,2,621023.88000000,2405122.27700000
Lourdes Shepard,2026-08-12 20:04:50.586394,2405122.27700000,17601837.07700000,3,3334715.64000000,
Lourdes Shepard,2026-08-12 20:04:44.063380,2076509.62000000,6748729.11000000,4,906539.88000000,137425.98000000
Lourdes Shepard,2026-08-12 20:04:46.605339,2018892.57000000,9546867.54000000,5,641819.88000000,1694107.74000000
Lourdes Shepard,2026-08-12 20:04:46.866195,1694107.74000000,11240975.28000000,6,2018892.57000000,621023.88000000
Lourdes Shepard,2026-08-12 20:04:43.337083,906539.88000000,4672219.49000000,7,3730155.62000000,2076509.62000000
Lourdes Shepard,2026-08-12 20:04:46.425751,641819.88000000,7527974.97000000,8,137425.98000000,2018892.57000000
Lourdes Shepard,2026-08-12 20:04:50.048056,621023.88000000,11861999.16000000,9,1694107.74000000,3334715.64000000
Lourdes Shepard,2026-08-12 20:04:45.149173,137425.98000000,6886155.09000000,10,2076509.62000000,641819.88000000
Lourdes Shepard,2026-08-12 20:04:39.075334,35523.99000000,35523.99000000,11,,3730155.62000000
Lowell Gates,2026-08-12 20:04:36.743519,2705999.70000000,2886843.88100000,1,180844.18100000,810383.63350000
Lowell Gates,2026-08-12 20:04:48.517067,1480599.50000000,5197230.94450000,2,19403.93000000,187153.53000000
Lowell Gates,2026-08-12 20:04:44.839164,810383.63350000,3697227.51450000,3,2705999.70000000,19403.93000000
Lowell Gates,2026-08-12 20:04:49.533661,187153.53000000,5384384.47450000,4,1480599.50000000,39544.89000000
Lowell Gates,2026-08-12 20:04:36.017208,180844.18100000,180844.18100000,5,,2705999.70000000
Lowell Gates,2026-08-12 20:04:55.079496,39544.89000000,5423929.36450000,6,187153.53000000,
Lowell Gates,2026-08-12 20:04:46.303358,19403.93000000,3716631.44450000,7,810383.63350000,1480599.50000000
Lucia Mclean,2026-08-12 20:04:34.953022,2357729.55000000,2441842.54000000,1,84112.99000000,713339.80000000
Lucia Mclean,2026-08-12 20:04:42.068918,1766527.68000000,6159711.83000000,2,1238001.81000000,262853.92350000
Lucia Mclean,2026-08-12 20:04:45.769110,1352111.52000000,7774677.27350000,3,262853.92350000,27782.51000000
Lucia Mclean,2026-08-12 20:04:37.763169,1238001.81000000,4393184.15000000,4,713339.80000000,1766527.68000000
Lucia Mclean,2026-08-12 20:04:54.435017,818505.74000000,8868888.49350000,5,247922.97000000,
Lucia Mclean,2026-08-12 20:04:37.640840,713339.80000000,3155182.34000000,6,2357729.55000000,1238001.81000000
Lucia Mclean,2026-08-12 20:04:44.843236,262853.92350000,6422565.75350000,7,1766527.68000000,1352111.52000000
Lucia Mclean,2026-08-12 20:04:53.128433,247922.97000000,8050382.75350000,8,27782.51000000,818505.74000000
Lucia Mclean,2026-08-12 20:04:34.148832,84112.99000000,84112.99000000,9,,2357729.55000000
Lucia Mclean,2026-08-12 20:04:50.602682,27782.51000000,7802459.78350000,10,1352111.52000000,247922.97000000
Lucile Sheppard,2026-08-12 20:04:54.120652,4391144.55000000,12997503.34000000,1,1309634.85000000,879053.81000000
Lucile Sheppard,2026-08-12 20:04:42.419247,2958227.57000000,5138847.31000000,2,1025087.88000000,2157876.63000000
Lucile Sheppard,2026-08-12 20:04:42.765960,2157876.63000000,7296723.94000000,3,2958227.57000000,1309634.85000000
Lucile Sheppard,2026-08-12 20:04:47.786614,1309634.85000000,8606358.79000000,4,2157876.63000000,4391144.55000000
Lucile Sheppard,2026-08-12 20:04:37.616344,1155531.86000000,1155531.86000000,5,,1025087.88000000
Lucile Sheppard,2026-08-12 20:04:38.477271,1025087.88000000,2180619.74000000,6,1155531.86000000,2958227.57000000
Lucile Sheppard,2026-08-12 20:04:54.830662,879053.81000000,13876557.15000000,7,4391144.55000000,
Lucille Calderon,2026-08-12 20:04:51.859685,2376959.76000000,11435571.70200000,1,1133339.74000000,
Lucille Calderon,2026-08-12 20:04:40.343552,2229359.58000000,5576703.73000000,2,2009279.52000000,848715.56000000
Lucille Calderon,2026-08-12 20:04:39.687063,2009279.52000000,3347344.15000000,3,166102.93000000,2229359.58000000
Lucille Calderon,2026-08-12 20:04:46.156308,1306395.86000000,7844912.34200000,4,113097.19200000,80359.86000000
Lucille Calderon,2026-08-12 20:04:49.684850,1133339.74000000,9058611.94200000,5,80359.86000000,2376959.76000000
Lucille Calderon,2026-08-12 20:04:38.118161,1114063.71000000,1171961.70000000,6,57897.99000000,166102.93000000
Lucille Calderon,2026-08-12 20:04:40.865908,848715.56000000,6425419.29000000,7,2229359.58000000,113097.19200000
Lucille Calderon,2026-08-12 20:04:38.965304,166102.93000000,1338064.63000000,8,1114063.71000000,2009279.52000000
Lucille Calderon,2026-08-12 20:04:41.208739,113097.19200000,6538516.48200000,9,848715.56000000,1306395.86000000
Lucille Calderon,2026-08-12 20:04:49.137474,80359.86000000,7925272.20200000,10,1306395.86000000,1133339.74000000
Lucille Calderon,2026-08-12 20:04:37.203514,57897.99000000,57897.99000000,11,,1114063.71000000
Lucy Nash,2026-08-12 20:04:36.257713,2510183.59000000,2510183.59000000,1,,343189.90000000
Lucy Nash,2026-08-12 20:04:47.741605,1215248.17050000,4068621.66050000,2,343189.90000000,22745.99150000
Lucy Nash,2026-08-12 20:04:44.165510,343189.90000000,2853373.49000000,3,2510183.59000000,1215248.17050000
Lucy Nash,2026-08-12 20:04:54.642945,22745.99150000,4091367.65200000,4,1215248.17050000,
Luis Gutierrez,2026-08-12 20:04:37.041599,2317951.74000000,2317951.74000000,1,,1227589.74000000
Luis Gutierrez,2026-08-12 20:04:45.357065,1227589.74000000,3545541.48000000,2,2317951.74000000,392976.63000000
Luis Gutierrez,2026-08-12 20:04:53.989540,1032137.79600000,4970655.90600000,3,392976.63000000,
Luis Gutierrez,2026-08-12 20:04:50.170599,392976.63000000,3938518.11000000,4,1227589.74000000,1032137.79600000
Lula Charles,2026-08-12 20:04:34.520216,4751431.51000000,4751431.51000000,1,,720551.86000000
Lula Charles,2026-08-12 20:04:54.047110,4238071.54000000,22380938.48350000,2,1824089.57900000,25397.94000000
Lula Charles,2026-08-12 20:04:38.416029,3466097.30900000,9624276.46900000,3,686195.79000000,2987560.98550000
Lula Charles,2026-08-12 20:04:39.063117,2987560.98550000,12611837.45450000,4,3466097.30900000,1362151.54000000
Lula Charles,2026-08-12 20:04:48.974313,1992619.57000000,16318777.36450000,5,134252.97000000,1824089.57900000
Lula Charles,2026-08-12 20:04:52.932623,1824089.57900000,18142866.94350000,6,1992619.57000000,4238071.54000000
Lula Charles,2026-08-12 20:04:39.524160,1362151.54000000,13973988.99450000,7,2987560.98550000,186367.84000000
Lula Charles,2026-08-12 20:04:35.577000,720551.86000000,5471983.37000000,8,4751431.51000000,686195.79000000
Lula Charles,2026-08-12 20:04:37.718370,686195.79000000,6158179.16000000,9,720551.86000000,3466097.30900000
Lula Charles,2026-08-12 20:04:44.365306,186367.84000000,14160356.83450000,10,1362151.54000000,31547.99000000
Lula Charles,2026-08-12 20:04:48.639462,134252.97000000,14326157.79450000,11,31547.99000000,1992619.57000000
Lula Charles,2026-08-12 20:04:46.788841,31547.99000000,14191904.82450000,12,186367.84000000,134252.97000000
Lula Charles,2026-08-12 20:04:54.651113,25397.94000000,22406336.42350000,13,4238071.54000000,
Luther Heath,2026-08-12 20:04:45.002125,3754285.62000000,7763819.64000000,1,1033099.80000000,588369.66000000
Luther Heath,2026-08-12 20:04:54.520622,2718143.68000000,15401625.06000000,2,445689.93000000,
Luther Heath,2026-08-12 20:04:53.230450,1785279.80000000,12237791.45000000,3,206975.78000000,445689.93000000
Luther Heath,2026-08-12 20:04:52.838687,1610707.78000000,10245535.87000000,4,282638.79000000,206975.78000000
Luther Heath,2026-08-12 20:04:39.666661,1472444.73000000,1855304.37000000,5,382859.64000000,1121129.85000000
Luther Heath,2026-08-12 20:04:41.909894,1121129.85000000,2976434.22000000,6,1472444.73000000,1033099.80000000
Luther Heath,2026-08-12 20:04:43.965412,1033099.80000000,4009534.02000000,7,1121129.85000000,3754285.62000000
Luther Heath,2026-08-12 20:04:49.125255,588369.66000000,8352189.30000000,8,3754285.62000000,282638.79000000
Luther Heath,2026-08-12 20:04:54.177732,445689.93000000,12683481.38000000,9,1785279.80000000,2718143.68000000
Luther Heath,2026-08-12 20:04:36.972312,382859.64000000,382859.64000000,10,,1472444.73000000
Luther Heath,2026-08-12 20:04:52.112723,282638.79000000,8634828.09000000,11,588369.66000000,1610707.78000000
Luther Heath,2026-08-12 20:04:52.846966,206975.78000000,10452511.65000000,12,1610707.78000000,1785279.80000000
Lyle Ware,2026-08-12 20:04:48.700727,2337554.69000000,9367907.03000000,1,685327.86000000,518066.91000000
Lyle Ware,2026-08-12 20:04:41.090357,2086324.75000000,5632172.97000000,2,1901631.57000000,712851.51000000
Lyle Ware,2026-08-12 20:04:39.201745,1901631.57000000,3545848.22000000,3,1537215.68000000,2086324.75000000
Lyle Ware,2026-08-12 20:04:38.877186,1537215.68000000,1644216.65000000,4,107000.97000000,1901631.57000000
Lyle Ware,2026-08-12 20:04:43.434959,712851.51000000,6345024.48000000,5,2086324.75000000,685327.86000000
Lyle Ware,2026-08-12 20:04:48.553769,685327.86000000,7030352.34000000,6,712851.51000000,2337554.69000000
Lyle Ware,2026-08-12 20:04:52.545003,518066.91000000,9885973.94000000,7,2337554.69000000,
Lyle Ware,2026-08-12 20:04:37.689822,107000.97000000,107000.97000000,8,,1537215.68000000
Lyman Ware,2026-08-12 20:04:39.132483,3183613.54000000,4636570.86000000,1,320869.78000000,975910.69000000
Lyman Ware,2026-08-12 20:04:42.745588,2847319.60000000,8459801.15000000,2,975910.69000000,523847.76000000
Lyman Ware,2026-08-12 20:04:49.080450,1687652.67000000,10794157.54000000,3,122855.96000000,108107.61000000
Lyman Ware,2026-08-12 20:04:34.189628,1055251.56000000,1055251.56000000,4,,76835.98000000
Lyman Ware,2026-08-12 20:04:40.445550,975910.69000000,5612481.55000000,5,3183613.54000000,2847319.60000000
Lyman Ware,2026-08-12 20:04:45.903485,523847.76000000,8983648.91000000,6,2847319.60000000,122855.96000000
Lyman Ware,2026-08-12 20:04:37.966990,320869.78000000,1452957.32000000,7,76835.98000000,3183613.54000000
Lyman Ware,2026-08-12 20:04:48.810976,122855.96000000,9106504.87000000,8,523847.76000000,1687652.67000000
Lyman Ware,2026-08-12 20:04:51.916725,108107.61000000,10902265.15000000,9,1687652.67000000,
Lyman Ware,2026-08-12 20:04:35.662543,76835.98000000,1132087.54000000,10,1055251.56000000,320869.78000000
Lynette Donaldson,2026-08-12 20:04:45.781325,1901215.68000000,5222856.99750000,1,249833.74000000,1108043.88000000
Lynette Donaldson,2026-08-12 20:04:42.032171,1149131.83000000,3071807.57750000,2,149075.59000000,249833.74000000
Lynette Donaldson,2026-08-12 20:04:47.460053,1108043.88000000,6330900.87750000,3,1901215.68000000,
Lynette Donaldson,2026-08-12 20:04:38.244787,772577.91000000,772577.91000000,4,,758079.54000000
Lynette Donaldson,2026-08-12 20:04:38.799666,758079.54000000,1530657.45000000,5,772577.91000000,242942.70750000
Lynette Donaldson,2026-08-12 20:04:45.593798,249833.74000000,3321641.31750000,6,1149131.83000000,1901215.68000000
Lynette Donaldson,2026-08-12 20:04:40.498607,242942.70750000,1773600.15750000,7,758079.54000000,149075.59000000
Lynette Donaldson,2026-08-12 20:04:40.739367,149075.59000000,1922675.74750000,8,242942.70750000,1149131.83000000
Lynne Hale,2026-08-12 20:04:48.264096,2366719.68000000,6100438.72000000,1,269179.80000000,1013869.89000000
Lynne Hale,2026-08-12 20:04:54.863326,2163983.76000000,10835456.18000000,2,1557163.81000000,
Lynne Hale,2026-08-12 20:04:41.375890,1764697.54000000,2076827.40000000,3,312129.86000000,1387711.84000000
Lynne Hale,2026-08-12 20:04:51.651554,1557163.81000000,8671472.42000000,4,1013869.89000000,2163983.76000000
Lynne Hale,2026-08-12 20:04:45.295904,1387711.84000000,3464539.24000000,5,1764697.54000000,269179.80000000
Lynne Hale,2026-08-12 20:04:48.353751,1013869.89000000,7114308.61000000,6,2366719.68000000,1557163.81000000
Lynne Hale,2026-08-12 20:04:39.748166,312129.86000000,312129.86000000,7,,1764697.54000000
Lynne Hale,2026-08-12 20:04:45.312208,269179.80000000,3733719.04000000,8,1387711.84000000,2366719.68000000
Lynne Hobbs,2026-08-12 20:04:40.608657,3751487.61000000,3751487.61000000,1,,87969.98000000
Lynne Hobbs,2026-08-12 20:04:54.671550,734559.60000000,4574017.19000000,2,87969.98000000,
Lynne Hobbs,2026-08-12 20:04:48.578252,87969.98000000,3839457.59000000,3,3751487.61000000,734559.60000000
Lynnette Donaldson,2026-08-12 20:04:41.384031,3392808.58350000,11002130.45250000,1,500626.14900000,1673549.55000000
Lynnette Donaldson,2026-08-12 20:04:39.532303,2844134.55000000,3009453.36000000,2,165318.81000000,1623239.73000000
Lynnette Donaldson,2026-08-12 20:04:49.578666,2508635.61000000,17788698.28900000,3,639772.78950000,1639549.50000000
Lynnette Donaldson,2026-08-12 20:04:39.874707,2476002.63000000,7108695.72000000,4,1623239.73000000,500626.14900000
Lynnette Donaldson,2026-08-12 20:04:54.765341,2131775.68000000,23325862.76900000,5,1032816.57000000,
Lynnette Donaldson,2026-08-12 20:04:44.524634,1673549.55000000,12675680.00250000,6,3392808.58350000,552511.84000000
Lynnette Donaldson,2026-08-12 20:04:50.949182,1639549.50000000,19428247.78900000,7,2508635.61000000,733022.73000000
Lynnette Donaldson,2026-08-12 20:04:39.589295,1623239.73000000,4632693.09000000,8,2844134.55000000,2476002.63000000
Lynnette Donaldson,2026-08-12 20:04:46.931436,1412098.04700000,14640289.88950000,9,552511.84000000,639772.78950000
Lynnette Donaldson,2026-08-12 20:04:52.373864,1032816.57000000,21194087.08900000,10,733022.73000000,2131775.68000000
Lynnette Donaldson,2026-08-12 20:04:51.712840,733022.73000000,20161270.51900000,11,1639549.50000000,1032816.57000000
Lynnette Donaldson,2026-08-12 20:04:48.223335,639772.78950000,15280062.67900000,12,1412098.04700000,2508635.61000000
Lynnette Donaldson,2026-08-12 20:04:45.989008,552511.84000000,13228191.84250000,13,1673549.55000000,1412098.04700000
Lynnette Donaldson,2026-08-12 20:04:40.853660,500626.14900000,7609321.86900000,14,2476002.63000000,3392808.58350000
Lynnette Donaldson,2026-08-12 20:04:37.787610,165318.81000000,165318.81000000,15,,2844134.55000000
Mabel Donaldson,2026-08-12 20:04:40.612738,4380499.50000000,4380499.50000000,1,,1202599.65000000
Mabel Donaldson,2026-08-12 20:04:48.215174,2618993.58000000,10739106.30200000,2,495549.75000000,115387.87000000
Mabel Donaldson,2026-08-12 20:04:43.116641,1268879.52000000,6851978.67000000,3,1202599.65000000,334770.56200000
Mabel Donaldson,2026-08-12 20:04:49.341753,1225499.85000000,12079994.02200000,4,115387.87000000,22945.99000000
Mabel Donaldson,2026-08-12 20:04:42.920946,1202599.65000000,5583099.15000000,5,4380499.50000000,1268879.52000000
Mabel Donaldson,2026-08-12 20:04:47.970426,495549.75000000,8120112.72200000,6,437813.74000000,2618993.58000000
Mabel Donaldson,2026-08-12 20:04:45.214445,437813.74000000,7624562.97200000,7,334770.56200000,495549.75000000
Mabel Donaldson,2026-08-12 20:04:43.863404,334770.56200000,7186749.23200000,8,1268879.52000000,437813.74000000
Mabel Donaldson,2026-08-12 20:04:54.847026,312149.85000000,12415089.86200000,9,22945.99000000,
Mabel Donaldson,2026-08-12 20:04:48.361920,115387.87000000,10854494.17200000,10,2618993.58000000,1225499.85000000
Mabel Donaldson,2026-08-12 20:04:53.883473,22945.99000000,12102940.01200000,11,1225499.85000000,312149.85000000
Mable Norton,2026-08-12 20:04:51.226608,3477879.60000000,11245255.25750000,1,43185.87000000,1117103.72800000
Mable Norton,2026-08-12 20:04:39.336420,3017051.57000000,6530133.52750000,2,429169.65000000,17341.77000000
Mable Norton,2026-08-12 20:04:35.899007,1875184.78750000,3003440.44750000,3,1128255.66000000,80471.86000000
Mable Norton,2026-08-12 20:04:35.825679,1128255.66000000,1128255.66000000,4,,1875184.78750000
Mable Norton,2026-08-12 20:04:51.606625,1117103.72800000,12362358.98550000,5,3477879.60000000,
Mable Norton,2026-08-12 20:04:45.850546,687446.77000000,7408904.87750000,6,173982.81000000,120044.95000000
Mable Norton,2026-08-12 20:04:38.281445,429169.65000000,3513081.95750000,7,80471.86000000,3017051.57000000
Mable Norton,2026-08-12 20:04:47.888697,195239.96000000,7724189.78750000,8,120044.95000000,43185.87000000
Mable Norton,2026-08-12 20:04:44.581831,173982.81000000,6721458.10750000,9,17341.77000000,687446.77000000
Mable Norton,2026-08-12 20:04:47.057861,120044.95000000,7528949.82750000,10,687446.77000000,195239.96000000
Mable Norton,2026-08-12 20:04:38.171350,80471.86000000,3083912.30750000,11,1875184.78750000,429169.65000000
Mable Norton,2026-08-12 20:04:49.349937,43185.87000000,7767375.65750000,12,195239.96000000,3477879.60000000
Mable Norton,2026-08-12 20:04:42.558008,17341.77000000,6547475.29750000,13,3017051.57000000,173982.81000000
Madeline Mays,2026-08-12 20:04:44.692167,4534173.54000000,10521762.75500000,1,3358689.57500000,4088012.53000000
Madeline Mays,2026-08-12 20:04:45.585656,4088012.53000000,14609775.28500000,2,4534173.54000000,2025989.70000000
Madeline Mays,2026-08-12 20:04:44.259310,3358689.57500000,5987589.21500000,3,2475999.75000000,4534173.54000000
Madeline Mays,2026-08-12 20:04:38.660942,2475999.75000000,2628899.64000000,4,152899.89000000,3358689.57500000
Madeline Mays,2026-08-12 20:04:48.174355,2025989.70000000,16635764.98500000,5,4088012.53000000,1085887.68000000
Madeline Mays,2026-08-12 20:04:54.226696,1085887.68000000,17721652.66500000,6,2025989.70000000,
Madeline Mays,2026-08-12 20:04:35.744185,152899.89000000,152899.89000000,7,,2475999.75000000
Madelyn Wiggins,2026-08-12 20:04:39.846118,2575232.73000000,4131296.32000000,1,368639.84000000,176087.96000000
Madelyn Wiggins,2026-08-12 20:04:49.484669,1167699.75000000,5748651.87700000,2,169380.87700000,245327.88000000
Madelyn Wiggins,2026-08-12 20:04:54.806157,944404.89000000,7791271.11450000,3,216494.61750000,
Madelyn Wiggins,2026-08-12 20:04:34.744931,669083.87000000,669083.87000000,4,,518339.88000000
Madelyn Wiggins,2026-08-12 20:04:49.815622,583879.89000000,6577859.64700000,5,245327.88000000,52511.96000000
Madelyn Wiggins,2026-08-12 20:04:35.499365,518339.88000000,1187423.75000000,6,669083.87000000,368639.84000000
Madelyn Wiggins,2026-08-12 20:04:37.440920,368639.84000000,1556063.59000000,7,518339.88000000,2575232.73000000
Madelyn Wiggins,2026-08-12 20:04:49.541840,245327.88000000,5993979.75700000,8,1167699.75000000,583879.89000000
Madelyn Wiggins,2026-08-12 20:04:54.659288,216494.61750000,6846866.22450000,9,52511.96000000,944404.89000000
Madelyn Wiggins,2026-08-12 20:04:40.429240,176087.96000000,4307384.28000000,10,2575232.73000000,104186.97000000
Madelyn Wiggins,2026-08-12 20:04:43.067699,169380.87700000,4580952.12700000,11,104186.97000000,1167699.75000000
Madelyn Wiggins,2026-08-12 20:04:40.988404,104186.97000000,4411571.25000000,12,176087.96000000,169380.87700000
Madelyn Wiggins,2026-08-12 20:04:50.488562,52511.96000000,6630371.60700000,13,583879.89000000,216494.61750000
Madonna Wiggins,2026-08-12 20:04:46.744061,3473393.53000000,10740049.18800000,1,588524.65000000,961445.77000000
Madonna Wiggins,2026-08-12 20:04:40.494525,2382855.72800000,3044739.52800000,2,386763.96000000,1360111.84000000
Madonna Wiggins,2026-08-12 20:04:51.471837,1866173.77000000,13567668.72800000,3,961445.77000000,1210533.74000000
Madonna Wiggins,2026-08-12 20:04:52.944858,1664843.83000000,16443046.29800000,4,1210533.74000000,1000092.83000000
Madonna Wiggins,2026-08-12 20:04:43.753173,1553159.79000000,6678131.00800000,5,720119.85000000,588524.65000000
Madonna Wiggins,2026-08-12 20:04:42.741511,1360111.84000000,4404851.36800000,6,2382855.72800000,720119.85000000
Madonna Wiggins,2026-08-12 20:04:52.801960,1210533.74000000,14778202.46800000,7,1866173.77000000,1664843.83000000
Madonna Wiggins,2026-08-12 20:04:53.483248,1000092.83000000,17443139.12800000,8,1664843.83000000,
Madonna Wiggins,2026-08-12 20:04:48.386425,961445.77000000,11701494.95800000,9,3473393.53000000,1866173.77000000
Madonna Wiggins,2026-08-12 20:04:43.186081,720119.85000000,5124971.21800000,10,1360111.84000000,1553159.79000000
Madonna Wiggins,2026-08-12 20:04:45.365219,588524.65000000,7266655.65800000,11,1553159.79000000,3473393.53000000
Madonna Wiggins,2026-08-12 20:04:38.869031,386763.96000000,661883.80000000,12,275119.84000000,2382855.72800000
Madonna Wiggins,2026-08-12 20:04:36.486270,275119.84000000,275119.84000000,13,,386763.96000000
Mae Donovan,2026-08-12 20:04:46.001219,2755079.55000000,5870815.16000000,1,142971.98000000,322979.56600000
Mae Donovan,2026-08-12 20:04:33.908169,2704995.72000000,2704995.72000000,2,,267767.91000000
Mae Donovan,2026-08-12 20:04:53.034580,2308321.69000000,9449077.04600000,3,864160.83000000,2144694.71000000
Mae Donovan,2026-08-12 20:04:53.360912,2144694.71000000,11593771.75600000,4,2308321.69000000,
Mae Donovan,2026-08-12 20:04:50.043984,864160.83000000,7140755.35600000,5,82799.80000000,2308321.69000000
Mae Donovan,2026-08-12 20:04:49.860515,322979.56600000,6193794.72600000,6,2755079.55000000,82799.80000000
Mae Donovan,2026-08-12 20:04:37.049760,267767.91000000,2972763.63000000,7,2704995.72000000,142971.98000000
Mae Donovan,2026-08-12 20:04:41.233204,142971.98000000,3115735.61000000,8,267767.91000000,2755079.55000000
Mae Donovan,2026-08-12 20:04:49.901295,82799.80000000,6276594.52600000,9,322979.56600000,864160.83000000
Mamie Rollins,2026-08-12 20:04:41.665496,1836286.97700000,1989022.49700000,1,152735.52000000,1131074.85000000
Mamie Rollins,2026-08-12 20:04:51.447332,1620239.70000000,4740337.04700000,2,1131074.85000000,
Mamie Rollins,2026-08-12 20:04:48.251877,1131074.85000000,3120097.34700000,3,1836286.97700000,1620239.70000000
Mamie Rollins,2026-08-12 20:04:36.882572,152735.52000000,152735.52000000,4,,1836286.97700000
Mandy Ware,2026-08-12 20:04:48.598643,3248999.62000000,10881874.39300000,1,960159.80000000,1041123.81000000
Mandy Ware,2026-08-12 20:04:54.394096,3065976.82600000,15066130.01900000,2,77154.99000000,553119.84000000
Mandy Ware,2026-08-12 20:04:38.322214,2048060.63000000,2048060.63000000,3,,1672973.73000000
Mandy Ware,2026-08-12 20:04:45.010280,1784442.59000000,6672714.97300000,4,1052141.58000000,960159.80000000
Mandy Ware,2026-08-12 20:04:39.014202,1672973.73000000,3721034.36000000,5,2048060.63000000,115096.44300000
Mandy Ware,2026-08-12 20:04:44.671742,1052141.58000000,4888272.38300000,6,115096.44300000,1784442.59000000
Mandy Ware,2026-08-12 20:04:51.639302,1041123.81000000,11922998.20300000,7,3248999.62000000,77154.99000000
Mandy Ware,2026-08-12 20:04:47.378606,960159.80000000,7632874.77300000,8,1784442.59000000,3248999.62000000
Mandy Ware,2026-08-12 20:04:55.124413,553119.84000000,15619249.85900000,9,3065976.82600000,
Mandy Ware,2026-08-12 20:04:40.731219,115096.44300000,3836130.80300000,10,1672973.73000000,1052141.58000000
Mandy Ware,2026-08-12 20:04:53.046801,77154.99000000,12000153.19300000,11,1041123.81000000,3065976.82600000
Manuel Klein,2026-08-12 20:04:37.848732,2354039.64000000,4874813.82000000,1,1921259.67000000,4535.92000000
Manuel Klein,2026-08-12 20:04:37.371685,1921259.67000000,2520774.18000000,2,599514.51000000,2354039.64000000
Manuel Klein,2026-08-12 20:04:41.216900,1369263.71000000,6248613.45000000,3,4535.92000000,20375.94000000
Manuel Klein,2026-08-12 20:04:50.174683,1211132.67000000,8034425.82000000,4,554303.76000000,
Manuel Klein,2026-08-12 20:04:35.817533,599514.51000000,599514.51000000,5,,1921259.67000000
Manuel Klein,2026-08-12 20:04:45.442829,554303.76000000,6823293.15000000,6,20375.94000000,1211132.67000000
Manuel Klein,2026-08-12 20:04:41.273979,20375.94000000,6268989.39000000,7,1369263.71000000,554303.76000000
Manuel Klein,2026-08-12 20:04:38.407866,4535.92000000,4879349.74000000,8,2354039.64000000,1369263.71000000
Marcella English,2026-08-12 20:04:49.394932,2224439.63000000,4714841.16000000,1,209599.92000000,136347.96000000
Marcella English,2026-08-12 20:04:54.777580,2112330.71000000,7224456.80000000,2,260936.97000000,
Marcella English,2026-08-12 20:04:40.490450,929429.85000000,1908505.65000000,3,390609.95000000,372295.96000000
Marcella English,2026-08-12 20:04:34.524300,523193.93000000,588465.85000000,4,65271.92000000,390609.95000000
Marcella English,2026-08-12 20:04:39.670754,390609.95000000,979075.80000000,5,523193.93000000,929429.85000000
Marcella English,2026-08-12 20:04:42.900530,372295.96000000,2280801.61000000,6,929429.85000000,209599.92000000
Marcella English,2026-08-12 20:04:50.725004,260936.97000000,5112126.09000000,7,136347.96000000,2112330.71000000
Marcella English,2026-08-12 20:04:43.700098,209599.92000000,2490401.53000000,8,372295.96000000,2224439.63000000
Marcella English,2026-08-12 20:04:50.394757,136347.96000000,4851189.12000000,9,2224439.63000000,260936.97000000
Marcella English,2026-08-12 20:04:34.010071,65271.92000000,65271.92000000,10,,523193.93000000
Marci Franco,2026-08-12 20:04:34.487552,4142361.57000000,4142361.57000000,1,,1115128.81000000
Marci Franco,2026-08-12 20:04:51.439161,2494967.72000000,9083653.38000000,2,744588.69000000,703289.58000000
Marci Franco,2026-08-12 20:04:36.788586,1115128.81000000,5257490.38000000,3,4142361.57000000,115226.69000000
Marci Franco,2026-08-12 20:04:49.937994,744588.69000000,6588685.66000000,4,471379.90000000,2494967.72000000
Marci Franco,2026-08-12 20:04:51.855613,703289.58000000,9786942.96000000,5,2494967.72000000,
Marci Franco,2026-08-12 20:04:39.042745,471379.90000000,5844096.97000000,6,115226.69000000,744588.69000000
Marci Franco,2026-08-12 20:04:38.526302,115226.69000000,5372717.07000000,7,1115128.81000000,471379.90000000
Marcia Jennings,2026-08-12 20:04:45.993077,1339103.76000000,2522487.20000000,1,167159.88000000,443799.80000000
Marcia Jennings,2026-08-12 20:04:38.367050,1016223.56000000,1016223.56000000,2,,167159.88000000
Marcia Jennings,2026-08-12 20:04:54.949079,443799.80000000,2966287.00000000,3,1339103.76000000,
Marcia Jennings,2026-08-12 20:04:39.939982,167159.88000000,1183383.44000000,4,1016223.56000000,1339103.76000000
Marcie Franco,2026-08-12 20:04:44.455192,3942224.55000000,12006668.74500000,1,5507.73000000,2318434.51000000
Marcie Franco,2026-08-12 20:04:44.006221,3306226.57000000,8058936.46500000,2,2743697.63000000,5507.73000000
Marcie Franco,2026-08-12 20:04:40.180372,2743697.63000000,4752709.89500000,3,837122.41500000,3306226.57000000
Marcie Franco,2026-08-12 20:04:46.364531,2318434.51000000,14325103.25500000,4,3942224.55000000,624371.86000000
Marcie Franco,2026-08-12 20:04:52.010661,2141131.72000000,17811794.37500000,5,721187.54000000,1904641.57000000
Marcie Franco,2026-08-12 20:04:53.581156,1904641.57000000,19716435.94500000,6,2141131.72000000,
Marcie Franco,2026-08-12 20:04:35.210042,1171889.85000000,1171889.85000000,7,,837122.41500000
Marcie Franco,2026-08-12 20:04:39.585225,837122.41500000,2009012.26500000,8,1171889.85000000,2743697.63000000
Marcie Franco,2026-08-12 20:04:49.374464,721187.54000000,15670662.65500000,9,624371.86000000,2141131.72000000
Marcie Franco,2026-08-12 20:04:47.321075,624371.86000000,14949475.11500000,10,2318434.51000000,721187.54000000
Marcie Franco,2026-08-12 20:04:44.042975,5507.73000000,8064444.19500000,11,3306226.57000000,3942224.55000000
Marcus Kirk,2026-08-12 20:04:53.740510,1449011.83000000,6103003.91000000,1,85283.94000000,
Marcus Kirk,2026-08-12 20:04:40.314958,1281359.85000000,2380984.60000000,2,1099624.75000000,990747.78000000
Marcus Kirk,2026-08-12 20:04:45.760957,1196975.76000000,4568708.14000000,3,990747.78000000,85283.94000000
Marcus Kirk,2026-08-12 20:04:39.540445,1099624.75000000,1099624.75000000,4,,1281359.85000000
Marcus Kirk,2026-08-12 20:04:42.851636,990747.78000000,3371732.38000000,5,1281359.85000000,1196975.76000000
Marcus Kirk,2026-08-12 20:04:53.426186,85283.94000000,4653992.08000000,6,1196975.76000000,1449011.83000000
Margaret Sanchez,2026-08-12 20:04:51.602537,2375882.71000000,10023150.26000000,1,401399.85000000,
Margaret Sanchez,2026-08-12 20:04:46.658418,2263363.59000000,6605447.81000000,2,946679.65000000,640419.89000000
Margaret Sanchez,2026-08-12 20:04:34.242609,1884504.77000000,1884504.77000000,3,,1510899.80000000
Margaret Sanchez,2026-08-12 20:04:38.538570,1510899.80000000,3395404.57000000,4,1884504.77000000,946679.65000000
Margaret Sanchez,2026-08-12 20:04:39.373171,946679.65000000,4342084.22000000,5,1510899.80000000,2263363.59000000
Margaret Sanchez,2026-08-12 20:04:48.268170,640419.89000000,7245867.70000000,6,2263363.59000000,401399.85000000
Margaret Sanchez,2026-08-12 20:04:48.537446,401399.85000000,7647267.55000000,7,640419.89000000,2375882.71000000
Maria Garcia,2026-08-12 20:04:53.597453,2962126.59000000,7818452.54000000,1,1324160.73000000,2438079.60000000
Maria Garcia,2026-08-12 20:04:54.279813,2438079.60000000,10256532.14000000,2,2962126.59000000,
Maria Garcia,2026-08-12 20:04:40.033765,2356703.51000000,2651467.43000000,3,207419.94000000,880697.79000000
Maria Garcia,2026-08-12 20:04:52.071913,1324160.73000000,4856325.95000000,4,880697.79000000,2962126.59000000
Maria Garcia,2026-08-12 20:04:40.812802,880697.79000000,3532165.22000000,5,2356703.51000000,1324160.73000000
Maria Garcia,2026-08-12 20:04:34.112096,207419.94000000,294763.92000000,6,87343.98000000,2356703.51000000
Maria Garcia,2026-08-12 20:04:34.058991,87343.98000000,87343.98000000,7,,207419.94000000
Mariah Jimenez,2026-08-12 20:04:45.446900,2672549.55000000,6897192.20000000,1,829690.53000000,110009.37150000
Mariah Jimenez,2026-08-12 20:04:48.194746,2119071.68000000,9126273.25150000,2,110009.37150000,1857694.65000000
Mariah Jimenez,2026-08-12 20:04:49.578666,1857694.65000000,10983967.90150000,3,2119071.68000000,
Mariah Jimenez,2026-08-12 20:04:42.680415,1486945.71000000,3165736.38000000,4,307714.95000000,229215.74000000
Mariah Jimenez,2026-08-12 20:04:44.741194,829690.53000000,4224642.65000000,5,229215.74000000,2672549.55000000
Mariah Jimenez,2026-08-12 20:04:41.139330,686735.92000000,1371075.72000000,6,684339.80000000,307714.95000000
Mariah Jimenez,2026-08-12 20:04:41.069977,684339.80000000,684339.80000000,7,,686735.92000000
Mariah Jimenez,2026-08-12 20:04:42.183040,307714.95000000,1678790.67000000,8,686735.92000000,1486945.71000000
Mariah Jimenez,2026-08-12 20:04:43.634782,229215.74000000,3394952.12000000,9,1486945.71000000,829690.53000000
Mariah Jimenez,2026-08-12 20:04:47.823348,110009.37150000,7007201.57150000,10,2672549.55000000,2119071.68000000
Marie Watkins,2026-08-12 20:04:41.779549,4636722.51000000,13270037.27000000,1,1029598.63000000,133979.65000000
Marie Watkins,2026-08-12 20:04:38.016027,3890111.52000000,4861620.41000000,2,971508.89000000,2742095.72000000
Marie Watkins,2026-08-12 20:04:43.945015,3611411.58000000,23960387.58000000,3,2288879.60000000,1614897.83000000
Marie Watkins,2026-08-12 20:04:38.297765,2742095.72000000,7603716.13000000,4,3890111.52000000,1029598.63000000
Marie Watkins,2026-08-12 20:04:42.986144,2412097.74000000,18060096.40000000,5,2243981.74000000,2288879.60000000
Marie Watkins,2026-08-12 20:04:43.528766,2288879.60000000,20348976.00000000,6,2412097.74000000,3611411.58000000
Marie Watkins,2026-08-12 20:04:42.847557,2243981.74000000,15647998.66000000,7,133979.65000000,2412097.74000000
Marie Watkins,2026-08-12 20:04:44.928800,1614897.83000000,25575285.41000000,8,3611411.58000000,572431.72000000
Marie Watkins,2026-08-12 20:04:40.535265,1029598.63000000,8633314.76000000,9,2742095.72000000,4636722.51000000
Marie Watkins,2026-08-12 20:04:35.112079,971508.89000000,971508.89000000,10,,3890111.52000000
Marie Watkins,2026-08-12 20:04:49.545925,636126.17900000,26783843.30900000,11,572431.72000000,601457.87000000
Marie Watkins,2026-08-12 20:04:54.716432,601457.87000000,27385301.17900000,12,636126.17900000,
Marie Watkins,2026-08-12 20:04:48.374178,572431.72000000,26147717.13000000,13,1614897.83000000,636126.17900000
Marie Watkins,2026-08-12 20:04:42.823086,133979.65000000,13404016.92000000,14,4636722.51000000,2243981.74000000
Marilyn Ferguson,2026-08-12 20:04:40.412929,3587815.63000000,11024197.81000000,1,227927.76000000,1641503.76000000
Marilyn Ferguson,2026-08-12 20:04:35.250778,3330527.52000000,3330527.52000000,2,,2267327.52000000
Marilyn Ferguson,2026-08-12 20:04:36.670011,2267327.52000000,5597855.04000000,3,3330527.52000000,241223.54000000
Marilyn Ferguson,2026-08-12 20:04:40.543417,1641503.76000000,12665701.57000000,4,3587815.63000000,58828.99000000
Marilyn Ferguson,2026-08-12 20:04:36.776318,1369375.84000000,7208454.42000000,5,241223.54000000,227927.76000000
Marilyn Ferguson,2026-08-12 20:04:53.279346,703133.91000000,13427664.47000000,6,58828.99000000,392309.91000000
Marilyn Ferguson,2026-08-12 20:04:54.455387,392309.91000000,13819974.38000000,7,703133.91000000,
Marilyn Ferguson,2026-08-12 20:04:36.768139,241223.54000000,5839078.58000000,8,2267327.52000000,1369375.84000000
Marilyn Ferguson,2026-08-12 20:04:37.416485,227927.76000000,7436382.18000000,9,1369375.84000000,3587815.63000000
Marilyn Ferguson,2026-08-12 20:04:49.921684,58828.99000000,12724530.56000000,10,1641503.76000000,703133.91000000
Mario Strong,2026-08-12 20:04:51.067382,3804344.55000000,12759402.19300000,1,767662.09800000,1125739.86000000
Mario Strong,2026-08-12 20:04:38.444600,2128051.24500000,3342457.95500000,2,292451.94000000,1304622.71000000
Mario Strong,2026-08-12 20:04:39.087565,1304622.71000000,4647080.66500000,3,2128051.24500000,971713.57000000
Mario Strong,2026-08-12 20:04:47.847866,1223193.59000000,7737687.61500000,4,712537.81000000,449707.93000000
Mario Strong,2026-08-12 20:04:54.977602,1125739.86000000,13885142.05300000,5,3804344.55000000,
Mario Strong,2026-08-12 20:04:42.121978,971713.57000000,5618794.23500000,6,1304622.71000000,183161.98000000
Mario Strong,2026-08-12 20:04:36.310720,921954.77000000,921954.77000000,7,,292451.94000000
Mario Strong,2026-08-12 20:04:50.839019,767662.09800000,8955057.64300000,8,449707.93000000,3804344.55000000
Mario Strong,2026-08-12 20:04:47.249932,712537.81000000,6514494.02500000,9,183161.98000000,1223193.59000000
Mario Strong,2026-08-12 20:04:49.358109,449707.93000000,8187395.54500000,10,1223193.59000000,767662.09800000
Mario Strong,2026-08-12 20:04:36.939725,292451.94000000,1214406.71000000,11,921954.77000000,2128051.24500000
Mario Strong,2026-08-12 20:04:42.219700,183161.98000000,5801956.21500000,12,971713.57000000,712537.81000000
Mark Clark,2026-08-12 20:04:40.119265,2706578.69000000,3759130.28000000,1,1052551.59000000,339871.68000000
Mark Clark,2026-08-12 20:04:52.512412,1626398.73000000,10785688.51000000,2,1348686.63000000,542651.94000000
Mark Clark,2026-08-12 20:04:49.031476,1348686.63000000,9159289.78000000,3,1305797.61000000,1626398.73000000
Mark Clark,2026-08-12 20:04:46.960003,1305797.61000000,7810603.15000000,4,41992.93000000,1348686.63000000
Mark Clark,2026-08-12 20:04:35.846038,1052551.59000000,1052551.59000000,5,,2706578.69000000
Mark Clark,2026-08-12 20:04:46.437978,1049837.63000000,5936213.11000000,6,32976.99000000,526599.50000000
Mark Clark,2026-08-12 20:04:42.949482,754396.53000000,4853398.49000000,7,339871.68000000,32976.99000000
Mark Clark,2026-08-12 20:04:54.700124,542651.94000000,11328340.45000000,8,1626398.73000000,
Mark Clark,2026-08-12 20:04:46.878418,526599.50000000,6462812.61000000,9,1049837.63000000,41992.93000000
Mark Clark,2026-08-12 20:04:40.376246,339871.68000000,4099001.96000000,10,2706578.69000000,754396.53000000
Mark Clark,2026-08-12 20:04:46.902896,41992.93000000,6504805.54000000,11,526599.50000000,1305797.61000000
Mark Clark,2026-08-12 20:04:43.577632,32976.99000000,4886375.48000000,12,754396.53000000,1049837.63000000
Marlin Fuentes,2026-08-12 20:04:36.433188,2804075.56000000,5495616.04000000,1,1896360.63000000,717567.92000000
Marlin Fuentes,2026-08-12 20:04:36.172064,1896360.63000000,2691540.48000000,2,795179.85000000,2804075.56000000
Marlin Fuentes,2026-08-12 20:04:48.366006,1198209.87000000,8615592.50000000,3,66575.84000000,438620.33200000
Marlin Fuentes,2026-08-12 20:04:45.720199,1137622.83000000,7350806.79000000,4,717567.92000000,66575.84000000
Marlin Fuentes,2026-08-12 20:04:53.838505,862619.88000000,10521738.32300000,5,604905.61100000,
Marlin Fuentes,2026-08-12 20:04:36.025349,795179.85000000,795179.85000000,6,,1896360.63000000
Marlin Fuentes,2026-08-12 20:04:44.075625,717567.92000000,6213183.96000000,7,2804075.56000000,1137622.83000000
Marlin Fuentes,2026-08-12 20:04:53.695507,604905.61100000,9659118.44300000,8,438620.33200000,862619.88000000
Marlin Fuentes,2026-08-12 20:04:50.553795,438620.33200000,9054212.83200000,9,1198209.87000000,604905.61100000
Marlin Fuentes,2026-08-12 20:04:47.696669,66575.84000000,7417382.63000000,10,1137622.83000000,1198209.87000000
Marlon Sawyer,2026-08-12 20:04:42.170829,4638899.53000000,4638899.53000000,1,,693263.76000000
Marlon Sawyer,2026-08-12 20:04:50.056205,1819141.69000000,7927283.36000000,2,345599.85000000,209419.63000000
Marlon Sawyer,2026-08-12 20:04:45.972703,693263.76000000,5332163.29000000,3,4638899.53000000,430378.53000000
Marlon Sawyer,2026-08-12 20:04:46.911043,430378.53000000,5762541.82000000,4,693263.76000000,345599.85000000
Marlon Sawyer,2026-08-12 20:04:49.525489,345599.85000000,6108141.67000000,5,430378.53000000,1819141.69000000
Marlon Sawyer,2026-08-12 20:04:51.402366,322949.50000000,8459652.49000000,6,209419.63000000,
Marlon Sawyer,2026-08-12 20:04:50.121605,209419.63000000,8136702.99000000,7,1819141.69000000,322949.50000000
Marsha Fleming,2026-08-12 20:04:46.955932,3883814.55000000,5128792.14000000,1,586819.90000000,3081737.67000000
Marsha Fleming,2026-08-12 20:04:51.553536,3081737.67000000,8210529.81000000,2,3883814.55000000,776719.92000000
Marsha Fleming,2026-08-12 20:04:53.283422,776719.92000000,8987249.73000000,3,3081737.67000000,
Marsha Fleming,2026-08-12 20:04:46.947735,586819.90000000,1244977.59000000,4,351053.73000000,3883814.55000000
Marsha Fleming,2026-08-12 20:04:44.226670,351053.73000000,658157.69000000,5,307103.96000000,586819.90000000
Marsha Fleming,2026-08-12 20:04:35.634047,307103.96000000,307103.96000000,6,,351053.73000000
Marshall Barton,2026-08-12 20:04:50.284673,4113143.58000000,11994275.70900000,1,255041.82000000,636157.81000000
Marshall Barton,2026-08-12 20:04:46.123622,3292379.64000000,7475948.02600000,2,1620223.68000000,150142.28300000
Marshall Barton,2026-08-12 20:04:44.936947,1620223.68000000,4183568.38600000,3,882615.86000000,3292379.64000000
Marshall Barton,2026-08-12 20:04:42.350031,1008809.55000000,1057137.11600000,4,48327.56600000,623591.73000000
Marshall Barton,2026-08-12 20:04:43.973574,882615.86000000,2563344.70600000,5,623591.73000000,1620223.68000000
Marshall Barton,2026-08-12 20:04:52.659252,636157.81000000,12630433.51900000,6,4113143.58000000,
Marshall Barton,2026-08-12 20:04:42.366320,623591.73000000,1680728.84600000,7,1008809.55000000,882615.86000000
Marshall Barton,2026-08-12 20:04:49.974681,255041.82000000,7881132.12900000,8,150142.28300000,4113143.58000000
Marshall Barton,2026-08-12 20:04:49.313186,150142.28300000,7626090.30900000,9,3292379.64000000,255041.82000000
Marshall Barton,2026-08-12 20:04:38.134524,48327.56600000,48327.56600000,10,,1008809.55000000
Martha Dunn,2026-08-12 20:04:49.819705,3039517.99200000,3596227.93200000,1,556709.94000000,178685.82000000
Martha Dunn,2026-08-12 20:04:44.198134,556709.94000000,556709.94000000,2,,3039517.99200000
Martha Dunn,2026-08-12 20:04:54.675627,500769.90000000,4275683.65200000,3,178685.82000000,
Martha Dunn,2026-08-12 20:04:52.883638,178685.82000000,3774913.75200000,4,3039517.99200000,500769.90000000
Martin Sharp,2026-08-12 20:04:40.792368,2847559.60000000,7441892.88900000,1,1013519.85000000,1007140.71000000
Martin Sharp,2026-08-12 20:04:37.942474,2011585.97900000,3580813.43900000,2,91427.96000000,1013519.85000000
Martin Sharp,2026-08-12 20:04:36.923435,1477799.50000000,1477799.50000000,3,,91427.96000000
Martin Sharp,2026-08-12 20:04:45.369293,1240140.51000000,10675565.66900000,4,986391.56000000,665343.84000000
Martin Sharp,2026-08-12 20:04:39.120255,1013519.85000000,4594333.28900000,5,2011585.97900000,2847559.60000000
Martin Sharp,2026-08-12 20:04:42.028101,1007140.71000000,8449033.59900000,6,2847559.60000000,986391.56000000
Martin Sharp,2026-08-12 20:04:42.729275,986391.56000000,9435425.15900000,7,1007140.71000000,1240140.51000000
Martin Sharp,2026-08-12 20:04:48.145843,864683.64000000,12307493.10900000,8,101899.96000000,
Martin Sharp,2026-08-12 20:04:46.906970,665343.84000000,11340909.50900000,9,1240140.51000000,101899.96000000
Martin Sharp,2026-08-12 20:04:47.856024,101899.96000000,11442809.46900000,10,665343.84000000,864683.64000000
Martin Sharp,2026-08-12 20:04:37.112928,91427.96000000,1569227.46000000,11,1477799.50000000,2011585.97900000
Mason Greene,2026-08-12 20:04:41.967010,2058719.60000000,4728169.71450000,1,705285.60450000,1697219.55000000
Mason Greene,2026-08-12 20:04:37.649018,1964164.51000000,1964164.51000000,2,,705285.60450000
Mason Greene,2026-08-12 20:04:45.030692,1697219.55000000,6425389.26450000,3,2058719.60000000,
Mason Greene,2026-08-12 20:04:41.852845,705285.60450000,2669450.11450000,4,1964164.51000000,2058719.60000000
Mateo Sherman,2026-08-12 20:04:43.132970,2826899.55000000,6449675.06000000,1,2177915.74000000,608562.59000000
Mateo Sherman,2026-08-12 20:04:37.893533,2177915.74000000,3622775.51000000,2,1444859.77000000,2826899.55000000
Mateo Sherman,2026-08-12 20:04:50.798298,1889439.60000000,9499717.15000000,3,552039.90000000,1056599.50000000
Mateo Sherman,2026-08-12 20:04:35.287467,1444859.77000000,1444859.77000000,4,,2177915.74000000
Mateo Sherman,2026-08-12 20:04:54.561402,1056599.50000000,10556316.65000000,5,1889439.60000000,
Mateo Sherman,2026-08-12 20:04:46.568592,608562.59000000,7058237.65000000,6,2826899.55000000,552039.90000000
Mateo Sherman,2026-08-12 20:04:48.056084,552039.90000000,7610277.55000000,7,608562.59000000,1889439.60000000
Matthew Thompson,2026-08-12 20:04:38.648716,4271959.56000000,5526679.32000000,1,1254719.76000000,2037347.69400000
Matthew Thompson,2026-08-12 20:04:38.977535,2037347.69400000,7564027.01400000,2,4271959.56000000,1450142.73000000
Matthew Thompson,2026-08-12 20:04:40.788289,1450142.73000000,9014169.74400000,3,2037347.69400000,1162149.78000000
Matthew Thompson,2026-08-12 20:04:36.964160,1254719.76000000,1254719.76000000,4,,4271959.56000000
Matthew Thompson,2026-08-12 20:04:46.841762,1162149.78000000,10176319.52400000,5,1450142.73000000,
Mattie Potter,2026-08-12 20:04:48.606807,4463199.50000000,8165489.65650000,1,584673.63000000,
Mattie Potter,2026-08-12 20:04:39.597439,2289095.76000000,2289095.76000000,2,,115331.93000000
Mattie Potter,2026-08-12 20:04:41.946640,713188.83650000,3117616.52650000,3,115331.93000000,584673.63000000
Mattie Potter,2026-08-12 20:04:45.940130,584673.63000000,3702290.15650000,4,713188.83650000,4463199.50000000
Mattie Potter,2026-08-12 20:04:40.661863,115331.93000000,2404427.69000000,5,2289095.76000000,713188.83650000
Maureen Fields,2026-08-12 20:04:38.550853,3421574.55000000,4360996.29000000,1,867924.75000000,430446.71000000
Maureen Fields,2026-08-12 20:04:44.859543,1050092.89000000,5841535.89000000,2,430446.71000000,
Maureen Fields,2026-08-12 20:04:35.943891,867924.75000000,939421.74000000,3,71496.99000000,3421574.55000000
Maureen Fields,2026-08-12 20:04:41.241349,430446.71000000,4791443.00000000,4,3421574.55000000,1050092.89000000
Maureen Fields,2026-08-12 20:04:35.850109,71496.99000000,71496.99000000,5,,867924.75000000
Max Castro,2026-08-12 20:04:42.117905,354041.93200000,354041.93200000,1,,
Megan Simmons,2026-08-12 20:04:50.333648,3778983.56000000,17086920.20850000,1,2198906.73000000,3379218.79200000
Megan Simmons,2026-08-12 20:04:54.565475,3379218.79200000,20466139.00050000,2,3778983.56000000,
Megan Simmons,2026-08-12 20:04:46.287002,2896277.58000000,7249690.54850000,3,1205066.12250000,1796139.69000000
Megan Simmons,2026-08-12 20:04:49.203109,2198906.73000000,13307936.64850000,4,2063199.68000000,3778983.56000000
Megan Simmons,2026-08-12 20:04:48.721128,2063199.68000000,11109029.91850000,5,1796139.69000000,2198906.73000000
Megan Simmons,2026-08-12 20:04:41.734767,1807811.73000000,2363824.42000000,6,261827.86000000,104284.52800000
Megan Simmons,2026-08-12 20:04:46.984459,1796139.69000000,9045830.23850000,7,2896277.58000000,2063199.68000000
Megan Simmons,2026-08-12 20:04:45.226662,1205066.12250000,4353412.96850000,8,680237.89800000,2896277.58000000
Megan Simmons,2026-08-12 20:04:43.761345,680237.89800000,3148346.84600000,9,104284.52800000,1205066.12250000
Megan Simmons,2026-08-12 20:04:35.165188,294184.83000000,294184.83000000,10,,261827.86000000
Megan Simmons,2026-08-12 20:04:41.147503,261827.86000000,556012.69000000,11,294184.83000000,1807811.73000000
Megan Simmons,2026-08-12 20:04:42.578449,104284.52800000,2468108.94800000,12,1807811.73000000,680237.89800000
Melinda Bradford,2026-08-12 20:04:46.380852,3597768.63000000,8542479.90000000,1,1287851.83000000,588167.82000000
Melinda Bradford,2026-08-12 20:04:51.541285,2844542.61000000,17836949.37000000,2,2766315.72000000,1062853.74000000
Melinda Bradford,2026-08-12 20:04:50.276515,2766315.72000000,14992406.76000000,3,1022831.88000000,2844542.61000000
Melinda Bradford,2026-08-12 20:04:41.249502,2740346.57000000,3656859.44000000,4,916512.87000000,1287851.83000000
Melinda Bradford,2026-08-12 20:04:48.717048,1368429.86000000,11021549.18000000,5,10479.99000000,181709.98000000
Melinda Bradford,2026-08-12 20:04:46.282922,1287851.83000000,4944711.27000000,6,2740346.57000000,3597768.63000000
Melinda Bradford,2026-08-12 20:04:52.451245,1062853.74000000,18899803.11000000,7,2844542.61000000,360271.92000000
Melinda Bradford,2026-08-12 20:04:49.909452,1022831.88000000,12226091.04000000,8,181709.98000000,2766315.72000000
Melinda Bradford,2026-08-12 20:04:38.856802,916512.87000000,916512.87000000,9,,2740346.57000000
Melinda Bradford,2026-08-12 20:04:47.745701,588167.82000000,9130647.72000000,10,3597768.63000000,511991.61000000
Melinda Bradford,2026-08-12 20:04:48.068295,511991.61000000,9642639.33000000,11,588167.82000000,10479.99000000
Melinda Bradford,2026-08-12 20:04:53.377248,360271.92000000,19260075.03000000,12,1062853.74000000,
Melinda Bradford,2026-08-12 20:04:48.929411,181709.98000000,11203259.16000000,13,1368429.86000000,1022831.88000000
Melinda Bradford,2026-08-12 20:04:48.472238,10479.99000000,9653119.32000000,14,511991.61000000,1368429.86000000
Melissa Rivera,2026-08-12 20:04:35.332366,2550068.73000000,2550068.73000000,1,,391343.76000000
Melissa Rivera,2026-08-12 20:04:49.117109,1927583.54000000,6027851.89400000,2,1158855.86400000,1889719.65000000
Melissa Rivera,2026-08-12 20:04:50.455952,1889719.65000000,7917571.54400000,3,1927583.54000000,254164.95000000
Melissa Rivera,2026-08-12 20:04:54.014440,1757204.55000000,11090892.49750000,4,1161951.45350000,1136551.83000000
Melissa Rivera,2026-08-12 20:04:53.797668,1161951.45350000,9333687.94750000,5,254164.95000000,1757204.55000000
Melissa Rivera,2026-08-12 20:04:46.837693,1158855.86400000,4100268.35400000,6,391343.76000000,1927583.54000000
Melissa Rivera,2026-08-12 20:04:54.589915,1136551.83000000,12227444.32750000,7,1757204.55000000,
Melissa Rivera,2026-08-12 20:04:44.745278,391343.76000000,2941412.49000000,8,2550068.73000000,1158855.86400000
Melissa Rivera,2026-08-12 20:04:52.443090,254164.95000000,8171736.49400000,9,1889719.65000000,1161951.45350000
Merle Hahn,2026-08-12 20:04:39.414025,1381214.67000000,1381214.67000000,1,,1319549.70000000
Merle Hahn,2026-08-12 20:04:47.521143,1319549.70000000,2700764.37000000,2,1381214.67000000,108932.97000000
Merle Hahn,2026-08-12 20:04:50.614896,1048252.80150000,4256171.76150000,3,173051.67000000,81995.96000000
Merle Hahn,2026-08-12 20:04:48.211095,225169.95000000,3034867.29000000,4,108932.97000000,173051.67000000
Merle Hahn,2026-08-12 20:04:48.296685,173051.67000000,3207918.96000000,5,225169.95000000,1048252.80150000
Merle Hahn,2026-08-12 20:04:48.186594,108932.97000000,2809697.34000000,6,1319549.70000000,225169.95000000
Merle Hahn,2026-08-12 20:04:54.222621,81995.96000000,4338167.72150000,7,1048252.80150000,
Michael Brown,2026-08-12 20:04:54.141051,3280843.51000000,9215693.72550000,1,391103.55550000,
Michael Brown,2026-08-12 20:04:40.078554,2005679.70000000,2005679.70000000,2,,790691.58000000
Michael Brown,2026-08-12 20:04:41.122987,1384397.73000000,4180769.01000000,3,790691.58000000,868985.77000000
Michael Brown,2026-08-12 20:04:41.563459,868985.77000000,5049754.78000000,4,1384397.73000000,493991.88000000
Michael Brown,2026-08-12 20:04:40.829141,790691.58000000,2796371.28000000,5,2005679.70000000,1384397.73000000
Michael Brown,2026-08-12 20:04:43.324857,493991.88000000,5543746.66000000,6,868985.77000000,391103.55550000
Michael Brown,2026-08-12 20:04:43.484006,391103.55550000,5934850.21550000,7,493991.88000000,3280843.51000000
Micheal Mcgee,2026-08-12 20:04:38.024195,2288659.56000000,3306641.18000000,1,1017981.62000000,243018.93000000
Micheal Mcgee,2026-08-12 20:04:47.827436,1927023.75450000,10650656.22100000,2,1346361.36750000,
Micheal Mcgee,2026-08-12 20:04:42.036242,1376975.76000000,4926635.87000000,3,243018.93000000,1065427.87000000
Micheal Mcgee,2026-08-12 20:04:45.573418,1346361.36750000,8723632.46650000,4,7987.96000000,1927023.75450000
Micheal Mcgee,2026-08-12 20:04:42.207484,1065427.87000000,5992063.74000000,5,1376975.76000000,704967.67900000
Micheal Mcgee,2026-08-12 20:04:36.665930,1017981.62000000,1017981.62000000,6,,2288659.56000000
Micheal Mcgee,2026-08-12 20:04:44.022565,704967.67900000,6697031.41900000,7,1065427.87000000,672251.72000000
Micheal Mcgee,2026-08-12 20:04:44.708520,672251.72000000,7369283.13900000,8,704967.67900000,7987.96000000
Micheal Mcgee,2026-08-12 20:04:39.010132,243018.93000000,3549660.11000000,9,2288659.56000000,1376975.76000000
Micheal Mcgee,2026-08-12 20:04:45.198156,7987.96000000,7377271.09900000,10,672251.72000000,1346361.36750000
Michelle Nguyen,2026-08-12 20:04:55.165209,1266028.63000000,1521209.60350000,1,255180.97350000,
Michelle Nguyen,2026-08-12 20:04:37.555123,255180.97350000,255180.97350000,2,,1266028.63000000
Mildred Snyder,2026-08-12 20:04:47.180270,4114497.57000000,12051280.45000000,1,463864.95000000,763783.77000000
Mildred Snyder,2026-08-12 20:04:43.569490,2507310.71000000,4469622.27000000,2,1962311.56000000,1782719.82000000
Mildred Snyder,2026-08-12 20:04:41.889490,1962311.56000000,1962311.56000000,3,,2507310.71000000
Mildred Snyder,2026-08-12 20:04:44.773863,1782719.82000000,6252342.09000000,4,2507310.71000000,1220575.84000000
Mildred Snyder,2026-08-12 20:04:53.593381,1575759.84000000,14390824.06000000,5,763783.77000000,374084.91000000
Mildred Snyder,2026-08-12 20:04:44.786116,1220575.84000000,7472917.93000000,6,1782719.82000000,463864.95000000
Mildred Snyder,2026-08-12 20:04:48.512996,763783.77000000,12815064.22000000,7,4114497.57000000,1575759.84000000
Mildred Snyder,2026-08-12 20:04:45.866827,463864.95000000,7936782.88000000,8,1220575.84000000,4114497.57000000
Mildred Snyder,2026-08-12 20:04:55.071346,374084.91000000,14764908.97000000,9,1575759.84000000,
Miles Wong,2026-08-12 20:04:34.348862,2715743.52000000,2715743.52000000,1,,1534519.60000000
Miles Wong,2026-08-12 20:04:37.926137,1534519.60000000,4250263.12000000,2,2715743.52000000,841323.56000000
Miles Wong,2026-08-12 20:04:48.378264,1480520.79000000,7036219.14000000,3,464111.67000000,1056847.87000000
Miles Wong,2026-08-12 20:04:54.308353,1227089.70000000,9320156.71000000,4,1056847.87000000,
Miles Wong,2026-08-12 20:04:48.651728,1056847.87000000,8093067.01000000,5,1480520.79000000,1227089.70000000
Miles Wong,2026-08-12 20:04:41.392172,841323.56000000,5091586.68000000,6,1534519.60000000,464111.67000000
Miles Wong,2026-08-12 20:04:44.300079,464111.67000000,5555698.35000000,7,841323.56000000,1480520.79000000
Mindy Donovan,2026-08-12 20:04:35.116163,1876799.66000000,1876799.66000000,1,,71490.51000000
Mindy Donovan,2026-08-12 20:04:40.653593,1807511.79000000,3755801.96000000,2,71490.51000000,3993.98000000
Mindy Donovan,2026-08-12 20:04:50.631181,346063.84000000,4382947.64000000,3,277087.86000000,147447.86000000
Mindy Donovan,2026-08-12 20:04:46.278843,277087.86000000,4036883.80000000,4,3993.98000000,346063.84000000
Mindy Donovan,2026-08-12 20:04:54.879650,147447.86000000,4530395.50000000,5,346063.84000000,
Mindy Donovan,2026-08-12 20:04:38.089567,71490.51000000,1948290.17000000,6,1876799.66000000,1807511.79000000
Mindy Donovan,2026-08-12 20:04:41.131160,3993.98000000,3759795.94000000,7,1807511.79000000,277087.86000000
Minnie Cisneros,2026-08-12 20:04:35.801244,4444319.52000000,4444319.52000000,1,,2406330.59000000
Minnie Cisneros,2026-08-12 20:04:49.856435,3261104.55000000,11391558.35000000,2,1279803.69000000,627209.85000000
Minnie Cisneros,2026-08-12 20:04:37.082444,2406330.59000000,6850650.11000000,3,4444319.52000000,1279803.69000000
Minnie Cisneros,2026-08-12 20:04:46.462451,1279803.69000000,8130453.80000000,4,2406330.59000000,3261104.55000000
Minnie Cisneros,2026-08-12 20:04:51.006253,669939.90000000,12688708.10000000,5,627209.85000000,
Minnie Cisneros,2026-08-12 20:04:49.950214,627209.85000000,12018768.20000000,6,3261104.55000000,669939.90000000
Miriam Berg,2026-08-12 20:04:35.923500,1941799.80000000,1941799.80000000,1,,198763.96000000
Miriam Berg,2026-08-12 20:04:40.580077,1859901.66000000,6015559.04000000,2,723533.86000000,1068743.88000000
Miriam Berg,2026-08-12 20:04:47.098688,1668435.78000000,11482207.69000000,3,120657.54000000,153715.96000000
Miriam Berg,2026-08-12 20:04:42.953552,1623239.73000000,8707542.65000000,4,1068743.88000000,985571.72000000
Miriam Berg,2026-08-12 20:04:52.818282,1623003.53000000,14701711.18900000,5,231784.40900000,1550484.83000000
Miriam Berg,2026-08-12 20:04:54.230837,1550484.83000000,16252196.01900000,6,1623003.53000000,
Miriam Berg,2026-08-12 20:04:39.209913,1291559.76000000,3432123.52000000,7,198763.96000000,723533.86000000
Miriam Berg,2026-08-12 20:04:52.120908,1210999.60000000,12846923.25000000,8,153715.96000000,231784.40900000
Miriam Berg,2026-08-12 20:04:42.574363,1068743.88000000,7084302.92000000,9,1859901.66000000,1623239.73000000
Miriam Berg,2026-08-12 20:04:44.777944,985571.72000000,9693114.37000000,10,1623239.73000000,120657.54000000
Miriam Berg,2026-08-12 20:04:39.805285,723533.86000000,4155657.38000000,11,1291559.76000000,1859901.66000000
Miriam Berg,2026-08-12 20:04:52.593890,231784.40900000,13078707.65900000,12,1210999.60000000,1623003.53000000
Miriam Berg,2026-08-12 20:04:36.176145,198763.96000000,2140563.76000000,13,1941799.80000000,1291559.76000000
Miriam Berg,2026-08-12 20:04:50.406969,153715.96000000,11635923.65000000,14,1668435.78000000,1210999.60000000
Miriam Berg,2026-08-12 20:04:45.438749,120657.54000000,9813771.91000000,15,985571.72000000,1668435.78000000
Mitchell Santiago,2026-08-12 20:04:48.843653,2295383.72000000,2595863.64000000,1,300479.92000000,360508.66400000
Mitchell Santiago,2026-08-12 20:04:54.528780,360508.66400000,2956372.30400000,2,2295383.72000000,
Mitchell Santiago,2026-08-12 20:04:45.128812,300479.92000000,300479.92000000,3,,2295383.72000000
Mona Bender,2026-08-12 20:04:45.381551,3809903.54000000,5463695.22000000,1,1653791.68000000,1153334.85000000
Mona Bender,2026-08-12 20:04:54.451313,1783263.68000000,8400293.75000000,2,1153334.85000000,
Mona Bender,2026-08-12 20:04:41.192420,1653791.68000000,1653791.68000000,3,,3809903.54000000
Mona Bender,2026-08-12 20:04:50.574174,1153334.85000000,6617030.07000000,4,3809903.54000000,1783263.68000000
Monica Stanley,2026-08-12 20:04:38.305915,1858319.80000000,3459062.28000000,1,1448243.51000000,38027.99000000
Monica Stanley,2026-08-12 20:04:37.881314,1448243.51000000,1600742.48000000,2,152498.97000000,1858319.80000000
Monica Stanley,2026-08-12 20:04:46.523680,1123835.66000000,5219497.80000000,3,598571.87000000,635969.85000000
Monica Stanley,2026-08-12 20:04:50.891992,635969.85000000,5855467.65000000,4,1123835.66000000,447509.90000000
Monica Stanley,2026-08-12 20:04:46.213538,598571.87000000,4095662.14000000,5,38027.99000000,1123835.66000000
Monica Stanley,2026-08-12 20:04:51.222527,447509.90000000,6302977.55000000,6,635969.85000000,
Monica Stanley,2026-08-12 20:04:34.222242,152498.97000000,152498.97000000,7,,1448243.51000000
Monica Stanley,2026-08-12 20:04:42.533514,38027.99000000,3497090.27000000,8,1858319.80000000,598571.87000000
Monte Strong,2026-08-12 20:04:46.715513,2600749.50000000,9110794.36450000,1,51765.87000000,1881524.75000000
Monte Strong,2026-08-12 20:04:38.889418,2169509.58000000,5501193.25450000,2,1614340.03450000,957085.74000000
Monte Strong,2026-08-12 20:04:47.610887,1881524.75000000,10992319.11450000,3,2600749.50000000,1004068.89000000
Monte Strong,2026-08-12 20:04:34.291686,1717343.64000000,1717343.64000000,4,,1614340.03450000
Monte Strong,2026-08-12 20:04:35.348655,1614340.03450000,3331683.67450000,5,1717343.64000000,2169509.58000000
Monte Strong,2026-08-12 20:04:50.525250,1440515.07700000,13436903.08150000,6,1004068.89000000,
Monte Strong,2026-08-12 20:04:49.884983,1004068.89000000,11996388.00450000,7,1881524.75000000,1440515.07700000
Monte Strong,2026-08-12 20:04:41.021054,957085.74000000,6458278.99450000,8,2169509.58000000,51765.87000000
Monte Strong,2026-08-12 20:04:45.663163,51765.87000000,6510044.86450000,9,957085.74000000,2600749.50000000
Morgan Hansen,2026-08-12 20:04:38.007848,2101372.59000000,2637512.33000000,1,356795.82000000,72794.77000000
Morgan Hansen,2026-08-12 20:04:45.100199,1581953.67000000,8102202.54000000,2,1337356.51000000,1131703.51000000
Morgan Hansen,2026-08-12 20:04:44.757530,1337356.51000000,6520248.87000000,3,1125981.69000000,1581953.67000000
Morgan Hansen,2026-08-12 20:04:40.996565,1330285.59000000,4056910.67000000,4,16317.98000000,1125981.69000000
Morgan Hansen,2026-08-12 20:04:52.871409,1208549.50000000,11020123.41050000,5,489677.79000000,
Morgan Hansen,2026-08-12 20:04:46.621674,1131703.51000000,9233906.05000000,6,1581953.67000000,87990.07050000
Morgan Hansen,2026-08-12 20:04:44.516468,1125981.69000000,5182892.36000000,7,1330285.59000000,1337356.51000000
Morgan Hansen,2026-08-12 20:04:52.382008,489677.79000000,9811573.91050000,8,87990.07050000,1208549.50000000
Morgan Hansen,2026-08-12 20:04:36.127231,356795.82000000,536139.74000000,9,179343.92000000,2101372.59000000
Morgan Hansen,2026-08-12 20:04:33.952956,179343.92000000,179343.92000000,10,,356795.82000000
Morgan Hansen,2026-08-12 20:04:51.573952,87990.07050000,9321896.12050000,11,1131703.51000000,489677.79000000
Morgan Hansen,2026-08-12 20:04:38.893496,72794.77000000,2710307.10000000,12,2101372.59000000,16317.98000000
Morgan Hansen,2026-08-12 20:04:40.710843,16317.98000000,2726625.08000000,13,72794.77000000,1330285.59000000
Morris Koch,2026-08-12 20:04:42.203413,3820253.53000000,7934875.03000000,1,759537.74000000,1110679.60000000
Morris Koch,2026-08-12 20:04:45.964562,3513687.07500000,12559241.70500000,2,1110679.60000000,64502.99000000
Morris Koch,2026-08-12 20:04:50.239868,2985284.57500000,15632122.20000000,3,23092.93000000,1190111.56000000
Morris Koch,2026-08-12 20:04:53.675063,2394934.14300000,20184879.58300000,4,967711.68000000,
Morris Koch,2026-08-12 20:04:35.124327,1546197.54000000,1546197.54000000,5,,706119.60000000
Morris Koch,2026-08-12 20:04:51.345171,1190111.56000000,16822233.76000000,6,2985284.57500000,967711.68000000
Morris Koch,2026-08-12 20:04:43.157493,1110679.60000000,9045554.63000000,7,3820253.53000000,3513687.07500000
Morris Koch,2026-08-12 20:04:51.418728,967711.68000000,17789945.44000000,8,1190111.56000000,2394934.14300000
Morris Koch,2026-08-12 20:04:37.502148,759537.74000000,4114621.50000000,9,122349.90000000,3820253.53000000
Morris Koch,2026-08-12 20:04:35.597372,706119.60000000,2252317.14000000,10,1546197.54000000,422747.91000000
Morris Koch,2026-08-12 20:04:36.490351,557668.81000000,3232733.86000000,11,422747.91000000,122349.90000000
Morris Koch,2026-08-12 20:04:36.110919,422747.91000000,2675065.05000000,12,706119.60000000,557668.81000000
Morris Koch,2026-08-12 20:04:37.383905,122349.90000000,3355083.76000000,13,557668.81000000,759537.74000000
Morris Koch,2026-08-12 20:04:48.231497,64502.99000000,12623744.69500000,14,3513687.07500000,23092.93000000
Morris Koch,2026-08-12 20:04:49.803334,23092.93000000,12646837.62500000,15,64502.99000000,2985284.57500000
Moses Stein,2026-08-12 20:04:42.855714,3494391.56000000,5254455.20000000,1,87103.96000000,732643.56000000
Moses Stein,2026-08-12 20:04:37.832444,1672959.68000000,1672959.68000000,2,,87103.96000000
Moses Stein,2026-08-12 20:04:46.352297,1056635.64000000,7043734.40000000,3,732643.56000000,393203.96000000
Moses Stein,2026-08-12 20:04:44.626776,732643.56000000,5987098.76000000,4,3494391.56000000,1056635.64000000
Moses Stein,2026-08-12 20:04:48.978400,644745.81000000,8081684.17000000,5,393203.96000000,5624.75000000
Moses Stein,2026-08-12 20:04:47.086438,393203.96000000,7436938.36000000,6,1056635.64000000,644745.81000000
Moses Stein,2026-08-12 20:04:53.303802,350783.93000000,8438092.85000000,7,5624.75000000,23982.99000000
Moses Stein,2026-08-12 20:04:42.003673,87103.96000000,1760063.64000000,8,1672959.68000000,3494391.56000000
Moses Stein,2026-08-12 20:04:53.993621,23982.99000000,8462075.84000000,9,350783.93000000,
Moses Stein,2026-08-12 20:04:49.660393,5624.75000000,8087308.92000000,10,644745.81000000,350783.93000000
Moshe Stein,2026-08-12 20:04:41.502378,2546231.74000000,4491781.49000000,1,343543.96000000,1351919.80000000
Moshe Stein,2026-08-12 20:04:48.659896,2392689.54000000,11699397.36000000,2,1467679.80000000,2090607.74000000
Moshe Stein,2026-08-12 20:04:48.953888,2090607.74000000,13790005.10000000,3,2392689.54000000,545953.71000000
Moshe Stein,2026-08-12 20:04:46.776626,1995326.73000000,7839028.02000000,4,1351919.80000000,1467679.80000000
Moshe Stein,2026-08-12 20:04:35.894938,1602005.79000000,1602005.79000000,5,,343543.96000000
Moshe Stein,2026-08-12 20:04:48.443670,1467679.80000000,9306707.82000000,6,1995326.73000000,2392689.54000000
Moshe Stein,2026-08-12 20:04:44.606336,1351919.80000000,5843701.29000000,7,2546231.74000000,1995326.73000000
Moshe Stein,2026-08-12 20:04:50.260230,545953.71000000,14335958.81000000,8,2090607.74000000,445215.92000000
Moshe Stein,2026-08-12 20:04:51.136813,445215.92000000,14781174.73000000,9,545953.71000000,
Moshe Stein,2026-08-12 20:04:40.245542,343543.96000000,1945549.75000000,10,1602005.79000000,2546231.74000000
Muriel Glover,2026-08-12 20:04:35.841966,3166681.63000000,6125081.23000000,1,2958399.60000000,2007060.71000000
Muriel Glover,2026-08-12 20:04:33.973361,2958399.60000000,2958399.60000000,2,,3166681.63000000
Muriel Glover,2026-08-12 20:04:40.217036,2007060.71000000,8132141.94000000,3,3166681.63000000,453983.84000000
Muriel Glover,2026-08-12 20:04:47.411199,1158449.75000000,9752539.51000000,4,7963.98000000,882179.91000000
Muriel Glover,2026-08-12 20:04:49.345849,882179.91000000,10634719.42000000,5,1158449.75000000,87604.99000000
Muriel Glover,2026-08-12 20:04:41.441127,453983.84000000,8586125.78000000,6,2007060.71000000,7963.98000000
Muriel Glover,2026-08-12 20:04:54.063436,87604.99000000,10722324.41000000,7,882179.91000000,
Muriel Glover,2026-08-12 20:04:42.191197,7963.98000000,8594089.76000000,8,453983.84000000,1158449.75000000
Myra Horne,2026-08-12 20:04:55.055051,4455299.50000000,22353485.64750000,1,345407.88000000,
Myra Horne,2026-08-12 20:04:42.231915,3881239.56000000,5814763.20000000,2,1933523.64000000,16475.99000000
Myra Horne,2026-08-12 20:04:50.904233,3856008.59000000,14327858.87750000,3,598591.03750000,3008519.55000000
Myra Horne,2026-08-12 20:04:51.569868,3008519.55000000,17336378.42750000,4,3856008.59000000,216399.84000000
Myra Horne,2026-08-12 20:04:40.425163,1933523.64000000,1933523.64000000,5,,3881239.56000000
Myra Horne,2026-08-12 20:04:46.642080,1381743.74000000,9220657.48000000,6,732569.70000000,652601.77000000
Myra Horne,2026-08-12 20:04:44.414348,1275104.85000000,7106344.04000000,7,16475.99000000,732569.70000000
Myra Horne,2026-08-12 20:04:45.079708,732569.70000000,7838913.74000000,8,1275104.85000000,1381743.74000000
Myra Horne,2026-08-12 20:04:48.774221,652601.77000000,9873259.25000000,9,1381743.74000000,598591.03750000
Myra Horne,2026-08-12 20:04:50.855311,598591.03750000,10471850.28750000,10,652601.77000000,3856008.59000000
Myra Horne,2026-08-12 20:04:52.471640,345407.88000000,17898186.14750000,11,216399.84000000,4455299.50000000
Myra Horne,2026-08-12 20:04:52.026998,216399.84000000,17552778.26750000,12,3008519.55000000,345407.88000000
Myra Horne,2026-08-12 20:04:43.047332,16475.99000000,5831239.19000000,13,3881239.56000000,1275104.85000000
Myron Sexton,2026-08-12 20:04:50.782010,3186523.56000000,18800317.48000000,1,833678.91000000,1132276.53000000
Myron Sexton,2026-08-12 20:04:37.840589,2810249.70000000,3374177.58000000,2,563927.88000000,2525599.72000000
Myron Sexton,2026-08-12 20:04:44.451110,2611217.71000000,10041394.66000000,3,1263987.78000000,1900399.80000000
Myron Sexton,2026-08-12 20:04:38.505868,2525599.72000000,5899777.30000000,4,2810249.70000000,87045.98000000
Myron Sexton,2026-08-12 20:04:44.888072,1900399.80000000,11941794.46000000,5,2611217.71000000,1299087.84000000
Myron Sexton,2026-08-12 20:04:46.201295,1539232.71000000,14780115.01000000,6,1299087.84000000,833678.91000000
Myron Sexton,2026-08-12 20:04:45.544834,1299087.84000000,13240882.30000000,7,1900399.80000000,1539232.71000000
Myron Sexton,2026-08-12 20:04:43.035101,1263987.78000000,7430176.95000000,8,179365.89000000,2611217.71000000
Myron Sexton,2026-08-12 20:04:51.275690,1132276.53000000,19932594.01000000,9,3186523.56000000,
Myron Sexton,2026-08-12 20:04:48.533367,833678.91000000,15613793.92000000,10,1539232.71000000,3186523.56000000
Myron Sexton,2026-08-12 20:04:35.915328,563927.88000000,563927.88000000,11,,2810249.70000000
Myron Sexton,2026-08-12 20:04:40.151857,179365.89000000,6166189.17000000,12,87045.98000000,1263987.78000000
Myron Sexton,2026-08-12 20:04:39.258898,87045.98000000,5986823.28000000,13,2525599.72000000,179365.89000000
Myrtle Yates,2026-08-12 20:04:47.704841,3809387.56000000,6104858.97000000,1,2137935.53000000,3260939.66000000
Myrtle Yates,2026-08-12 20:04:50.191002,3260939.66000000,9365798.63000000,2,3809387.56000000,792124.75000000
Myrtle Yates,2026-08-12 20:04:46.115478,2137935.53000000,2295471.41000000,3,157535.88000000,3809387.56000000
Myrtle Yates,2026-08-12 20:04:53.014208,1517487.83000000,11675411.21000000,4,792124.75000000,
Myrtle Yates,2026-08-12 20:04:50.199144,792124.75000000,10157923.38000000,5,3260939.66000000,1517487.83000000
Myrtle Yates,2026-08-12 20:04:44.426599,157535.88000000,157535.88000000,6,,2137935.53000000
Nadine Grimes,2026-08-12 20:04:49.174126,2620894.69000000,3120535.09000000,1,278221.51000000,265008.57000000
Nadine Grimes,2026-08-12 20:04:48.133523,278221.51000000,499640.40000000,2,57866.97000000,2620894.69000000
Nadine Grimes,2026-08-12 20:04:52.316733,265008.57000000,3385543.66000000,3,2620894.69000000,38813.94000000
Nadine Grimes,2026-08-12 20:04:43.838942,163551.92000000,163551.92000000,4,,57866.97000000
Nadine Grimes,2026-08-12 20:04:45.655011,57866.97000000,221418.89000000,5,163551.92000000,278221.51000000
Nadine Grimes,2026-08-12 20:04:52.483891,38813.94000000,3424357.60000000,6,265008.57000000,
Nancy Martin,2026-08-12 20:04:50.900152,2660435.64000000,10742483.02000000,1,959742.63000000,733624.75000000
Nancy Martin,2026-08-12 20:04:34.712236,2019239.55000000,2019239.55000000,2,,1406195.82000000
Nancy Martin,2026-08-12 20:04:41.437053,1723199.68000000,5148635.05000000,3,1406195.82000000,1578537.74000000
Nancy Martin,2026-08-12 20:04:41.869133,1578537.74000000,6727172.79000000,4,1723199.68000000,395131.96000000
Nancy Martin,2026-08-12 20:04:40.686325,1406195.82000000,3425435.37000000,5,2019239.55000000,1723199.68000000
Nancy Martin,2026-08-12 20:04:50.215427,959742.63000000,8082047.38000000,6,395131.96000000,2660435.64000000
Nancy Martin,2026-08-12 20:04:54.398181,733624.75000000,11476107.77000000,7,2660435.64000000,
Nancy Martin,2026-08-12 20:04:46.172621,395131.96000000,7122304.75000000,8,1578537.74000000,959742.63000000
Nannie Roth,2026-08-12 20:04:41.082201,3833471.52000000,7685300.69000000,1,1103795.88000000,538499.90000000
Nannie Roth,2026-08-12 20:04:49.023331,3032279.60000000,13874609.50000000,2,13929.99000000,677728.39200000
Nannie Roth,2026-08-12 20:04:51.206209,2726327.56000000,17702961.09200000,3,424295.64000000,2212079.76000000
Nannie Roth,2026-08-12 20:04:52.459399,2212079.76000000,19915040.85200000,4,2726327.56000000,681299.55000000
Nannie Roth,2026-08-12 20:04:44.610421,1618679.72000000,10491620.11000000,5,649139.80000000,336779.80000000
Nannie Roth,2026-08-12 20:04:36.510772,1330279.86000000,2748033.29000000,6,411443.91000000,1103795.88000000
Nannie Roth,2026-08-12 20:04:54.569550,1246388.83000000,21842729.23200000,7,681299.55000000,
Nannie Roth,2026-08-12 20:04:36.600570,1103795.88000000,3851829.17000000,8,1330279.86000000,3833471.52000000
Nannie Roth,2026-08-12 20:04:34.161071,952489.65000000,952489.65000000,9,,53819.87000000
Nannie Roth,2026-08-12 20:04:52.683732,681299.55000000,20596340.40200000,10,2212079.76000000,1246388.83000000
Nannie Roth,2026-08-12 20:04:50.908311,677728.39200000,14552337.89200000,11,3032279.60000000,424295.64000000
Nannie Roth,2026-08-12 20:04:43.736846,649139.80000000,8872940.39000000,12,538499.90000000,1618679.72000000
Nannie Roth,2026-08-12 20:04:43.679695,538499.90000000,8223800.59000000,13,3833471.52000000,649139.80000000
Nannie Roth,2026-08-12 20:04:51.010328,424295.64000000,14976633.53200000,14,677728.39200000,2726327.56000000
Nannie Roth,2026-08-12 20:04:35.185590,411443.91000000,1417753.43000000,15,53819.87000000,1330279.86000000
Nannie Roth,2026-08-12 20:04:44.871771,336779.80000000,10828399.91000000,16,1618679.72000000,13929.99000000
Nannie Roth,2026-08-12 20:04:34.969319,53819.87000000,1006309.52000000,17,952489.65000000,411443.91000000
Nannie Roth,2026-08-12 20:04:47.196585,13929.99000000,10842329.90000000,18,336779.80000000,3032279.60000000
Naomi Middleton,2026-08-12 20:04:37.779465,3552362.59000000,7757378.11050000,1,284689.86000000,1111824.75000000
Naomi Middleton,2026-08-12 20:04:35.740101,2210519.61000000,3029943.97950000,2,819424.36950000,890381.68100000
Naomi Middleton,2026-08-12 20:04:51.283857,1684615.81000000,12360435.96050000,3,100445.97000000,580031.62000000
Naomi Middleton,2026-08-12 20:04:39.108024,1111824.75000000,8869202.86050000,4,3552362.59000000,828031.84000000
Naomi Middleton,2026-08-12 20:04:52.687805,1017551.76000000,13958019.34050000,5,580031.62000000,
Naomi Middleton,2026-08-12 20:04:36.167983,890381.68100000,3920325.66050000,6,2210519.61000000,284689.86000000
Naomi Middleton,2026-08-12 20:04:39.744087,828031.84000000,9697234.70050000,7,1111824.75000000,385899.83000000
Naomi Middleton,2026-08-12 20:04:34.814352,819424.36950000,819424.36950000,8,,2210519.61000000
Naomi Middleton,2026-08-12 20:04:51.688314,580031.62000000,12940467.58050000,9,1684615.81000000,1017551.76000000
Naomi Middleton,2026-08-12 20:04:41.742907,492239.65000000,10575374.18050000,10,385899.83000000,100445.97000000
Naomi Middleton,2026-08-12 20:04:41.600241,385899.83000000,10083134.53050000,11,828031.84000000,492239.65000000
Naomi Middleton,2026-08-12 20:04:36.425013,284689.86000000,4205015.52050000,12,890381.68100000,3552362.59000000
Naomi Middleton,2026-08-12 20:04:46.833622,100445.97000000,10675820.15050000,13,492239.65000000,1684615.81000000
Nathan Gonzales,2026-08-12 20:04:47.794783,3180374.67000000,10275527.48000000,1,1585091.69000000,1824099.80000000
Nathan Gonzales,2026-08-12 20:04:38.085478,3096581.62000000,5146641.16000000,2,1872896.61000000,363419.96000000
Nathan Gonzales,2026-08-12 20:04:52.508340,1910099.70000000,17065375.23000000,3,1717999.50000000,
Nathan Gonzales,2026-08-12 20:04:37.000830,1872896.61000000,2050059.54000000,4,177162.93000000,3096581.62000000
Nathan Gonzales,2026-08-12 20:04:48.394599,1824099.80000000,12099627.28000000,5,3180374.67000000,504932.87000000
Nathan Gonzales,2026-08-12 20:04:51.169443,1717999.50000000,15155275.53000000,6,832715.88000000,1910099.70000000
Nathan Gonzales,2026-08-12 20:04:43.908328,1585091.69000000,7095152.81000000,7,363419.96000000,3180374.67000000
Nathan Gonzales,2026-08-12 20:04:50.912393,832715.88000000,13437276.03000000,8,504932.87000000,1717999.50000000
Nathan Gonzales,2026-08-12 20:04:50.623042,504932.87000000,12604560.15000000,9,1824099.80000000,832715.88000000
Nathan Gonzales,2026-08-12 20:04:41.118902,363419.96000000,5510061.12000000,10,3096581.62000000,1585091.69000000
Nathan Gonzales,2026-08-12 20:04:35.601443,177162.93000000,177162.93000000,11,,1872896.61000000
Nathaniel Mckinney,2026-08-12 20:04:45.577493,3529022.63000000,5848501.20000000,1,91043.88000000,1125895.77000000
Nathaniel Mckinney,2026-08-12 20:04:37.530668,2228434.69000000,2228434.69000000,2,,91043.88000000
Nathaniel Mckinney,2026-08-12 20:04:49.464300,1732399.60000000,8706796.57000000,3,1125895.77000000,
Nathaniel Mckinney,2026-08-12 20:04:45.736486,1125895.77000000,6974396.97000000,4,3529022.63000000,1732399.60000000
Nathaniel Mckinney,2026-08-12 20:04:39.711499,91043.88000000,2319478.57000000,5,2228434.69000000,3529022.63000000
Neal Thornton,2026-08-12 20:04:53.944652,1669989.50050000,5204243.90050000,1,275222.97000000,245037.83000000
Neal Thornton,2026-08-12 20:04:51.153127,1461257.82000000,3259031.43000000,2,469615.84000000,275222.97000000
Neal Thornton,2026-08-12 20:04:34.675493,1328157.77000000,1328157.77000000,3,,469615.84000000
Neal Thornton,2026-08-12 20:04:46.890662,469615.84000000,1797773.61000000,4,1328157.77000000,1461257.82000000
Neal Thornton,2026-08-12 20:04:51.369694,275222.97000000,3534254.40000000,5,1461257.82000000,1669989.50050000
Neal Thornton,2026-08-12 20:04:54.247153,245037.83000000,5449281.73050000,6,1669989.50050000,
Neil Gallagher,2026-08-12 20:04:45.817976,2451935.52000000,3617353.30650000,1,588790.93000000,1259954.55000000
Neil Gallagher,2026-08-12 20:04:47.574145,1840991.68000000,6718299.53650000,2,1259954.55000000,183965.98000000
Neil Gallagher,2026-08-12 20:04:46.988533,1259954.55000000,4877307.85650000,3,2451935.52000000,1840991.68000000
Neil Gallagher,2026-08-12 20:04:50.264301,947309.65000000,7937628.13650000,4,88052.97000000,
Neil Gallagher,2026-08-12 20:04:45.287760,588790.93000000,1165417.78650000,5,341539.90000000,2451935.52000000
Neil Gallagher,2026-08-12 20:04:38.199979,341539.90000000,576626.85650000,6,235086.95650000,588790.93000000
Neil Gallagher,2026-08-12 20:04:34.875536,235086.95650000,235086.95650000,7,,341539.90000000
Neil Gallagher,2026-08-12 20:04:47.676228,183965.98000000,6902265.51650000,8,1840991.68000000,88052.97000000
Neil Gallagher,2026-08-12 20:04:49.296883,88052.97000000,6990318.48650000,9,183965.98000000,947309.65000000
Nell Wiley,2026-08-12 20:04:50.415110,1021868.73000000,1021868.73000000,1,,
Nellie Norton,2026-08-12 20:04:52.830516,4783049.50000000,13885416.59000000,1,3378451.56000000,561059.70000000
Nellie Norton,2026-08-12 20:04:49.456141,3378451.56000000,9102367.09000000,2,699408.81000000,4783049.50000000
Nellie Norton,2026-08-12 20:04:45.667237,2139391.68000000,5024506.72000000,3,978299.55000000,699408.81000000
Nellie Norton,2026-08-12 20:04:39.230280,1208619.65000000,1906815.49000000,4,210330.89000000,978299.55000000
Nellie Norton,2026-08-12 20:04:44.985824,978299.55000000,2885115.04000000,5,1208619.65000000,2139391.68000000
Nellie Norton,2026-08-12 20:04:45.834261,699408.81000000,5723915.53000000,6,2139391.68000000,3378451.56000000
Nellie Norton,2026-08-12 20:04:54.536935,561059.70000000,14446476.29000000,7,4783049.50000000,
Nellie Norton,2026-08-12 20:04:36.764049,487864.95000000,487864.95000000,8,,210330.89000000
Nellie Norton,2026-08-12 20:04:38.424192,210330.89000000,698195.84000000,9,487864.95000000,1208619.65000000
Nelson Huff,2026-08-12 20:04:36.674097,2636984.61000000,5144699.16000000,1,2507714.55000000,693744.87000000
Nelson Huff,2026-08-12 20:04:34.561084,2507714.55000000,2507714.55000000,2,,2636984.61000000
Nelson Huff,2026-08-12 20:04:39.850197,693744.87000000,5838444.03000000,3,2636984.61000000,543185.91000000
Nelson Huff,2026-08-12 20:04:40.074482,543185.91000000,6381629.94000000,4,693744.87000000,267539.88000000
Nelson Huff,2026-08-12 20:04:44.255232,267539.88000000,6649169.82000000,5,543185.91000000,234429.86000000
Nelson Huff,2026-08-12 20:04:51.684230,264241.13200000,7147840.81200000,6,234429.86000000,
Nelson Huff,2026-08-12 20:04:45.524393,234429.86000000,6883599.68000000,7,267539.88000000,264241.13200000
Nettie Buckner,2026-08-12 20:04:35.152943,3590999.58000000,6950417.15000000,1,3359417.57000000,2327949.50000000
Nettie Buckner,2026-08-12 20:04:34.793935,3359417.57000000,3359417.57000000,2,,3590999.58000000
Nettie Buckner,2026-08-12 20:04:42.819004,2738751.68000000,12738779.19000000,3,631993.89000000,551608.77000000
Nettie Buckner,2026-08-12 20:04:37.375761,2327949.50000000,9278366.65000000,4,3590999.58000000,89666.97000000
Nettie Buckner,2026-08-12 20:04:50.561955,1487599.50000000,16405663.90000000,5,878579.82000000,
Nettie Buckner,2026-08-12 20:04:48.337439,878579.82000000,14918064.40000000,6,33119.98000000,1487599.50000000
Nettie Buckner,2026-08-12 20:04:42.590694,631993.89000000,10000027.51000000,7,89666.97000000,2738751.68000000
Nettie Buckner,2026-08-12 20:04:45.532572,551608.77000000,13290387.96000000,8,2738751.68000000,243102.93000000
Nettie Buckner,2026-08-12 20:04:46.254335,472873.71000000,14006364.60000000,9,243102.93000000,33119.98000000
Nettie Buckner,2026-08-12 20:04:45.736486,243102.93000000,13533490.89000000,10,551608.77000000,472873.71000000
Nettie Buckner,2026-08-12 20:04:37.962897,89666.97000000,9368033.62000000,11,2327949.50000000,631993.89000000
Nettie Buckner,2026-08-12 20:04:47.451910,33119.98000000,14039484.58000000,12,472873.71000000,878579.82000000
Neva Bradford,2026-08-12 20:04:38.681319,3103154.55000000,4662709.05000000,1,47729.85000000,380079.96000000
Neva Bradford,2026-08-12 20:04:45.071551,2851295.58000000,10023418.14000000,2,1134077.67000000,503651.81000000
Neva Bradford,2026-08-12 20:04:48.888578,1723283.82000000,13365751.48000000,3,1115397.71000000,
Neva Bradford,2026-08-12 20:04:37.665347,1511824.65000000,1511824.65000000,4,,47729.85000000
Neva Bradford,2026-08-12 20:04:41.661406,1134077.67000000,7172122.56000000,5,995255.88000000,2851295.58000000
Neva Bradford,2026-08-12 20:04:46.340062,1115397.71000000,11642467.66000000,6,503651.81000000,1723283.82000000
Neva Bradford,2026-08-12 20:04:40.107040,995255.88000000,6038044.89000000,7,380079.96000000,1134077.67000000
Neva Bradford,2026-08-12 20:04:45.096114,503651.81000000,10527069.95000000,8,2851295.58000000,1115397.71000000
Neva Bradford,2026-08-12 20:04:39.650371,380079.96000000,5042789.01000000,9,3103154.55000000,995255.88000000
Neva Bradford,2026-08-12 20:04:37.718370,47729.85000000,1559554.50000000,10,1511824.65000000,3103154.55000000
Nicholas Morales,2026-08-12 20:04:53.887551,4274729.55000000,14276235.28300000,1,2236094.55000000,2914880.03550000
Nicholas Morales,2026-08-12 20:04:40.221109,3961599.60000000,5027430.39000000,2,122349.90000000,392795.73000000
Nicholas Morales,2026-08-12 20:04:54.826573,2914880.03550000,17191115.31850000,3,4274729.55000000,
Nicholas Morales,2026-08-12 20:04:50.749434,2236094.55000000,10001505.73300000,4,89423.82000000,4274729.55000000
Nicholas Morales,2026-08-12 20:04:44.373473,2031784.51000000,7585771.54300000,5,133760.91300000,90215.82000000
Nicholas Morales,2026-08-12 20:04:38.342601,943480.89000000,943480.89000000,6,,122349.90000000
Nicholas Morales,2026-08-12 20:04:41.135246,392795.73000000,5420226.12000000,7,3961599.60000000,133760.91300000
Nicholas Morales,2026-08-12 20:04:41.694032,133760.91300000,5553987.03300000,8,392795.73000000,2031784.51000000
Nicholas Morales,2026-08-12 20:04:39.658515,122349.90000000,1065830.79000000,9,943480.89000000,3961599.60000000
Nicholas Morales,2026-08-12 20:04:49.007006,90215.82000000,7675987.36300000,10,2031784.51000000,89423.82000000
Nicholas Morales,2026-08-12 20:04:49.676699,89423.82000000,7765411.18300000,11,90215.82000000,2236094.55000000
Nicole Ramos,2026-08-12 20:04:39.731866,4266941.53000000,5450260.97000000,1,924959.84000000,833876.89000000
Nicole Ramos,2026-08-12 20:04:39.079406,924959.84000000,1183319.44000000,2,258359.60000000,4266941.53000000
Nicole Ramos,2026-08-12 20:04:55.002041,833876.89000000,6284137.86000000,3,4266941.53000000,
Nicole Ramos,2026-08-12 20:04:37.979257,258359.60000000,258359.60000000,4,,924959.84000000
Nina Browning,2026-08-12 20:04:52.349391,3722810.57000000,20680118.47000000,1,411669.86000000,1528763.71000000
Nina Browning,2026-08-12 20:04:49.966519,3349009.65000000,16545638.04000000,2,2668759.60000000,411669.86000000
Nina Browning,2026-08-12 20:04:47.998985,2668759.60000000,13196628.39000000,3,2194155.59000000,3349009.65000000
Nina Browning,2026-08-12 20:04:41.755124,2545751.67000000,6077337.67000000,4,1278164.65000000,2256375.53000000
Nina Browning,2026-08-12 20:04:43.120725,2256375.53000000,8333713.20000000,5,2545751.67000000,2194155.59000000
Nina Browning,2026-08-12 20:04:46.707365,2194155.59000000,10527868.79000000,6,2256375.53000000,2668759.60000000
Nina Browning,2026-08-12 20:04:53.356828,1875929.70000000,24086887.84000000,7,2075.96000000,461933.82000000
Nina Browning,2026-08-12 20:04:52.855113,1528763.71000000,22208882.18000000,8,3722810.57000000,2075.96000000
Nina Browning,2026-08-12 20:04:40.441471,1278164.65000000,3531586.00000000,9,447509.85000000,2545751.67000000
Nina Browning,2026-08-12 20:04:38.346692,652049.86000000,1524319.58000000,10,610259.86000000,281591.92000000
Nina Browning,2026-08-12 20:04:35.560586,610259.86000000,872269.72000000,11,262009.86000000,652049.86000000
Nina Browning,2026-08-12 20:04:54.912288,461933.82000000,24548821.66000000,12,1875929.70000000,
Nina Browning,2026-08-12 20:04:39.495599,447509.85000000,2253421.35000000,13,281591.92000000,1278164.65000000
Nina Browning,2026-08-12 20:04:50.647517,411669.86000000,16957307.90000000,14,3349009.65000000,3722810.57000000
Nina Browning,2026-08-12 20:04:39.267056,281591.92000000,1805911.50000000,15,652049.86000000,447509.85000000
Nina Browning,2026-08-12 20:04:35.312008,262009.86000000,262009.86000000,16,,610259.86000000
Nina Browning,2026-08-12 20:04:53.059030,2075.96000000,22210958.14000000,17,1528763.71000000,1875929.70000000
Noah Hart,2026-08-12 20:04:36.731273,2728879.56000000,2753739.34000000,1,24859.78000000,771559.60000000
Noah Hart,2026-08-12 20:04:44.328628,2651201.45050000,11300397.04050000,2,264473.93000000,439095.72000000
Noah Hart,2026-08-12 20:04:40.041906,2108609.58000000,5717782.10000000,3,83873.58000000,1278815.79000000
Noah Hart,2026-08-12 20:04:49.321343,1457105.79000000,14034660.37050000,4,838061.82000000,743799.75000000
Noah Hart,2026-08-12 20:04:40.935272,1278815.79000000,6996597.89000000,5,2108609.58000000,811799.91000000
Noah Hart,2026-08-12 20:04:49.060077,838061.82000000,12577554.58050000,6,439095.72000000,1457105.79000000
Noah Hart,2026-08-12 20:04:42.615156,811799.91000000,7808397.80000000,7,1278815.79000000,576323.86000000
Noah Hart,2026-08-12 20:04:38.497690,771559.60000000,3525298.94000000,8,2728879.56000000,83873.58000000
Noah Hart,2026-08-12 20:04:54.373600,743799.75000000,14778460.12050000,9,1457105.79000000,
Noah Hart,2026-08-12 20:04:42.872023,576323.86000000,8384721.66000000,10,811799.91000000,264473.93000000
Noah Hart,2026-08-12 20:04:46.348219,439095.72000000,11739492.76050000,11,2651201.45050000,838061.82000000
Noah Hart,2026-08-12 20:04:43.079924,264473.93000000,8649195.59000000,12,576323.86000000,2651201.45050000
Noah Hart,2026-08-12 20:04:39.723717,83873.58000000,3609172.52000000,13,771559.60000000,2108609.58000000
Noah Hart,2026-08-12 20:04:35.018221,24859.78000000,24859.78000000,14,,2728879.56000000
Noel Parrish,2026-08-12 20:04:52.712244,3471387.59000000,14727911.38800000,1,61811.83000000,1241687.62000000
Noel Parrish,2026-08-12 20:04:36.294407,2663124.52800000,5038410.05800000,2,2375285.53000000,2111999.60000000
Noel Parrish,2026-08-12 20:04:45.487697,2412409.74000000,9562819.39800000,3,2111999.60000000,1103673.66000000
Noel Parrish,2026-08-12 20:04:35.772742,2375285.53000000,2375285.53000000,4,,2663124.52800000
Noel Parrish,2026-08-12 20:04:37.029367,2111999.60000000,7150409.65800000,5,2663124.52800000,2412409.74000000
Noel Parrish,2026-08-12 20:04:54.749032,1241687.62000000,15969599.00800000,6,3471387.59000000,
Noel Parrish,2026-08-12 20:04:46.233946,1103673.66000000,10666493.05800000,7,2412409.74000000,528218.91000000
Noel Parrish,2026-08-12 20:04:48.986574,528218.91000000,11194711.96800000,8,1103673.66000000,61811.83000000
Noel Parrish,2026-08-12 20:04:51.140895,61811.83000000,11256523.79800000,9,528218.91000000,3471387.59000000
Nola Rosales,2026-08-12 20:04:41.163841,2488589.73000000,4390394.21000000,1,584221.83000000,1929719.70000000
Nola Rosales,2026-08-12 20:04:44.504216,2288659.56000000,8608773.47000000,2,1929719.70000000,460187.91000000
Nola Rosales,2026-08-12 20:04:41.400323,1929719.70000000,6320113.91000000,3,2488589.73000000,2288659.56000000
Nola Rosales,2026-08-12 20:04:52.777448,1781261.58000000,10927954.94000000,4,77731.98000000,434813.94000000
Nola Rosales,2026-08-12 20:04:37.742811,663802.93000000,663802.93000000,5,,305203.96000000
Nola Rosales,2026-08-12 20:04:40.833228,584221.83000000,1901804.48000000,6,304223.92000000,2488589.73000000
Nola Rosales,2026-08-12 20:04:47.423404,460187.91000000,9068961.38000000,7,2288659.56000000,77731.98000000
Nola Rosales,2026-08-12 20:04:54.904121,434813.94000000,11362768.88000000,8,1781261.58000000,
Nola Rosales,2026-08-12 20:04:39.446653,305203.96000000,969006.89000000,9,663802.93000000,44351.84000000
Nola Rosales,2026-08-12 20:04:40.037836,304223.92000000,1317582.65000000,10,44351.84000000,584221.83000000
Nola Rosales,2026-08-12 20:04:47.443766,77731.98000000,9146693.36000000,11,460187.91000000,1781261.58000000
Nola Rosales,2026-08-12 20:04:39.715571,44351.84000000,1013358.73000000,12,305203.96000000,304223.92000000
Nora Andersen,2026-08-12 20:04:43.798149,1385163.56000000,4133009.12000000,1,1257767.82000000,141683.96000000
Nora Andersen,2026-08-12 20:04:35.874540,1285157.79000000,1490077.74000000,2,204919.95000000,1257767.82000000
Nora Andersen,2026-08-12 20:04:42.937247,1257767.82000000,2747845.56000000,3,1285157.79000000,1385163.56000000
Nora Andersen,2026-08-12 20:04:46.131855,789815.76000000,5064508.84000000,4,141683.96000000,696439.54000000
Nora Andersen,2026-08-12 20:04:47.843781,696439.54000000,5760948.38000000,5,789815.76000000,347439.60000000
Nora Andersen,2026-08-12 20:04:48.676239,347439.60000000,6108387.98000000,6,696439.54000000,
Nora Andersen,2026-08-12 20:04:35.042694,204919.95000000,204919.95000000,7,,1285157.79000000
Nora Andersen,2026-08-12 20:04:44.659469,141683.96000000,4274693.08000000,8,1385163.56000000,789815.76000000
Noreen Yates,2026-08-12 20:04:35.903078,2349299.70000000,2349299.70000000,1,,1588733.82000000
Noreen Yates,2026-08-12 20:04:36.135381,1588733.82000000,3938033.52000000,2,2349299.70000000,1549061.59000000
Noreen Yates,2026-08-12 20:04:40.335383,1549061.59000000,5487095.11000000,3,1588733.82000000,874835.81000000
Noreen Yates,2026-08-12 20:04:53.136609,874835.81000000,6361930.92000000,4,1549061.59000000,
Ola Baxter,2026-08-12 20:04:42.431472,2904029.78550000,3955901.62550000,1,1051871.84000000,168132.93000000
Ola Baxter,2026-08-12 20:04:51.823043,2789567.71000000,6913602.26550000,2,168132.93000000,
Ola Baxter,2026-08-12 20:04:37.836516,1051871.84000000,1051871.84000000,3,,2904029.78550000
Ola Baxter,2026-08-12 20:04:45.997148,168132.93000000,4124034.55550000,4,2904029.78550000,2789567.71000000
Olga Mora,2026-08-12 20:04:53.462860,4234079.52000000,15845710.61100000,1,2213671.59000000,
Olga Mora,2026-08-12 20:04:34.879613,3788799.60000000,6500549.10000000,2,2711749.50000000,140152.20750000
Olga Mora,2026-08-12 20:04:34.610193,2711749.50000000,2711749.50000000,3,,3788799.60000000
Olga Mora,2026-08-12 20:04:53.254899,2213671.59000000,11611631.09100000,4,455309.94000000,4234079.52000000
Olga Mora,2026-08-12 20:04:45.716127,1630277.61000000,8270978.91750000,5,140152.20750000,276509.97000000
Olga Mora,2026-08-12 20:04:50.639343,455309.94000000,9397959.50100000,6,395160.67350000,2213671.59000000
Olga Mora,2026-08-12 20:04:50.594539,395160.67350000,8942649.56100000,7,276509.97000000,455309.94000000
Olga Mora,2026-08-12 20:04:50.484481,276509.97000000,8547488.88750000,8,1630277.61000000,395160.67350000
Olga Mora,2026-08-12 20:04:41.057733,140152.20750000,6640701.30750000,9,3788799.60000000,1630277.61000000
Olive Bean,2026-08-12 20:04:38.216270,3222856.20900000,6107273.45900000,1,252389.53000000,2288948.61000000
Olive Bean,2026-08-12 20:04:54.851103,3206231.64000000,14390712.35200000,2,871799.80000000,
Olive Bean,2026-08-12 20:04:35.654400,2632027.72000000,2632027.72000000,3,,252389.53000000
Olive Bean,2026-08-12 20:04:45.659084,2288948.61000000,8396222.06900000,4,3222856.20900000,1062087.36750000
Olive Bean,2026-08-12 20:04:49.157839,1062087.36750000,9458309.43650000,5,2288948.61000000,261863.82000000
Olive Bean,2026-08-12 20:04:53.797668,871799.80000000,11184480.71200000,6,592507.65550000,3206231.64000000
Olive Bean,2026-08-12 20:04:52.153561,592507.65550000,10312680.91200000,7,261863.82000000,871799.80000000
Olive Bean,2026-08-12 20:04:52.031079,261863.82000000,9720173.25650000,8,1062087.36750000,592507.65550000
Olive Bean,2026-08-12 20:04:36.298479,252389.53000000,2884417.25000000,9,2632027.72000000,3222856.20900000
Olivia Ross,2026-08-12 20:04:43.190179,891339.59000000,1191369.15600000,1,300029.56600000,82855.99000000
Olivia Ross,2026-08-12 20:04:52.116832,331775.36600000,1607020.46200000,2,1019.95000000,89387.94000000
Olivia Ross,2026-08-12 20:04:38.612051,300029.56600000,300029.56600000,3,,891339.59000000
Olivia Ross,2026-08-12 20:04:52.806047,89387.94000000,1696408.40200000,4,331775.36600000,
Olivia Ross,2026-08-12 20:04:43.585824,82855.99000000,1274225.14600000,5,891339.59000000,1019.95000000
Olivia Ross,2026-08-12 20:04:45.283685,1019.95000000,1275245.09600000,6,82855.99000000,331775.36600000
Ollie Barton,2026-08-12 20:04:41.453382,3356963.64000000,8613398.11900000,1,588099.80000000,521429.65000000
Ollie Barton,2026-08-12 20:04:51.737353,2845706.63000000,17732749.88050000,2,998783.73000000,1436848.24500000
Ollie Barton,2026-08-12 20:04:53.001984,2792797.54000000,22859760.31550000,3,897364.65000000,2064921.66000000
Ollie Barton,2026-08-12 20:04:54.275739,2776813.66000000,27726335.57550000,4,24839.94000000,
Ollie Barton,2026-08-12 20:04:44.761613,2430359.55000000,11565187.31900000,5,521429.65000000,115037.86000000
Ollie Barton,2026-08-12 20:04:53.617847,2064921.66000000,24924681.97550000,6,2792797.54000000,24839.94000000
Ollie Barton,2026-08-12 20:04:38.767033,1502603.73000000,1766643.27000000,7,264039.54000000,453111.81000000
Ollie Barton,2026-08-12 20:04:51.933024,1436848.24500000,19169598.12550000,8,2845706.63000000,897364.65000000
Ollie Barton,2026-08-12 20:04:40.090767,1286661.77900000,3506416.85900000,9,453111.81000000,1161917.82000000
Ollie Barton,2026-08-12 20:04:47.941868,1268999.75000000,13531188.63050000,10,294167.82150000,357070.89000000
Ollie Barton,2026-08-12 20:04:41.008812,1161917.82000000,4668334.67900000,11,1286661.77900000,588099.80000000
Ollie Barton,2026-08-12 20:04:48.900836,998783.73000000,14887043.25050000,12,357070.89000000,2845706.63000000
Ollie Barton,2026-08-12 20:04:52.536855,897364.65000000,20066962.77550000,13,1436848.24500000,2792797.54000000
Ollie Barton,2026-08-12 20:04:41.278052,588099.80000000,5256434.47900000,14,1161917.82000000,3356963.64000000
Ollie Barton,2026-08-12 20:04:43.806319,521429.65000000,9134827.76900000,15,3356963.64000000,2430359.55000000
Ollie Barton,2026-08-12 20:04:39.271131,453111.81000000,2219755.08000000,16,1502603.73000000,1286661.77900000
Ollie Barton,2026-08-12 20:04:48.672158,357070.89000000,13888259.52050000,17,1268999.75000000,998783.73000000
Ollie Barton,2026-08-12 20:04:47.041563,294167.82150000,12262188.88050000,18,287795.88000000,1268999.75000000
Ollie Barton,2026-08-12 20:04:45.463223,287795.88000000,11968021.05900000,19,115037.86000000,294167.82150000
Ollie Barton,2026-08-12 20:04:37.162613,264039.54000000,264039.54000000,20,,1502603.73000000
Ollie Barton,2026-08-12 20:04:45.299975,115037.86000000,11680225.17900000,21,2430359.55000000,287795.88000000
Ollie Barton,2026-08-12 20:04:53.765038,24839.94000000,24949521.91550000,22,2064921.66000000,2776813.66000000
Ollie Paul,2026-08-12 20:04:40.160003,2274399.50000000,2274399.50000000,1,,2240444.59000000
Ollie Paul,2026-08-12 20:04:41.469719,2240444.59000000,4514844.09000000,2,2274399.50000000,44330.99000000
Ollie Paul,2026-08-12 20:04:46.344140,1347213.62000000,6127602.64000000,3,221213.94000000,345266.91000000
Ollie Paul,2026-08-12 20:04:51.565789,345266.91000000,6472869.55000000,4,1347213.62000000,
Ollie Paul,2026-08-12 20:04:45.712055,221213.94000000,4780389.02000000,5,44330.99000000,1347213.62000000
Ollie Paul,2026-08-12 20:04:44.230759,44330.99000000,4559175.08000000,6,2240444.59000000,221213.94000000
Omar Barton,2026-08-12 20:04:49.905374,3186217.63000000,9328465.50000000,1,1292717.86000000,328031.92000000
Omar Barton,2026-08-12 20:04:45.047070,2590334.55000000,4849530.01000000,2,294487.92000000,1292717.86000000
Omar Barton,2026-08-12 20:04:34.259042,1885679.55000000,1885679.55000000,3,,79027.99000000
Omar Barton,2026-08-12 20:04:47.802950,1292717.86000000,6142247.87000000,4,2590334.55000000,3186217.63000000
Omar Barton,2026-08-12 20:04:55.095815,328031.92000000,9656497.42000000,5,3186217.63000000,
Omar Barton,2026-08-12 20:04:36.976385,294487.92000000,2259195.46000000,6,79027.99000000,2590334.55000000
Omar Barton,2026-08-12 20:04:36.082343,79027.99000000,1964707.54000000,7,1885679.55000000,294487.92000000
Omar Booth,2026-08-12 20:04:41.012895,2549159.60000000,2549159.60000000,1,,1152558.81000000
Omar Booth,2026-08-12 20:04:42.354102,1152558.81000000,3701718.41000000,2,2549159.60000000,209796.59000000
Omar Booth,2026-08-12 20:04:50.716864,209796.59000000,3911515.00000000,3,1152558.81000000,
Opal Gould,2026-08-12 20:04:38.885342,2069647.72000000,2997569.34000000,1,927921.62000000,1307591.64000000
Opal Gould,2026-08-12 20:04:52.369781,1650548.77000000,7016051.08000000,2,777113.74000000,925275.66000000
Opal Gould,2026-08-12 20:04:38.944936,1307591.64000000,4305160.98000000,3,2069647.72000000,283227.59000000
Opal Gould,2026-08-12 20:04:37.215768,927921.62000000,927921.62000000,4,,2069647.72000000
Opal Gould,2026-08-12 20:04:53.850846,925275.66000000,7941326.74000000,5,1650548.77000000,
Opal Gould,2026-08-12 20:04:48.304834,777113.74000000,5365502.31000000,6,283227.59000000,1650548.77000000
Opal Gould,2026-08-12 20:04:42.398892,283227.59000000,4588388.57000000,7,1307591.64000000,777113.74000000
Orlando Herman,2026-08-12 20:04:42.019955,4322015.52000000,6854279.21000000,1,287051.96000000,115125.98000000
Orlando Herman,2026-08-12 20:04:44.904355,2898746.18550000,10072679.33550000,2,204527.96000000,222989.95000000
Orlando Herman,2026-08-12 20:04:37.897603,2245211.73000000,2245211.73000000,3,,287051.96000000
Orlando Herman,2026-08-12 20:04:54.365428,1209729.81000000,11889449.29150000,4,384050.19600000,
Orlando Herman,2026-08-12 20:04:51.377857,384050.19600000,10679719.48150000,5,222989.95000000,1209729.81000000
Orlando Herman,2026-08-12 20:04:38.362977,287051.96000000,2532263.69000000,6,2245211.73000000,4322015.52000000
Orlando Herman,2026-08-12 20:04:49.468380,222989.95000000,10295669.28550000,7,2898746.18550000,384050.19600000
Orlando Herman,2026-08-12 20:04:44.189966,204527.96000000,7173933.15000000,8,115125.98000000,2898746.18550000
Orlando Herman,2026-08-12 20:04:44.177735,115125.98000000,6969405.19000000,9,4322015.52000000,204527.96000000
Oscar George,2026-08-12 20:04:35.421966,2876425.54000000,2876425.54000000,1,,2859879.60000000
Oscar George,2026-08-12 20:04:36.551584,2859879.60000000,5736305.14000000,2,2876425.54000000,2432447.64000000
Oscar George,2026-08-12 20:04:36.698593,2432447.64000000,8168752.78000000,3,2859879.60000000,787541.79000000
Oscar George,2026-08-12 20:04:46.886570,819774.75000000,9940349.28000000,4,164279.96000000,657119.84000000
Oscar George,2026-08-12 20:04:37.856874,787541.79000000,8956294.57000000,5,2432447.64000000,164279.96000000
Oscar George,2026-08-12 20:04:48.566007,657119.84000000,10597469.12000000,6,819774.75000000,390212.78100000
Oscar George,2026-08-12 20:04:52.145406,390212.78100000,10987681.90100000,7,657119.84000000,49605.66000000
Oscar George,2026-08-12 20:04:40.323145,164279.96000000,9120574.53000000,8,787541.79000000,819774.75000000
Oscar George,2026-08-12 20:04:54.496173,49605.66000000,11037287.56100000,9,390212.78100000,
Pablo Lynn,2026-08-12 20:04:36.029419,2214699.50000000,2214699.50000000,1,,1199825.77050000
Pablo Lynn,2026-08-12 20:04:47.631272,1368591.54000000,6448610.64400000,2,583799.58000000,1051259.88000000
Pablo Lynn,2026-08-12 20:04:37.489927,1199825.77050000,3414525.27050000,3,2214699.50000000,349265.60350000
Pablo Lynn,2026-08-12 20:04:50.667905,1051259.88000000,7499870.52400000,4,1368591.54000000,426287.88000000
Pablo Lynn,2026-08-12 20:04:46.356369,583799.58000000,5080019.10400000,5,427816.87000000,1368591.54000000
Pablo Lynn,2026-08-12 20:04:44.879933,427816.87000000,4496219.52400000,6,304611.78000000,583799.58000000
Pablo Lynn,2026-08-12 20:04:55.140760,426287.88000000,7926158.40400000,7,1051259.88000000,
Pablo Lynn,2026-08-12 20:04:41.767335,349265.60350000,3763790.87400000,8,1199825.77050000,304611.78000000
Pablo Lynn,2026-08-12 20:04:41.889490,304611.78000000,4068402.65400000,9,349265.60350000,427816.87000000
Pamela Bailey,2026-08-12 20:04:52.573509,3073897.57000000,7353853.74450000,1,379034.95000000,404645.67000000
Pamela Bailey,2026-08-12 20:04:36.355605,1255124.75000000,1561907.66000000,2,306782.91000000,585159.60000000
Pamela Bailey,2026-08-12 20:04:53.883473,1063967.88000000,8822467.29450000,3,404645.67000000,1055113.14300000
Pamela Bailey,2026-08-12 20:04:54.328736,1055113.14300000,9877580.43750000,4,1063967.88000000,192667.98000000
Pamela Bailey,2026-08-12 20:04:43.161583,824837.86000000,3164187.84450000,5,192282.72450000,249833.74000000
Pamela Bailey,2026-08-12 20:04:37.808003,585159.60000000,2147067.26000000,6,1255124.75000000,192282.72450000
Pamela Bailey,2026-08-12 20:04:47.570073,486899.64000000,3900921.22450000,7,249833.74000000,379034.95000000
Pamela Bailey,2026-08-12 20:04:53.691415,404645.67000000,7758499.41450000,8,3073897.57000000,1063967.88000000
Pamela Bailey,2026-08-12 20:04:52.104557,379034.95000000,4279956.17450000,9,486899.64000000,3073897.57000000
Pamela Bailey,2026-08-12 20:04:35.079407,306782.91000000,306782.91000000,10,,1255124.75000000
Pamela Bailey,2026-08-12 20:04:47.106859,249833.74000000,3414021.58450000,11,824837.86000000,486899.64000000
Pamela Bailey,2026-08-12 20:04:54.663376,192667.98000000,10070248.41750000,12,1055113.14300000,
Pamela Bailey,2026-08-12 20:04:40.200752,192282.72450000,2339349.98450000,13,585159.60000000,824837.86000000
Pat Moran,2026-08-12 20:04:47.192510,4344561.54000000,8737140.23000000,1,61255.81000000,688823.64000000
Pat Moran,2026-08-12 20:04:33.867394,2259725.58000000,2259725.58000000,2,,2063199.68000000
Pat Moran,2026-08-12 20:04:36.449537,2063199.68000000,4322925.26000000,3,2259725.58000000,8397.62000000
Pat Moran,2026-08-12 20:04:49.880909,688823.64000000,9425963.87000000,4,4344561.54000000,4568.99000000
Pat Moran,2026-08-12 20:04:43.263580,61255.81000000,4392578.69000000,5,8397.62000000,4344561.54000000
Pat Moran,2026-08-12 20:04:41.547167,8397.62000000,4331322.88000000,6,2063199.68000000,61255.81000000
Pat Moran,2026-08-12 20:04:52.638751,4568.99000000,9430532.86000000,7,688823.64000000,
Patricia Davis,2026-08-12 20:04:47.233284,3296461.62000000,12730270.67650000,1,3212136.02600000,1626151.78000000
Patricia Davis,2026-08-12 20:04:39.434394,3212136.02600000,9433809.05650000,2,3144419.55000000,3296461.62000000
Patricia Davis,2026-08-12 20:04:38.677243,3144419.55000000,6221673.03050000,3,563583.94050000,3212136.02600000
Patricia Davis,2026-08-12 20:04:53.038654,2857040.67000000,17213463.12650000,4,1626151.78000000,1045263.78000000
Patricia Davis,2026-08-12 20:04:36.641404,2513669.54000000,2513669.54000000,5,,563583.94050000
Patricia Davis,2026-08-12 20:04:54.087938,1914823.63000000,20173550.53650000,6,1045263.78000000,
Patricia Davis,2026-08-12 20:04:51.928950,1626151.78000000,14356422.45650000,7,3296461.62000000,2857040.67000000
Patricia Davis,2026-08-12 20:04:53.422111,1045263.78000000,18258726.90650000,8,2857040.67000000,1914823.63000000
Patricia Davis,2026-08-12 20:04:38.395591,563583.94050000,3077253.48050000,9,2513669.54000000,3144419.55000000
Patrick Price,2026-08-12 20:04:43.822645,2200410.69000000,3762626.90550000,1,711344.45550000,439999.92000000
Patrick Price,2026-08-12 20:04:48.109030,1473679.74000000,5676306.56550000,2,439999.92000000,1118834.77000000
Patrick Price,2026-08-12 20:04:48.541523,1118834.77000000,6795141.33550000,3,1473679.74000000,495011.58000000
Patrick Price,2026-08-12 20:04:53.405824,1113079.60000000,8488363.39850000,4,85130.88300000,
Patrick Price,2026-08-12 20:04:34.749025,850871.76000000,850871.76000000,5,,711344.45550000
Patrick Price,2026-08-12 20:04:39.340515,711344.45550000,1562216.21550000,6,850871.76000000,2200410.69000000
Patrick Price,2026-08-12 20:04:49.108963,495011.58000000,7290152.91550000,7,1118834.77000000,85130.88300000
Patrick Price,2026-08-12 20:04:44.908430,439999.92000000,4202626.82550000,8,2200410.69000000,1473679.74000000
Patrick Price,2026-08-12 20:04:51.185825,85130.88300000,7375283.79850000,9,495011.58000000,1113079.60000000
Patsy Glover,2026-08-12 20:04:53.430262,3616687.62000000,16718381.63900000,1,1757495.74000000,
Patsy Glover,2026-08-12 20:04:36.915265,2734409.65000000,3970052.99000000,2,132479.68000000,872239.90000000
Patsy Glover,2026-08-12 20:04:42.374464,2653463.67000000,9959893.17000000,3,2464136.61000000,388145.30900000
Patsy Glover,2026-08-12 20:04:38.130430,2464136.61000000,7306429.50000000,4,872239.90000000,2653463.67000000
Patsy Glover,2026-08-12 20:04:51.941181,1757495.74000000,13101694.01900000,5,996159.80000000,3616687.62000000
Patsy Glover,2026-08-12 20:04:34.116179,1103163.66000000,1103163.66000000,6,,132479.68000000
Patsy Glover,2026-08-12 20:04:48.688482,996159.80000000,11344198.27900000,7,388145.30900000,1757495.74000000
Patsy Glover,2026-08-12 20:04:38.065036,872239.90000000,4842292.89000000,8,2734409.65000000,2464136.61000000
Patsy Glover,2026-08-12 20:04:47.123199,388145.30900000,10348038.47900000,9,2653463.67000000,996159.80000000
Patsy Glover,2026-08-12 20:04:35.988689,132479.68000000,1235643.34000000,10,1103163.66000000,2734409.65000000
Paul Allen,2026-08-12 20:04:52.610188,3920663.56000000,18155574.96000000,1,1965257.53000000,1362851.64000000
Paul Allen,2026-08-12 20:04:44.304166,3854049.50000000,10772946.09000000,2,1070315.74000000,189259.96000000
Paul Allen,2026-08-12 20:04:49.595041,1965257.53000000,14234911.40000000,3,1307447.82000000,3920663.56000000
Paul Allen,2026-08-12 20:04:35.723756,1695973.54000000,2819809.33000000,4,1123835.79000000,555471.84000000
Paul Allen,2026-08-12 20:04:53.148864,1362851.64000000,19518426.60000000,5,3920663.56000000,
Paul Allen,2026-08-12 20:04:47.296535,1307447.82000000,12269653.87000000,6,189259.96000000,1965257.53000000
Paul Allen,2026-08-12 20:04:39.935907,1236833.82000000,4612114.99000000,7,555471.84000000,1236465.86000000
Paul Allen,2026-08-12 20:04:43.459459,1236465.86000000,5848580.85000000,8,1236833.82000000,1070315.74000000
Paul Allen,2026-08-12 20:04:34.005999,1123835.79000000,1123835.79000000,9,,1695973.54000000
Paul Allen,2026-08-12 20:04:43.720522,1070315.74000000,6918896.59000000,10,1236465.86000000,3854049.50000000
Paul Allen,2026-08-12 20:04:38.330362,555471.84000000,3375281.17000000,11,1695973.54000000,1236833.82000000
Paul Allen,2026-08-12 20:04:47.119117,189259.96000000,10962206.05000000,12,3854049.50000000,1307447.82000000
Paula Wheeler,2026-08-12 20:04:46.935511,1849904.55000000,6031588.61700000,1,1622299.50000000,843074.91000000
Paula Wheeler,2026-08-12 20:04:53.458791,1733459.70000000,8954655.14700000,2,36013.99000000,
Paula Wheeler,2026-08-12 20:04:44.630859,1622299.50000000,4181684.06700000,3,1394132.27700000,1849904.55000000
Paula Wheeler,2026-08-12 20:04:38.901675,1394132.27700000,2559384.56700000,4,628627.56000000,1622299.50000000
Paula Wheeler,2026-08-12 20:04:47.151746,843074.91000000,6874663.52700000,5,1849904.55000000,93313.99000000
Paula Wheeler,2026-08-12 20:04:37.824293,628627.56000000,1165252.29000000,6,536624.73000000,1394132.27700000
Paula Wheeler,2026-08-12 20:04:37.644929,536624.73000000,536624.73000000,7,,628627.56000000
Paula Wheeler,2026-08-12 20:04:50.635256,165859.96000000,7133837.47700000,8,93313.99000000,51343.98000000
Paula Wheeler,2026-08-12 20:04:49.047811,93313.99000000,6967977.51700000,9,843074.91000000,165859.96000000
Paula Wheeler,2026-08-12 20:04:52.308576,51343.98000000,7185181.45700000,10,165859.96000000,36013.99000000
Paula Wheeler,2026-08-12 20:04:52.630581,36013.99000000,7221195.44700000,11,51343.98000000,1733459.70000000
Pedro Espinoza,2026-08-12 20:04:52.626479,2910109.51000000,9051329.22000000,1,1363799.60000000,188135.88000000
Pedro Espinoza,2026-08-12 20:04:40.559700,2097714.77000000,3838420.36000000,2,756939.80000000,938999.75000000
Pedro Espinoza,2026-08-12 20:04:50.961407,1363799.60000000,6141219.71000000,3,938999.75000000,2910109.51000000
Pedro Espinoza,2026-08-12 20:04:37.396119,983765.79000000,983765.79000000,4,,756939.80000000
Pedro Espinoza,2026-08-12 20:04:47.708926,938999.75000000,4777420.11000000,5,2097714.77000000,1363799.60000000
Pedro Espinoza,2026-08-12 20:04:39.581154,756939.80000000,1740705.59000000,6,983765.79000000,2097714.77000000
Pedro Espinoza,2026-08-12 20:04:53.544417,188135.88000000,9239465.10000000,7,2910109.51000000,102687.96000000
Pedro Espinoza,2026-08-12 20:04:54.797996,102687.96000000,9342153.06000000,8,188135.88000000,
Peggy Barrett,2026-08-12 20:04:36.620987,821747.69000000,821747.69000000,1,,
Peter Vasquez,2026-08-12 20:04:37.465373,1695781.78000000,1695781.78000000,1,,279365.97000000
Peter Vasquez,2026-08-12 20:04:48.468162,1552559.70000000,4369917.33000000,2,59109.98000000,960724.75000000
Peter Vasquez,2026-08-12 20:04:53.924265,1002839.85000000,6333481.93000000,3,960724.75000000,
Peter Vasquez,2026-08-12 20:04:49.443904,960724.75000000,5330642.08000000,4,1552559.70000000,1002839.85000000
Peter Vasquez,2026-08-12 20:04:40.478230,783099.90000000,2758247.65000000,5,279365.97000000,59109.98000000
Peter Vasquez,2026-08-12 20:04:40.384417,279365.97000000,1975147.75000000,6,1695781.78000000,783099.90000000
Peter Vasquez,2026-08-12 20:04:46.164471,59109.98000000,2817357.63000000,7,783099.90000000,1552559.70000000
Rachel Mendoza,2026-08-12 20:04:39.638159,1995119.52000000,1995119.52000000,1,,778803.66000000
Rachel Mendoza,2026-08-12 20:04:53.515861,1381795.74000000,5666216.38900000,2,393000.84900000,256607.56000000
Rachel Mendoza,2026-08-12 20:04:46.515516,1074989.65000000,3848912.83000000,3,778803.66000000,42506.97000000
Rachel Mendoza,2026-08-12 20:04:54.822481,826349.75000000,6749173.69900000,4,256607.56000000,
Rachel Mendoza,2026-08-12 20:04:41.310699,778803.66000000,2773923.18000000,5,1995119.52000000,1074989.65000000
Rachel Mendoza,2026-08-12 20:04:50.859383,393000.84900000,4284420.64900000,6,42506.97000000,1381795.74000000
Rachel Mendoza,2026-08-12 20:04:53.621918,256607.56000000,5922823.94900000,7,1381795.74000000,826349.75000000
Rachel Mendoza,2026-08-12 20:04:50.211352,42506.97000000,3891419.80000000,8,1074989.65000000,393000.84900000
Rafael Schneider,2026-08-12 20:04:40.139638,3778477.59000000,3778477.59000000,1,,1599649.50000000
Rafael Schneider,2026-08-12 20:04:53.067180,2405756.59000000,12042177.01750000,2,1872413.61750000,1464924.65000000
Rafael Schneider,2026-08-12 20:04:46.687003,2385879.72000000,7764006.81000000,3,1599649.50000000,1872413.61750000
Rafael Schneider,2026-08-12 20:04:52.141330,1872413.61750000,9636420.42750000,4,2385879.72000000,2405756.59000000
Rafael Schneider,2026-08-12 20:04:46.058357,1599649.50000000,5378127.09000000,5,3778477.59000000,2385879.72000000
Rafael Schneider,2026-08-12 20:04:53.108017,1464924.65000000,13507101.66750000,6,2405756.59000000,
Ralph Olson,2026-08-12 20:04:35.674765,1990603.56000000,1990603.56000000,1,,
Ramon Velez,2026-08-12 20:04:38.509955,2002958.79000000,2865578.67000000,1,862619.88000000,545648.83000000
Ramon Velez,2026-08-12 20:04:52.018831,1477799.70000000,6103660.52000000,2,1046374.75000000,385094.85000000
Ramon Velez,2026-08-12 20:04:47.766148,1046374.75000000,4625860.82000000,3,168258.57000000,1477799.70000000
Ramon Velez,2026-08-12 20:04:36.139452,862619.88000000,862619.88000000,4,,2002958.79000000
Ramon Velez,2026-08-12 20:04:41.844698,545648.83000000,3411227.50000000,5,2002958.79000000,168258.57000000
Ramon Velez,2026-08-12 20:04:55.128499,385094.85000000,6488755.37000000,6,1477799.70000000,
Ramon Velez,2026-08-12 20:04:47.004842,168258.57000000,3579486.07000000,7,545648.83000000,1046374.75000000
Randal Kaufman,2026-08-12 20:04:43.471682,4247453.57000000,7994488.10000000,1,820751.88000000,59139.90000000
Randal Kaufman,2026-08-12 20:04:37.453141,2832314.69000000,2832314.69000000,2,,93967.96000000
Randal Kaufman,2026-08-12 20:04:41.840627,820751.88000000,3747034.53000000,3,93967.96000000,4247453.57000000
Randal Kaufman,2026-08-12 20:04:53.809902,495914.65000000,8549542.65000000,4,59139.90000000,
Randal Kaufman,2026-08-12 20:04:39.760388,93967.96000000,2926282.65000000,5,2832314.69000000,820751.88000000
Randal Kaufman,2026-08-12 20:04:53.124345,59139.90000000,8053628.00000000,6,4247453.57000000,495914.65000000
Rashad Velez,2026-08-12 20:04:48.113102,2551657.14300000,5017235.14750000,1,1287944.85000000,1196530.51000000
Rashad Velez,2026-08-12 20:04:46.580842,1287944.85000000,2465578.00450000,2,1177633.15450000,2551657.14300000
Rashad Velez,2026-08-12 20:04:54.916370,1196530.51000000,6213765.65750000,3,2551657.14300000,
Rashad Velez,2026-08-12 20:04:40.886319,1177633.15450000,1177633.15450000,4,,1287944.85000000
Rashad Villarreal,2026-08-12 20:04:54.071600,4884449.50000000,18490737.71500000,1,3338119.60000000,1159751.78000000
Rashad Villarreal,2026-08-12 20:04:53.140693,3338119.60000000,13606288.21500000,2,1340927.68000000,4884449.50000000
Rashad Villarreal,2026-08-12 20:04:43.153406,2508731.73000000,7054021.36500000,3,597804.57500000,728251.69000000
Rashad Villarreal,2026-08-12 20:04:35.548324,1682317.78000000,1682317.78000000,4,,150092.83000000
Rashad Villarreal,2026-08-12 20:04:50.965487,1340927.68000000,10268168.61500000,5,1144967.88000000,3338119.60000000
Rashad Villarreal,2026-08-12 20:04:36.343357,1314584.55000000,3146995.16000000,6,150092.83000000,800489.90000000
Rashad Villarreal,2026-08-12 20:04:55.087653,1159751.78000000,19650489.49500000,7,4884449.50000000,
Rashad Villarreal,2026-08-12 20:04:50.137943,1144967.88000000,8927240.93500000,8,728251.69000000,1340927.68000000
Rashad Villarreal,2026-08-12 20:04:36.968239,800489.90000000,3947485.06000000,9,1314584.55000000,597804.57500000
Rashad Villarreal,2026-08-12 20:04:47.651641,728251.69000000,7782273.05500000,10,2508731.73000000,1144967.88000000
Rashad Villarreal,2026-08-12 20:04:40.620909,597804.57500000,4545289.63500000,11,800489.90000000,2508731.73000000
Rashad Villarreal,2026-08-12 20:04:35.878615,150092.83000000,1832410.61000000,12,1682317.78000000,1314584.55000000
Rashawn Villarreal,2026-08-12 20:04:43.430878,1857407.58000000,3386903.34000000,1,1529495.76000000,975535.62000000
Rashawn Villarreal,2026-08-12 20:04:39.780834,1529495.76000000,1529495.76000000,2,,1857407.58000000
Rashawn Villarreal,2026-08-12 20:04:46.609419,975535.62000000,4362438.96000000,3,1857407.58000000,679418.36200000
Rashawn Villarreal,2026-08-12 20:04:51.770023,679418.36200000,5041857.32200000,4,975535.62000000,307502.76600000
Rashawn Villarreal,2026-08-12 20:04:54.985748,307502.76600000,5349360.08800000,5,679418.36200000,
Raul Morse,2026-08-12 20:04:50.447691,3902207.52000000,20575788.98050000,1,468747.86000000,82172.79000000
Raul Morse,2026-08-12 20:04:42.288902,2909481.66000000,8314425.97050000,2,902015.82000000,2271050.73000000
Raul Morse,2026-08-12 20:04:35.833822,2402527.68000000,2806931.54000000,3,404403.86000000,1695996.95050000
Raul Morse,2026-08-12 20:04:42.301120,2271050.73000000,10585476.70050000,4,2909481.66000000,973919.84000000
Raul Morse,2026-08-12 20:04:47.647564,1941379.80000000,16204833.60050000,5,815299.50000000,468747.86000000
Raul Morse,2026-08-12 20:04:40.082626,1695996.95050000,4502928.49050000,6,2402527.68000000,902015.82000000
Raul Morse,2026-08-12 20:04:44.724863,1438649.85000000,13225692.33050000,7,227645.94000000,222461.97000000
Raul Morse,2026-08-12 20:04:42.333739,973919.84000000,11559396.54050000,8,2271050.73000000,227645.94000000
Raul Morse,2026-08-12 20:04:41.196500,902015.82000000,5404944.31050000,9,1695996.95050000,2909481.66000000
Raul Morse,2026-08-12 20:04:47.492635,815299.50000000,14263453.80050000,10,222461.97000000,1941379.80000000
Raul Morse,2026-08-12 20:04:48.945716,468747.86000000,16673581.46050000,11,1941379.80000000,3902207.52000000
Raul Morse,2026-08-12 20:04:34.381521,404403.86000000,404403.86000000,12,,2402527.68000000
Raul Morse,2026-08-12 20:04:42.525351,227645.94000000,11787042.48050000,13,973919.84000000,1438649.85000000
Raul Morse,2026-08-12 20:04:45.561179,222461.97000000,13448154.30050000,14,1438649.85000000,815299.50000000
Raul Morse,2026-08-12 20:04:51.827114,82172.79000000,20657961.77050000,15,3902207.52000000,
Raymond Ruiz,2026-08-12 20:04:41.608387,2385879.72000000,2536491.61000000,1,150611.89000000,856323.70250000
Raymond Ruiz,2026-08-12 20:04:43.218694,856323.70250000,3392815.31250000,2,2385879.72000000,482287.92000000
Raymond Ruiz,2026-08-12 20:04:45.895344,482287.92000000,3875103.23250000,3,856323.70250000,
Raymond Ruiz,2026-08-12 20:04:41.592077,150611.89000000,150611.89000000,4,,2385879.72000000
Reba Tyler,2026-08-12 20:04:49.750217,1201847.76000000,4066475.09000000,1,708954.87000000,798011.73000000
Reba Tyler,2026-08-12 20:04:39.409938,963654.89000000,963654.89000000,2,,464177.67000000
Reba Tyler,2026-08-12 20:04:50.223572,798011.73000000,4864486.82000000,3,1201847.76000000,
Reba Tyler,2026-08-12 20:04:45.051158,727839.90000000,2155672.46000000,4,464177.67000000,708954.87000000
Reba Tyler,2026-08-12 20:04:49.223537,708954.87000000,2864627.33000000,5,727839.90000000,1201847.76000000
Reba Tyler,2026-08-12 20:04:39.609666,464177.67000000,1427832.56000000,6,963654.89000000,727839.90000000
Rebecca Phillips,2026-08-12 20:04:40.531194,4245523.54000000,6784011.06000000,1,1620339.80000000,439541.82000000
Rebecca Phillips,2026-08-12 20:04:54.390021,2936989.38550000,17960656.73650000,2,754459.66000000,
Rebecca Phillips,2026-08-12 20:04:45.471390,2632793.71000000,10846744.35000000,3,461684.95000000,858170.59000000
Rebecca Phillips,2026-08-12 20:04:36.657762,1620339.80000000,2538487.52000000,4,918147.72000000,4245523.54000000
Rebecca Phillips,2026-08-12 20:04:51.336996,1252214.55000000,13527258.28000000,5,570128.79000000,741949.41100000
Rebecca Phillips,2026-08-12 20:04:35.201897,918147.72000000,918147.72000000,6,,1620339.80000000
Rebecca Phillips,2026-08-12 20:04:48.982494,858170.59000000,11704914.94000000,7,2632793.71000000,570128.79000000
Rebecca Phillips,2026-08-12 20:04:53.413971,754459.66000000,15023667.35100000,8,741949.41100000,2936989.38550000
Rebecca Phillips,2026-08-12 20:04:51.700592,741949.41100000,14269207.69100000,9,1252214.55000000,754459.66000000
Rebecca Phillips,2026-08-12 20:04:51.132730,570128.79000000,12275043.73000000,10,858170.59000000,1252214.55000000
Rebecca Phillips,2026-08-12 20:04:43.426802,528712.81000000,7752265.69000000,11,439541.82000000,461684.95000000
Rebecca Phillips,2026-08-12 20:04:43.593972,461684.95000000,8213950.64000000,12,528712.81000000,2632793.71000000
Rebecca Phillips,2026-08-12 20:04:41.114818,439541.82000000,7223552.88000000,13,4245523.54000000,528712.81000000
Reid Velasquez,2026-08-12 20:04:52.691878,3366719.65000000,14891020.49000000,1,64865.62000000,793049.70000000
Reid Velasquez,2026-08-12 20:04:41.746982,3302207.52000000,5949533.19000000,2,880409.85000000,1300765.59000000
Reid Velasquez,2026-08-12 20:04:45.589716,2357084.69000000,9607383.47000000,3,1300765.59000000,1771007.76000000
Reid Velasquez,2026-08-12 20:04:48.153988,1771007.76000000,11378391.23000000,4,2357084.69000000,81043.99000000
Reid Velasquez,2026-08-12 20:04:33.806299,1766915.82000000,1766915.82000000,5,,880409.85000000
Reid Velasquez,2026-08-12 20:04:43.198329,1300765.59000000,7250298.78000000,6,3302207.52000000,2357084.69000000
Reid Velasquez,2026-08-12 20:04:40.302711,880409.85000000,2647325.67000000,7,1766915.82000000,3302207.52000000
Reid Velasquez,2026-08-12 20:04:53.173378,793049.70000000,15684070.19000000,8,3366719.65000000,
Reid Velasquez,2026-08-12 20:04:51.594365,81043.99000000,11459435.22000000,9,1771007.76000000,64865.62000000
Reid Velasquez,2026-08-12 20:04:51.814902,64865.62000000,11524300.84000000,10,81043.99000000,3366719.65000000
Rena Eldridge,2026-08-12 20:04:49.382637,1650092.81000000,8949816.41300000,1,637533.83000000,211995.96000000
Rena Eldridge,2026-08-12 20:04:40.845491,1439725.57000000,3727334.45300000,2,938467.83000000,1248309.65000000
Rena Eldridge,2026-08-12 20:04:42.378534,1248309.65000000,4975644.10300000,3,1439725.57000000,453929.95000000
Rena Eldridge,2026-08-12 20:04:43.769513,1232615.72000000,6662189.77300000,4,453929.95000000,637533.83000000
Rena Eldridge,2026-08-12 20:04:40.241469,938467.83000000,2287608.88300000,5,542392.81000000,1439725.57000000
Rena Eldridge,2026-08-12 20:04:34.536560,806748.24300000,806748.24300000,6,,542392.81000000
Rena Eldridge,2026-08-12 20:04:43.924627,637533.83000000,7299723.60300000,7,1232615.72000000,1650092.81000000
Rena Eldridge,2026-08-12 20:04:39.471127,542392.81000000,1349141.05300000,8,806748.24300000,938467.83000000
Rena Eldridge,2026-08-12 20:04:42.517183,453929.95000000,5429574.05300000,9,1248309.65000000,1232615.72000000
Rena Eldridge,2026-08-12 20:04:50.671990,211995.96000000,9161812.37300000,10,1650092.81000000,
Rene Booker,2026-08-12 20:04:40.164077,2089999.62000000,2766289.44000000,1,22945.99000000,722603.58950000
Rene Booker,2026-08-12 20:04:46.752202,1949823.68000000,6223698.39100000,2,111151.77150000,1711268.79000000
Rene Booker,2026-08-12 20:04:51.410551,1711268.79000000,7934967.18100000,3,1949823.68000000,1287851.83000000
Rene Booker,2026-08-12 20:04:52.173938,1287851.83000000,9222819.01100000,4,1711268.79000000,713339.80000000
Rene Booker,2026-08-12 20:04:40.816883,722603.58950000,3488893.02950000,5,2089999.62000000,673829.91000000
Rene Booker,2026-08-12 20:04:54.418614,713339.80000000,9936158.81100000,6,1287851.83000000,
Rene Booker,2026-08-12 20:04:43.932782,673829.91000000,4162722.93950000,7,722603.58950000,111151.77150000
Rene Booker,2026-08-12 20:04:33.895925,653343.83000000,653343.83000000,8,,22945.99000000
Rene Booker,2026-08-12 20:04:45.797615,111151.77150000,4273874.71100000,9,673829.91000000,1949823.68000000
Rene Booker,2026-08-12 20:04:34.140669,22945.99000000,676289.82000000,10,653343.83000000,2089999.62000000
Rene Ware,2026-08-12 20:04:46.470610,2584999.53000000,6090973.82000000,1,1884320.77000000,249242.97000000
Rene Ware,2026-08-12 20:04:41.673657,1884320.77000000,3505974.29000000,2,821029.63000000,2584999.53000000
Rene Ware,2026-08-12 20:04:51.586200,1134137.66000000,7474354.45000000,3,249242.97000000,
Rene Ware,2026-08-12 20:04:40.204824,821029.63000000,1621653.52000000,4,800623.89000000,1884320.77000000
Rene Ware,2026-08-12 20:04:35.189666,800623.89000000,800623.89000000,5,,821029.63000000
Rene Ware,2026-08-12 20:04:49.619579,249242.97000000,6340216.79000000,6,2584999.53000000,1134137.66000000
Rex Baird,2026-08-12 20:04:51.022553,2588655.71000000,14789290.40000000,1,1169211.78000000,783455.92000000
Rex Baird,2026-08-12 20:04:44.712604,2363639.76000000,11031422.91000000,2,1800329.65000000,1169211.78000000
Rex Baird,2026-08-12 20:04:34.977463,2266349.70000000,2414199.45000000,3,147849.75000000,898559.61000000
Rex Baird,2026-08-12 20:04:43.071775,1800329.65000000,8667783.15000000,4,594470.71000000,2363639.76000000
Rex Baird,2026-08-12 20:04:39.165067,1795727.76000000,5674163.34000000,5,6987.99000000,2659.81000000
Rex Baird,2026-08-12 20:04:45.650935,1169211.78000000,12200634.69000000,6,2363639.76000000,2588655.71000000
Rex Baird,2026-08-12 20:04:36.474026,898559.61000000,3312759.06000000,7,2266349.70000000,558688.53000000
Rex Baird,2026-08-12 20:04:51.745527,783455.92000000,15572746.32000000,8,2588655.71000000,
Rex Baird,2026-08-12 20:04:40.861828,596159.64000000,6272982.79000000,9,2659.81000000,594470.71000000
Rex Baird,2026-08-12 20:04:41.428893,594470.71000000,6867453.50000000,10,596159.64000000,1800329.65000000
Rex Baird,2026-08-12 20:04:36.584231,558688.53000000,3871447.59000000,11,898559.61000000,6987.99000000
Rex Baird,2026-08-12 20:04:34.095770,147849.75000000,147849.75000000,12,,2266349.70000000
Rex Baird,2026-08-12 20:04:37.510296,6987.99000000,3878435.58000000,13,558688.53000000,1795727.76000000
Rex Baird,2026-08-12 20:04:40.368072,2659.81000000,5676823.15000000,14,1795727.76000000,596159.64000000
Rex Booker,2026-08-12 20:04:37.522516,4145869.53000000,4145869.53000000,1,,1563023.84000000
Rex Booker,2026-08-12 20:04:47.496705,1980269.55000000,10386890.37000000,2,735415.89000000,880349.70000000
Rex Booker,2026-08-12 20:04:39.516016,1962311.56000000,7671204.93000000,3,1563023.84000000,735415.89000000
Rex Booker,2026-08-12 20:04:49.644067,1742936.79000000,13010176.86000000,4,880349.70000000,1677851.78000000
Rex Booker,2026-08-12 20:04:51.059229,1677851.78000000,14688028.64000000,5,1742936.79000000,
Rex Booker,2026-08-12 20:04:39.185445,1563023.84000000,5708893.37000000,6,4145869.53000000,1962311.56000000
Rex Booker,2026-08-12 20:04:48.137608,880349.70000000,11267240.07000000,7,1980269.55000000,1742936.79000000
Rex Booker,2026-08-12 20:04:39.646300,735415.89000000,8406620.82000000,8,1962311.56000000,1980269.55000000
Reynaldo Heath,2026-08-12 20:04:54.822481,4452335.52000000,6675916.89000000,1,1087163.74000000,281889.93000000
Reynaldo Heath,2026-08-12 20:04:35.972396,1136417.63000000,1136417.63000000,2,,1087163.74000000
Reynaldo Heath,2026-08-12 20:04:41.465623,1087163.74000000,2223581.37000000,3,1136417.63000000,4452335.52000000
Reynaldo Heath,2026-08-12 20:04:55.042817,281889.93000000,6957806.82000000,4,4452335.52000000,
Ricardo Buck,2026-08-12 20:04:35.258947,2604153.51000000,2700870.50000000,1,96716.99000000,1851767.64000000
Ricardo Buck,2026-08-12 20:04:38.538570,1851767.64000000,4552638.14000000,2,2604153.51000000,908387.87000000
Ricardo Buck,2026-08-12 20:04:51.733270,1310011.81000000,8730137.37000000,3,510819.90000000,830245.66000000
Ricardo Buck,2026-08-12 20:04:54.769418,1078945.78000000,10639328.81000000,4,830245.66000000,
Ricardo Buck,2026-08-12 20:04:44.120568,1004099.80000000,6465125.81000000,5,908387.87000000,444179.85000000
Ricardo Buck,2026-08-12 20:04:38.897581,908387.87000000,5461026.01000000,6,1851767.64000000,1004099.80000000
Ricardo Buck,2026-08-12 20:04:51.896325,830245.66000000,9560383.03000000,7,1310011.81000000,1078945.78000000
Ricardo Buck,2026-08-12 20:04:47.876436,510819.90000000,7420125.56000000,8,444179.85000000,1310011.81000000
Ricardo Buck,2026-08-12 20:04:46.703292,444179.85000000,6909305.66000000,9,1004099.80000000,510819.90000000
Ricardo Buck,2026-08-12 20:04:33.904091,96716.99000000,96716.99000000,10,,2604153.51000000
Ricardo Tapia,2026-08-12 20:04:43.292191,2602587.54000000,6210874.90550000,1,450692.91000000,484863.68000000
Ricardo Tapia,2026-08-12 20:04:43.989904,2346143.68000000,9041882.26550000,2,484863.68000000,8504.85000000
Ricardo Tapia,2026-08-12 20:04:41.718460,1754577.77000000,2974426.57550000,3,1072035.83550000,183167.88000000
Ricardo Tapia,2026-08-12 20:04:49.627746,1353351.74000000,10403738.85550000,4,8504.85000000,
Ricardo Tapia,2026-08-12 20:04:41.649176,1072035.83550000,1219848.80550000,5,147812.97000000,1754577.77000000
Ricardo Tapia,2026-08-12 20:04:43.785893,484863.68000000,6695738.58550000,6,2602587.54000000,2346143.68000000
Ricardo Tapia,2026-08-12 20:04:41.913980,450692.91000000,3608287.36550000,7,183167.88000000,2602587.54000000
Ricardo Tapia,2026-08-12 20:04:41.897632,183167.88000000,3157594.45550000,8,1754577.77000000,450692.91000000
Ricardo Tapia,2026-08-12 20:04:38.738387,147812.97000000,147812.97000000,9,,1072035.83550000
Ricardo Tapia,2026-08-12 20:04:46.584922,8504.85000000,9050387.11550000,10,2346143.68000000,1353351.74000000
Richard Hernandez,2026-08-12 20:04:51.643383,1124216.56200000,3589042.46000000,1,1058111.78000000,
Richard Hernandez,2026-08-12 20:04:39.377241,1058111.78000000,2464825.89800000,2,885167.82000000,1124216.56200000
Richard Hernandez,2026-08-12 20:04:38.840456,885167.82000000,1406714.11800000,3,521546.29800000,1058111.78000000
Richard Hernandez,2026-08-12 20:04:34.295757,521546.29800000,521546.29800000,4,,885167.82000000
Robert Johnson,2026-08-12 20:04:43.259509,2323133.67000000,2646588.56000000,1,323454.89000000,1159620.83000000
Robert Johnson,2026-08-12 20:04:47.937776,1159620.83000000,3806209.39000000,2,2323133.67000000,547082.91000000
Robert Johnson,2026-08-12 20:04:51.324679,551768.83000000,4905061.13000000,3,547082.91000000,
Robert Johnson,2026-08-12 20:04:49.836046,547082.91000000,4353292.30000000,4,1159620.83000000,551768.83000000
Robert Johnson,2026-08-12 20:04:38.126338,323454.89000000,323454.89000000,5,,2323133.67000000
Robert Williamson,2026-08-12 20:04:51.969755,2659264.65000000,7965115.17000000,1,647881.59000000,41084.95000000
Robert Williamson,2026-08-12 20:04:41.412571,2095631.56000000,4657968.93000000,2,695599.60000000,647881.59000000
Robert Williamson,2026-08-12 20:04:35.882686,1591553.81000000,1866737.77000000,3,275183.96000000,695599.60000000
Robert Williamson,2026-08-12 20:04:37.498071,695599.60000000,2562337.37000000,4,1591553.81000000,2095631.56000000
Robert Williamson,2026-08-12 20:04:47.815177,647881.59000000,5305850.52000000,5,2095631.56000000,2659264.65000000
Robert Williamson,2026-08-12 20:04:34.577423,275183.96000000,275183.96000000,6,,1591553.81000000
Robert Williamson,2026-08-12 20:04:55.161121,41084.95000000,8006200.12000000,7,2659264.65000000,
Robin Winters,2026-08-12 20:04:43.659279,3361634.63000000,5761811.24000000,1,2400176.61000000,134169.98000000
Robin Winters,2026-08-12 20:04:41.628781,2400176.61000000,2400176.61000000,2,,3361634.63000000
Robin Winters,2026-08-12 20:04:45.418333,1950550.69000000,7846531.91000000,3,134169.98000000,188585.22450000
Robin Winters,2026-08-12 20:04:53.234529,1841089.69000000,9876206.82450000,4,188585.22450000,
Robin Winters,2026-08-12 20:04:47.831521,188585.22450000,8035117.13450000,5,1950550.69000000,1841089.69000000
Robin Winters,2026-08-12 20:04:44.438858,134169.98000000,5895981.22000000,6,3361634.63000000,1950550.69000000
Robyn Roach,2026-08-12 20:04:49.827882,1966499.77000000,4900007.29450000,1,1875191.78000000,
Robyn Roach,2026-08-12 20:04:49.664468,1875191.78000000,2933507.52450000,2,570312.40450000,1966499.77000000
Robyn Roach,2026-08-12 20:04:47.864183,570312.40450000,1058315.74450000,3,399790.51000000,1875191.78000000
Robyn Roach,2026-08-12 20:04:46.552245,399790.51000000,488003.34000000,4,88212.83000000,570312.40450000
Robyn Roach,2026-08-12 20:04:45.691698,88212.83000000,88212.83000000,5,,399790.51000000
Rocco Brennan,2026-08-12 20:04:49.431655,4185171.54000000,17296315.72400000,1,512324.89000000,813977.91000000
Rocco Brennan,2026-08-12 20:04:37.379833,3968985.57000000,6242692.40800000,2,970795.09800000,463864.95000000
Rocco Brennan,2026-08-12 20:04:42.578449,2251233.62000000,8957790.97800000,3,463864.95000000,1827359.64000000
Rocco Brennan,2026-08-12 20:04:53.030505,1854964.65000000,19965258.28400000,4,813977.91000000,
Rocco Brennan,2026-08-12 20:04:42.982062,1827359.64000000,10785150.61800000,5,2251233.62000000,322979.85000000
Rocco Brennan,2026-08-12 20:04:45.512178,1490688.82600000,12598819.29400000,6,322979.85000000,512324.89000000
Rocco Brennan,2026-08-12 20:04:35.426035,1302911.74000000,1302911.74000000,7,,970795.09800000
Rocco Brennan,2026-08-12 20:04:35.996834,970795.09800000,2273706.83800000,8,1302911.74000000,3968985.57000000
Rocco Brennan,2026-08-12 20:04:49.831967,813977.91000000,18110293.63400000,9,4185171.54000000,1854964.65000000
Rocco Brennan,2026-08-12 20:04:47.225127,512324.89000000,13111144.18400000,10,1490688.82600000,4185171.54000000
Rocco Brennan,2026-08-12 20:04:38.518128,463864.95000000,6706557.35800000,11,3968985.57000000,2251233.62000000
Rocco Brennan,2026-08-12 20:04:45.104287,322979.85000000,11108130.46800000,12,1827359.64000000,1490688.82600000
Rocco Parrish,2026-08-12 20:04:50.248019,2573999.74000000,10379674.12200000,1,690967.43950000,125061.98000000
Rocco Parrish,2026-08-12 20:04:37.975168,2515889.70000000,3906493.65250000,2,1390603.95250000,2016925.62000000
Rocco Parrish,2026-08-12 20:04:43.243188,2016925.62000000,5923419.27250000,3,2515889.70000000,999947.77000000
Rocco Parrish,2026-08-12 20:04:52.761154,1726479.60000000,12231215.70200000,4,125061.98000000,
Rocco Parrish,2026-08-12 20:04:34.765325,1390603.95250000,1390603.95250000,5,,2515889.70000000
Rocco Parrish,2026-08-12 20:04:44.051137,999947.77000000,6923367.04250000,6,2016925.62000000,191339.90000000
Rocco Parrish,2026-08-12 20:04:46.070608,690967.43950000,7805674.38200000,7,191339.90000000,2573999.74000000
Rocco Parrish,2026-08-12 20:04:44.561404,191339.90000000,7114706.94250000,8,999947.77000000,690967.43950000
Rocco Parrish,2026-08-12 20:04:50.786080,125061.98000000,10504736.10200000,9,2573999.74000000,1726479.60000000
Rod Gallagher,2026-08-12 20:04:36.563837,2081975.76000000,3083731.27000000,1,1001755.51000000,584329.75450000
Rod Gallagher,2026-08-12 20:04:52.157639,1090218.87000000,5318366.91800000,2,560087.02350000,
Rod Gallagher,2026-08-12 20:04:34.393759,1001755.51000000,1001755.51000000,3,,2081975.76000000
Rod Gallagher,2026-08-12 20:04:42.325581,584329.75450000,3668061.02450000,4,2081975.76000000,560087.02350000
Rod Gallagher,2026-08-12 20:04:49.439824,560087.02350000,4228148.04800000,5,584329.75450000,1090218.87000000
Roderick Compton,2026-08-12 20:04:49.852357,2271893.77000000,3124520.34000000,1,845279.60000000,822219.65000000
Roderick Compton,2026-08-12 20:04:48.749726,845279.60000000,852626.57000000,2,7346.97000000,2271893.77000000
Roderick Compton,2026-08-12 20:04:50.843091,822219.65000000,3946739.99000000,3,2271893.77000000,
Roderick Compton,2026-08-12 20:04:46.029763,7346.97000000,7346.97000000,4,,845279.60000000
Rodolfo Gallagher,2026-08-12 20:04:50.272443,2965364.61000000,8911560.30600000,1,2769551.64000000,1104380.73000000
Rodolfo Gallagher,2026-08-12 20:04:48.039748,2769551.64000000,5946195.69600000,2,192383.98000000,2965364.61000000
Rodolfo Gallagher,2026-08-12 20:04:51.998404,1381659.65000000,11397600.68600000,3,1104380.73000000,
Rodolfo Gallagher,2026-08-12 20:04:36.465864,1311295.84000000,1311295.84000000,4,,97299.93000000
Rodolfo Gallagher,2026-08-12 20:04:50.790151,1104380.73000000,10015941.03600000,5,2965364.61000000,1381659.65000000
Rodolfo Gallagher,2026-08-12 20:04:46.025672,829232.42600000,2984260.07600000,6,163935.96000000,192383.98000000
Rodolfo Gallagher,2026-08-12 20:04:41.514593,582495.92000000,1991091.69000000,7,97299.93000000,163935.96000000
Rodolfo Gallagher,2026-08-12 20:04:46.086980,192383.98000000,3176644.05600000,8,829232.42600000,2769551.64000000
Rodolfo Gallagher,2026-08-12 20:04:41.812131,163935.96000000,2155027.65000000,9,582495.92000000,829232.42600000
Rodolfo Gallagher,2026-08-12 20:04:40.633167,97299.93000000,1408595.77000000,10,1311295.84000000,582495.92000000
Roger Gibson,2026-08-12 20:04:38.326288,2572941.62000000,5670946.86000000,1,744239.88000000,369682.81000000
Roger Gibson,2026-08-12 20:04:36.849864,1162412.79000000,2353765.36000000,2,584027.82000000,744239.88000000
Roger Gibson,2026-08-12 20:04:41.343292,1001810.77000000,7042440.44000000,3,369682.81000000,613755.89000000
Roger Gibson,2026-08-12 20:04:50.113439,841585.81000000,9170790.74550000,4,673008.60550000,
Roger Gibson,2026-08-12 20:04:37.420558,744239.88000000,3098005.24000000,5,1162412.79000000,2572941.62000000
Roger Gibson,2026-08-12 20:04:44.875862,673008.60550000,8329204.93550000,6,613755.89000000,841585.81000000
Roger Gibson,2026-08-12 20:04:44.855466,613755.89000000,7656196.33000000,7,1001810.77000000,673008.60550000
Roger Gibson,2026-08-12 20:04:34.928573,607324.75000000,607324.75000000,8,,584027.82000000
Roger Gibson,2026-08-12 20:04:36.539329,584027.82000000,1191352.57000000,9,607324.75000000,1162412.79000000
Roger Gibson,2026-08-12 20:04:39.250644,369682.81000000,6040629.67000000,10,2572941.62000000,1001810.77000000
Rolando Hammond,2026-08-12 20:04:34.018213,2358121.74000000,2358121.74000000,1,,1253522.90550000
Rolando Hammond,2026-08-12 20:04:53.540341,2109271.56000000,8859575.30300000,2,96690.99000000,46738.93000000
Rolando Hammond,2026-08-12 20:04:50.419181,1946195.58000000,6653612.75300000,3,9439.80000000,96690.99000000
Rolando Hammond,2026-08-12 20:04:35.344584,1253522.90550000,3611644.64550000,4,2358121.74000000,327861.95750000
Rolando Hammond,2026-08-12 20:04:45.899411,758470.77000000,4697977.37300000,5,327861.95750000,9439.80000000
Rolando Hammond,2026-08-12 20:04:36.274028,327861.95750000,3939506.60300000,6,1253522.90550000,758470.77000000
Rolando Hammond,2026-08-12 20:04:52.312652,96690.99000000,6750303.74300000,7,1946195.58000000,2109271.56000000
Rolando Hammond,2026-08-12 20:04:54.165510,46738.93000000,8906314.23300000,8,2109271.56000000,
Rolando Hammond,2026-08-12 20:04:48.549687,9439.80000000,4707417.17300000,9,758470.77000000,1946195.58000000
Rolando Herman,2026-08-12 20:04:45.569343,3188511.63000000,8557720.19700000,1,2138937.97700000,243815.88000000
Rolando Herman,2026-08-12 20:04:53.454712,2393035.57000000,13286865.31200000,2,28901.98000000,
Rolando Herman,2026-08-12 20:04:41.318847,2138937.97700000,5369208.56700000,3,1217069.85000000,3188511.63000000
Rolando Herman,2026-08-12 20:04:37.922049,1927024.75000000,2013200.74000000,4,86175.99000000,1217069.85000000
Rolando Herman,2026-08-12 20:04:40.054119,1217069.85000000,3230270.59000000,5,1927024.75000000,2138937.97700000
Rolando Herman,2026-08-12 20:04:52.557220,1214159.84000000,10864927.76200000,6,271192.24500000,28901.98000000
Rolando Herman,2026-08-12 20:04:46.629837,578039.60000000,9379575.67700000,7,243815.88000000,271192.24500000
Rolando Herman,2026-08-12 20:04:47.188422,271192.24500000,9650767.92200000,8,578039.60000000,1214159.84000000
Rolando Herman,2026-08-12 20:04:46.413518,243815.88000000,8801536.07700000,9,3188511.63000000,578039.60000000
Rolando Herman,2026-08-12 20:04:34.124336,86175.99000000,86175.99000000,10,,1927024.75000000
Rolando Herman,2026-08-12 20:04:52.826431,28901.98000000,10893829.74200000,11,1214159.84000000,2393035.57000000
Rolland Buck,2026-08-12 20:04:49.521402,1962674.55000000,5485041.36000000,1,535210.81000000,852567.81000000
Rolland Buck,2026-08-12 20:04:40.143712,1004512.63000000,2118056.15000000,2,400553.93000000,869099.85000000
Rolland Buck,2026-08-12 20:04:42.089309,869099.85000000,2987156.00000000,3,1004512.63000000,535210.81000000
Rolland Buck,2026-08-12 20:04:51.047005,852567.81000000,6337609.17000000,4,1962674.55000000,284689.86000000
Rolland Buck,2026-08-12 20:04:38.969381,712989.59000000,712989.59000000,5,,400553.93000000
Rolland Buck,2026-08-12 20:04:44.218525,535210.81000000,3522366.81000000,6,869099.85000000,1962674.55000000
Rolland Buck,2026-08-12 20:04:39.984839,400553.93000000,1113543.52000000,7,712989.59000000,1004512.63000000
Rolland Buck,2026-08-12 20:04:52.479807,284689.86000000,6622299.03000000,8,852567.81000000,
Ronald Carter,2026-08-12 20:04:41.127072,3903797.57000000,8728983.97900000,1,1346596.97900000,1476047.72000000
Ronald Carter,2026-08-12 20:04:46.739993,3892685.58000000,15604256.79900000,2,278354.97000000,1793854.65000000
Ronald Carter,2026-08-12 20:04:55.181550,3252303.56000000,24123549.51900000,3,1113089.78000000,
Ronald Carter,2026-08-12 20:04:50.887911,2207974.75000000,19606086.19900000,4,1793854.65000000,152069.98000000
Ronald Carter,2026-08-12 20:04:35.238553,1825481.81000000,1825481.81000000,5,,34067.94000000
Ronald Carter,2026-08-12 20:04:48.647645,1793854.65000000,17398111.44900000,6,3892685.58000000,2207974.75000000
Ronald Carter,2026-08-12 20:04:39.454804,1619039.68000000,3478589.43000000,7,34067.94000000,1346596.97900000
Ronald Carter,2026-08-12 20:04:42.925024,1476047.72000000,10205031.69900000,8,3903797.57000000,1228184.55000000
Ronald Carter,2026-08-12 20:04:41.106654,1346596.97900000,4825186.40900000,9,1619039.68000000,3903797.57000000
Ronald Carter,2026-08-12 20:04:45.157330,1228184.55000000,11433216.24900000,10,1476047.72000000,278354.97000000
Ronald Carter,2026-08-12 20:04:54.426859,1113089.78000000,20871245.95900000,11,152069.98000000,3252303.56000000
Ronald Carter,2026-08-12 20:04:45.883117,278354.97000000,11711571.21900000,12,1228184.55000000,3892685.58000000
Ronald Carter,2026-08-12 20:04:52.851040,152069.98000000,19758156.17900000,13,2207974.75000000,1113089.78000000
Ronald Carter,2026-08-12 20:04:36.931583,34067.94000000,1859549.75000000,14,1825481.81000000,1619039.68000000
Roosevelt Sawyer,2026-08-12 20:04:37.873166,4195982.57000000,6176216.14650000,1,1922609.62000000,2144581.57000000
Roosevelt Sawyer,2026-08-12 20:04:55.185634,2986334.55000000,14694690.48550000,2,1705472.67000000,
Roosevelt Sawyer,2026-08-12 20:04:42.345958,2144581.57000000,8320797.71650000,3,4195982.57000000,152433.84900000
Roosevelt Sawyer,2026-08-12 20:04:36.094558,1922609.62000000,1980233.57650000,4,57623.95650000,4195982.57000000
Roosevelt Sawyer,2026-08-12 20:04:51.202125,1705472.67000000,11708355.93550000,5,365219.94000000,2986334.55000000
Roosevelt Sawyer,2026-08-12 20:04:46.813267,1164431.76000000,9637663.32550000,6,152433.84900000,365219.94000000
Roosevelt Sawyer,2026-08-12 20:04:49.170056,365219.94000000,10002883.26550000,7,1164431.76000000,1705472.67000000
Roosevelt Sawyer,2026-08-12 20:04:44.720777,152433.84900000,8473231.56550000,8,2144581.57000000,1164431.76000000
Roosevelt Sawyer,2026-08-12 20:04:34.385604,57623.95650000,57623.95650000,9,,1922609.62000000
Rory Sawyer,2026-08-12 20:04:53.295647,3382547.61000000,11687853.59350000,1,61215.96000000,252916.47150000
Rory Sawyer,2026-08-12 20:04:37.750955,2093519.52000000,2093519.52000000,2,,5768.02350000
Rory Sawyer,2026-08-12 20:04:49.182274,1653028.83000000,6300161.57350000,3,807119.85000000,521759.76000000
Rory Sawyer,2026-08-12 20:04:40.115190,881321.61000000,2980609.15350000,4,5768.02350000,859403.74000000
Rory Sawyer,2026-08-12 20:04:48.092733,859403.74000000,3840012.89350000,5,881321.61000000,807119.85000000
Rory Sawyer,2026-08-12 20:04:48.182515,807119.85000000,4647132.74350000,6,859403.74000000,1653028.83000000
Rory Sawyer,2026-08-12 20:04:51.802654,762203.88000000,7584125.21350000,7,521759.76000000,659964.81000000
Rory Sawyer,2026-08-12 20:04:51.949335,659964.81000000,8244090.02350000,8,762203.88000000,61215.96000000
Rory Sawyer,2026-08-12 20:04:50.329571,521759.76000000,6821921.33350000,9,1653028.83000000,762203.88000000
Rory Sawyer,2026-08-12 20:04:54.626610,252916.47150000,11940770.06500000,10,3382547.61000000,
Rory Sawyer,2026-08-12 20:04:52.663335,61215.96000000,8305305.98350000,11,659964.81000000,3382547.61000000
Rory Sawyer,2026-08-12 20:04:39.829753,5768.02350000,2099287.54350000,12,2093519.52000000,881321.61000000
Rosalind Pena,2026-08-12 20:04:46.180900,4347067.56000000,4738707.46000000,1,391639.90000000,260215.56000000
Rosalind Pena,2026-08-12 20:04:54.010362,2238963.74000000,7237886.76000000,2,260215.56000000,
Rosalind Pena,2026-08-12 20:04:39.213987,391639.90000000,391639.90000000,3,,4347067.56000000
Rosalind Pena,2026-08-12 20:04:47.659802,260215.56000000,4998923.02000000,4,4347067.56000000,2238963.74000000
Rosalyn Browning,2026-08-12 20:04:55.022422,2531707.66000000,14268655.51800000,1,582175.86000000,
Rosalyn Browning,2026-08-12 20:04:52.447169,2425851.56000000,10120410.67000000,2,1554524.53000000,1034361.32800000
Rosalyn Browning,2026-08-12 20:04:51.622963,1554524.53000000,7694559.11000000,3,242239.84000000,2425851.56000000
Rosalyn Browning,2026-08-12 20:04:45.744652,1140639.80000000,3854099.74000000,4,798993.51000000,228451.72000000
Rosalyn Browning,2026-08-12 20:04:36.114999,1046374.75000000,1914466.43000000,5,384671.88000000,798993.51000000
Rosalyn Browning,2026-08-12 20:04:53.299719,1034361.32800000,11154771.99800000,6,2425851.56000000,582175.86000000
Rosalyn Browning,2026-08-12 20:04:43.226853,798993.51000000,2713459.94000000,7,1046374.75000000,1140639.80000000
Rosalyn Browning,2026-08-12 20:04:47.884610,796213.62000000,4878765.08000000,8,228451.72000000,589714.71000000
Rosalyn Browning,2026-08-12 20:04:47.892879,589714.71000000,5468479.79000000,9,796213.62000000,429314.95000000
Rosalyn Browning,2026-08-12 20:04:54.895960,582175.86000000,11736947.85800000,10,1034361.32800000,2531707.66000000
Rosalyn Browning,2026-08-12 20:04:34.512042,483419.80000000,483419.80000000,11,,384671.88000000
Rosalyn Browning,2026-08-12 20:04:49.639995,429314.95000000,5897794.74000000,12,589714.71000000,242239.84000000
Rosalyn Browning,2026-08-12 20:04:35.438252,384671.88000000,868091.68000000,13,483419.80000000,1046374.75000000
Rosalyn Browning,2026-08-12 20:04:50.684245,242239.84000000,6140034.58000000,14,429314.95000000,1554524.53000000
Rosalyn Browning,2026-08-12 20:04:46.303358,228451.72000000,4082551.46000000,15,1140639.80000000,796213.62000000
Rose Lane,2026-08-12 20:04:39.520087,3959311.54000000,6799669.12000000,1,1181597.78000000,288872.91000000
Rose Lane,2026-08-12 20:04:34.997841,1658759.80000000,1658759.80000000,2,,1181597.78000000
Rose Lane,2026-08-12 20:04:54.283889,1427639.85000000,8516181.88000000,3,288872.91000000,
Rose Lane,2026-08-12 20:04:36.874392,1181597.78000000,2840357.58000000,4,1658759.80000000,3959311.54000000
Rose Lane,2026-08-12 20:04:49.460220,288872.91000000,7088542.03000000,5,3959311.54000000,1427639.85000000
Rosemarie Dickerson,2026-08-12 20:04:42.056613,3224591.58000000,3913615.26000000,1,689023.68000000,20431.84000000
Rosemarie Dickerson,2026-08-12 20:04:39.895136,689023.68000000,689023.68000000,2,,3224591.58000000
Rosemarie Dickerson,2026-08-12 20:04:51.912646,20431.84000000,3934047.10000000,3,3224591.58000000,
Rosie Hahn,2026-08-12 20:04:46.335989,3785079.60000000,6705878.96000000,1,809519.84000000,659622.81000000
Rosie Hahn,2026-08-12 20:04:34.361100,2111279.52000000,2111279.52000000,2,,809519.84000000
Rosie Hahn,2026-08-12 20:04:34.863304,809519.84000000,2920799.36000000,3,2111279.52000000,3785079.60000000
Rosie Hahn,2026-08-12 20:04:51.095979,659622.81000000,7365501.77000000,4,3785079.60000000,
Rosie Hobbs,2026-08-12 20:04:51.361526,4122527.52000000,4578922.47000000,1,456394.95000000,
Rosie Hobbs,2026-08-12 20:04:35.246708,456394.95000000,456394.95000000,2,,4122527.52000000
Rosie Mora,2026-08-12 20:04:46.695147,3333263.56000000,11343068.36050000,1,501479.64000000,1308803.72000000
Rosie Mora,2026-08-12 20:04:54.679708,2597309.70000000,18408207.03050000,2,1775709.59000000,
Rosie Mora,2026-08-12 20:04:37.971079,2036979.78000000,3747895.22050000,3,516023.92000000,442896.69000000
Rosie Mora,2026-08-12 20:04:54.471716,1775709.59000000,15810897.33050000,4,528263.88000000,2597309.70000000
Rosie Mora,2026-08-12 20:04:49.954289,1308803.72000000,12651872.08050000,5,3333263.56000000,855051.78000000
Rosie Mora,2026-08-12 20:04:41.322924,1295975.78000000,6752509.50050000,6,1265741.81000000,463960.81000000
Rosie Mora,2026-08-12 20:04:40.355822,1265741.81000000,5456533.72050000,7,442896.69000000,1295975.78000000
Rosie Mora,2026-08-12 20:04:34.071250,1194891.52050000,1194891.52050000,8,,516023.92000000
Rosie Mora,2026-08-12 20:04:50.973624,855051.78000000,13506923.86050000,9,1308803.72000000,528263.88000000
Rosie Mora,2026-08-12 20:04:51.663811,528263.88000000,14035187.74050000,10,855051.78000000,1775709.59000000
Rosie Mora,2026-08-12 20:04:35.572916,516023.92000000,1710915.44050000,11,1194891.52050000,2036979.78000000
Rosie Mora,2026-08-12 20:04:43.777682,501479.64000000,8009804.80050000,12,291854.85000000,3333263.56000000
Rosie Mora,2026-08-12 20:04:41.698107,463960.81000000,7216470.31050000,13,1295975.78000000,291854.85000000
Rosie Mora,2026-08-12 20:04:39.997071,442896.69000000,4190791.91050000,14,2036979.78000000,1265741.81000000
Rosie Mora,2026-08-12 20:04:42.794490,291854.85000000,7508325.16050000,15,463960.81000000,501479.64000000
Roslyn Browning,2026-08-12 20:04:44.643118,2897139.66000000,9144756.44000000,1,940959.68000000,456677.73000000
Roslyn Browning,2026-08-12 20:04:38.334441,2252093.61000000,5168197.20000000,2,752113.89000000,138459.90000000
Roslyn Browning,2026-08-12 20:04:35.593303,2163989.70000000,2163989.70000000,3,,752113.89000000
Roslyn Browning,2026-08-12 20:04:46.898822,1932959.52000000,11626409.45000000,4,92015.76000000,417729.95000000
Roslyn Browning,2026-08-12 20:04:41.371817,940959.68000000,6247616.78000000,5,138459.90000000,2897139.66000000
Roslyn Browning,2026-08-12 20:04:38.105900,752113.89000000,2916103.59000000,6,2163989.70000000,2252093.61000000
Roslyn Browning,2026-08-12 20:04:45.923846,456677.73000000,9601434.17000000,7,2897139.66000000,92015.76000000
Roslyn Browning,2026-08-12 20:04:48.447756,417729.95000000,12044139.40000000,8,1932959.52000000,
Roslyn Browning,2026-08-12 20:04:40.780128,138459.90000000,5306657.10000000,9,2252093.61000000,940959.68000000
Roslyn Browning,2026-08-12 20:04:46.225793,92015.76000000,9693449.93000000,10,456677.73000000,1932959.52000000
Ross Stein,2026-08-12 20:04:41.204666,3574849.50000000,9297617.20950000,1,1987775.76000000,181001.52450000
Ross Stein,2026-08-12 20:04:51.475920,2864743.53000000,18611056.45050000,2,1059039.80000000,51739.49150000
Ross Stein,2026-08-12 20:04:39.275202,2255500.21950000,3734991.94950000,3,1479491.73000000,1987775.76000000
Ross Stein,2026-08-12 20:04:44.014392,2197299.88650000,11675918.62050000,4,181001.52450000,694055.78000000
Ross Stein,2026-08-12 20:04:52.887738,2177290.71000000,22142506.44200000,5,1302419.79000000,471197.74000000
Ross Stein,2026-08-12 20:04:39.915522,1987775.76000000,5722767.70950000,6,2255500.21950000,3574849.50000000
Ross Stein,2026-08-12 20:04:37.542887,1479491.73000000,1479491.73000000,7,,2255500.21950000
Ross Stein,2026-08-12 20:04:46.853973,1374399.60000000,13744374.00050000,8,694055.78000000,493984.95000000
Ross Stein,2026-08-12 20:04:52.753006,1302419.79000000,19965215.73200000,9,51739.49150000,2177290.71000000
Ross Stein,2026-08-12 20:04:50.655670,1059039.80000000,15746312.92050000,10,303951.56000000,2864743.53000000
Ross Stein,2026-08-12 20:04:44.234832,694055.78000000,12369974.40050000,11,2197299.88650000,1374399.60000000
Ross Stein,2026-08-12 20:04:46.996695,493984.95000000,14238358.95050000,12,1374399.60000000,144962.61000000
Ross Stein,2026-08-12 20:04:54.055274,471197.74000000,22613704.18200000,13,2177290.71000000,
Ross Stein,2026-08-12 20:04:50.039912,303951.56000000,14687273.12050000,14,144962.61000000,1059039.80000000
Ross Stein,2026-08-12 20:04:43.039180,181001.52450000,9478618.73400000,15,3574849.50000000,2197299.88650000
Ross Stein,2026-08-12 20:04:47.021139,144962.61000000,14383321.56050000,16,493984.95000000,303951.56000000
Ross Stein,2026-08-12 20:04:52.194348,51739.49150000,18662795.94200000,17,2864743.53000000,1302419.79000000
Roy Ray,2026-08-12 20:04:50.052131,2208159.60000000,3651965.42000000,1,1136701.86000000,585711.92000000
Roy Ray,2026-08-12 20:04:37.485855,1136701.86000000,1443805.82000000,2,307103.96000000,2208159.60000000
Roy Ray,2026-08-12 20:04:54.034888,585711.92000000,4237677.34000000,3,2208159.60000000,
Roy Ray,2026-08-12 20:04:34.557000,307103.96000000,307103.96000000,4,,1136701.86000000
Ruby Stone,2026-08-12 20:04:44.867695,4061069.55000000,9515820.44000000,1,282275.82000000,1595967.68000000
Ruby Stone,2026-08-12 20:04:45.422410,3921599.52000000,15033387.64000000,2,1595967.68000000,2908751.58000000
Ruby Stone,2026-08-12 20:04:54.508394,3841791.57000000,24528774.94000000,3,369764.55000000,
Ruby Stone,2026-08-12 20:04:36.706749,3778964.55000000,5172475.07000000,4,1003199.81000000,282275.82000000
Ruby Stone,2026-08-12 20:04:49.199030,2908751.58000000,17942139.22000000,5,3921599.52000000,2042499.75000000
Ruby Stone,2026-08-12 20:04:49.288727,2042499.75000000,19984638.97000000,6,2908751.58000000,332579.85000000
Ruby Stone,2026-08-12 20:04:45.059313,1595967.68000000,11111788.12000000,7,4061069.55000000,3921599.52000000
Ruby Stone,2026-08-12 20:04:35.821606,1003199.81000000,1393510.52000000,8,390310.71000000,3778964.55000000
Ruby Stone,2026-08-12 20:04:35.478986,390310.71000000,390310.71000000,9,,1003199.81000000
Ruby Stone,2026-08-12 20:04:51.480003,369764.55000000,20686983.37000000,10,332579.85000000,3841791.57000000
Ruby Stone,2026-08-12 20:04:50.867538,332579.85000000,20317218.82000000,11,2042499.75000000,369764.55000000
Ruby Stone,2026-08-12 20:04:37.045681,282275.82000000,5454750.89000000,12,3778964.55000000,4061069.55000000
Rudy Black,2026-08-12 20:04:42.284830,4414409.51000000,5561889.31000000,1,1147479.80000000,2139399.60000000
Rudy Black,2026-08-12 20:04:47.008919,2139399.60000000,7701288.91000000,2,4414409.51000000,120668.71000000
Rudy Black,2026-08-12 20:04:52.704098,1491983.84000000,11449375.93000000,3,933464.61000000,837161.82000000
Rudy Black,2026-08-12 20:04:51.892255,1201969.86000000,9023927.48000000,4,120668.71000000,933464.61000000
Rudy Black,2026-08-12 20:04:42.044383,1147479.80000000,1147479.80000000,5,,4414409.51000000
Rudy Black,2026-08-12 20:04:52.549075,933464.61000000,9957392.09000000,6,1201969.86000000,1491983.84000000
Rudy Black,2026-08-12 20:04:53.132521,837161.82000000,12286537.75000000,7,1491983.84000000,
Rudy Black,2026-08-12 20:04:50.162440,120668.71000000,7821957.62000000,8,2139399.60000000,1201969.86000000
Rudy Sutton,2026-08-12 20:04:33.863322,3946918.53000000,3946918.53000000,1,,200339.65000000
Rudy Sutton,2026-08-12 20:04:52.320819,1249583.58000000,8155006.74000000,2,973139.79000000,
Rudy Sutton,2026-08-12 20:04:44.336781,1133831.79000000,5572899.91000000,3,291809.94000000,6031.92000000
Rudy Sutton,2026-08-12 20:04:51.549453,973139.79000000,6905423.16000000,4,285071.94000000,1249583.58000000
Rudy Sutton,2026-08-12 20:04:42.195270,291809.94000000,4439068.12000000,5,200339.65000000,1133831.79000000
Rudy Sutton,2026-08-12 20:04:50.451877,285071.94000000,5932283.37000000,6,68279.60000000,973139.79000000
Rudy Sutton,2026-08-12 20:04:40.017479,200339.65000000,4147258.18000000,7,3946918.53000000,291809.94000000
Rudy Sutton,2026-08-12 20:04:46.491005,68279.60000000,5647211.43000000,8,6031.92000000,285071.94000000
Rudy Sutton,2026-08-12 20:04:44.459281,6031.92000000,5578931.83000000,9,1133831.79000000,68279.60000000
Rufus Sutton,2026-08-12 20:04:46.397192,4305699.50000000,14228301.56000000,1,3384057.59000000,1223503.84000000
Rufus Sutton,2026-08-12 20:04:42.994303,3384057.59000000,9922602.06000000,2,75885.62000000,4305699.50000000
Rufus Sutton,2026-08-12 20:04:35.320151,3181793.67000000,3181793.67000000,3,,3001487.52000000
Rufus Sutton,2026-08-12 20:04:38.273298,3001487.52000000,6183281.19000000,4,3181793.67000000,279377.66000000
Rufus Sutton,2026-08-12 20:04:54.532858,1368531.62000000,16820337.02000000,5,1223503.84000000,
Rufus Sutton,2026-08-12 20:04:53.687324,1223503.84000000,15451805.40000000,6,4305699.50000000,1368531.62000000
Rufus Sutton,2026-08-12 20:04:39.483362,279377.66000000,6462658.85000000,7,3001487.52000000,75885.62000000
Rufus Sutton,2026-08-12 20:04:40.009332,75885.62000000,6538544.47000000,8,279377.66000000,3384057.59000000
Russell Duncan,2026-08-12 20:04:43.406391,3556187.64000000,6505075.30000000,1,2948887.66000000,1010127.72000000
Russell Duncan,2026-08-12 20:04:36.903007,2948887.66000000,2948887.66000000,2,,3556187.64000000
Russell Duncan,2026-08-12 20:04:51.373775,2201973.77000000,9717176.79000000,3,1010127.72000000,
Russell Duncan,2026-08-12 20:04:47.925527,1010127.72000000,7515203.02000000,4,3556187.64000000,2201973.77000000
Rusty Berg,2026-08-12 20:04:35.377167,1941151.68000000,1941151.68000000,1,,162563.69000000
Rusty Berg,2026-08-12 20:04:41.510521,1434941.73000000,3770327.00000000,2,231669.90000000,825679.80000000
Rusty Berg,2026-08-12 20:04:45.153246,825679.80000000,4596006.80000000,3,1434941.73000000,230959.90000000
Rusty Berg,2026-08-12 20:04:39.503804,231669.90000000,2335385.27000000,4,162563.69000000,1434941.73000000
Rusty Berg,2026-08-12 20:04:51.725094,230959.90000000,4826966.70000000,5,825679.80000000,
Rusty Berg,2026-08-12 20:04:37.334989,162563.69000000,2103715.37000000,6,1941151.68000000,231669.90000000
Ruth Myers,2026-08-12 20:04:44.279698,3480929.55000000,8207954.76250000,1,2575665.45250000,2743707.56000000
Ruth Myers,2026-08-12 20:04:51.316514,2743707.56000000,10951662.32250000,2,3480929.55000000,
Ruth Myers,2026-08-12 20:04:42.142326,2575665.45250000,4727025.21250000,3,2074442.79000000,3480929.55000000
Ruth Myers,2026-08-12 20:04:38.807827,2074442.79000000,2151359.76000000,4,76916.97000000,2575665.45250000
Ruth Myers,2026-08-12 20:04:37.457216,76916.97000000,76916.97000000,5,,2074442.79000000
Ryan Cruz,2026-08-12 20:04:47.807024,3530279.60000000,9410835.24000000,1,1648455.83000000,130447.92000000
Ryan Cruz,2026-08-12 20:04:46.870270,1648455.83000000,5880555.64000000,2,567251.72000000,3530279.60000000
Ryan Cruz,2026-08-12 20:04:36.751679,1477031.76000000,1477031.76000000,3,,1127473.66000000
Ryan Cruz,2026-08-12 20:04:37.726517,1127473.66000000,2604505.42000000,4,1477031.76000000,6746.87000000
Ryan Cruz,2026-08-12 20:04:40.270021,767695.84000000,3664848.09000000,5,285899.96000000,567251.72000000
Ryan Cruz,2026-08-12 20:04:40.747517,567251.72000000,4232099.81000000,6,767695.84000000,1648455.83000000
Ryan Cruz,2026-08-12 20:04:39.467045,285899.96000000,2897152.25000000,7,6746.87000000,767695.84000000
Ryan Cruz,2026-08-12 20:04:50.182837,130447.92000000,9541283.16000000,8,3530279.60000000,120364.93000000
Ryan Cruz,2026-08-12 20:04:52.569436,120364.93000000,9661648.09000000,9,130447.92000000,
Ryan Cruz,2026-08-12 20:04:38.571257,6746.87000000,2611252.29000000,10,1127473.66000000,285899.96000000
Sadie Leach,2026-08-12 20:04:38.236641,3277754.55000000,3277754.55000000,1,,1391763.53000000
Sadie Leach,2026-08-12 20:04:41.335149,2281731.59000000,7841713.35000000,2,890463.68000000,626513.79000000
Sadie Leach,2026-08-12 20:04:38.922191,1391763.53000000,4669518.08000000,3,3277754.55000000,890463.68000000
Sadie Leach,2026-08-12 20:04:40.233325,890463.68000000,5559981.76000000,4,1391763.53000000,2281731.59000000
Sadie Leach,2026-08-12 20:04:44.385725,626513.79000000,8468227.14000000,5,2281731.59000000,
Sal Larsen,2026-08-12 20:04:39.552659,3991539.51000000,7637448.51000000,1,1388591.82000000,416944.95000000
Sal Larsen,2026-08-12 20:04:42.786336,2490399.50000000,11177530.58000000,2,632737.62000000,948407.55150000
Sal Larsen,2026-08-12 20:04:51.757786,2465021.58000000,14923311.63150000,3,332351.92000000,
Sal Larsen,2026-08-12 20:04:39.189522,1388591.82000000,3645909.00000000,4,1005743.52000000,3991539.51000000
Sal Larsen,2026-08-12 20:04:36.318872,1251573.66000000,1251573.66000000,5,,1005743.52000000
Sal Larsen,2026-08-12 20:04:38.603902,1005743.52000000,2257317.18000000,6,1251573.66000000,1388591.82000000
Sal Larsen,2026-08-12 20:04:43.667442,948407.55150000,12125938.13150000,7,2490399.50000000,332351.92000000
Sal Larsen,2026-08-12 20:04:42.607007,632737.62000000,8687131.08000000,8,416944.95000000,2490399.50000000
Sal Larsen,2026-08-12 20:04:40.261862,416944.95000000,8054393.46000000,9,3991539.51000000,632737.62000000
Sal Larsen,2026-08-12 20:04:48.819131,332351.92000000,12458290.05150000,10,948407.55150000,2465021.58000000
Sally Payne,2026-08-12 20:04:40.229254,1515583.83000000,1521599.81000000,1,6015.98000000,131163.48300000
Sally Payne,2026-08-12 20:04:53.091664,910994.85000000,3793415.90300000,2,850022.91000000,
Sally Payne,2026-08-12 20:04:51.230686,850022.91000000,2882421.05300000,3,379634.85000000,910994.85000000
Sally Payne,2026-08-12 20:04:50.366244,379634.85000000,2032398.14300000,4,131163.48300000,850022.91000000
Sally Payne,2026-08-12 20:04:49.733875,131163.48300000,1652763.29300000,5,1515583.83000000,379634.85000000
Sally Payne,2026-08-12 20:04:36.322943,6015.98000000,6015.98000000,6,,1515583.83000000
Salvador Larsen,2026-08-12 20:04:34.826574,3387075.51000000,6046683.15000000,1,2659607.64000000,2333983.68000000
Salvador Larsen,2026-08-12 20:04:41.922148,2878265.54000000,13299498.03000000,2,1377973.74000000,221747.89800000
Salvador Larsen,2026-08-12 20:04:34.267201,2659607.64000000,2659607.64000000,3,,3387075.51000000
Salvador Larsen,2026-08-12 20:04:38.403762,2333983.68000000,8380666.83000000,4,3387075.51000000,662591.92000000
Salvador Larsen,2026-08-12 20:04:39.854278,1377973.74000000,10421232.49000000,5,662591.92000000,2878265.54000000
Salvador Larsen,2026-08-12 20:04:45.206300,1370655.72000000,14954001.49800000,6,62099.85000000,510951.87000000
Salvador Larsen,2026-08-12 20:04:39.091659,662591.92000000,9043258.75000000,7,2333983.68000000,1377973.74000000
Salvador Larsen,2026-08-12 20:04:51.753704,510951.87000000,15464953.36800000,8,1370655.72000000,330511.93000000
Salvador Larsen,2026-08-12 20:04:53.752831,330511.93000000,15795465.29800000,9,510951.87000000,9199.96000000
Salvador Larsen,2026-08-12 20:04:43.345228,221747.89800000,13521245.92800000,10,2878265.54000000,62099.85000000
Salvador Larsen,2026-08-12 20:04:44.104211,62099.85000000,13583345.77800000,11,221747.89800000,1370655.72000000
Salvador Larsen,2026-08-12 20:04:54.973534,9199.96000000,15804665.25800000,12,330511.93000000,
Salvatore Odonnell,2026-08-12 20:04:36.739434,2159141.59000000,2159141.59000000,1,,980671.89000000
Salvatore Odonnell,2026-08-12 20:04:47.635346,980671.89000000,3139813.48000000,2,2159141.59000000,79415.92000000
Salvatore Odonnell,2026-08-12 20:04:54.638860,689023.68000000,4157541.02000000,3,249287.94000000,
Salvatore Odonnell,2026-08-12 20:04:52.434937,249287.94000000,3468517.34000000,4,79415.92000000,689023.68000000
Salvatore Odonnell,2026-08-12 20:04:52.051494,79415.92000000,3219229.40000000,5,980671.89000000,249287.94000000
Samantha Richardson,2026-08-12 20:04:43.712349,2135007.68000000,5479119.75000000,1,23655.96000000,
Samantha Richardson,2026-08-12 20:04:38.114072,2078867.78000000,3113039.60000000,2,1034171.82000000,207416.51000000
Samantha Richardson,2026-08-12 20:04:37.387976,1034171.82000000,1034171.82000000,3,,2078867.78000000
Samantha Richardson,2026-08-12 20:04:38.179514,207416.51000000,3320456.11000000,4,2078867.78000000,23655.96000000
Samantha Richardson,2026-08-12 20:04:38.989762,23655.96000000,3344112.07000000,5,207416.51000000,2135007.68000000
Samuel Watson,2026-08-12 20:04:35.935749,2600789.70000000,2600789.70000000,1,,2042547.63000000
Samuel Watson,2026-08-12 20:04:40.257780,2310719.60000000,7068244.89000000,2,114187.96000000,794349.75000000
Samuel Watson,2026-08-12 20:04:35.947963,2042547.63000000,4643337.33000000,3,2600789.70000000,114187.96000000
Samuel Watson,2026-08-12 20:04:41.677736,794349.75000000,7862594.64000000,4,2310719.60000000,62891.91000000
Samuel Watson,2026-08-12 20:04:53.785426,668240.93000000,9081283.15000000,5,455905.77000000,
Samuel Watson,2026-08-12 20:04:52.679658,455905.77000000,8413042.22000000,6,31649.90000000,668240.93000000
Samuel Watson,2026-08-12 20:04:37.620428,114187.96000000,4757525.29000000,7,2042547.63000000,2310719.60000000
Samuel Watson,2026-08-12 20:04:50.435466,62891.91000000,7925486.55000000,8,794349.75000000,31649.90000000
Samuel Watson,2026-08-12 20:04:51.529033,31649.90000000,7957136.45000000,9,62891.91000000,455905.77000000
Sandra Ramirez,2026-08-12 20:04:41.526808,3240047.58000000,5760607.49850000,1,2520559.91850000,3171335.57000000
Sandra Ramirez,2026-08-12 20:04:47.249932,3171335.57000000,8931943.06850000,2,3240047.58000000,210507.96000000
Sandra Ramirez,2026-08-12 20:04:37.037518,2520559.91850000,2520559.91850000,3,,3240047.58000000
Sandra Ramirez,2026-08-12 20:04:54.924532,2355864.77700000,12938959.90550000,4,460697.94000000,
Sandra Ramirez,2026-08-12 20:04:53.524004,460697.94000000,10583095.12850000,5,345694.83000000,2355864.77700000
Sandra Ramirez,2026-08-12 20:04:51.071466,417867.56000000,9776702.35850000,6,216383.77000000,345694.83000000
Sandra Ramirez,2026-08-12 20:04:51.304276,345694.83000000,10122397.18850000,7,417867.56000000,460697.94000000
Sandra Ramirez,2026-08-12 20:04:50.566029,216383.77000000,9358834.79850000,8,210507.96000000,417867.56000000
Sandra Ramirez,2026-08-12 20:04:50.386608,210507.96000000,9142451.02850000,9,3171335.57000000,216383.77000000
Sara Griffin,2026-08-12 20:04:40.278194,2656315.54000000,4427392.54000000,1,1133387.62000000,2148901.66000000
Sara Griffin,2026-08-12 20:04:41.078130,2148901.66000000,6576294.20000000,2,2656315.54000000,332579.85000000
Sara Griffin,2026-08-12 20:04:38.187681,1133387.62000000,1771077.00000000,3,68879.88000000,2656315.54000000
Sara Griffin,2026-08-12 20:04:46.829552,675515.59000000,7584389.64000000,4,332579.85000000,
Sara Griffin,2026-08-12 20:04:36.878481,505169.70000000,568809.50000000,5,63639.80000000,68879.88000000
Sara Griffin,2026-08-12 20:04:46.780698,332579.85000000,6908874.05000000,6,2148901.66000000,675515.59000000
Sara Griffin,2026-08-12 20:04:37.306400,68879.88000000,637689.38000000,7,505169.70000000,1133387.62000000
Sara Griffin,2026-08-12 20:04:36.469945,63639.80000000,63639.80000000,8,,505169.70000000
Sarah Thomas,2026-08-12 20:04:47.966353,4552607.53000000,6685857.10000000,1,129725.91000000,1662407.56000000
Sarah Thomas,2026-08-12 20:04:52.504267,1662407.56000000,8348264.66000000,2,4552607.53000000,119369.90000000
Sarah Thomas,2026-08-12 20:04:35.621815,1155951.84000000,1155951.84000000,3,,690371.88000000
Sarah Thomas,2026-08-12 20:04:40.050048,690371.88000000,1846323.72000000,4,1155951.84000000,157199.94000000
Sarah Thomas,2026-08-12 20:04:53.246761,313851.86000000,8781486.42000000,5,119369.90000000,
Sarah Thomas,2026-08-12 20:04:43.647035,157199.94000000,2003523.66000000,6,690371.88000000,129725.91000000
Sarah Thomas,2026-08-12 20:04:46.682931,129725.91000000,2133249.57000000,7,157199.94000000,4552607.53000000
Sarah Thomas,2026-08-12 20:04:52.822358,119369.90000000,8467634.56000000,8,1662407.56000000,313851.86000000
Scott Howard,2026-08-12 20:04:37.506223,3310031.52000000,3325295.51000000,1,15263.99000000,1945799.60000000
Scott Howard,2026-08-12 20:04:43.492112,2566439.55000000,7837534.66000000,2,1945799.60000000,340869.90000000
Scott Howard,2026-08-12 20:04:38.652792,1945799.60000000,5271095.11000000,3,3310031.52000000,2566439.55000000
Scott Howard,2026-08-12 20:04:52.202492,1350479.80000000,11593988.03950000,4,44000.98950000,360947.88000000
Scott Howard,2026-08-12 20:04:45.756880,1243592.87000000,9421997.43000000,5,340869.90000000,777509.82000000
Scott Howard,2026-08-12 20:04:54.169586,909509.79000000,12864445.70950000,6,360947.88000000,
Scott Howard,2026-08-12 20:04:50.133860,777509.82000000,10199507.25000000,7,1243592.87000000,44000.98950000
Scott Howard,2026-08-12 20:04:52.891820,360947.88000000,11954935.91950000,8,1350479.80000000,909509.79000000
Scott Howard,2026-08-12 20:04:45.022515,340869.90000000,8178404.56000000,9,2566439.55000000,1243592.87000000
Scott Howard,2026-08-12 20:04:51.794491,44000.98950000,10243508.23950000,10,777509.82000000,1350479.80000000
Scott Howard,2026-08-12 20:04:36.559754,15263.99000000,15263.99000000,11,,3310031.52000000
Sean Harrison,2026-08-12 20:04:48.692563,2452399.50000000,6865320.62000000,1,122349.90000000,
Sean Harrison,2026-08-12 20:04:36.625069,2157869.67000000,2386257.63000000,2,228387.96000000,165003.86000000
Sean Harrison,2026-08-12 20:04:45.169585,939103.84000000,4290571.22000000,3,800205.89000000,122349.90000000
Sean Harrison,2026-08-12 20:04:43.561344,800205.89000000,3351467.38000000,4,165003.86000000,939103.84000000
Sean Harrison,2026-08-12 20:04:36.518935,228387.96000000,228387.96000000,5,,2157869.67000000
Sean Harrison,2026-08-12 20:04:37.298258,165003.86000000,2551261.49000000,6,2157869.67000000,800205.89000000
Sean Harrison,2026-08-12 20:04:45.255162,122349.90000000,4412921.12000000,7,939103.84000000,2452399.50000000
Selma Pena,2026-08-12 20:04:49.958365,2682121.54000000,3609413.40000000,1,116851.96000000,838355.81000000
Selma Pena,2026-08-12 20:04:54.634773,1437839.70000000,6082648.87000000,2,197039.96000000,1240720.20550000
Selma Pena,2026-08-12 20:04:54.802077,1240720.20550000,7323369.07550000,3,1437839.70000000,
Selma Pena,2026-08-12 20:04:51.492255,838355.81000000,4447769.21000000,4,2682121.54000000,197039.96000000
Selma Pena,2026-08-12 20:04:34.316186,810439.90000000,810439.90000000,5,,116851.96000000
Selma Pena,2026-08-12 20:04:52.651081,197039.96000000,4644809.17000000,6,838355.81000000,1437839.70000000
Selma Pena,2026-08-12 20:04:34.589693,116851.96000000,927291.86000000,7,810439.90000000,2682121.54000000
Sergio Mcgee,2026-08-12 20:04:38.791499,2721034.05050000,6188660.92850000,1,1381659.65000000,231669.90000000
Sergio Mcgee,2026-08-12 20:04:43.855251,1848874.75000000,8980255.08850000,2,443771.79000000,611597.61000000
Sergio Mcgee,2026-08-12 20:04:47.880518,1664921.58000000,11483466.21850000,3,226691.94000000,1583459.64000000
Sergio Mcgee,2026-08-12 20:04:48.117185,1583459.64000000,13066925.85850000,4,1664921.58000000,338808.63000000
Sergio Mcgee,2026-08-12 20:04:38.204047,1381659.65000000,3467626.87800000,5,961549.75000000,2721034.05050000
Sergio Mcgee,2026-08-12 20:04:53.609694,1135695.84000000,16142664.56850000,6,470763.66000000,
Sergio Mcgee,2026-08-12 20:04:36.951942,976833.49800000,1124417.47800000,7,147583.98000000,961549.75000000
Sergio Mcgee,2026-08-12 20:04:37.583675,961549.75000000,2085967.22800000,8,976833.49800000,1381659.65000000
Sergio Mcgee,2026-08-12 20:04:48.333360,807729.89000000,14213464.37850000,9,338808.63000000,322740.69000000
Sergio Mcgee,2026-08-12 20:04:44.324551,611597.61000000,9591852.69850000,10,1848874.75000000,226691.94000000
Sergio Mcgee,2026-08-12 20:04:53.446554,470763.66000000,15006968.72850000,11,322740.69000000,1135695.84000000
Sergio Mcgee,2026-08-12 20:04:43.014708,443771.79000000,7131380.33850000,12,111303.98000000,1848874.75000000
Sergio Mcgee,2026-08-12 20:04:48.149916,338808.63000000,13405734.48850000,13,1583459.64000000,807729.89000000
Sergio Mcgee,2026-08-12 20:04:51.520866,322740.69000000,14536205.06850000,14,807729.89000000,470763.66000000
Sergio Mcgee,2026-08-12 20:04:39.886940,231669.90000000,6420330.82850000,15,2721034.05050000,155973.74000000
Sergio Mcgee,2026-08-12 20:04:47.139520,226691.94000000,9818544.63850000,16,611597.61000000,1664921.58000000
Sergio Mcgee,2026-08-12 20:04:42.109712,155973.74000000,6576304.56850000,17,231669.90000000,111303.98000000
Sergio Mcgee,2026-08-12 20:04:36.723098,147583.98000000,147583.98000000,18,,976833.49800000
Sergio Mcgee,2026-08-12 20:04:42.635560,111303.98000000,6687608.54850000,19,155973.74000000,443771.79000000
Seth Ellis,2026-08-12 20:04:41.314749,2349242.61000000,2349242.61000000,1,,21278.59000000
Seth Ellis,2026-08-12 20:04:51.904486,1957787.74500000,6067936.61500000,2,1739627.67000000,
Seth Ellis,2026-08-12 20:04:49.149695,1739627.67000000,4110148.87000000,3,21278.59000000,1957787.74500000
Seth Ellis,2026-08-12 20:04:47.578218,21278.59000000,2370521.20000000,4,2349242.61000000,1739627.67000000
Shane Stevens,2026-08-12 20:04:36.645502,4179329.54000000,4179329.54000000,1,,
Sharon Turner,2026-08-12 20:04:50.521164,3708077.62000000,5285889.28000000,1,7539.90000000,2458908.63000000
Sharon Turner,2026-08-12 20:04:52.908151,2458908.63000000,7744797.91000000,2,3708077.62000000,1264841.73000000
Sharon Turner,2026-08-12 20:04:43.373747,1570271.76000000,1570271.76000000,3,,7539.90000000
Sharon Turner,2026-08-12 20:04:54.585843,1264841.73000000,9009639.64000000,4,2458908.63000000,
Sharon Turner,2026-08-12 20:04:47.868261,7539.90000000,1577811.66000000,5,1570271.76000000,3708077.62000000
Shawn Tate,2026-08-12 20:04:48.104955,3188621.57000000,7678410.73000000,1,905309.70000000,180491.98000000
Shawn Tate,2026-08-12 20:04:35.760507,1739975.79000000,1739975.79000000,2,,926367.84000000
Shawn Tate,2026-08-12 20:04:36.253641,926367.84000000,2666343.63000000,3,1739975.79000000,918135.83000000
Shawn Tate,2026-08-12 20:04:41.751053,918135.83000000,3584479.46000000,4,926367.84000000,905309.70000000
Shawn Tate,2026-08-12 20:04:42.806742,905309.70000000,4489789.16000000,5,918135.83000000,3188621.57000000
Shawn Tate,2026-08-12 20:04:48.419143,180491.98000000,7858902.71000000,6,3188621.57000000,
Shelby Horn,2026-08-12 20:04:45.038910,2293868.33550000,7193561.30550000,1,47681.94000000,1596734.79000000
Shelby Horn,2026-08-12 20:04:53.756917,2177999.78000000,11862472.63550000,2,420734.95000000,
Shelby Horn,2026-08-12 20:04:44.247062,1764255.68000000,4852011.03000000,3,580565.93000000,47681.94000000
Shelby Horn,2026-08-12 20:04:47.974509,1596734.79000000,8790296.09550000,4,2293868.33550000,473441.81000000
Shelby Horn,2026-08-12 20:04:38.559012,1390640.79000000,2507189.42000000,5,1116548.63000000,580565.93000000
Shelby Horn,2026-08-12 20:04:36.702664,1116548.63000000,1116548.63000000,6,,1390640.79000000
Shelby Horn,2026-08-12 20:04:40.274112,580565.93000000,3087755.35000000,7,1390640.79000000,1764255.68000000
Shelby Horn,2026-08-12 20:04:50.105271,473441.81000000,9263737.90550000,8,1596734.79000000,420734.95000000
Shelby Horn,2026-08-12 20:04:50.920556,420734.95000000,9684472.85550000,9,473441.81000000,2177999.78000000
Shelby Horn,2026-08-12 20:04:44.790201,47681.94000000,4899692.97000000,10,1764255.68000000,2293868.33550000
Shelby Novak,2026-08-12 20:04:54.194068,1904090.51000000,2559959.30000000,1,324047.94000000,
Shelby Novak,2026-08-12 20:04:50.186920,324047.94000000,655868.79000000,2,116984.89000000,1904090.51000000
Shelby Novak,2026-08-12 20:04:41.954763,214835.96000000,214835.96000000,3,,116984.89000000
Shelby Novak,2026-08-12 20:04:45.414257,116984.89000000,331820.85000000,4,214835.96000000,324047.94000000
Shelia Horn,2026-08-12 20:04:42.708913,4158863.52000000,13926111.27700000,1,102271.66000000,271813.62000000
Shelia Horn,2026-08-12 20:04:45.251092,3917279.60000000,21102892.04900000,2,1979999.80000000,3394498.44300000
Shelia Horn,2026-08-12 20:04:48.521137,3394498.44300000,24497390.49200000,3,3917279.60000000,156177.89000000
Shelia Horn,2026-08-12 20:04:42.570276,3078506.65050000,9450496.69350000,4,1244207.54000000,214479.40350000
Shelia Horn,2026-08-12 20:04:53.287497,2324699.65000000,26978268.03200000,5,156177.89000000,1326659.20050000
Shelia Horn,2026-08-12 20:04:44.884002,1979999.80000000,17185612.44900000,6,344045.93200000,3917279.60000000
Shelia Horn,2026-08-12 20:04:37.783538,1623423.78000000,3233230.27850000,7,503040.53000000,44964.80450000
Shelia Horn,2026-08-12 20:04:40.045978,1370887.62000000,5127782.50300000,8,478699.80000000,1244207.54000000
Shelia Horn,2026-08-12 20:04:54.365428,1326659.20050000,28304927.23250000,9,2324699.65000000,
Shelia Horn,2026-08-12 20:04:40.967970,1244207.54000000,6371990.04300000,10,1370887.62000000,3078506.65050000
Shelia Horn,2026-08-12 20:04:34.083509,787983.86400000,787983.86400000,11,,318782.10450000
Shelia Horn,2026-08-12 20:04:42.961697,663641.82000000,14861566.71700000,12,271813.62000000,344045.93200000
Shelia Horn,2026-08-12 20:04:36.629153,503040.53000000,1609806.49850000,13,318782.10450000,1623423.78000000
Shelia Horn,2026-08-12 20:04:38.689471,478699.80000000,3756894.88300000,14,44964.80450000,1370887.62000000
Shelia Horn,2026-08-12 20:04:43.732765,344045.93200000,15205612.64900000,15,663641.82000000,1979999.80000000
Shelia Horn,2026-08-12 20:04:35.890863,318782.10450000,1106765.96850000,16,787983.86400000,503040.53000000
Shelia Horn,2026-08-12 20:04:42.839402,271813.62000000,14197924.89700000,17,4158863.52000000,663641.82000000
Shelia Horn,2026-08-12 20:04:42.619231,214479.40350000,9664976.09700000,18,3078506.65050000,102271.66000000
Shelia Horn,2026-08-12 20:04:53.152937,156177.89000000,24653568.38200000,19,3394498.44300000,2324699.65000000
Shelia Horn,2026-08-12 20:04:42.631487,102271.66000000,9767247.75700000,20,214479.40350000,4158863.52000000
Shelia Horn,2026-08-12 20:04:38.052781,44964.80450000,3278195.08300000,21,1623423.78000000,478699.80000000
Shelley Ericksen,2026-08-12 20:04:41.832486,4460077.51000000,4496071.45000000,1,35993.94000000,1256489.85000000
Shelley Ericksen,2026-08-12 20:04:42.402962,2194271.64000000,7946832.94000000,2,1256489.85000000,1972655.64000000
Shelley Ericksen,2026-08-12 20:04:48.627200,1972655.64000000,9919488.58000000,3,2194271.64000000,
Shelley Ericksen,2026-08-12 20:04:41.938473,1256489.85000000,5752561.30000000,4,4460077.51000000,2194271.64000000
Shelley Ericksen,2026-08-12 20:04:33.883695,35993.94000000,35993.94000000,5,,4460077.51000000
Sherman Bass,2026-08-12 20:04:41.033277,1602356.03750000,1890444.78650000,1,288088.74900000,
Sherman Bass,2026-08-12 20:04:37.273803,288088.74900000,288088.74900000,2,,1602356.03750000
Shirley Rogers,2026-08-12 20:04:40.527124,513287.91000000,1461917.35000000,1,485699.50000000,98930.97000000
Shirley Rogers,2026-08-12 20:04:39.099862,485699.50000000,948629.44000000,2,462929.94000000,513287.91000000
Shirley Rogers,2026-08-12 20:04:35.364945,462929.94000000,462929.94000000,3,,485699.50000000
Shirley Rogers,2026-08-12 20:04:40.910835,98930.97000000,1560848.32000000,4,513287.91000000,
Socorro Bean,2026-08-12 20:04:53.769115,4504499.50000000,16529093.24000000,1,861519.89000000,337271.94000000
Socorro Bean,2026-08-12 20:04:49.403090,2855217.66000000,9122132.23000000,2,204305.83000000,2040941.62000000
Socorro Bean,2026-08-12 20:04:35.686992,2060543.52000000,3167616.33000000,3,1107072.81000000,95737.99000000
Socorro Bean,2026-08-12 20:04:49.991033,2040941.62000000,11163073.85000000,4,2855217.66000000,861519.89000000
Socorro Bean,2026-08-12 20:04:41.612467,1439363.81000000,6062608.74000000,5,1359890.61000000,204305.83000000
Socorro Bean,2026-08-12 20:04:41.265821,1359890.61000000,4623244.93000000,6,95737.99000000,1439363.81000000
Socorro Bean,2026-08-12 20:04:33.887781,1107072.81000000,1107072.81000000,7,,2060543.52000000
Socorro Bean,2026-08-12 20:04:51.561706,861519.89000000,12024593.74000000,8,2040941.62000000,4504499.50000000
Socorro Bean,2026-08-12 20:04:54.871489,337271.94000000,16866365.18000000,9,4504499.50000000,
Socorro Bean,2026-08-12 20:04:44.018476,204305.83000000,6266914.57000000,10,1439363.81000000,2855217.66000000
Socorro Bean,2026-08-12 20:04:37.551041,95737.99000000,3263354.32000000,11,2060543.52000000,1359890.61000000
Solomon Wilkins,2026-08-12 20:04:46.601254,821535.68000000,1848625.38000000,1,477329.86000000,302516.91000000
Solomon Wilkins,2026-08-12 20:04:33.798124,549759.84000000,549759.84000000,2,,477329.86000000
Solomon Wilkins,2026-08-12 20:04:37.954729,477329.86000000,1027089.70000000,3,549759.84000000,821535.68000000
Solomon Wilkins,2026-08-12 20:04:48.753814,302516.91000000,2151142.29000000,4,821535.68000000,
Sondra Bean,2026-08-12 20:04:34.622437,3209712.63000000,3209712.63000000,1,,132110.26400000
Sondra Bean,2026-08-12 20:04:40.878147,2988351.68000000,7418538.45400000,2,1088363.88000000,2540039.70000000
Sondra Bean,2026-08-12 20:04:42.081154,2540039.70000000,9958578.15400000,3,2988351.68000000,193913.98000000
Sondra Bean,2026-08-12 20:04:45.675389,1374999.75000000,11959139.47400000,4,431647.59000000,1174263.72000000
Sondra Bean,2026-08-12 20:04:53.054949,1174263.72000000,13133403.19400000,5,1374999.75000000,
Sondra Bean,2026-08-12 20:04:39.740012,1088363.88000000,4430186.77400000,6,132110.26400000,2988351.68000000
Sondra Bean,2026-08-12 20:04:45.634623,431647.59000000,10584139.72400000,7,193913.98000000,1374999.75000000
Sondra Bean,2026-08-12 20:04:44.651295,193913.98000000,10152492.13400000,8,2540039.70000000,431647.59000000
Sondra Bean,2026-08-12 20:04:39.324151,132110.26400000,3341822.89400000,9,3209712.63000000,1088363.88000000
Stacey Wolf,2026-08-12 20:04:49.999180,2307959.70000000,10212351.11350000,1,485927.91000000,1166671.74000000
Stacey Wolf,2026-08-12 20:04:37.999681,1516639.68000000,3301612.08350000,2,586119.90000000,1094059.80000000
Stacey Wolf,2026-08-12 20:04:40.196678,1438565.62000000,6353991.27350000,3,519753.77000000,680999.70000000
Stacey Wolf,2026-08-12 20:04:34.932641,1198852.50350000,1198852.50350000,4,,586119.90000000
Stacey Wolf,2026-08-12 20:04:52.867335,1166671.74000000,11379022.85350000,5,2307959.70000000,194179.98000000
Stacey Wolf,2026-08-12 20:04:38.265150,1094059.80000000,4395671.88350000,6,1516639.68000000,519753.77000000
Stacey Wolf,2026-08-12 20:04:40.596424,680999.70000000,7034990.97350000,7,1438565.62000000,383472.53000000
Stacey Wolf,2026-08-12 20:04:36.151690,586119.90000000,1784972.40350000,8,1198852.50350000,1516639.68000000
Stacey Wolf,2026-08-12 20:04:39.630016,519753.77000000,4915425.65350000,9,1094059.80000000,1438565.62000000
Stacey Wolf,2026-08-12 20:04:44.663559,485927.91000000,7904391.41350000,10,383472.53000000,2307959.70000000
Stacey Wolf,2026-08-12 20:04:44.173658,383472.53000000,7418463.50350000,11,680999.70000000,485927.91000000
Stacey Wolf,2026-08-12 20:04:54.691955,347768.89800000,12013273.72150000,12,92301.99000000,
Stacey Wolf,2026-08-12 20:04:53.573002,194179.98000000,11573202.83350000,13,1166671.74000000,92301.99000000
Stacey Wolf,2026-08-12 20:04:54.553258,92301.99000000,11665504.82350000,14,194179.98000000,347768.89800000
Stella Delgado,2026-08-12 20:04:38.411948,2770139.70000000,5480105.31000000,1,1385069.85000000,191086.74900000
Stella Delgado,2026-08-12 20:04:47.933686,1829099.80000000,8644794.66900000,2,1144502.81000000,27049.98000000
Stella Delgado,2026-08-12 20:04:51.247097,1691549.75000000,11729278.05900000,3,1243487.68000000,115311.92000000
Stella Delgado,2026-08-12 20:04:37.322700,1385069.85000000,2709965.61000000,4,1324895.76000000,2770139.70000000
Stella Delgado,2026-08-12 20:04:34.695904,1324895.76000000,1324895.76000000,5,,1385069.85000000
Stella Delgado,2026-08-12 20:04:51.181687,1243487.68000000,10037728.30900000,6,122395.98000000,1691549.75000000
Stella Delgado,2026-08-12 20:04:46.809195,1144502.81000000,6815694.86900000,7,191086.74900000,1829099.80000000
Stella Delgado,2026-08-12 20:04:54.928612,870427.62000000,12715017.59900000,8,115311.92000000,
Stella Delgado,2026-08-12 20:04:43.957248,191086.74900000,5671192.05900000,9,2770139.70000000,1144502.81000000
Stella Delgado,2026-08-12 20:04:50.663824,122395.98000000,8794240.62900000,10,27049.98000000,1243487.68000000
Stella Delgado,2026-08-12 20:04:51.279773,115311.92000000,11844589.97900000,11,1691549.75000000,870427.62000000
Stella Delgado,2026-08-12 20:04:50.349958,27049.98000000,8671844.64900000,12,1829099.80000000,122395.98000000
Stephanie Roberts,2026-08-12 20:04:49.615502,2930591.68000000,5144296.55700000,1,455109.95000000,17652.42600000
Stephanie Roberts,2026-08-12 20:04:51.349257,2219151.53000000,7381100.51300000,2,17652.42600000,183167.68000000
Stephanie Roberts,2026-08-12 20:04:34.683650,1042098.14700000,1042098.14700000,3,,561240.81000000
Stephanie Roberts,2026-08-12 20:04:44.067462,561240.81000000,1603338.95700000,4,1042098.14700000,155255.97000000
Stephanie Roberts,2026-08-12 20:04:49.280572,455109.95000000,2213704.87700000,5,155255.97000000,2930591.68000000
Stephanie Roberts,2026-08-12 20:04:52.647002,183167.68000000,7564268.19300000,6,2219151.53000000,
Stephanie Roberts,2026-08-12 20:04:46.915120,155255.97000000,1758594.92700000,7,561240.81000000,455109.95000000
Stephanie Roberts,2026-08-12 20:04:49.889072,17652.42600000,5161948.98300000,8,2930591.68000000,2219151.53000000
Stephen Morgan,2026-08-12 20:04:36.045703,2125881.22050000,2125881.22050000,1,,931535.82000000
Stephen Morgan,2026-08-12 20:04:50.292853,2087123.61000000,8261513.77050000,2,93495.71000000,1706095.72000000
Stephen Morgan,2026-08-12 20:04:50.358100,1706095.72000000,9967609.49050000,3,2087123.61000000,
Stephen Morgan,2026-08-12 20:04:45.960492,1563701.79000000,5377646.71050000,4,756527.88000000,703247.74000000
Stephen Morgan,2026-08-12 20:04:39.365030,931535.82000000,3057417.04050000,5,2125881.22050000,756527.88000000
Stephen Morgan,2026-08-12 20:04:41.808059,756527.88000000,3813944.92050000,6,931535.82000000,1563701.79000000
Stephen Morgan,2026-08-12 20:04:46.784770,703247.74000000,6080894.45050000,7,1563701.79000000,93495.71000000
Stephen Morgan,2026-08-12 20:04:49.480596,93495.71000000,6174390.16050000,8,703247.74000000,2087123.61000000
Sterling Glass,2026-08-12 20:04:53.519932,4030340.59000000,10412912.37000000,1,142373.94000000,1835551.68000000
Sterling Glass,2026-08-12 20:04:40.123339,3219887.58000000,4694236.32000000,2,454841.91000000,1367636.59000000
Sterling Glass,2026-08-12 20:04:55.075418,2352356.86950000,14600820.91950000,3,1835551.68000000,
Sterling Glass,2026-08-12 20:04:54.136969,1835551.68000000,12248464.05000000,4,4030340.59000000,2352356.86950000
Sterling Glass,2026-08-12 20:04:42.660053,1367636.59000000,6061872.91000000,5,3219887.58000000,178324.93000000
Sterling Glass,2026-08-12 20:04:36.633235,1019506.83000000,1019506.83000000,6,,454841.91000000
Sterling Glass,2026-08-12 20:04:38.726160,454841.91000000,1474348.74000000,7,1019506.83000000,3219887.58000000
Sterling Glass,2026-08-12 20:04:47.729344,178324.93000000,6240197.84000000,8,1367636.59000000,142373.94000000
Sterling Glass,2026-08-12 20:04:50.953254,142373.94000000,6382571.78000000,9,178324.93000000,4030340.59000000
Steven Walker,2026-08-12 20:04:53.560752,3364635.56000000,9125373.67000000,1,606038.93000000,
Steven Walker,2026-08-12 20:04:45.703913,2981490.57000000,3308289.48000000,2,326798.91000000,1846409.70000000
Steven Walker,2026-08-12 20:04:49.562288,1846409.70000000,5154699.18000000,3,2981490.57000000,606038.93000000
Steven Walker,2026-08-12 20:04:53.161111,606038.93000000,5760738.11000000,4,1846409.70000000,3364635.56000000
Steven Walker,2026-08-12 20:04:37.428703,326798.91000000,326798.91000000,5,,2981490.57000000
Stuart Sweeney,2026-08-12 20:04:44.688080,3573643.57000000,10314483.33000000,1,1975028.79000000,1829471.66000000
Stuart Sweeney,2026-08-12 20:04:53.071257,2254017.74000000,16581621.32000000,2,1305875.74000000,64195.56000000
Stuart Sweeney,2026-08-12 20:04:37.237045,2023358.61000000,3801932.25000000,3,16048.89000000,741029.83000000
Stuart Sweeney,2026-08-12 20:04:42.998371,1975028.79000000,6740839.76000000,4,222848.89000000,3573643.57000000
Stuart Sweeney,2026-08-12 20:04:44.814714,1829471.66000000,12143954.99000000,5,3573643.57000000,337687.92000000
Stuart Sweeney,2026-08-12 20:04:33.944812,1762524.75000000,1762524.75000000,6,,16048.89000000
Stuart Sweeney,2026-08-12 20:04:50.411040,1305875.74000000,14327603.58000000,7,540084.93000000,2254017.74000000
Stuart Sweeney,2026-08-12 20:04:40.898580,741029.83000000,4542962.08000000,8,2023358.61000000,222848.89000000
Stuart Sweeney,2026-08-12 20:04:47.954112,540084.93000000,13021727.84000000,9,337687.92000000,1305875.74000000
Stuart Sweeney,2026-08-12 20:04:47.627200,337687.92000000,12481642.91000000,10,1829471.66000000,540084.93000000
Stuart Sweeney,2026-08-12 20:04:41.571615,222848.89000000,4765810.97000000,11,741029.83000000,1975028.79000000
Stuart Sweeney,2026-08-12 20:04:54.067518,64195.56000000,16645816.88000000,12,2254017.74000000,
Stuart Sweeney,2026-08-12 20:04:34.993769,16048.89000000,1778573.64000000,13,1762524.75000000,2023358.61000000
Susan Lopez,2026-08-12 20:04:44.802456,2428319.68000000,7549173.68750000,1,1930289.53000000,245729.70000000
Susan Lopez,2026-08-12 20:04:41.856920,1930289.53000000,5120854.00750000,2,1451242.86750000,2428319.68000000
Susan Lopez,2026-08-12 20:04:34.851058,1739321.61000000,1739321.61000000,3,,1451242.86750000
Susan Lopez,2026-08-12 20:04:39.026429,1451242.86750000,3190564.47750000,4,1739321.61000000,1930289.53000000
Susan Lopez,2026-08-12 20:04:48.088657,316490.51000000,8111393.89750000,5,245729.70000000,
Susan Lopez,2026-08-12 20:04:44.826946,245729.70000000,7794903.38750000,6,2428319.68000000,316490.51000000
Susie Valencia,2026-08-12 20:04:41.416656,4642800.53000000,5942211.95000000,1,1294719.65000000,1269017.82000000
Susie Valencia,2026-08-12 20:04:44.251147,3749087.58000000,10960317.35000000,2,1269017.82000000,1166063.52000000
Susie Valencia,2026-08-12 20:04:48.712967,2345199.74000000,14471580.61000000,3,1166063.52000000,1588391.82000000
Susie Valencia,2026-08-12 20:04:53.625993,2224149.75000000,18784137.85000000,4,500015.67000000,
Susie Valencia,2026-08-12 20:04:49.754300,1588391.82000000,16059972.43000000,5,2345199.74000000,500015.67000000
Susie Valencia,2026-08-12 20:04:38.252929,1294719.65000000,1299411.42000000,6,4691.77000000,4642800.53000000
Susie Valencia,2026-08-12 20:04:43.455378,1269017.82000000,7211229.77000000,7,4642800.53000000,3749087.58000000
Susie Valencia,2026-08-12 20:04:45.210373,1166063.52000000,12126380.87000000,8,3749087.58000000,2345199.74000000
Susie Valencia,2026-08-12 20:04:52.655168,500015.67000000,16559988.10000000,9,1588391.82000000,2224149.75000000
Susie Valencia,2026-08-12 20:04:36.755869,4691.77000000,4691.77000000,10,,1294719.65000000
Suzanne Holland,2026-08-12 20:04:44.540971,3135658.11750000,4319937.81750000,1,1184279.70000000,97337.97000000
Suzanne Holland,2026-08-12 20:04:35.299701,1184279.70000000,1184279.70000000,2,,3135658.11750000
Suzanne Holland,2026-08-12 20:04:51.924877,97337.97000000,4417275.78750000,3,3135658.11750000,
Tami Mclean,2026-08-12 20:04:54.834748,1967231.52000000,6139233.47650000,1,935331.81000000,
Tami Mclean,2026-08-12 20:04:40.755677,1209729.81000000,2306718.50650000,2,925649.90650000,79343.91000000
Tami Mclean,2026-08-12 20:04:54.463546,935331.81000000,4172001.95650000,3,850607.73000000,1967231.52000000
Tami Mclean,2026-08-12 20:04:39.222135,925649.90650000,1096988.69650000,4,171338.79000000,1209729.81000000
Tami Mclean,2026-08-12 20:04:49.623665,850607.73000000,3236670.14650000,5,79343.91000000,935331.81000000
Tami Mclean,2026-08-12 20:04:37.677589,171338.79000000,171338.79000000,6,,925649.90650000
Tami Mclean,2026-08-12 20:04:44.577753,79343.91000000,2386062.41650000,7,1209729.81000000,850607.73000000
Tammy Franklin,2026-08-12 20:04:47.753886,4347349.50000000,28000459.75800000,1,2437973.67000000,102029.81000000
Tammy Franklin,2026-08-12 20:04:44.818799,4057659.54000000,19427842.01800000,2,2214598.11750000,1787294.57000000
Tammy Franklin,2026-08-12 20:04:48.455929,3163395.59000000,31265885.15800000,3,102029.81000000,
Tammy Franklin,2026-08-12 20:04:41.783620,3084059.58000000,9700479.01050000,4,879803.88000000,401813.79000000
Tammy Franklin,2026-08-12 20:04:42.529433,3053291.56000000,13155584.36050000,5,401813.79000000,2214598.11750000
Tammy Franklin,2026-08-12 20:04:46.209453,2437973.67000000,23653110.25800000,6,1787294.57000000,4347349.50000000
Tammy Franklin,2026-08-12 20:04:43.724603,2214598.11750000,15370182.47800000,7,3053291.56000000,4057659.54000000
Tammy Franklin,2026-08-12 20:04:36.853953,1858859.70000000,4455099.91050000,8,24632.94050000,542282.83000000
Tammy Franklin,2026-08-12 20:04:45.548922,1787294.57000000,21215136.58800000,9,4057659.54000000,2437973.67000000
Tammy Franklin,2026-08-12 20:04:34.328426,1294325.73000000,1294325.73000000,10,,1277281.54000000
Tammy Franklin,2026-08-12 20:04:35.515662,1277281.54000000,2571607.27000000,11,1294325.73000000,24632.94050000
Tammy Franklin,2026-08-12 20:04:38.489523,879803.88000000,6616419.43050000,12,739232.81000000,3084059.58000000
Tammy Franklin,2026-08-12 20:04:37.526594,739232.81000000,5736615.55050000,13,542282.83000000,879803.88000000
Tammy Franklin,2026-08-12 20:04:37.241130,542282.83000000,4997382.74050000,14,1858859.70000000,739232.81000000
Tammy Franklin,2026-08-12 20:04:41.995536,401813.79000000,10102292.80050000,15,3084059.58000000,3053291.56000000
Tammy Franklin,2026-08-12 20:04:48.260023,102029.81000000,28102489.56800000,16,4347349.50000000,3163395.59000000
Tammy Franklin,2026-08-12 20:04:36.086414,24632.94050000,2596240.21050000,17,1277281.54000000,1858859.70000000
Ted Bentley,2026-08-12 20:04:46.376771,2758617.53000000,4698513.07300000,1,80263.49400000,1468867.83000000
Ted Bentley,2026-08-12 20:04:48.614970,2451804.71000000,8619185.61300000,2,1468867.83000000,
Ted Bentley,2026-08-12 20:04:37.066144,1836515.67000000,1859632.04900000,3,23116.37900000,80263.49400000
Ted Bentley,2026-08-12 20:04:48.235582,1468867.83000000,6167380.90300000,4,2758617.53000000,2451804.71000000
Ted Bentley,2026-08-12 20:04:40.388491,80263.49400000,1939895.54300000,5,1836515.67000000,2758617.53000000
Ted Bentley,2026-08-12 20:04:36.653674,23116.37900000,23116.37900000,6,,1836515.67000000
Teresa Alexander,2026-08-12 20:04:52.067830,2874807.57000000,5391299.29000000,1,189259.96000000,2008911.54000000
Teresa Alexander,2026-08-12 20:04:54.965388,2548905.54000000,13030123.57000000,2,1362851.64000000,
Teresa Alexander,2026-08-12 20:04:35.091656,2327231.76000000,2327231.76000000,3,,189259.96000000
Teresa Alexander,2026-08-12 20:04:53.364999,2008911.54000000,7400210.83000000,4,2874807.57000000,1718155.56000000
Teresa Alexander,2026-08-12 20:04:54.320585,1718155.56000000,9118366.39000000,5,2008911.54000000,1362851.64000000
Teresa Alexander,2026-08-12 20:04:54.402266,1362851.64000000,10481218.03000000,6,1718155.56000000,2548905.54000000
Teresa Alexander,2026-08-12 20:04:37.436848,189259.96000000,2516491.72000000,7,2327231.76000000,2874807.57000000
Teri Valencia,2026-08-12 20:04:46.711438,3349699.50000000,13159515.36300000,1,2128598.67000000,784391.71000000
Teri Valencia,2026-08-12 20:04:46.037931,2128598.67000000,9809815.86300000,2,731813.94300000,3349699.50000000
Teri Valencia,2026-08-12 20:04:41.575706,1562549.70000000,4381717.02000000,3,1250495.74000000,272735.82000000
Teri Valencia,2026-08-12 20:04:40.914916,1250495.74000000,2819167.32000000,4,5723.99000000,1562549.70000000
Teri Valencia,2026-08-12 20:04:43.051406,1242274.75000000,6865527.27000000,5,968799.68000000,83875.98000000
Teri Valencia,2026-08-12 20:04:48.219258,1121217.66000000,15065124.73300000,6,784391.71000000,417325.74000000
Teri Valencia,2026-08-12 20:04:42.912784,968799.68000000,5623252.52000000,7,272735.82000000,1242274.75000000
Teri Valencia,2026-08-12 20:04:47.292458,784391.71000000,13943907.07300000,8,3349699.50000000,1121217.66000000
Teri Valencia,2026-08-12 20:04:38.452761,780740.91000000,1051010.88000000,9,270269.97000000,511936.71000000
Teri Valencia,2026-08-12 20:04:45.874969,731813.94300000,7681217.19300000,10,83875.98000000,2128598.67000000
Teri Valencia,2026-08-12 20:04:39.242495,511936.71000000,1562947.59000000,11,780740.91000000,5723.99000000
Teri Valencia,2026-08-12 20:04:53.895715,491869.24500000,16497902.52250000,12,196066.92450000,
Teri Valencia,2026-08-12 20:04:49.243837,417325.74000000,15482450.47300000,13,1121217.66000000,327515.88000000
Teri Valencia,2026-08-12 20:04:52.084164,327515.88000000,15809966.35300000,14,417325.74000000,196066.92450000
Teri Valencia,2026-08-12 20:04:41.860991,272735.82000000,4654452.84000000,15,1562549.70000000,968799.68000000
Teri Valencia,2026-08-12 20:04:34.406000,270269.97000000,270269.97000000,16,,780740.91000000
Teri Valencia,2026-08-12 20:04:52.781526,196066.92450000,16006033.27750000,17,327515.88000000,491869.24500000
Teri Valencia,2026-08-12 20:04:43.300359,83875.98000000,6949403.25000000,18,1242274.75000000,731813.94300000
Teri Valencia,2026-08-12 20:04:39.980768,5723.99000000,1568671.58000000,19,511936.71000000,1250495.74000000
Terrence Brennan,2026-08-12 20:04:45.173670,2274518.61000000,3772231.97000000,1,638640.77000000,922031.76000000
Terrence Brennan,2026-08-12 20:04:49.844202,922031.76000000,4694263.73000000,2,2274518.61000000,789519.80000000
Terrence Brennan,2026-08-12 20:04:40.482304,859072.59000000,859072.59000000,3,,638640.77000000
Terrence Brennan,2026-08-12 20:04:50.871607,789519.80000000,5483783.53000000,4,922031.76000000,
Terrence Brennan,2026-08-12 20:04:43.573561,638640.77000000,1497713.36000000,5,859072.59000000,2274518.61000000
Terry Ford,2026-08-12 20:04:47.517071,2284559.62000000,9210440.73200000,1,233195.94000000,5915.71000000
Terry Ford,2026-08-12 20:04:35.401597,1723619.56200000,1854376.45200000,2,130756.89000000,1399184.55000000
Terry Ford,2026-08-12 20:04:43.900174,1544623.81000000,4798184.81200000,3,1399184.55000000,1016909.55000000
Terry Ford,2026-08-12 20:04:39.956272,1399184.55000000,3253561.00200000,4,1723619.56200000,1544623.81000000
Terry Ford,2026-08-12 20:04:44.471541,1016909.55000000,5815094.36200000,5,1544623.81000000,877590.81000000
Terry Ford,2026-08-12 20:04:44.965457,877590.81000000,6692685.17200000,6,1016909.55000000,233195.94000000
Terry Ford,2026-08-12 20:04:52.528710,862883.82000000,10895896.02200000,7,187862.87000000,
Terry Ford,2026-08-12 20:04:51.267519,628792.89000000,9845149.33200000,8,5915.71000000,187862.87000000
Terry Ford,2026-08-12 20:04:46.446141,233195.94000000,6925881.11200000,9,877590.81000000,2284559.62000000
Terry Ford,2026-08-12 20:04:51.798576,187862.87000000,10033012.20200000,10,628792.89000000,862883.82000000
Terry Ford,2026-08-12 20:04:34.340666,130756.89000000,130756.89000000,11,,1723619.56200000
Terry Ford,2026-08-12 20:04:51.087800,5915.71000000,9216356.44200000,12,2284559.62000000,628792.89000000
Thaddeus Conway,2026-08-12 20:04:50.003252,3024139.65000000,10348399.05750000,1,1908587.62000000,1181114.87000000
Thaddeus Conway,2026-08-12 20:04:49.329498,1908587.62000000,7324259.40750000,2,1380275.82000000,3024139.65000000
Thaddeus Conway,2026-08-12 20:04:40.253699,1721487.66000000,2065618.61750000,3,344130.95750000,189131.97000000
Thaddeus Conway,2026-08-12 20:04:47.533365,1380275.82000000,5415671.78750000,4,1343705.58000000,1908587.62000000
Thaddeus Conway,2026-08-12 20:04:45.931986,1343705.58000000,4035395.96750000,5,436939.80000000,1380275.82000000
Thaddeus Conway,2026-08-12 20:04:54.761265,1181114.87000000,11529513.92750000,6,3024139.65000000,58653.98000000
Thaddeus Conway,2026-08-12 20:04:45.092027,436939.80000000,2691690.38750000,7,189131.97000000,1343705.58000000
Thaddeus Conway,2026-08-12 20:04:37.207643,344130.95750000,344130.95750000,8,,1721487.66000000
Thaddeus Conway,2026-08-12 20:04:43.222770,189131.97000000,2254750.58750000,9,1721487.66000000,436939.80000000
Thaddeus Conway,2026-08-12 20:04:54.855175,58653.98000000,11588167.90750000,10,1181114.87000000,
Theresa Austin,2026-08-12 20:04:54.459464,4616899.50000000,20391562.85000000,1,1220949.50000000,
Theresa Austin,2026-08-12 20:04:36.380099,3169853.66000000,3517153.56000000,2,347299.90000000,156254.97000000
Theresa Austin,2026-08-12 20:04:40.690406,2614863.72000000,8697895.76000000,3,2409623.51000000,115295.97000000
Theresa Austin,2026-08-12 20:04:44.863617,2508154.53000000,11321346.26000000,4,115295.97000000,1608159.80000000
Theresa Austin,2026-08-12 20:04:38.163185,2409623.51000000,6083032.04000000,5,156254.97000000,2614863.72000000
Theresa Austin,2026-08-12 20:04:47.725257,1608159.80000000,12929506.06000000,6,2508154.53000000,912317.89000000
Theresa Austin,2026-08-12 20:04:53.952872,1220949.50000000,15774663.35000000,7,711889.90000000,4616899.50000000
Theresa Austin,2026-08-12 20:04:51.851542,912317.89000000,13841823.95000000,8,1608159.80000000,711889.90000000
Theresa Austin,2026-08-12 20:04:52.169861,711889.90000000,14553713.85000000,9,912317.89000000,1220949.50000000
Theresa Austin,2026-08-12 20:04:35.911243,347299.90000000,347299.90000000,10,,3169853.66000000
Theresa Austin,2026-08-12 20:04:37.938386,156254.97000000,3673408.53000000,11,3169853.66000000,2409623.51000000
Theresa Austin,2026-08-12 20:04:43.536911,115295.97000000,8813191.73000000,12,2614863.72000000,2508154.53000000
Theresa Gardner,2026-08-12 20:04:40.694479,2588217.62000000,2588217.62000000,1,,1040315.88000000
Theresa Gardner,2026-08-12 20:04:48.341517,2556318.58550000,7074424.32850000,2,889572.24300000,1184069.38850000
Theresa Gardner,2026-08-12 20:04:52.940784,1184069.38850000,8258493.71700000,3,2556318.58550000,775683.74000000
Theresa Gardner,2026-08-12 20:04:43.651116,1040315.88000000,3628533.50000000,4,2588217.62000000,889572.24300000
Theresa Gardner,2026-08-12 20:04:45.891267,889572.24300000,4518105.74300000,5,1040315.88000000,2556318.58550000
Theresa Gardner,2026-08-12 20:04:53.732346,775683.74000000,9034177.45700000,6,1184069.38850000,552827.54000000
Theresa Gardner,2026-08-12 20:04:53.985464,552827.54000000,9587004.99700000,7,775683.74000000,
Thomas Anderson,2026-08-12 20:04:38.595718,2228940.98350000,2319180.68350000,1,90239.70000000,540809.55000000
Thomas Anderson,2026-08-12 20:04:53.916112,1626236.83000000,4910254.59550000,2,424027.53200000,1490773.71000000
Thomas Anderson,2026-08-12 20:04:53.936494,1490773.71000000,6401028.30550000,3,1626236.83000000,
Thomas Anderson,2026-08-12 20:04:48.590483,540809.55000000,2859990.23350000,4,2228940.98350000,424027.53200000
Thomas Anderson,2026-08-12 20:04:50.207282,424027.53200000,3284017.76550000,5,540809.55000000,1626236.83000000
Thomas Anderson,2026-08-12 20:04:38.056864,90239.70000000,90239.70000000,6,,2228940.98350000
Timothy Gomez,2026-08-12 20:04:38.130430,4884449.50000000,9535670.32250000,1,2195715.62000000,985871.77000000
Timothy Gomez,2026-08-12 20:04:45.263313,2992879.60000000,17317218.56050000,2,297878.69000000,1027445.66000000
Timothy Gomez,2026-08-12 20:04:34.757182,2455505.20250000,2455505.20250000,3,,2195715.62000000
Timothy Gomez,2026-08-12 20:04:36.862127,2195715.62000000,4651220.82250000,4,2455505.20250000,4884449.50000000
Timothy Gomez,2026-08-12 20:04:41.490158,1977760.63000000,13283502.57250000,5,784199.85000000,742957.69800000
Timothy Gomez,2026-08-12 20:04:46.527760,1027445.66000000,18344664.22050000,6,2992879.60000000,574539.90000000
Timothy Gomez,2026-08-12 20:04:38.587556,985871.77000000,10521542.09250000,7,4884449.50000000,784199.85000000
Timothy Gomez,2026-08-12 20:04:49.766549,809517.57000000,19728721.69050000,8,574539.90000000,480179.80000000
Timothy Gomez,2026-08-12 20:04:39.405850,784199.85000000,11305741.94250000,9,985871.77000000,1977760.63000000
Timothy Gomez,2026-08-12 20:04:42.072994,742957.69800000,14026460.27050000,10,1977760.63000000,297878.69000000
Timothy Gomez,2026-08-12 20:04:47.316991,574539.90000000,18919204.12050000,11,1027445.66000000,809517.57000000
Timothy Gomez,2026-08-12 20:04:54.312429,480179.80000000,20208901.49050000,12,809517.57000000,
Timothy Gomez,2026-08-12 20:04:44.194050,297878.69000000,14324338.96050000,13,742957.69800000,2992879.60000000
Toby Kirk,2026-08-12 20:04:45.145100,3435669.65000000,12595913.95150000,1,151519.90000000,121465.98000000
Toby Kirk,2026-08-12 20:04:42.464104,3075115.53000000,7372674.70150000,2,1191391.84000000,1636049.70000000
Toby Kirk,2026-08-12 20:04:38.828221,3029291.64000000,3029291.64000000,3,,76875.69150000
Toby Kirk,2026-08-12 20:04:43.439041,1636049.70000000,9008724.40150000,4,3075115.53000000,151519.90000000
Toby Kirk,2026-08-12 20:04:39.381310,1191391.84000000,4297559.17150000,5,76875.69150000,3075115.53000000
Toby Kirk,2026-08-12 20:04:49.590951,674955.81000000,13392335.74150000,6,121465.98000000,
Toby Kirk,2026-08-12 20:04:44.283771,151519.90000000,9160244.30150000,7,1636049.70000000,3435669.65000000
Toby Kirk,2026-08-12 20:04:45.397927,121465.98000000,12717379.93150000,8,3435669.65000000,674955.81000000
Toby Kirk,2026-08-12 20:04:39.148773,76875.69150000,3106167.33150000,9,3029291.64000000,1191391.84000000
Tommy Oneal,2026-08-12 20:04:36.649588,2680281.54000000,2680281.54000000,1,,186809.70000000
Tommy Oneal,2026-08-12 20:04:48.663983,2289951.72000000,5157042.96000000,2,186809.70000000,1136306.71000000
Tommy Oneal,2026-08-12 20:04:49.782887,1136306.71000000,6293349.67000000,3,2289951.72000000,312064.95000000
Tommy Oneal,2026-08-12 20:04:52.708171,312064.95000000,6605414.62000000,4,1136306.71000000,
Tommy Oneal,2026-08-12 20:04:43.422725,186809.70000000,2867091.24000000,5,2680281.54000000,2289951.72000000
Tracey Johnston,2026-08-12 20:04:42.712986,2812071.71000000,5806176.47000000,1,1022286.69000000,1419914.79000000
Tracey Johnston,2026-08-12 20:04:45.324443,1419914.79000000,7226091.26000000,2,2812071.71000000,727855.92000000
Tracey Johnston,2026-08-12 20:04:36.710833,1144688.61000000,1971818.07000000,3,184889.70000000,1022286.69000000
Tracey Johnston,2026-08-12 20:04:38.624282,1022286.69000000,2994104.76000000,4,1144688.61000000,2812071.71000000
Tracey Johnston,2026-08-12 20:04:47.280224,727855.92000000,7953947.18000000,5,1419914.79000000,406028.61000000
Tracey Johnston,2026-08-12 20:04:35.952036,642239.76000000,642239.76000000,6,,184889.70000000
Tracey Johnston,2026-08-12 20:04:54.459464,406028.61000000,8359975.79000000,7,727855.92000000,
Tracey Johnston,2026-08-12 20:04:36.502604,184889.70000000,827129.46000000,8,642239.76000000,1144688.61000000
Tracy Alvarez,2026-08-12 20:04:44.149201,255707.97000000,255707.97000000,1,,
Trevor Greer,2026-08-12 20:04:50.757581,1617134.61000000,2996348.34000000,1,1379213.73000000,1616887.72000000
Trevor Greer,2026-08-12 20:04:52.744855,1616887.72000000,4613236.06000000,2,1617134.61000000,95983.84000000
Trevor Greer,2026-08-12 20:04:35.450469,1379213.73000000,1379213.73000000,3,,1617134.61000000
Trevor Greer,2026-08-12 20:04:53.373161,95983.84000000,4709219.90000000,4,1616887.72000000,
Troy Joseph,2026-08-12 20:04:49.292807,2937269.70000000,9315849.14000000,1,423849.86000000,2488139.70000000
Troy Joseph,2026-08-12 20:04:51.443249,2488139.70000000,11803988.84000000,2,2937269.70000000,950372.73000000
Troy Joseph,2026-08-12 20:04:40.800548,2291395.69000000,5365826.00000000,3,871039.60000000,208519.90000000
Troy Joseph,2026-08-12 20:04:38.028279,2203390.71000000,2203390.71000000,4,,871039.60000000
Troy Joseph,2026-08-12 20:04:55.103990,950372.73000000,12754361.57000000,5,2488139.70000000,
Troy Joseph,2026-08-12 20:04:38.644639,871039.60000000,3074430.31000000,6,2203390.71000000,2291395.69000000
Troy Joseph,2026-08-12 20:04:46.184980,423849.86000000,6378579.44000000,7,380383.68000000,2937269.70000000
Troy Joseph,2026-08-12 20:04:45.381551,380383.68000000,5954729.58000000,8,208519.90000000,423849.86000000
Troy Joseph,2026-08-12 20:04:44.585915,208519.90000000,5574345.90000000,9,2291395.69000000,380383.68000000
Tyler Foster,2026-08-12 20:04:47.672139,1419659.55000000,2279238.36000000,1,859578.81000000,516248.91000000
Tyler Foster,2026-08-12 20:04:46.943657,859578.81000000,859578.81000000,2,,1419659.55000000
Tyler Foster,2026-08-12 20:04:52.226930,516248.91000000,2795487.27000000,3,1419659.55000000,
Tyson Oneal,2026-08-12 20:04:41.759193,3485873.58000000,4051653.48000000,1,565779.90000000,1196144.81000000
Tyson Oneal,2026-08-12 20:04:43.385968,1196144.81000000,5247798.29000000,2,3485873.58000000,418580.91000000
Tyson Oneal,2026-08-12 20:04:49.043693,1176440.51000000,7575617.60000000,3,732797.89000000,
Tyson Oneal,2026-08-12 20:04:48.357834,732797.89000000,6399177.09000000,4,418580.91000000,1176440.51000000
Tyson Oneal,2026-08-12 20:04:39.691136,565779.90000000,565779.90000000,5,,3485873.58000000
Tyson Oneal,2026-08-12 20:04:46.176703,418580.91000000,5666379.20000000,6,1196144.81000000,732797.89000000
Velma Brennan,2026-08-12 20:04:42.602934,1508434.71000000,1703050.37000000,1,194615.66000000,538247.59000000
Velma Brennan,2026-08-12 20:04:53.026430,538247.59000000,2241297.96000000,2,1508434.71000000,
Velma Brennan,2026-08-12 20:04:38.832302,194615.66000000,194615.66000000,3,,1508434.71000000
Verna Krause,2026-08-12 20:04:53.654618,1841423.61000000,7348548.53650000,1,1788998.04300000,
Verna Krause,2026-08-12 20:04:53.144771,1788998.04300000,5507124.92650000,2,50537.99000000,1841423.61000000
Verna Krause,2026-08-12 20:04:47.221056,1199123.82000000,1446496.76000000,3,62412.99000000,366963.96000000
Verna Krause,2026-08-12 20:04:51.945260,664715.87000000,3607903.94350000,4,271991.72000000,59684.95000000
Verna Krause,2026-08-12 20:04:48.345592,507041.83000000,2422984.53000000,5,102481.98000000,248211.82350000
Verna Krause,2026-08-12 20:04:47.484492,366963.96000000,1813460.72000000,6,1199123.82000000,102481.98000000
Verna Krause,2026-08-12 20:04:51.578036,271991.72000000,2943188.07350000,7,248211.82350000,664715.87000000
Verna Krause,2026-08-12 20:04:50.998101,248211.82350000,2671196.35350000,8,507041.83000000,271991.72000000
Verna Krause,2026-08-12 20:04:34.050831,184959.95000000,184959.95000000,9,,62412.99000000
Verna Krause,2026-08-12 20:04:47.619044,102481.98000000,1915942.70000000,10,366963.96000000,507041.83000000
Verna Krause,2026-08-12 20:04:37.697977,62412.99000000,247372.94000000,11,184959.95000000,1199123.82000000
Verna Krause,2026-08-12 20:04:52.475723,59684.95000000,3667588.89350000,12,664715.87000000,50537.99000000
Verna Krause,2026-08-12 20:04:53.010133,50537.99000000,3718126.88350000,13,59684.95000000,1788998.04300000
Vernon Hood,2026-08-12 20:04:42.317417,2678325.91950000,2826105.86950000,1,147779.95000000,26486.97000000
Vernon Hood,2026-08-12 20:04:51.590281,1443039.60000000,5289157.04950000,2,993524.61000000,125639.98000000
Vernon Hood,2026-08-12 20:04:45.699843,993524.61000000,3846117.44950000,3,26486.97000000,1443039.60000000
Vernon Hood,2026-08-12 20:04:54.810241,783080.87000000,6197877.89950000,4,125639.98000000,
Vernon Hood,2026-08-12 20:04:37.828365,147779.95000000,147779.95000000,5,,2678325.91950000
Vernon Hood,2026-08-12 20:04:54.785745,125639.98000000,5414797.02950000,6,1443039.60000000,783080.87000000
Vernon Hood,2026-08-12 20:04:42.676342,26486.97000000,2852592.83950000,7,2678325.91950000,993524.61000000
Victoria Willis,2026-08-12 20:04:35.523832,1580527.84000000,1580527.84000000,1,,207663.92000000
Victoria Willis,2026-08-12 20:04:52.524638,688679.55000000,3397435.83000000,2,366490.81000000,
Victoria Willis,2026-08-12 20:04:39.752240,554073.71000000,2342265.47000000,3,207663.92000000,366490.81000000
Victoria Willis,2026-08-12 20:04:48.880400,366490.81000000,2708756.28000000,4,554073.71000000,688679.55000000
Victoria Willis,2026-08-12 20:04:38.758876,207663.92000000,1788191.76000000,5,1580527.84000000,554073.71000000
Virginia Russell,2026-08-12 20:04:47.688497,1981367.73000000,4739999.63300000,1,1168607.68000000,981444.81000000
Virginia Russell,2026-08-12 20:04:44.957306,1168607.68000000,2758631.90300000,2,39939.80000000,1981367.73000000
Virginia Russell,2026-08-12 20:04:39.038669,1038916.89000000,1550084.42300000,3,439782.77000000,39939.80000000
Virginia Russell,2026-08-12 20:04:47.835609,981444.81000000,5721444.44300000,4,1981367.73000000,229559.85000000
Virginia Russell,2026-08-12 20:04:51.390119,735038.91000000,6964083.14300000,5,278039.94000000,
Virginia Russell,2026-08-12 20:04:35.552413,439782.77000000,511167.53300000,6,15323.88000000,1038916.89000000
Virginia Russell,2026-08-12 20:04:50.537508,278039.94000000,6229044.23300000,7,229559.85000000,735038.91000000
Virginia Russell,2026-08-12 20:04:48.284464,229559.85000000,5951004.29300000,8,981444.81000000,278039.94000000
Virginia Russell,2026-08-12 20:04:33.875537,56060.88300000,56060.88300000,9,,15323.88000000
Virginia Russell,2026-08-12 20:04:44.238917,39939.80000000,1590024.22300000,10,1038916.89000000,1168607.68000000
Virginia Russell,2026-08-12 20:04:35.275241,15323.88000000,71384.76300000,11,56060.88300000,439782.77000000
Wallace Roy,2026-08-12 20:04:42.358177,3079313.58000000,6838844.91500000,1,1892599.60000000,53174.95000000
Wallace Roy,2026-08-12 20:04:49.096744,3061004.36850000,10257923.16350000,2,304898.93000000,1081399.50000000
Wallace Roy,2026-08-12 20:04:39.507874,1892599.60000000,3759531.33500000,3,1265853.83000000,3079313.58000000
Wallace Roy,2026-08-12 20:04:52.859186,1495805.74000000,13887679.99350000,4,1052551.59000000,
Wallace Roy,2026-08-12 20:04:39.499677,1265853.83000000,1866931.73500000,5,517921.91500000,1892599.60000000
Wallace Roy,2026-08-12 20:04:49.770632,1081399.50000000,11339322.66350000,6,3061004.36850000,1052551.59000000
Wallace Roy,2026-08-12 20:04:50.761653,1052551.59000000,12391874.25350000,7,1081399.50000000,1495805.74000000
Wallace Roy,2026-08-12 20:04:38.350764,517921.91500000,601077.90500000,8,83155.99000000,1265853.83000000
Wallace Roy,2026-08-12 20:04:45.842403,304898.93000000,7196918.79500000,9,53174.95000000,3061004.36850000
Wallace Roy,2026-08-12 20:04:35.462692,83155.99000000,83155.99000000,10,,517921.91500000
Wallace Roy,2026-08-12 20:04:43.467610,53174.95000000,6892019.86500000,11,3079313.58000000,304898.93000000
Walter Patterson,2026-08-12 20:04:34.079425,3034749.54300000,3034749.54300000,1,,40517.98000000
Walter Patterson,2026-08-12 20:04:47.717100,2169777.74000000,6516506.07300000,2,1271460.81000000,433659.95000000
Walter Patterson,2026-08-12 20:04:54.724581,2130899.75000000,9243466.60300000,3,162400.83000000,
Walter Patterson,2026-08-12 20:04:41.029202,1271460.81000000,4346728.33300000,4,40517.98000000,2169777.74000000
Walter Patterson,2026-08-12 20:04:48.431390,433659.95000000,6950166.02300000,5,2169777.74000000,162400.83000000
Walter Patterson,2026-08-12 20:04:53.471018,162400.83000000,7112566.85300000,6,433659.95000000,2130899.75000000
Walter Patterson,2026-08-12 20:04:34.626518,40517.98000000,3075267.52300000,7,3034749.54300000,1271460.81000000
Wayne Wagner,2026-08-12 20:04:45.340759,2067294.53000000,2067294.53000000,1,,
Wesley Todd,2026-08-12 20:04:51.455501,2047895.73000000,2673071.23000000,1,316307.57000000,1747563.72000000
Wesley Todd,2026-08-12 20:04:52.985652,1747563.72000000,4420634.95000000,2,2047895.73000000,267483.86000000
Wesley Todd,2026-08-12 20:04:49.982887,316307.57000000,625175.50000000,3,308867.93000000,2047895.73000000
Wesley Todd,2026-08-12 20:04:45.536663,308867.93000000,308867.93000000,4,,316307.57000000
Wesley Todd,2026-08-12 20:04:52.997909,267483.86000000,4688118.81000000,5,1747563.72000000,
Wilbert Lambert,2026-08-12 20:04:50.834947,2465887.68000000,7263118.44000000,1,914279.60000000,1603907.82000000
Wilbert Lambert,2026-08-12 20:04:44.353082,2461879.60000000,2615551.56000000,2,153671.96000000,1267399.60000000
Wilbert Lambert,2026-08-12 20:04:50.981776,1603907.82000000,8867026.26000000,3,2465887.68000000,173853.98000000
Wilbert Lambert,2026-08-12 20:04:46.119551,1267399.60000000,3882951.16000000,4,2461879.60000000,914279.60000000
Wilbert Lambert,2026-08-12 20:04:48.770142,914279.60000000,4797230.76000000,5,1267399.60000000,2465887.68000000
Wilbert Lambert,2026-08-12 20:04:53.859011,173853.98000000,9040880.24000000,6,1603907.82000000,
Wilbert Lambert,2026-08-12 20:04:39.650371,153671.96000000,153671.96000000,7,,2461879.60000000
Wilbur Serrano,2026-08-12 20:04:41.587999,2151182.69000000,9536425.26000000,1,1567435.74000000,1733039.70000000
Wilbur Serrano,2026-08-12 20:04:35.038623,2036024.75000000,3997977.13000000,2,1272816.87000000,1819829.70000000
Wilbur Serrano,2026-08-12 20:04:49.917608,1939365.74000000,13372114.64000000,3,163283.94000000,508451.93000000
Wilbur Serrano,2026-08-12 20:04:36.408680,1819829.70000000,5817806.83000000,4,2036024.75000000,1567435.74000000
Wilbur Serrano,2026-08-12 20:04:42.908704,1733039.70000000,11269464.96000000,5,2151182.69000000,163283.94000000
Wilbur Serrano,2026-08-12 20:04:40.249613,1567435.74000000,7385242.57000000,6,1819829.70000000,2151182.69000000
Wilbur Serrano,2026-08-12 20:04:34.920408,1272816.87000000,1961952.38000000,7,689135.51000000,2036024.75000000
Wilbur Serrano,2026-08-12 20:04:34.201871,689135.51000000,689135.51000000,8,,1272816.87000000
Wilbur Serrano,2026-08-12 20:04:52.271746,508451.93000000,13880566.57000000,9,1939365.74000000,
Wilbur Serrano,2026-08-12 20:04:49.778802,163283.94000000,11432748.90000000,10,1733039.70000000,1939365.74000000
Willard Vinson,2026-08-12 20:04:49.362197,2495099.70000000,6129224.22000000,1,1639250.73000000,23599.50000000
Willard Vinson,2026-08-12 20:04:54.157360,2058448.71000000,8211272.43000000,2,23599.50000000,1360064.65000000
Willard Vinson,2026-08-12 20:04:35.010076,1994873.79000000,1994873.79000000,3,,1639250.73000000
Willard Vinson,2026-08-12 20:04:45.026603,1639250.73000000,3634124.52000000,4,1994873.79000000,2495099.70000000
Willard Vinson,2026-08-12 20:04:54.181808,1360064.65000000,9571337.08000000,5,2058448.71000000,
Willard Vinson,2026-08-12 20:04:53.867170,23599.50000000,6152823.72000000,6,2495099.70000000,2058448.71000000
William Miller,2026-08-12 20:04:44.059300,3970121.54000000,4596971.09000000,1,626849.55000000,1527605.73000000
William Miller,2026-08-12 20:04:46.564507,1527605.73000000,6124576.82000000,2,3970121.54000000,
William Miller,2026-08-12 20:04:36.290334,626849.55000000,626849.55000000,3,,3970121.54000000
Willie Nichols,2026-08-12 20:04:41.653249,2476361.51000000,7172416.67000000,1,66122.73000000,653519.80000000
Willie Nichols,2026-08-12 20:04:50.606753,2386193.69000000,11645587.90000000,2,1433457.74000000,
Willie Nichols,2026-08-12 20:04:38.844550,2090659.74000000,4629932.43000000,3,1563245.82000000,66122.73000000
Willie Nichols,2026-08-12 20:04:37.946559,1563245.82000000,2539272.69000000,4,976026.87000000,2090659.74000000
Willie Nichols,2026-08-12 20:04:44.169584,1433457.74000000,9259394.21000000,5,653519.80000000,2386193.69000000
Willie Nichols,2026-08-12 20:04:37.681667,976026.87000000,976026.87000000,6,,1563245.82000000
Willie Nichols,2026-08-12 20:04:43.630699,653519.80000000,7825936.47000000,7,2476361.51000000,1433457.74000000
Willie Nichols,2026-08-12 20:04:40.327223,66122.73000000,4696055.16000000,8,2090659.74000000,2476361.51000000
Winifred Bender,2026-08-12 20:04:50.402899,3286279.60000000,14638875.07000000,1,2763023.52000000,2099424.75000000
Winifred Bender,2026-08-12 20:04:48.255950,2763023.52000000,11352595.47000000,2,1635699.75000000,3286279.60000000
Winifred Bender,2026-08-12 20:04:36.049774,2723219.59000000,4496582.28000000,3,480959.90000000,1421777.83000000
Winifred Bender,2026-08-12 20:04:53.928339,2296463.76000000,19034763.58000000,4,2099424.75000000,
Winifred Bender,2026-08-12 20:04:51.357440,2099424.75000000,16738299.82000000,5,3286279.60000000,2296463.76000000
Winifred Bender,2026-08-12 20:04:47.370358,1635699.75000000,8589571.95000000,6,97715.83000000,2763023.52000000
Winifred Bender,2026-08-12 20:04:37.294189,1421777.83000000,5918360.11000000,7,2723219.59000000,184211.64000000
Winifred Bender,2026-08-12 20:04:35.413823,1292402.79000000,1292402.79000000,8,,480959.90000000
Winifred Bender,2026-08-12 20:04:35.564673,480959.90000000,1773362.69000000,9,1292402.79000000,2723219.59000000
Winifred Bender,2026-08-12 20:04:44.483800,479219.65000000,6856156.37000000,10,274364.97000000,97715.83000000
Winifred Bender,2026-08-12 20:04:43.255428,274364.97000000,6376936.72000000,11,184211.64000000,479219.65000000
Winifred Bender,2026-08-12 20:04:38.420111,184211.64000000,6102571.75000000,12,1421777.83000000,274364.97000000
Winifred Bender,2026-08-12 20:04:44.565501,97715.83000000,6953872.20000000,13,479219.65000000,1635699.75000000
Yolanda Roth,2026-08-12 20:04:43.553199,1845337.63000000,3438556.22000000,1,1593218.59000000,689723.74500000
Yolanda Roth,2026-08-12 20:04:48.317056,1702125.71000000,6889437.41500000,2,550255.86000000,1148879.52000000
Yolanda Roth,2026-08-12 20:04:40.874066,1593218.59000000,1593218.59000000,3,,1845337.63000000
Yolanda Roth,2026-08-12 20:04:48.402828,1148879.52000000,8038316.93500000,4,1702125.71000000,195159.66000000
Yolanda Roth,2026-08-12 20:04:45.222590,689723.74500000,4128279.96500000,5,1845337.63000000,508775.88000000
Yolanda Roth,2026-08-12 20:04:48.276318,550255.86000000,5187311.70500000,6,508775.88000000,1702125.71000000
Yolanda Roth,2026-08-12 20:04:46.368613,508775.88000000,4637055.84500000,7,689723.74500000,550255.86000000
Yolanda Roth,2026-08-12 20:04:51.790416,195159.66000000,8233476.59500000,8,1148879.52000000,
Zachary Romero,2026-08-12 20:04:40.894498,2685109.71000000,5786936.04000000,1,733774.75000000,235097.94000000
Zachary Romero,2026-08-12 20:04:53.879397,2360749.50000000,12090281.72000000,2,1506528.81000000,
Zachary Romero,2026-08-12 20:04:38.840456,1929791.76000000,2368051.58000000,3,116339.86000000,733774.75000000
Zachary Romero,2026-08-12 20:04:53.548492,1506528.81000000,9729532.22000000,4,1411559.73000000,2360749.50000000
Zachary Romero,2026-08-12 20:04:52.569436,1411559.73000000,8223003.41000000,5,277999.80000000,1506528.81000000
Zachary Romero,2026-08-12 20:04:38.973456,733774.75000000,3101826.33000000,6,1929791.76000000,2685109.71000000
Zachary Romero,2026-08-12 20:04:50.570100,511409.90000000,6533443.88000000,7,235097.94000000,277999.80000000
Zachary Romero,2026-08-12 20:04:36.445452,321919.96000000,321919.96000000,8,,116339.86000000
Zachary Romero,2026-08-12 20:04:51.210290,277999.80000000,6811443.68000000,9,511409.90000000,1411559.73000000
Zachary Romero,2026-08-12 20:04:45.141017,235097.94000000,6022033.98000000,10,2685109.71000000,511409.90000000
Zachary Romero,2026-08-12 20:04:38.383350,116339.86000000,438259.82000000,11,321919.96000000,1929791.76000000
